<routes>
<vType id="carType0" length="8" maxSpeed="40.99" accel="2.21" decel="5.51" speedDev="0.2" sigma="0.28"/>
<vType id="carType1" length="5" maxSpeed="45.36" accel="2.81" decel="5.22" speedDev="0.2" sigma="0.13"/>
<vType id="carType2" length="9" maxSpeed="43.75" accel="2.77" decel="5.66" speedDev="0.2" sigma="0.13"/>
<flow id="car0" type="carType2" from="-gneE29" to="gneE42" begin="1" end="1" number="1"/>
<flow id="car1" type="carType1" from="gneE49" to="-gneE18" begin="5" end="5" number="1"/>
<flow id="car2" type="carType2" from="gneE9" to="gneE49" begin="5" end="5" number="1"/>
<flow id="car3" type="carType2" from="-gneE7" to="-gneE18" begin="5" end="5" number="1"/>
<flow id="car4" type="carType0" from="gneE34" to="-gneE33" begin="5" end="5" number="1"/>
<flow id="car5" type="carType1" from="-gneE51" to="-gneE33" begin="6" end="6" number="1"/>
<flow id="car6" type="carType1" from="-gneE33" to="gneE49" begin="7" end="7" number="1"/>
<flow id="car7" type="carType2" from="gneE21" to="-gneE7" begin="7" end="7" number="1"/>
<flow id="car8" type="carType2" from="gneE34" to="gneE29" begin="8" end="8" number="1"/>
<flow id="car9" type="carType1" from="gneE46" to="gneE29" begin="10" end="10" number="1"/>
<flow id="car10" type="carType1" from="gneE8" to="-gneE37" begin="11" end="11" number="1"/>
<flow id="car11" type="carType0" from="gneE28" to="-gneE18" begin="13" end="13" number="1"/>
<flow id="car12" type="carType2" from="topleftR" to="gneE43" begin="13" end="13" number="1"/>
<flow id="car13" type="carType1" from="-gneE42" to="-gneE45" begin="14" end="14" number="1"/>
<flow id="car14" type="carType2" from="toprightL" to="-gneE45" begin="14" end="14" number="1"/>
<flow id="car15" type="carType0" from="gneE51" to="gneE49" begin="15" end="15" number="1"/>
<flow id="car16" type="carType1" from="gneE28" to="-gneE13" begin="15" end="15" number="1"/>
<flow id="car17" type="carType0" from="toprightD" to="gneE43" begin="16" end="16" number="1"/>
<flow id="car18" type="carType2" from="-gneE51" to="gneE29" begin="17" end="17" number="1"/>
<flow id="car19" type="carType2" from="gneE44" to="-gneE21" begin="17" end="17" number="1"/>
<flow id="car20" type="carType0" from="gneE42" to="gneE43" begin="17" end="17" number="1"/>
<flow id="car21" type="carType1" from="-gneE18" to="-gneE37" begin="18" end="18" number="1"/>
<flow id="car22" type="carType1" from="-gneE48" to="bottomrightU" begin="18" end="18" number="1"/>
<flow id="car23" type="carType0" from="-gneE27" to="bottomrightU" begin="20" end="20" number="1"/>
<flow id="car24" type="carType1" from="bottomrightL" to="gneE21" begin="20" end="20" number="1"/>
<flow id="car25" type="carType1" from="-gneE33" to="-gneE45" begin="21" end="21" number="1"/>
<flow id="car26" type="carType0" from="gneE9" to="gneE51" begin="21" end="21" number="1"/>
<flow id="car27" type="carType2" from="gneE50" to="-gneE43" begin="22" end="22" number="1"/>
<flow id="car28" type="carType0" from="gneE51" to="gneE37" begin="22" end="22" number="1"/>
<flow id="car29" type="carType2" from="gneE49" to="gneE51" begin="23" end="23" number="1"/>
<flow id="car30" type="carType1" from="-gneE44" to="gneE51" begin="24" end="24" number="1"/>
<flow id="car31" type="carType0" from="gneE21" to="toprightL" begin="24" end="24" number="1"/>
<flow id="car32" type="carType2" from="gneE35" to="-gneE29" begin="25" end="25" number="1"/>
<flow id="car33" type="carType1" from="-gneE29" to="-gneE45" begin="25" end="25" number="1"/>
<flow id="car34" type="carType0" from="gneE27" to="-gneE51" begin="26" end="26" number="1"/>
<flow id="car35" type="carType1" from="topleftR" to="gneE45" begin="27" end="27" number="1"/>
<flow id="car36" type="carType2" from="gneE9" to="gneE8" begin="29" end="29" number="1"/>
<flow id="car37" type="carType0" from="-gneE13" to="bottomleftR" begin="31" end="31" number="1"/>
<flow id="car38" type="carType0" from="gneE29" to="gneE28" begin="32" end="32" number="1"/>
<flow id="car39" type="carType0" from="gneE29" to="gneE34" begin="33" end="33" number="1"/>
<flow id="car40" type="carType2" from="gneE30" to="gneE49" begin="33" end="33" number="1"/>
<flow id="car41" type="carType0" from="gneE35" to="gneE45" begin="34" end="34" number="1"/>
<flow id="car42" type="carType0" from="bottomrightL" to="-gneE27" begin="35" end="35" number="1"/>
<flow id="car43" type="carType0" from="-gneE28" to="-gneE7" begin="35" end="35" number="1"/>
<flow id="car44" type="carType2" from="gneE51" to="gneE27" begin="36" end="36" number="1"/>
<flow id="car45" type="carType2" from="gneE45" to="gneE22" begin="36" end="36" number="1"/>
<flow id="car46" type="carType1" from="-gneE33" to="gneE22" begin="37" end="37" number="1"/>
<flow id="car47" type="carType2" from="-gneE27" to="gneE51" begin="37" end="37" number="1"/>
<flow id="car48" type="carType1" from="-gneE51" to="-gneE33" begin="39" end="39" number="1"/>
<flow id="car49" type="carType0" from="-gneE50" to="gneE28" begin="42" end="42" number="1"/>
<flow id="car50" type="carType0" from="topleftR" to="gneE34" begin="43" end="43" number="1"/>
<flow id="car51" type="carType0" from="gneE22" to="gneE43" begin="43" end="43" number="1"/>
<flow id="car52" type="carType1" from="-gneE13" to="gneE43" begin="46" end="46" number="1"/>
<flow id="car53" type="carType0" from="-gneE43" to="-gneE43" begin="49" end="49" number="1"/>
<flow id="car54" type="carType2" from="-gneE51" to="toprightD" begin="49" end="49" number="1"/>
<flow id="car55" type="carType1" from="-gneE42" to="-gneE51" begin="50" end="50" number="1"/>
<flow id="car56" type="carType1" from="-gneE34" to="-gneE8" begin="50" end="50" number="1"/>
<flow id="car57" type="carType1" from="gneE30" to="-gneE48" begin="50" end="50" number="1"/>
<flow id="car58" type="carType0" from="-gneE43" to="bottomrightU" begin="51" end="51" number="1"/>
<flow id="car59" type="carType1" from="bottomleftU" to="toprightL" begin="51" end="51" number="1"/>
<flow id="car60" type="carType1" from="-gneE34" to="gneE48" begin="52" end="52" number="1"/>
<flow id="car61" type="carType2" from="-gneE45" to="-gneE27" begin="54" end="54" number="1"/>
<flow id="car62" type="carType1" from="-gneE13" to="-gneE44" begin="54" end="54" number="1"/>
<flow id="car63" type="carType2" from="-gneE29" to="gneE42" begin="55" end="55" number="1"/>
<flow id="car64" type="carType2" from="-gneE27" to="gneE44" begin="55" end="55" number="1"/>
<flow id="car65" type="carType0" from="-gneE50" to="-gneE43" begin="55" end="55" number="1"/>
<flow id="car66" type="carType2" from="gneE43" to="-gneE13" begin="55" end="55" number="1"/>
<flow id="car67" type="carType0" from="toprightL" to="bottomleftR" begin="56" end="56" number="1"/>
<flow id="car68" type="carType1" from="-gneE21" to="gneE50" begin="60" end="60" number="1"/>
<flow id="car69" type="carType0" from="gneE42" to="-gneE8" begin="61" end="61" number="1"/>
<flow id="car70" type="carType0" from="gneE29" to="-gneE48" begin="61" end="61" number="1"/>
<flow id="car71" type="carType1" from="toprightD" to="gneE21" begin="63" end="63" number="1"/>
<flow id="car72" type="carType1" from="gneE18" to="-gneE48" begin="63" end="63" number="1"/>
<flow id="car73" type="carType2" from="toprightL" to="toprightL" begin="65" end="65" number="1"/>
<flow id="car74" type="carType2" from="-gneE45" to="gneE35" begin="67" end="67" number="1"/>
<flow id="car75" type="carType1" from="toprightD" to="gneE29" begin="68" end="68" number="1"/>
<flow id="car76" type="carType2" from="gneE22" to="-gneE37" begin="69" end="69" number="1"/>
<flow id="car77" type="carType2" from="topleftD" to="-gneE18" begin="69" end="69" number="1"/>
<flow id="car78" type="carType2" from="-gneE49" to="gneE51" begin="71" end="71" number="1"/>
<flow id="car79" type="carType0" from="topleftD" to="gneE43" begin="72" end="72" number="1"/>
<flow id="car80" type="carType1" from="-gneE18" to="-gneE51" begin="72" end="72" number="1"/>
<flow id="car81" type="carType0" from="gneE45" to="-gneE13" begin="72" end="72" number="1"/>
<flow id="car82" type="carType0" from="-gneE51" to="topleftR" begin="72" end="72" number="1"/>
<flow id="car83" type="carType2" from="gneE49" to="-gneE27" begin="72" end="72" number="1"/>
<flow id="car84" type="carType2" from="gneE29" to="gneE34" begin="75" end="75" number="1"/>
<flow id="car85" type="carType0" from="-gneE34" to="gneE18" begin="76" end="76" number="1"/>
<flow id="car86" type="carType0" from="toprightL" to="-gneE49" begin="77" end="77" number="1"/>
<flow id="car87" type="carType1" from="gneE48" to="gneE37" begin="79" end="79" number="1"/>
<flow id="car88" type="carType0" from="bottomrightL" to="gneE49" begin="79" end="79" number="1"/>
<flow id="car89" type="carType2" from="-gneE34" to="bottomleftU" begin="80" end="80" number="1"/>
<flow id="car90" type="carType0" from="gneE48" to="gneE48" begin="81" end="81" number="1"/>
<flow id="car91" type="carType2" from="gneE50" to="-gneE34" begin="82" end="82" number="1"/>
<flow id="car92" type="carType2" from="-gneE48" to="toprightD" begin="82" end="82" number="1"/>
<flow id="car93" type="carType0" from="toprightL" to="bottomleftU" begin="84" end="84" number="1"/>
<flow id="car94" type="carType2" from="-gneE49" to="topleftD" begin="85" end="85" number="1"/>
<flow id="car95" type="carType1" from="-gneE43" to="gneE37" begin="85" end="85" number="1"/>
<flow id="car96" type="carType0" from="-gneE44" to="-gneE8" begin="87" end="87" number="1"/>
<flow id="car97" type="carType0" from="topleftD" to="bottomleftR" begin="88" end="88" number="1"/>
<flow id="car98" type="carType2" from="gneE21" to="gneE45" begin="89" end="89" number="1"/>
<flow id="car99" type="carType2" from="-gneE50" to="gneE45" begin="89" end="89" number="1"/>
<flow id="car100" type="carType2" from="-gneE33" to="gneE21" begin="89" end="89" number="1"/>
<flow id="car101" type="carType2" from="gneE21" to="-gneE7" begin="90" end="90" number="1"/>
<flow id="car102" type="carType1" from="gneE42" to="-gneE33" begin="93" end="93" number="1"/>
<flow id="car103" type="carType1" from="gneE43" to="gneE43" begin="94" end="94" number="1"/>
<flow id="car104" type="carType0" from="gneE45" to="gneE45" begin="96" end="96" number="1"/>
<flow id="car105" type="carType1" from="gneE21" to="-gneE18" begin="96" end="96" number="1"/>
<flow id="car106" type="carType0" from="gneE18" to="gneE43" begin="96" end="96" number="1"/>
<flow id="car107" type="carType2" from="topleftD" to="gneE29" begin="97" end="97" number="1"/>
<flow id="car108" type="carType2" from="-gneE44" to="gneE44" begin="99" end="99" number="1"/>
<flow id="car109" type="carType2" from="gneE21" to="-gneE28" begin="100" end="100" number="1"/>
<flow id="car110" type="carType0" from="-gneE49" to="gneE30" begin="101" end="101" number="1"/>
<flow id="car111" type="carType0" from="-gneE37" to="-gneE29" begin="102" end="102" number="1"/>
<flow id="car112" type="carType0" from="gneE8" to="-gneE44" begin="102" end="102" number="1"/>
<flow id="car113" type="carType0" from="gneE29" to="-gneE43" begin="103" end="103" number="1"/>
<flow id="car114" type="carType2" from="gneE34" to="toprightD" begin="104" end="104" number="1"/>
<flow id="car115" type="carType2" from="gneE43" to="gneE46" begin="106" end="106" number="1"/>
<flow id="car116" type="carType2" from="gneE45" to="gneE51" begin="106" end="106" number="1"/>
<flow id="car117" type="carType2" from="-gneE13" to="gneE18" begin="107" end="107" number="1"/>
<flow id="car118" type="carType2" from="gneE46" to="-gneE49" begin="109" end="109" number="1"/>
<flow id="car119" type="carType2" from="-gneE33" to="gneE28" begin="111" end="111" number="1"/>
<flow id="car120" type="carType1" from="-gneE21" to="-gneE7" begin="111" end="111" number="1"/>
<flow id="car121" type="carType1" from="gneE50" to="gneE18" begin="111" end="111" number="1"/>
<flow id="car122" type="carType2" from="gneE43" to="gneE22" begin="111" end="111" number="1"/>
<flow id="car123" type="carType2" from="gneE29" to="-gneE34" begin="115" end="115" number="1"/>
<flow id="car124" type="carType2" from="gneE28" to="toprightD" begin="116" end="116" number="1"/>
<flow id="car125" type="carType0" from="toprightL" to="gneE46" begin="116" end="116" number="1"/>
<flow id="car126" type="carType2" from="gneE45" to="gneE50" begin="116" end="116" number="1"/>
<flow id="car127" type="carType1" from="gneE46" to="toprightL" begin="116" end="116" number="1"/>
<flow id="car128" type="carType0" from="-gneE7" to="gneE46" begin="118" end="118" number="1"/>
<flow id="car129" type="carType0" from="bottomleftR" to="-gneE18" begin="118" end="118" number="1"/>
<flow id="car130" type="carType1" from="gneE22" to="gneE21" begin="119" end="119" number="1"/>
<flow id="car131" type="carType1" from="gneE22" to="-gneE45" begin="122" end="122" number="1"/>
<flow id="car132" type="carType2" from="gneE18" to="gneE30" begin="122" end="122" number="1"/>
<flow id="car133" type="carType0" from="gneE50" to="-gneE34" begin="122" end="122" number="1"/>
<flow id="car134" type="carType0" from="bottomleftU" to="toprightD" begin="122" end="122" number="1"/>
<flow id="car135" type="carType1" from="-gneE8" to="gneE9" begin="123" end="123" number="1"/>
<flow id="car136" type="carType2" from="gneE44" to="-gneE43" begin="123" end="123" number="1"/>
<flow id="car137" type="carType0" from="gneE42" to="-gneE7" begin="124" end="124" number="1"/>
<flow id="car138" type="carType2" from="toprightD" to="-gneE33" begin="125" end="125" number="1"/>
<flow id="car139" type="carType2" from="-gneE29" to="gneE29" begin="128" end="128" number="1"/>
<flow id="car140" type="carType0" from="gneE51" to="-gneE13" begin="130" end="130" number="1"/>
<flow id="car141" type="carType0" from="gneE27" to="-gneE13" begin="130" end="130" number="1"/>
<flow id="car142" type="carType0" from="gneE35" to="bottomleftR" begin="130" end="130" number="1"/>
<flow id="car143" type="carType0" from="topleftR" to="-gneE48" begin="132" end="132" number="1"/>
<flow id="car144" type="carType1" from="bottomleftR" to="-gneE49" begin="133" end="133" number="1"/>
<flow id="car145" type="carType0" from="gneE35" to="-gneE48" begin="136" end="136" number="1"/>
<flow id="car146" type="carType1" from="-gneE33" to="gneE42" begin="136" end="136" number="1"/>
<flow id="car147" type="carType2" from="gneE51" to="gneE46" begin="136" end="136" number="1"/>
<flow id="car148" type="carType0" from="-gneE13" to="-gneE37" begin="138" end="138" number="1"/>
<flow id="car149" type="carType2" from="-gneE48" to="gneE44" begin="138" end="138" number="1"/>
<flow id="car150" type="carType2" from="gneE22" to="gneE49" begin="139" end="139" number="1"/>
<flow id="car151" type="carType0" from="gneE51" to="bottomrightU" begin="140" end="140" number="1"/>
<flow id="car152" type="carType1" from="-gneE50" to="topleftR" begin="142" end="142" number="1"/>
<flow id="car153" type="carType0" from="topleftD" to="-gneE44" begin="142" end="142" number="1"/>
<flow id="car154" type="carType0" from="-gneE21" to="-gneE8" begin="147" end="147" number="1"/>
<flow id="car155" type="carType1" from="gneE48" to="-gneE34" begin="148" end="148" number="1"/>
<flow id="car156" type="carType1" from="-gneE49" to="bottomleftR" begin="148" end="148" number="1"/>
<flow id="car157" type="carType1" from="bottomleftR" to="gneE48" begin="149" end="149" number="1"/>
<flow id="car158" type="carType2" from="gneE30" to="-gneE42" begin="152" end="152" number="1"/>
<flow id="car159" type="carType2" from="gneE50" to="-gneE13" begin="152" end="152" number="1"/>
<flow id="car160" type="carType2" from="gneE18" to="gneE44" begin="152" end="152" number="1"/>
<flow id="car161" type="carType2" from="gneE9" to="bottomleftU" begin="154" end="154" number="1"/>
<flow id="car162" type="carType1" from="-gneE33" to="-gneE28" begin="156" end="156" number="1"/>
<flow id="car163" type="carType0" from="-gneE21" to="-gneE51" begin="157" end="157" number="1"/>
<flow id="car164" type="carType2" from="gneE9" to="-gneE45" begin="158" end="158" number="1"/>
<flow id="car165" type="carType1" from="topleftD" to="gneE30" begin="159" end="159" number="1"/>
<flow id="car166" type="carType1" from="gneE28" to="-gneE42" begin="159" end="159" number="1"/>
<flow id="car167" type="carType2" from="-gneE21" to="gneE18" begin="160" end="160" number="1"/>
<flow id="car168" type="carType2" from="gneE48" to="-gneE8" begin="164" end="164" number="1"/>
<flow id="car169" type="carType2" from="bottomleftR" to="gneE9" begin="165" end="165" number="1"/>
<flow id="car170" type="carType2" from="-gneE44" to="-gneE43" begin="166" end="166" number="1"/>
<flow id="car171" type="carType0" from="gneE27" to="-gneE51" begin="167" end="167" number="1"/>
<flow id="car172" type="carType2" from="gneE9" to="gneE8" begin="167" end="167" number="1"/>
<flow id="car173" type="carType2" from="gneE44" to="-gneE37" begin="168" end="168" number="1"/>
<flow id="car174" type="carType0" from="gneE27" to="gneE30" begin="168" end="168" number="1"/>
<flow id="car175" type="carType2" from="gneE29" to="bottomleftR" begin="170" end="170" number="1"/>
<flow id="car176" type="carType2" from="gneE29" to="gneE8" begin="171" end="171" number="1"/>
<flow id="car177" type="carType0" from="gneE28" to="-gneE33" begin="171" end="171" number="1"/>
<flow id="car178" type="carType1" from="bottomleftU" to="gneE21" begin="176" end="176" number="1"/>
<flow id="car179" type="carType2" from="gneE22" to="-gneE29" begin="178" end="178" number="1"/>
<flow id="car180" type="carType1" from="gneE44" to="-gneE37" begin="178" end="178" number="1"/>
<flow id="car181" type="carType1" from="-gneE45" to="bottomrightU" begin="178" end="178" number="1"/>
<flow id="car182" type="carType0" from="bottomleftR" to="bottomrightL" begin="178" end="178" number="1"/>
<flow id="car183" type="carType2" from="-gneE43" to="-gneE49" begin="179" end="179" number="1"/>
<flow id="car184" type="carType0" from="bottomrightU" to="gneE29" begin="181" end="181" number="1"/>
<flow id="car185" type="carType1" from="-gneE44" to="-gneE8" begin="181" end="181" number="1"/>
<flow id="car186" type="carType2" from="gneE35" to="gneE51" begin="182" end="182" number="1"/>
<flow id="car187" type="carType0" from="gneE44" to="-gneE50" begin="182" end="182" number="1"/>
<flow id="car188" type="carType0" from="gneE34" to="-gneE18" begin="182" end="182" number="1"/>
<flow id="car189" type="carType2" from="-gneE27" to="gneE35" begin="188" end="188" number="1"/>
<flow id="car190" type="carType2" from="-gneE13" to="-gneE34" begin="189" end="189" number="1"/>
<flow id="car191" type="carType0" from="gneE21" to="-gneE28" begin="189" end="189" number="1"/>
<flow id="car192" type="carType0" from="gneE27" to="-gneE34" begin="190" end="190" number="1"/>
<flow id="car193" type="carType2" from="gneE48" to="-gneE51" begin="192" end="192" number="1"/>
<flow id="car194" type="carType0" from="gneE22" to="-gneE44" begin="193" end="193" number="1"/>
<flow id="car195" type="carType1" from="gneE48" to="gneE43" begin="195" end="195" number="1"/>
<flow id="car196" type="carType0" from="-gneE29" to="bottomleftR" begin="196" end="196" number="1"/>
<flow id="car197" type="carType2" from="-gneE51" to="gneE29" begin="196" end="196" number="1"/>
<flow id="car198" type="carType1" from="gneE51" to="-gneE49" begin="197" end="197" number="1"/>
<flow id="car199" type="carType1" from="gneE49" to="-gneE49" begin="198" end="198" number="1"/>
</routes>
