<routes>
<vType id="carType0" length="3" maxSpeed="48.1" accel="2.39" decel="4.19" speedDev="0.2" sigma="0.25"/>
<vType id="carType1" length="8" maxSpeed="51.9" accel="2.47" decel="4.6" speedDev="0.2" sigma="0.15"/>
<vType id="carType2" length="9" maxSpeed="46.09" accel="2.19" decel="4.67" speedDev="0.2" sigma="0.13"/>
<flow id="car0" type="carType0" from="-gneE49" to="toprightD" begin="0" end="0" number="1"/>
<flow id="car1" type="carType1" from="gneE49" to="topleftR" begin="0" end="0" number="1"/>
<flow id="car2" type="carType2" from="gneE46" to="gneE44" begin="2" end="2" number="1"/>
<flow id="car3" type="carType0" from="-gneE44" to="gneE22" begin="4" end="4" number="1"/>
<flow id="car4" type="carType1" from="bottomleftR" to="gneE45" begin="6" end="6" number="1"/>
<flow id="car5" type="carType2" from="toprightD" to="toprightL" begin="7" end="7" number="1"/>
<flow id="car6" type="carType1" from="gneE35" to="bottomrightL" begin="9" end="9" number="1"/>
<flow id="car7" type="carType0" from="-gneE29" to="gneE27" begin="9" end="9" number="1"/>
<flow id="car8" type="carType2" from="gneE45" to="-gneE44" begin="9" end="9" number="1"/>
<flow id="car9" type="carType1" from="gneE30" to="gneE18" begin="10" end="10" number="1"/>
<flow id="car10" type="carType1" from="gneE48" to="gneE37" begin="10" end="10" number="1"/>
<flow id="car11" type="carType2" from="gneE44" to="toprightL" begin="12" end="12" number="1"/>
<flow id="car12" type="carType1" from="-gneE43" to="gneE27" begin="14" end="14" number="1"/>
<flow id="car13" type="carType0" from="-gneE45" to="gneE35" begin="15" end="15" number="1"/>
<flow id="car14" type="carType0" from="topleftD" to="gneE43" begin="15" end="15" number="1"/>
<flow id="car15" type="carType2" from="gneE50" to="-gneE42" begin="15" end="15" number="1"/>
<flow id="car16" type="carType1" from="gneE43" to="-gneE7" begin="17" end="17" number="1"/>
<flow id="car17" type="carType1" from="-gneE34" to="gneE29" begin="18" end="18" number="1"/>
<flow id="car18" type="carType1" from="gneE29" to="-gneE42" begin="20" end="20" number="1"/>
<flow id="car19" type="carType1" from="-gneE44" to="-gneE13" begin="21" end="21" number="1"/>
<flow id="car20" type="carType0" from="-gneE18" to="bottomrightU" begin="22" end="22" number="1"/>
<flow id="car21" type="carType2" from="gneE34" to="gneE48" begin="22" end="22" number="1"/>
<flow id="car22" type="carType0" from="gneE28" to="gneE29" begin="25" end="25" number="1"/>
<flow id="car23" type="carType1" from="gneE34" to="topleftR" begin="25" end="25" number="1"/>
<flow id="car24" type="carType0" from="gneE45" to="-gneE49" begin="25" end="25" number="1"/>
<flow id="car25" type="carType1" from="toprightL" to="-gneE29" begin="26" end="26" number="1"/>
<flow id="car26" type="carType1" from="-gneE49" to="gneE8" begin="27" end="27" number="1"/>
<flow id="car27" type="carType1" from="-gneE27" to="gneE37" begin="28" end="28" number="1"/>
<flow id="car28" type="carType2" from="-gneE48" to="gneE29" begin="29" end="29" number="1"/>
<flow id="car29" type="carType2" from="gneE43" to="gneE27" begin="31" end="31" number="1"/>
<flow id="car30" type="carType2" from="gneE49" to="topleftR" begin="32" end="32" number="1"/>
<flow id="car31" type="carType1" from="gneE28" to="-gneE18" begin="33" end="33" number="1"/>
<flow id="car32" type="carType2" from="-gneE34" to="-gneE34" begin="35" end="35" number="1"/>
<flow id="car33" type="carType2" from="-gneE44" to="gneE28" begin="35" end="35" number="1"/>
<flow id="car34" type="carType1" from="gneE46" to="gneE46" begin="35" end="35" number="1"/>
<flow id="car35" type="carType1" from="-gneE29" to="gneE42" begin="36" end="36" number="1"/>
<flow id="car36" type="carType0" from="-gneE8" to="gneE49" begin="38" end="38" number="1"/>
<flow id="car37" type="carType1" from="bottomleftU" to="gneE45" begin="38" end="38" number="1"/>
<flow id="car38" type="carType1" from="-gneE33" to="gneE49" begin="39" end="39" number="1"/>
<flow id="car39" type="carType2" from="-gneE18" to="gneE27" begin="41" end="41" number="1"/>
<flow id="car40" type="carType1" from="bottomrightU" to="gneE27" begin="42" end="42" number="1"/>
<flow id="car41" type="carType0" from="topleftR" to="-gneE13" begin="43" end="43" number="1"/>
<flow id="car42" type="carType1" from="-gneE44" to="bottomrightU" begin="43" end="43" number="1"/>
<flow id="car43" type="carType2" from="gneE27" to="-gneE48" begin="44" end="44" number="1"/>
<flow id="car44" type="carType2" from="gneE27" to="-gneE34" begin="44" end="44" number="1"/>
<flow id="car45" type="carType0" from="-gneE37" to="topleftD" begin="46" end="46" number="1"/>
<flow id="car46" type="carType1" from="topleftR" to="-gneE42" begin="48" end="48" number="1"/>
<flow id="car47" type="carType2" from="gneE27" to="gneE45" begin="49" end="49" number="1"/>
<flow id="car48" type="carType1" from="gneE21" to="-gneE49" begin="49" end="49" number="1"/>
<flow id="car49" type="carType0" from="gneE29" to="-gneE21" begin="50" end="50" number="1"/>
<flow id="car50" type="carType0" from="-gneE13" to="gneE45" begin="54" end="54" number="1"/>
<flow id="car51" type="carType2" from="gneE22" to="-gneE48" begin="55" end="55" number="1"/>
<flow id="car52" type="carType2" from="toprightD" to="gneE22" begin="56" end="56" number="1"/>
<flow id="car53" type="carType1" from="gneE42" to="gneE43" begin="58" end="58" number="1"/>
<flow id="car54" type="carType0" from="gneE35" to="gneE48" begin="59" end="59" number="1"/>
<flow id="car55" type="carType0" from="-gneE13" to="toprightD" begin="60" end="60" number="1"/>
<flow id="car56" type="carType2" from="topleftD" to="gneE34" begin="60" end="60" number="1"/>
<flow id="car57" type="carType1" from="-gneE28" to="-gneE45" begin="61" end="61" number="1"/>
<flow id="car58" type="carType0" from="-gneE43" to="gneE8" begin="62" end="62" number="1"/>
<flow id="car59" type="carType1" from="gneE43" to="gneE18" begin="63" end="63" number="1"/>
<flow id="car60" type="carType2" from="-gneE33" to="gneE34" begin="63" end="63" number="1"/>
<flow id="car61" type="carType1" from="-gneE45" to="topleftD" begin="63" end="63" number="1"/>
<flow id="car62" type="carType2" from="-gneE33" to="topleftR" begin="65" end="65" number="1"/>
<flow id="car63" type="carType1" from="gneE35" to="bottomleftR" begin="66" end="66" number="1"/>
<flow id="car64" type="carType2" from="-gneE8" to="toprightL" begin="67" end="67" number="1"/>
<flow id="car65" type="carType1" from="-gneE29" to="gneE28" begin="68" end="68" number="1"/>
<flow id="car66" type="carType2" from="gneE48" to="gneE42" begin="69" end="69" number="1"/>
<flow id="car67" type="carType2" from="gneE35" to="gneE9" begin="70" end="70" number="1"/>
<flow id="car68" type="carType2" from="-gneE29" to="-gneE49" begin="70" end="70" number="1"/>
<flow id="car69" type="carType0" from="-gneE44" to="toprightD" begin="71" end="71" number="1"/>
<flow id="car70" type="carType0" from="gneE42" to="gneE42" begin="72" end="72" number="1"/>
<flow id="car71" type="carType1" from="-gneE45" to="-gneE27" begin="73" end="73" number="1"/>
<flow id="car72" type="carType1" from="gneE28" to="-gneE42" begin="73" end="73" number="1"/>
<flow id="car73" type="carType0" from="gneE45" to="-gneE34" begin="75" end="75" number="1"/>
<flow id="car74" type="carType2" from="-gneE8" to="gneE28" begin="76" end="76" number="1"/>
<flow id="car75" type="carType1" from="gneE35" to="gneE9" begin="77" end="77" number="1"/>
<flow id="car76" type="carType0" from="-gneE8" to="gneE21" begin="77" end="77" number="1"/>
<flow id="car77" type="carType0" from="-gneE18" to="-gneE28" begin="77" end="77" number="1"/>
<flow id="car78" type="carType1" from="-gneE50" to="bottomleftU" begin="78" end="78" number="1"/>
<flow id="car79" type="carType0" from="gneE34" to="-gneE42" begin="79" end="79" number="1"/>
<flow id="car80" type="carType0" from="gneE8" to="-gneE29" begin="79" end="79" number="1"/>
<flow id="car81" type="carType2" from="-gneE29" to="-gneE21" begin="79" end="79" number="1"/>
<flow id="car82" type="carType2" from="gneE42" to="gneE45" begin="81" end="81" number="1"/>
<flow id="car83" type="carType0" from="gneE49" to="-gneE37" begin="84" end="84" number="1"/>
<flow id="car84" type="carType0" from="gneE44" to="gneE30" begin="85" end="85" number="1"/>
<flow id="car85" type="carType1" from="toprightD" to="-gneE49" begin="87" end="87" number="1"/>
<flow id="car86" type="carType0" from="gneE48" to="gneE28" begin="87" end="87" number="1"/>
<flow id="car87" type="carType1" from="gneE27" to="gneE50" begin="89" end="89" number="1"/>
<flow id="car88" type="carType2" from="bottomleftR" to="-gneE33" begin="89" end="89" number="1"/>
<flow id="car89" type="carType2" from="-gneE37" to="-gneE7" begin="91" end="91" number="1"/>
<flow id="car90" type="carType1" from="bottomrightU" to="-gneE28" begin="91" end="91" number="1"/>
<flow id="car91" type="carType1" from="-gneE49" to="gneE28" begin="94" end="94" number="1"/>
<flow id="car92" type="carType2" from="bottomleftU" to="-gneE13" begin="94" end="94" number="1"/>
<flow id="car93" type="carType0" from="-gneE48" to="-gneE50" begin="95" end="95" number="1"/>
<flow id="car94" type="carType1" from="gneE50" to="-gneE45" begin="95" end="95" number="1"/>
<flow id="car95" type="carType2" from="gneE27" to="gneE46" begin="95" end="95" number="1"/>
<flow id="car96" type="carType1" from="gneE18" to="gneE51" begin="96" end="96" number="1"/>
<flow id="car97" type="carType1" from="-gneE7" to="toprightL" begin="97" end="97" number="1"/>
<flow id="car98" type="carType0" from="gneE27" to="-gneE33" begin="99" end="99" number="1"/>
<flow id="car99" type="carType1" from="gneE18" to="toprightD" begin="101" end="101" number="1"/>
<flow id="car100" type="carType1" from="-gneE13" to="gneE50" begin="101" end="101" number="1"/>
<flow id="car101" type="carType1" from="gneE27" to="bottomleftR" begin="101" end="101" number="1"/>
<flow id="car102" type="carType0" from="bottomrightL" to="-gneE43" begin="102" end="102" number="1"/>
<flow id="car103" type="carType0" from="gneE9" to="bottomleftU" begin="102" end="102" number="1"/>
<flow id="car104" type="carType2" from="gneE48" to="-gneE42" begin="102" end="102" number="1"/>
<flow id="car105" type="carType2" from="-gneE13" to="gneE46" begin="102" end="102" number="1"/>
<flow id="car106" type="carType0" from="gneE51" to="-gneE44" begin="103" end="103" number="1"/>
<flow id="car107" type="carType1" from="-gneE8" to="-gneE44" begin="104" end="104" number="1"/>
<flow id="car108" type="carType0" from="bottomrightU" to="toprightD" begin="104" end="104" number="1"/>
<flow id="car109" type="carType2" from="-gneE43" to="topleftD" begin="104" end="104" number="1"/>
<flow id="car110" type="carType1" from="gneE9" to="-gneE37" begin="105" end="105" number="1"/>
<flow id="car111" type="carType2" from="gneE44" to="gneE29" begin="106" end="106" number="1"/>
<flow id="car112" type="carType0" from="bottomrightU" to="-gneE37" begin="109" end="109" number="1"/>
<flow id="car113" type="carType0" from="gneE30" to="gneE50" begin="110" end="110" number="1"/>
<flow id="car114" type="carType0" from="-gneE21" to="-gneE50" begin="110" end="110" number="1"/>
<flow id="car115" type="carType0" from="gneE49" to="gneE44" begin="110" end="110" number="1"/>
<flow id="car116" type="carType1" from="gneE49" to="-gneE49" begin="111" end="111" number="1"/>
<flow id="car117" type="carType2" from="gneE49" to="gneE30" begin="111" end="111" number="1"/>
<flow id="car118" type="carType1" from="-gneE27" to="gneE45" begin="111" end="111" number="1"/>
<flow id="car119" type="carType0" from="gneE9" to="-gneE8" begin="112" end="112" number="1"/>
<flow id="car120" type="carType1" from="-gneE50" to="-gneE7" begin="112" end="112" number="1"/>
<flow id="car121" type="carType2" from="gneE34" to="gneE43" begin="115" end="115" number="1"/>
<flow id="car122" type="carType2" from="-gneE50" to="-gneE18" begin="115" end="115" number="1"/>
<flow id="car123" type="carType1" from="topleftR" to="-gneE51" begin="116" end="116" number="1"/>
<flow id="car124" type="carType1" from="-gneE27" to="-gneE42" begin="121" end="121" number="1"/>
<flow id="car125" type="carType0" from="bottomleftR" to="-gneE50" begin="121" end="121" number="1"/>
<flow id="car126" type="carType0" from="gneE27" to="-gneE33" begin="122" end="122" number="1"/>
<flow id="car127" type="carType0" from="-gneE44" to="bottomrightU" begin="123" end="123" number="1"/>
<flow id="car128" type="carType0" from="topleftR" to="gneE42" begin="123" end="123" number="1"/>
<flow id="car129" type="carType0" from="topleftD" to="-gneE48" begin="123" end="123" number="1"/>
<flow id="car130" type="carType0" from="-gneE44" to="gneE9" begin="124" end="124" number="1"/>
<flow id="car131" type="carType1" from="gneE37" to="-gneE43" begin="125" end="125" number="1"/>
<flow id="car132" type="carType1" from="gneE8" to="gneE34" begin="125" end="125" number="1"/>
<flow id="car133" type="carType1" from="gneE42" to="gneE46" begin="128" end="128" number="1"/>
<flow id="car134" type="carType0" from="gneE22" to="-gneE34" begin="128" end="128" number="1"/>
<flow id="car135" type="carType1" from="-gneE8" to="gneE9" begin="128" end="128" number="1"/>
<flow id="car136" type="carType0" from="gneE8" to="-gneE48" begin="129" end="129" number="1"/>
<flow id="car137" type="carType2" from="-gneE42" to="gneE29" begin="132" end="132" number="1"/>
<flow id="car138" type="carType1" from="gneE9" to="-gneE18" begin="132" end="132" number="1"/>
<flow id="car139" type="carType0" from="gneE42" to="-gneE51" begin="133" end="133" number="1"/>
<flow id="car140" type="carType1" from="gneE8" to="-gneE21" begin="135" end="135" number="1"/>
<flow id="car141" type="carType1" from="-gneE8" to="-gneE7" begin="136" end="136" number="1"/>
<flow id="car142" type="carType0" from="gneE50" to="toprightL" begin="137" end="137" number="1"/>
<flow id="car143" type="carType1" from="gneE45" to="gneE45" begin="138" end="138" number="1"/>
<flow id="car144" type="carType0" from="gneE22" to="-gneE43" begin="140" end="140" number="1"/>
<flow id="car145" type="carType0" from="-gneE13" to="gneE50" begin="142" end="142" number="1"/>
<flow id="car146" type="carType2" from="-gneE43" to="-gneE49" begin="142" end="142" number="1"/>
<flow id="car147" type="carType1" from="-gneE50" to="gneE45" begin="145" end="145" number="1"/>
<flow id="car148" type="carType1" from="-gneE49" to="bottomrightL" begin="146" end="146" number="1"/>
<flow id="car149" type="carType2" from="-gneE33" to="bottomrightU" begin="146" end="146" number="1"/>
<flow id="car150" type="carType1" from="gneE50" to="-gneE42" begin="149" end="149" number="1"/>
<flow id="car151" type="carType0" from="-gneE21" to="gneE43" begin="150" end="150" number="1"/>
<flow id="car152" type="carType1" from="-gneE34" to="gneE22" begin="153" end="153" number="1"/>
<flow id="car153" type="carType2" from="-gneE33" to="gneE35" begin="153" end="153" number="1"/>
<flow id="car154" type="carType0" from="bottomrightU" to="-gneE48" begin="153" end="153" number="1"/>
<flow id="car155" type="carType2" from="gneE34" to="gneE18" begin="154" end="154" number="1"/>
<flow id="car156" type="carType0" from="bottomrightL" to="-gneE49" begin="155" end="155" number="1"/>
<flow id="car157" type="carType0" from="-gneE49" to="-gneE44" begin="156" end="156" number="1"/>
<flow id="car158" type="carType0" from="-gneE37" to="-gneE45" begin="158" end="158" number="1"/>
<flow id="car159" type="carType0" from="gneE48" to="gneE21" begin="161" end="161" number="1"/>
<flow id="car160" type="carType1" from="gneE29" to="-gneE44" begin="162" end="162" number="1"/>
<flow id="car161" type="carType0" from="-gneE48" to="-gneE51" begin="163" end="163" number="1"/>
<flow id="car162" type="carType1" from="-gneE21" to="gneE22" begin="165" end="165" number="1"/>
<flow id="car163" type="carType0" from="gneE22" to="gneE22" begin="166" end="166" number="1"/>
<flow id="car164" type="carType1" from="gneE49" to="-gneE7" begin="168" end="168" number="1"/>
<flow id="car165" type="carType0" from="gneE46" to="topleftR" begin="168" end="168" number="1"/>
<flow id="car166" type="carType0" from="-gneE37" to="gneE9" begin="168" end="168" number="1"/>
<flow id="car167" type="carType1" from="gneE27" to="-gneE42" begin="168" end="168" number="1"/>
<flow id="car168" type="carType2" from="gneE8" to="gneE48" begin="171" end="171" number="1"/>
<flow id="car169" type="carType0" from="topleftR" to="-gneE37" begin="171" end="171" number="1"/>
<flow id="car170" type="carType2" from="-gneE45" to="gneE8" begin="171" end="171" number="1"/>
<flow id="car171" type="carType2" from="-gneE21" to="-gneE42" begin="172" end="172" number="1"/>
<flow id="car172" type="carType0" from="-gneE49" to="-gneE48" begin="172" end="172" number="1"/>
<flow id="car173" type="carType0" from="-gneE8" to="topleftR" begin="172" end="172" number="1"/>
<flow id="car174" type="carType1" from="gneE8" to="gneE48" begin="174" end="174" number="1"/>
<flow id="car175" type="carType2" from="gneE29" to="-gneE29" begin="174" end="174" number="1"/>
<flow id="car176" type="carType0" from="-gneE44" to="-gneE34" begin="174" end="174" number="1"/>
<flow id="car177" type="carType2" from="gneE51" to="-gneE33" begin="175" end="175" number="1"/>
<flow id="car178" type="carType1" from="-gneE28" to="gneE9" begin="180" end="180" number="1"/>
<flow id="car179" type="carType1" from="gneE37" to="gneE21" begin="181" end="181" number="1"/>
<flow id="car180" type="carType2" from="-gneE34" to="gneE37" begin="183" end="183" number="1"/>
<flow id="car181" type="carType2" from="bottomleftR" to="-gneE33" begin="183" end="183" number="1"/>
<flow id="car182" type="carType0" from="-gneE42" to="-gneE28" begin="184" end="184" number="1"/>
<flow id="car183" type="carType0" from="-gneE8" to="gneE18" begin="184" end="184" number="1"/>
<flow id="car184" type="carType1" from="gneE21" to="bottomleftR" begin="185" end="185" number="1"/>
<flow id="car185" type="carType1" from="gneE50" to="-gneE8" begin="186" end="186" number="1"/>
<flow id="car186" type="carType0" from="gneE21" to="-gneE45" begin="186" end="186" number="1"/>
<flow id="car187" type="carType2" from="topleftD" to="-gneE44" begin="186" end="186" number="1"/>
<flow id="car188" type="carType1" from="gneE18" to="topleftR" begin="187" end="187" number="1"/>
<flow id="car189" type="carType1" from="-gneE45" to="gneE50" begin="190" end="190" number="1"/>
<flow id="car190" type="carType0" from="gneE22" to="-gneE28" begin="191" end="191" number="1"/>
<flow id="car191" type="carType1" from="topleftD" to="-gneE45" begin="192" end="192" number="1"/>
<flow id="car192" type="carType0" from="-gneE21" to="-gneE27" begin="193" end="193" number="1"/>
<flow id="car193" type="carType2" from="gneE44" to="-gneE33" begin="194" end="194" number="1"/>
<flow id="car194" type="carType0" from="gneE27" to="-gneE28" begin="195" end="195" number="1"/>
<flow id="car195" type="carType2" from="gneE30" to="-gneE21" begin="196" end="196" number="1"/>
<flow id="car196" type="carType0" from="-gneE49" to="-gneE7" begin="196" end="196" number="1"/>
<flow id="car197" type="carType1" from="bottomleftR" to="gneE9" begin="198" end="198" number="1"/>
<flow id="car198" type="carType0" from="gneE42" to="-gneE42" begin="199" end="199" number="1"/>
<flow id="car199" type="carType1" from="-gneE37" to="-gneE48" begin="199" end="199" number="1"/>
</routes>
