<routes>
<vType id="carType0" length="8" maxSpeed="53.78" accel="2.51" decel="4.75" speedDev="0.2" sigma="0.25"/>
<vType id="carType1" length="8" maxSpeed="59.29" accel="2.38" decel="4.16" speedDev="0.2" sigma="0.18"/>
<vType id="carType2" length="3" maxSpeed="52.8" accel="2.47" decel="4.12" speedDev="0.2" sigma="0.1"/>
<flow id="car0" type="carType2" from="-gneE51" to="-gneE44" begin="6" end="6" number="1"/>
<flow id="car1" type="carType2" from="-gneE21" to="-gneE49" begin="6" end="6" number="1"/>
<flow id="car2" type="carType0" from="-gneE49" to="gneE18" begin="7" end="7" number="1"/>
<flow id="car3" type="carType0" from="toprightL" to="-gneE34" begin="7" end="7" number="1"/>
<flow id="car4" type="carType1" from="topleftR" to="-gneE7" begin="9" end="9" number="1"/>
<flow id="car5" type="carType0" from="-gneE21" to="gneE45" begin="9" end="9" number="1"/>
<flow id="car6" type="carType1" from="gneE27" to="-gneE18" begin="9" end="9" number="1"/>
<flow id="car7" type="carType2" from="gneE21" to="-gneE43" begin="10" end="10" number="1"/>
<flow id="car8" type="carType2" from="gneE35" to="bottomrightL" begin="11" end="11" number="1"/>
<flow id="car9" type="carType1" from="-gneE43" to="-gneE49" begin="11" end="11" number="1"/>
<flow id="car10" type="carType0" from="-gneE45" to="bottomleftU" begin="12" end="12" number="1"/>
<flow id="car11" type="carType2" from="-gneE51" to="-gneE37" begin="12" end="12" number="1"/>
<flow id="car12" type="carType2" from="-gneE37" to="gneE8" begin="14" end="14" number="1"/>
<flow id="car13" type="carType1" from="-gneE18" to="gneE21" begin="15" end="15" number="1"/>
<flow id="car14" type="carType1" from="bottomleftU" to="bottomrightU" begin="15" end="15" number="1"/>
<flow id="car15" type="carType2" from="-gneE34" to="gneE8" begin="17" end="17" number="1"/>
<flow id="car16" type="carType2" from="-gneE49" to="gneE35" begin="18" end="18" number="1"/>
<flow id="car17" type="carType0" from="-gneE51" to="-gneE44" begin="19" end="19" number="1"/>
<flow id="car18" type="carType1" from="gneE50" to="gneE27" begin="19" end="19" number="1"/>
<flow id="car19" type="carType1" from="-gneE28" to="gneE8" begin="22" end="22" number="1"/>
<flow id="car20" type="carType1" from="bottomleftR" to="gneE37" begin="25" end="25" number="1"/>
<flow id="car21" type="carType2" from="-gneE37" to="gneE34" begin="25" end="25" number="1"/>
<flow id="car22" type="carType1" from="gneE18" to="-gneE51" begin="27" end="27" number="1"/>
<flow id="car23" type="carType1" from="gneE50" to="gneE44" begin="27" end="27" number="1"/>
<flow id="car24" type="carType0" from="-gneE45" to="gneE51" begin="28" end="28" number="1"/>
<flow id="car25" type="carType2" from="gneE35" to="topleftD" begin="29" end="29" number="1"/>
<flow id="car26" type="carType2" from="-gneE42" to="bottomleftU" begin="30" end="30" number="1"/>
<flow id="car27" type="carType1" from="-gneE43" to="toprightD" begin="30" end="30" number="1"/>
<flow id="car28" type="carType2" from="gneE51" to="gneE29" begin="31" end="31" number="1"/>
<flow id="car29" type="carType0" from="bottomrightL" to="-gneE42" begin="32" end="32" number="1"/>
<flow id="car30" type="carType2" from="bottomleftR" to="gneE37" begin="33" end="33" number="1"/>
<flow id="car31" type="carType0" from="gneE51" to="gneE8" begin="33" end="33" number="1"/>
<flow id="car32" type="carType0" from="-gneE21" to="toprightD" begin="35" end="35" number="1"/>
<flow id="car33" type="carType1" from="topleftD" to="gneE9" begin="35" end="35" number="1"/>
<flow id="car34" type="carType0" from="gneE29" to="gneE46" begin="35" end="35" number="1"/>
<flow id="car35" type="carType1" from="gneE21" to="gneE43" begin="38" end="38" number="1"/>
<flow id="car36" type="carType1" from="gneE50" to="-gneE45" begin="39" end="39" number="1"/>
<flow id="car37" type="carType0" from="bottomleftR" to="-gneE44" begin="42" end="42" number="1"/>
<flow id="car38" type="carType1" from="gneE27" to="topleftR" begin="46" end="46" number="1"/>
<flow id="car39" type="carType2" from="gneE29" to="-gneE33" begin="46" end="46" number="1"/>
<flow id="car40" type="carType0" from="bottomrightL" to="-gneE21" begin="47" end="47" number="1"/>
<flow id="car41" type="carType0" from="gneE8" to="-gneE51" begin="47" end="47" number="1"/>
<flow id="car42" type="carType2" from="topleftR" to="gneE27" begin="49" end="49" number="1"/>
<flow id="car43" type="carType0" from="gneE18" to="gneE37" begin="54" end="54" number="1"/>
<flow id="car44" type="carType0" from="gneE8" to="-gneE51" begin="56" end="56" number="1"/>
<flow id="car45" type="carType1" from="gneE22" to="gneE51" begin="56" end="56" number="1"/>
<flow id="car46" type="carType2" from="gneE50" to="gneE18" begin="58" end="58" number="1"/>
<flow id="car47" type="carType2" from="gneE21" to="-gneE34" begin="58" end="58" number="1"/>
<flow id="car48" type="carType1" from="gneE50" to="gneE27" begin="60" end="60" number="1"/>
<flow id="car49" type="carType1" from="gneE44" to="gneE45" begin="61" end="61" number="1"/>
<flow id="car50" type="carType1" from="-gneE50" to="-gneE28" begin="62" end="62" number="1"/>
<flow id="car51" type="carType0" from="-gneE34" to="gneE18" begin="62" end="62" number="1"/>
<flow id="car52" type="carType1" from="gneE34" to="gneE29" begin="63" end="63" number="1"/>
<flow id="car53" type="carType2" from="gneE42" to="gneE35" begin="64" end="64" number="1"/>
<flow id="car54" type="carType2" from="gneE29" to="-gneE45" begin="66" end="66" number="1"/>
<flow id="car55" type="carType0" from="gneE29" to="gneE44" begin="67" end="67" number="1"/>
<flow id="car56" type="carType2" from="toprightD" to="bottomrightL" begin="68" end="68" number="1"/>
<flow id="car57" type="carType1" from="-gneE21" to="-gneE37" begin="69" end="69" number="1"/>
<flow id="car58" type="carType2" from="bottomrightU" to="gneE30" begin="69" end="69" number="1"/>
<flow id="car59" type="carType2" from="gneE21" to="gneE43" begin="69" end="69" number="1"/>
<flow id="car60" type="carType2" from="gneE30" to="-gneE28" begin="71" end="71" number="1"/>
<flow id="car61" type="carType2" from="toprightD" to="gneE8" begin="72" end="72" number="1"/>
<flow id="car62" type="carType2" from="-gneE44" to="gneE34" begin="75" end="75" number="1"/>
<flow id="car63" type="carType1" from="-gneE33" to="-gneE34" begin="77" end="77" number="1"/>
<flow id="car64" type="carType2" from="bottomrightL" to="topleftD" begin="78" end="78" number="1"/>
<flow id="car65" type="carType0" from="-gneE18" to="gneE21" begin="78" end="78" number="1"/>
<flow id="car66" type="carType2" from="-gneE34" to="gneE49" begin="78" end="78" number="1"/>
<flow id="car67" type="carType0" from="bottomleftR" to="gneE34" begin="81" end="81" number="1"/>
<flow id="car68" type="carType1" from="topleftD" to="bottomrightL" begin="82" end="82" number="1"/>
<flow id="car69" type="carType1" from="-gneE33" to="-gneE21" begin="84" end="84" number="1"/>
<flow id="car70" type="carType1" from="gneE42" to="topleftD" begin="85" end="85" number="1"/>
<flow id="car71" type="carType1" from="-gneE29" to="gneE8" begin="85" end="85" number="1"/>
<flow id="car72" type="carType2" from="-gneE28" to="-gneE42" begin="86" end="86" number="1"/>
<flow id="car73" type="carType1" from="-gneE33" to="bottomleftU" begin="89" end="89" number="1"/>
<flow id="car74" type="carType0" from="gneE43" to="gneE37" begin="90" end="90" number="1"/>
<flow id="car75" type="carType2" from="topleftD" to="bottomrightL" begin="91" end="91" number="1"/>
<flow id="car76" type="carType0" from="-gneE27" to="gneE9" begin="91" end="91" number="1"/>
<flow id="car77" type="carType2" from="-gneE34" to="-gneE7" begin="92" end="92" number="1"/>
<flow id="car78" type="carType0" from="gneE34" to="gneE50" begin="93" end="93" number="1"/>
<flow id="car79" type="carType1" from="gneE8" to="gneE8" begin="93" end="93" number="1"/>
<flow id="car80" type="carType1" from="gneE48" to="gneE8" begin="93" end="93" number="1"/>
<flow id="car81" type="carType2" from="-gneE49" to="-gneE27" begin="93" end="93" number="1"/>
<flow id="car82" type="carType1" from="-gneE51" to="gneE48" begin="95" end="95" number="1"/>
<flow id="car83" type="carType2" from="-gneE18" to="bottomleftR" begin="95" end="95" number="1"/>
<flow id="car84" type="carType1" from="-gneE45" to="gneE22" begin="96" end="96" number="1"/>
<flow id="car85" type="carType1" from="gneE51" to="toprightD" begin="97" end="97" number="1"/>
<flow id="car86" type="carType1" from="-gneE44" to="-gneE48" begin="97" end="97" number="1"/>
<flow id="car87" type="carType2" from="gneE37" to="gneE37" begin="97" end="97" number="1"/>
<flow id="car88" type="carType2" from="gneE21" to="gneE45" begin="99" end="99" number="1"/>
<flow id="car89" type="carType0" from="gneE29" to="-gneE50" begin="101" end="101" number="1"/>
<flow id="car90" type="carType2" from="toprightL" to="gneE42" begin="101" end="101" number="1"/>
<flow id="car91" type="carType1" from="gneE48" to="bottomrightL" begin="101" end="101" number="1"/>
<flow id="car92" type="carType1" from="-gneE48" to="gneE8" begin="102" end="102" number="1"/>
<flow id="car93" type="carType0" from="topleftD" to="gneE51" begin="103" end="103" number="1"/>
<flow id="car94" type="carType1" from="gneE8" to="bottomrightU" begin="103" end="103" number="1"/>
<flow id="car95" type="carType0" from="-gneE44" to="-gneE48" begin="104" end="104" number="1"/>
<flow id="car96" type="carType2" from="-gneE29" to="-gneE29" begin="105" end="105" number="1"/>
<flow id="car97" type="carType1" from="topleftD" to="gneE44" begin="107" end="107" number="1"/>
<flow id="car98" type="carType0" from="gneE30" to="-gneE43" begin="107" end="107" number="1"/>
<flow id="car99" type="carType1" from="gneE8" to="gneE37" begin="107" end="107" number="1"/>
<flow id="car100" type="carType0" from="-gneE13" to="topleftR" begin="112" end="112" number="1"/>
<flow id="car101" type="carType2" from="gneE37" to="gneE27" begin="112" end="112" number="1"/>
<flow id="car102" type="carType0" from="-gneE44" to="gneE30" begin="114" end="114" number="1"/>
<flow id="car103" type="carType1" from="bottomrightL" to="-gneE45" begin="114" end="114" number="1"/>
<flow id="car104" type="carType0" from="topleftD" to="gneE46" begin="114" end="114" number="1"/>
<flow id="car105" type="carType2" from="-gneE29" to="gneE49" begin="115" end="115" number="1"/>
<flow id="car106" type="carType0" from="-gneE50" to="topleftR" begin="116" end="116" number="1"/>
<flow id="car107" type="carType2" from="gneE51" to="-gneE34" begin="118" end="118" number="1"/>
<flow id="car108" type="carType2" from="-gneE33" to="bottomrightL" begin="118" end="118" number="1"/>
<flow id="car109" type="carType2" from="-gneE29" to="gneE8" begin="119" end="119" number="1"/>
<flow id="car110" type="carType0" from="-gneE45" to="gneE21" begin="120" end="120" number="1"/>
<flow id="car111" type="carType1" from="gneE50" to="-gneE42" begin="120" end="120" number="1"/>
<flow id="car112" type="carType2" from="gneE9" to="-gneE49" begin="120" end="120" number="1"/>
<flow id="car113" type="carType2" from="gneE34" to="gneE46" begin="120" end="120" number="1"/>
<flow id="car114" type="carType1" from="gneE9" to="-gneE48" begin="121" end="121" number="1"/>
<flow id="car115" type="carType0" from="topleftR" to="topleftR" begin="123" end="123" number="1"/>
<flow id="car116" type="carType1" from="bottomleftR" to="gneE30" begin="124" end="124" number="1"/>
<flow id="car117" type="carType2" from="bottomleftR" to="gneE27" begin="125" end="125" number="1"/>
<flow id="car118" type="carType2" from="-gneE8" to="-gneE49" begin="125" end="125" number="1"/>
<flow id="car119" type="carType0" from="gneE34" to="bottomrightU" begin="125" end="125" number="1"/>
<flow id="car120" type="carType0" from="gneE18" to="bottomleftU" begin="131" end="131" number="1"/>
<flow id="car121" type="carType0" from="gneE42" to="bottomrightL" begin="131" end="131" number="1"/>
<flow id="car122" type="carType1" from="gneE22" to="gneE28" begin="131" end="131" number="1"/>
<flow id="car123" type="carType1" from="-gneE28" to="-gneE50" begin="131" end="131" number="1"/>
<flow id="car124" type="carType1" from="gneE44" to="gneE48" begin="132" end="132" number="1"/>
<flow id="car125" type="carType0" from="gneE50" to="-gneE44" begin="133" end="133" number="1"/>
<flow id="car126" type="carType1" from="-gneE34" to="gneE44" begin="133" end="133" number="1"/>
<flow id="car127" type="carType0" from="gneE49" to="-gneE50" begin="134" end="134" number="1"/>
<flow id="car128" type="carType0" from="-gneE49" to="-gneE29" begin="136" end="136" number="1"/>
<flow id="car129" type="carType1" from="-gneE44" to="gneE51" begin="136" end="136" number="1"/>
<flow id="car130" type="carType2" from="gneE28" to="gneE8" begin="137" end="137" number="1"/>
<flow id="car131" type="carType1" from="-gneE45" to="-gneE51" begin="138" end="138" number="1"/>
<flow id="car132" type="carType1" from="toprightL" to="-gneE21" begin="142" end="142" number="1"/>
<flow id="car133" type="carType0" from="gneE45" to="bottomleftU" begin="143" end="143" number="1"/>
<flow id="car134" type="carType1" from="bottomrightL" to="-gneE18" begin="144" end="144" number="1"/>
<flow id="car135" type="carType0" from="-gneE44" to="-gneE51" begin="145" end="145" number="1"/>
<flow id="car136" type="carType2" from="-gneE49" to="-gneE45" begin="147" end="147" number="1"/>
<flow id="car137" type="carType2" from="topleftR" to="-gneE48" begin="147" end="147" number="1"/>
<flow id="car138" type="carType2" from="gneE49" to="gneE51" begin="148" end="148" number="1"/>
<flow id="car139" type="carType0" from="gneE44" to="gneE49" begin="150" end="150" number="1"/>
<flow id="car140" type="carType2" from="topleftD" to="-gneE44" begin="151" end="151" number="1"/>
<flow id="car141" type="carType1" from="gneE21" to="gneE30" begin="151" end="151" number="1"/>
<flow id="car142" type="carType0" from="topleftD" to="gneE21" begin="151" end="151" number="1"/>
<flow id="car143" type="carType0" from="gneE27" to="-gneE43" begin="152" end="152" number="1"/>
<flow id="car144" type="carType1" from="-gneE43" to="gneE27" begin="154" end="154" number="1"/>
<flow id="car145" type="carType2" from="-gneE34" to="gneE43" begin="154" end="154" number="1"/>
<flow id="car146" type="carType1" from="topleftR" to="gneE9" begin="155" end="155" number="1"/>
<flow id="car147" type="carType1" from="gneE28" to="-gneE50" begin="155" end="155" number="1"/>
<flow id="car148" type="carType0" from="-gneE51" to="topleftR" begin="156" end="156" number="1"/>
<flow id="car149" type="carType0" from="-gneE45" to="gneE44" begin="157" end="157" number="1"/>
<flow id="car150" type="carType2" from="-gneE8" to="bottomrightL" begin="157" end="157" number="1"/>
<flow id="car151" type="carType1" from="-gneE45" to="-gneE7" begin="157" end="157" number="1"/>
<flow id="car152" type="carType0" from="gneE28" to="-gneE48" begin="157" end="157" number="1"/>
<flow id="car153" type="carType1" from="gneE8" to="gneE30" begin="159" end="159" number="1"/>
<flow id="car154" type="carType2" from="bottomrightL" to="-gneE51" begin="159" end="159" number="1"/>
<flow id="car155" type="carType2" from="topleftR" to="gneE21" begin="159" end="159" number="1"/>
<flow id="car156" type="carType2" from="-gneE45" to="gneE35" begin="161" end="161" number="1"/>
<flow id="car157" type="carType1" from="gneE46" to="-gneE49" begin="162" end="162" number="1"/>
<flow id="car158" type="carType0" from="-gneE48" to="-gneE43" begin="163" end="163" number="1"/>
<flow id="car159" type="carType1" from="gneE51" to="bottomrightL" begin="163" end="163" number="1"/>
<flow id="car160" type="carType1" from="gneE8" to="gneE45" begin="164" end="164" number="1"/>
<flow id="car161" type="carType1" from="-gneE42" to="gneE28" begin="165" end="165" number="1"/>
<flow id="car162" type="carType1" from="gneE48" to="bottomrightL" begin="166" end="166" number="1"/>
<flow id="car163" type="carType2" from="gneE8" to="gneE43" begin="166" end="166" number="1"/>
<flow id="car164" type="carType2" from="gneE43" to="-gneE51" begin="166" end="166" number="1"/>
<flow id="car165" type="carType2" from="bottomrightL" to="gneE9" begin="168" end="168" number="1"/>
<flow id="car166" type="carType0" from="gneE35" to="-gneE29" begin="168" end="168" number="1"/>
<flow id="car167" type="carType0" from="gneE43" to="-gneE51" begin="169" end="169" number="1"/>
<flow id="car168" type="carType0" from="-gneE18" to="bottomrightU" begin="171" end="171" number="1"/>
<flow id="car169" type="carType1" from="-gneE21" to="gneE22" begin="172" end="172" number="1"/>
<flow id="car170" type="carType1" from="gneE51" to="gneE37" begin="172" end="172" number="1"/>
<flow id="car171" type="carType2" from="-gneE45" to="toprightD" begin="173" end="173" number="1"/>
<flow id="car172" type="carType1" from="-gneE28" to="toprightD" begin="173" end="173" number="1"/>
<flow id="car173" type="carType0" from="gneE28" to="-gneE29" begin="173" end="173" number="1"/>
<flow id="car174" type="carType0" from="-gneE48" to="gneE43" begin="174" end="174" number="1"/>
<flow id="car175" type="carType2" from="gneE22" to="-gneE34" begin="176" end="176" number="1"/>
<flow id="car176" type="carType1" from="gneE8" to="gneE34" begin="179" end="179" number="1"/>
<flow id="car177" type="carType2" from="gneE35" to="-gneE48" begin="180" end="180" number="1"/>
<flow id="car178" type="carType1" from="gneE50" to="topleftR" begin="180" end="180" number="1"/>
<flow id="car179" type="carType2" from="gneE48" to="-gneE7" begin="180" end="180" number="1"/>
<flow id="car180" type="carType2" from="-gneE44" to="-gneE43" begin="181" end="181" number="1"/>
<flow id="car181" type="carType0" from="gneE37" to="-gneE43" begin="182" end="182" number="1"/>
<flow id="car182" type="carType1" from="gneE8" to="gneE21" begin="182" end="182" number="1"/>
<flow id="car183" type="carType2" from="gneE51" to="bottomrightU" begin="182" end="182" number="1"/>
<flow id="car184" type="carType0" from="-gneE8" to="bottomrightU" begin="184" end="184" number="1"/>
<flow id="car185" type="carType0" from="topleftR" to="gneE51" begin="184" end="184" number="1"/>
<flow id="car186" type="carType1" from="topleftD" to="-gneE34" begin="185" end="185" number="1"/>
<flow id="car187" type="carType1" from="-gneE27" to="-gneE29" begin="185" end="185" number="1"/>
<flow id="car188" type="carType2" from="-gneE8" to="gneE49" begin="187" end="187" number="1"/>
<flow id="car189" type="carType2" from="-gneE44" to="-gneE33" begin="188" end="188" number="1"/>
<flow id="car190" type="carType2" from="-gneE33" to="gneE48" begin="189" end="189" number="1"/>
<flow id="car191" type="carType2" from="-gneE51" to="topleftR" begin="190" end="190" number="1"/>
<flow id="car192" type="carType2" from="-gneE43" to="gneE43" begin="191" end="191" number="1"/>
<flow id="car193" type="carType1" from="gneE44" to="gneE42" begin="194" end="194" number="1"/>
<flow id="car194" type="carType2" from="bottomleftR" to="gneE48" begin="194" end="194" number="1"/>
<flow id="car195" type="carType2" from="-gneE21" to="gneE9" begin="195" end="195" number="1"/>
<flow id="car196" type="carType0" from="-gneE13" to="-gneE50" begin="196" end="196" number="1"/>
<flow id="car197" type="carType1" from="gneE29" to="-gneE21" begin="197" end="197" number="1"/>
<flow id="car198" type="carType1" from="-gneE8" to="gneE46" begin="197" end="197" number="1"/>
<flow id="car199" type="carType0" from="-gneE48" to="gneE28" begin="199" end="199" number="1"/>
</routes>
