<routes>
<vType id="carType0" length="9" maxSpeed="56.43" accel="2.61" decel="5.57" speedDev="0.2" sigma="0.17"/>
<vType id="carType1" length="5" maxSpeed="53.08" accel="2.4" decel="5.88" speedDev="0.2" sigma="0.29"/>
<vType id="carType2" length="4" maxSpeed="58.82" accel="2.75" decel="5.75" speedDev="0.2" sigma="0.19"/>
<flow id="car0" type="carType2" from="-gneE42" to="gneE42" begin="0" end="0" number="1"/>
<flow id="car1" type="carType0" from="-gneE18" to="gneE45" begin="0" end="0" number="1"/>
<flow id="car2" type="carType2" from="gneE37" to="gneE29" begin="2" end="2" number="1"/>
<flow id="car3" type="carType2" from="-gneE44" to="gneE45" begin="3" end="3" number="1"/>
<flow id="car4" type="carType2" from="topleftR" to="-gneE51" begin="4" end="4" number="1"/>
<flow id="car5" type="carType1" from="toprightL" to="gneE48" begin="6" end="6" number="1"/>
<flow id="car6" type="carType1" from="-gneE51" to="-gneE48" begin="6" end="6" number="1"/>
<flow id="car7" type="carType0" from="-gneE43" to="gneE8" begin="8" end="8" number="1"/>
<flow id="car8" type="carType2" from="-gneE48" to="-gneE49" begin="9" end="9" number="1"/>
<flow id="car9" type="carType2" from="-gneE48" to="-gneE50" begin="9" end="9" number="1"/>
<flow id="car10" type="carType2" from="-gneE8" to="gneE51" begin="9" end="9" number="1"/>
<flow id="car11" type="carType1" from="topleftR" to="-gneE21" begin="11" end="11" number="1"/>
<flow id="car12" type="carType0" from="-gneE29" to="gneE29" begin="11" end="11" number="1"/>
<flow id="car13" type="carType0" from="-gneE50" to="bottomrightL" begin="13" end="13" number="1"/>
<flow id="car14" type="carType0" from="bottomrightU" to="-gneE28" begin="14" end="14" number="1"/>
<flow id="car15" type="carType2" from="toprightD" to="gneE50" begin="15" end="15" number="1"/>
<flow id="car16" type="carType2" from="-gneE42" to="-gneE7" begin="16" end="16" number="1"/>
<flow id="car17" type="carType2" from="-gneE43" to="gneE37" begin="17" end="17" number="1"/>
<flow id="car18" type="carType0" from="-gneE13" to="gneE30" begin="17" end="17" number="1"/>
<flow id="car19" type="carType1" from="-gneE27" to="-gneE28" begin="19" end="19" number="1"/>
<flow id="car20" type="carType1" from="-gneE45" to="-gneE48" begin="20" end="20" number="1"/>
<flow id="car21" type="carType1" from="-gneE18" to="-gneE37" begin="21" end="21" number="1"/>
<flow id="car22" type="carType1" from="gneE30" to="-gneE50" begin="21" end="21" number="1"/>
<flow id="car23" type="carType0" from="-gneE34" to="gneE35" begin="22" end="22" number="1"/>
<flow id="car24" type="carType2" from="gneE28" to="-gneE42" begin="23" end="23" number="1"/>
<flow id="car25" type="carType0" from="topleftR" to="gneE27" begin="24" end="24" number="1"/>
<flow id="car26" type="carType1" from="gneE48" to="bottomrightU" begin="25" end="25" number="1"/>
<flow id="car27" type="carType1" from="topleftD" to="gneE50" begin="26" end="26" number="1"/>
<flow id="car28" type="carType2" from="gneE49" to="-gneE18" begin="27" end="27" number="1"/>
<flow id="car29" type="carType1" from="gneE50" to="gneE22" begin="28" end="28" number="1"/>
<flow id="car30" type="carType1" from="-gneE7" to="-gneE29" begin="29" end="29" number="1"/>
<flow id="car31" type="carType2" from="gneE35" to="-gneE44" begin="30" end="30" number="1"/>
<flow id="car32" type="carType1" from="-gneE8" to="gneE29" begin="30" end="30" number="1"/>
<flow id="car33" type="carType2" from="-gneE50" to="gneE51" begin="30" end="30" number="1"/>
<flow id="car34" type="carType0" from="-gneE37" to="gneE44" begin="30" end="30" number="1"/>
<flow id="car35" type="carType0" from="gneE27" to="gneE27" begin="31" end="31" number="1"/>
<flow id="car36" type="carType0" from="gneE43" to="-gneE34" begin="31" end="31" number="1"/>
<flow id="car37" type="carType0" from="gneE42" to="gneE35" begin="31" end="31" number="1"/>
<flow id="car38" type="carType2" from="-gneE45" to="-gneE45" begin="33" end="33" number="1"/>
<flow id="car39" type="carType1" from="gneE37" to="-gneE37" begin="34" end="34" number="1"/>
<flow id="car40" type="carType0" from="gneE34" to="-gneE7" begin="35" end="35" number="1"/>
<flow id="car41" type="carType0" from="gneE50" to="toprightD" begin="35" end="35" number="1"/>
<flow id="car42" type="carType0" from="-gneE49" to="-gneE21" begin="36" end="36" number="1"/>
<flow id="car43" type="carType2" from="-gneE29" to="-gneE51" begin="37" end="37" number="1"/>
<flow id="car44" type="carType0" from="bottomrightL" to="-gneE27" begin="40" end="40" number="1"/>
<flow id="car45" type="carType2" from="toprightL" to="-gneE43" begin="41" end="41" number="1"/>
<flow id="car46" type="carType1" from="gneE42" to="-gneE44" begin="43" end="43" number="1"/>
<flow id="car47" type="carType1" from="-gneE49" to="topleftR" begin="45" end="45" number="1"/>
<flow id="car48" type="carType1" from="gneE49" to="bottomleftR" begin="45" end="45" number="1"/>
<flow id="car49" type="carType1" from="-gneE37" to="bottomleftU" begin="45" end="45" number="1"/>
<flow id="car50" type="carType1" from="-gneE45" to="-gneE13" begin="46" end="46" number="1"/>
<flow id="car51" type="carType2" from="-gneE45" to="-gneE43" begin="46" end="46" number="1"/>
<flow id="car52" type="carType0" from="gneE9" to="gneE27" begin="47" end="47" number="1"/>
<flow id="car53" type="carType1" from="gneE35" to="gneE22" begin="47" end="47" number="1"/>
<flow id="car54" type="carType1" from="-gneE28" to="-gneE50" begin="48" end="48" number="1"/>
<flow id="car55" type="carType0" from="gneE18" to="gneE44" begin="52" end="52" number="1"/>
<flow id="car56" type="carType0" from="gneE35" to="-gneE43" begin="54" end="54" number="1"/>
<flow id="car57" type="carType2" from="bottomleftR" to="-gneE21" begin="54" end="54" number="1"/>
<flow id="car58" type="carType0" from="gneE8" to="topleftD" begin="55" end="55" number="1"/>
<flow id="car59" type="carType2" from="-gneE8" to="gneE21" begin="55" end="55" number="1"/>
<flow id="car60" type="carType2" from="-gneE8" to="-gneE37" begin="58" end="58" number="1"/>
<flow id="car61" type="carType2" from="-gneE50" to="gneE46" begin="60" end="60" number="1"/>
<flow id="car62" type="carType1" from="gneE50" to="gneE34" begin="61" end="61" number="1"/>
<flow id="car63" type="carType1" from="gneE30" to="-gneE37" begin="61" end="61" number="1"/>
<flow id="car64" type="carType0" from="gneE34" to="-gneE21" begin="63" end="63" number="1"/>
<flow id="car65" type="carType0" from="-gneE7" to="bottomrightU" begin="67" end="67" number="1"/>
<flow id="car66" type="carType0" from="gneE9" to="-gneE33" begin="70" end="70" number="1"/>
<flow id="car67" type="carType0" from="gneE37" to="-gneE34" begin="70" end="70" number="1"/>
<flow id="car68" type="carType0" from="gneE43" to="gneE22" begin="71" end="71" number="1"/>
<flow id="car69" type="carType1" from="-gneE37" to="gneE28" begin="71" end="71" number="1"/>
<flow id="car70" type="carType0" from="-gneE28" to="-gneE44" begin="72" end="72" number="1"/>
<flow id="car71" type="carType0" from="-gneE34" to="toprightD" begin="72" end="72" number="1"/>
<flow id="car72" type="carType1" from="bottomrightU" to="gneE35" begin="73" end="73" number="1"/>
<flow id="car73" type="carType1" from="-gneE34" to="-gneE51" begin="75" end="75" number="1"/>
<flow id="car74" type="carType2" from="gneE49" to="-gneE28" begin="75" end="75" number="1"/>
<flow id="car75" type="carType1" from="gneE8" to="gneE28" begin="75" end="75" number="1"/>
<flow id="car76" type="carType0" from="gneE48" to="-gneE50" begin="76" end="76" number="1"/>
<flow id="car77" type="carType0" from="gneE44" to="gneE51" begin="76" end="76" number="1"/>
<flow id="car78" type="carType0" from="-gneE48" to="gneE46" begin="78" end="78" number="1"/>
<flow id="car79" type="carType1" from="bottomrightL" to="topleftD" begin="81" end="81" number="1"/>
<flow id="car80" type="carType0" from="gneE42" to="gneE8" begin="83" end="83" number="1"/>
<flow id="car81" type="carType0" from="gneE51" to="gneE43" begin="83" end="83" number="1"/>
<flow id="car82" type="carType1" from="bottomleftU" to="gneE29" begin="84" end="84" number="1"/>
<flow id="car83" type="carType0" from="bottomrightL" to="gneE51" begin="84" end="84" number="1"/>
<flow id="car84" type="carType0" from="gneE18" to="bottomleftR" begin="84" end="84" number="1"/>
<flow id="car85" type="carType0" from="-gneE34" to="-gneE28" begin="87" end="87" number="1"/>
<flow id="car86" type="carType0" from="gneE8" to="-gneE50" begin="87" end="87" number="1"/>
<flow id="car87" type="carType0" from="-gneE49" to="-gneE33" begin="90" end="90" number="1"/>
<flow id="car88" type="carType0" from="-gneE7" to="gneE43" begin="90" end="90" number="1"/>
<flow id="car89" type="carType2" from="-gneE8" to="gneE27" begin="92" end="92" number="1"/>
<flow id="car90" type="carType2" from="gneE49" to="-gneE33" begin="92" end="92" number="1"/>
<flow id="car91" type="carType0" from="-gneE8" to="-gneE50" begin="94" end="94" number="1"/>
<flow id="car92" type="carType2" from="gneE9" to="-gneE34" begin="95" end="95" number="1"/>
<flow id="car93" type="carType1" from="-gneE8" to="-gneE51" begin="96" end="96" number="1"/>
<flow id="car94" type="carType2" from="gneE18" to="gneE46" begin="98" end="98" number="1"/>
<flow id="car95" type="carType2" from="-gneE43" to="gneE27" begin="99" end="99" number="1"/>
<flow id="car96" type="carType1" from="-gneE18" to="-gneE28" begin="100" end="100" number="1"/>
<flow id="car97" type="carType1" from="gneE37" to="-gneE33" begin="101" end="101" number="1"/>
<flow id="car98" type="carType2" from="bottomleftR" to="bottomrightL" begin="101" end="101" number="1"/>
<flow id="car99" type="carType0" from="-gneE43" to="-gneE34" begin="102" end="102" number="1"/>
<flow id="car100" type="carType1" from="-gneE43" to="gneE48" begin="102" end="102" number="1"/>
<flow id="car101" type="carType1" from="-gneE13" to="-gneE50" begin="103" end="103" number="1"/>
<flow id="car102" type="carType2" from="gneE42" to="gneE42" begin="104" end="104" number="1"/>
<flow id="car103" type="carType2" from="-gneE7" to="gneE44" begin="105" end="105" number="1"/>
<flow id="car104" type="carType2" from="bottomleftR" to="bottomrightU" begin="105" end="105" number="1"/>
<flow id="car105" type="carType1" from="-gneE18" to="gneE30" begin="105" end="105" number="1"/>
<flow id="car106" type="carType1" from="gneE28" to="-gneE27" begin="106" end="106" number="1"/>
<flow id="car107" type="carType1" from="gneE18" to="gneE29" begin="107" end="107" number="1"/>
<flow id="car108" type="carType1" from="-gneE13" to="-gneE34" begin="108" end="108" number="1"/>
<flow id="car109" type="carType0" from="-gneE18" to="gneE45" begin="109" end="109" number="1"/>
<flow id="car110" type="carType2" from="-gneE13" to="-gneE49" begin="110" end="110" number="1"/>
<flow id="car111" type="carType0" from="-gneE34" to="bottomrightL" begin="110" end="110" number="1"/>
<flow id="car112" type="carType1" from="gneE8" to="gneE43" begin="111" end="111" number="1"/>
<flow id="car113" type="carType1" from="-gneE50" to="-gneE49" begin="111" end="111" number="1"/>
<flow id="car114" type="carType0" from="gneE42" to="-gneE51" begin="111" end="111" number="1"/>
<flow id="car115" type="carType2" from="gneE42" to="-gneE49" begin="112" end="112" number="1"/>
<flow id="car116" type="carType0" from="gneE21" to="gneE49" begin="113" end="113" number="1"/>
<flow id="car117" type="carType1" from="bottomrightL" to="-gneE18" begin="113" end="113" number="1"/>
<flow id="car118" type="carType0" from="bottomrightL" to="-gneE33" begin="113" end="113" number="1"/>
<flow id="car119" type="carType1" from="-gneE8" to="gneE44" begin="115" end="115" number="1"/>
<flow id="car120" type="carType2" from="-gneE13" to="gneE28" begin="115" end="115" number="1"/>
<flow id="car121" type="carType0" from="gneE9" to="bottomrightL" begin="116" end="116" number="1"/>
<flow id="car122" type="carType1" from="gneE8" to="-gneE33" begin="118" end="118" number="1"/>
<flow id="car123" type="carType2" from="gneE44" to="-gneE29" begin="118" end="118" number="1"/>
<flow id="car124" type="carType2" from="gneE22" to="-gneE27" begin="119" end="119" number="1"/>
<flow id="car125" type="carType2" from="bottomleftR" to="bottomrightU" begin="119" end="119" number="1"/>
<flow id="car126" type="carType1" from="-gneE42" to="-gneE49" begin="119" end="119" number="1"/>
<flow id="car127" type="carType2" from="bottomrightU" to="gneE37" begin="119" end="119" number="1"/>
<flow id="car128" type="carType0" from="gneE22" to="-gneE51" begin="121" end="121" number="1"/>
<flow id="car129" type="carType2" from="-gneE43" to="gneE45" begin="127" end="127" number="1"/>
<flow id="car130" type="carType0" from="-gneE45" to="-gneE49" begin="127" end="127" number="1"/>
<flow id="car131" type="carType0" from="gneE49" to="gneE42" begin="130" end="130" number="1"/>
<flow id="car132" type="carType1" from="bottomleftR" to="gneE43" begin="133" end="133" number="1"/>
<flow id="car133" type="carType2" from="-gneE29" to="-gneE27" begin="133" end="133" number="1"/>
<flow id="car134" type="carType0" from="gneE28" to="gneE43" begin="135" end="135" number="1"/>
<flow id="car135" type="carType2" from="-gneE8" to="toprightL" begin="135" end="135" number="1"/>
<flow id="car136" type="carType0" from="gneE51" to="-gneE7" begin="136" end="136" number="1"/>
<flow id="car137" type="carType1" from="-gneE43" to="-gneE45" begin="136" end="136" number="1"/>
<flow id="car138" type="carType0" from="gneE8" to="gneE50" begin="137" end="137" number="1"/>
<flow id="car139" type="carType0" from="gneE30" to="gneE30" begin="139" end="139" number="1"/>
<flow id="car140" type="carType1" from="gneE43" to="-gneE34" begin="139" end="139" number="1"/>
<flow id="car141" type="carType1" from="-gneE21" to="gneE51" begin="140" end="140" number="1"/>
<flow id="car142" type="carType2" from="gneE21" to="-gneE7" begin="142" end="142" number="1"/>
<flow id="car143" type="carType1" from="-gneE51" to="bottomrightU" begin="143" end="143" number="1"/>
<flow id="car144" type="carType1" from="-gneE18" to="-gneE21" begin="143" end="143" number="1"/>
<flow id="car145" type="carType0" from="gneE51" to="-gneE43" begin="145" end="145" number="1"/>
<flow id="car146" type="carType0" from="-gneE8" to="gneE18" begin="145" end="145" number="1"/>
<flow id="car147" type="carType1" from="gneE50" to="gneE46" begin="150" end="150" number="1"/>
<flow id="car148" type="carType2" from="gneE29" to="-gneE18" begin="151" end="151" number="1"/>
<flow id="car149" type="carType1" from="gneE27" to="toprightL" begin="153" end="153" number="1"/>
<flow id="car150" type="carType1" from="-gneE42" to="-gneE33" begin="154" end="154" number="1"/>
<flow id="car151" type="carType0" from="-gneE29" to="-gneE50" begin="155" end="155" number="1"/>
<flow id="car152" type="carType0" from="bottomleftU" to="gneE48" begin="158" end="158" number="1"/>
<flow id="car153" type="carType1" from="gneE9" to="gneE48" begin="159" end="159" number="1"/>
<flow id="car154" type="carType2" from="-gneE33" to="gneE35" begin="160" end="160" number="1"/>
<flow id="car155" type="carType2" from="gneE35" to="gneE22" begin="161" end="161" number="1"/>
<flow id="car156" type="carType2" from="gneE49" to="gneE30" begin="161" end="161" number="1"/>
<flow id="car157" type="carType2" from="-gneE21" to="bottomleftR" begin="164" end="164" number="1"/>
<flow id="car158" type="carType1" from="-gneE18" to="gneE29" begin="165" end="165" number="1"/>
<flow id="car159" type="carType1" from="gneE43" to="gneE27" begin="165" end="165" number="1"/>
<flow id="car160" type="carType1" from="-gneE27" to="-gneE43" begin="166" end="166" number="1"/>
<flow id="car161" type="carType1" from="bottomleftU" to="-gneE34" begin="166" end="166" number="1"/>
<flow id="car162" type="carType1" from="gneE45" to="gneE34" begin="166" end="166" number="1"/>
<flow id="car163" type="carType1" from="-gneE49" to="topleftD" begin="167" end="167" number="1"/>
<flow id="car164" type="carType1" from="bottomleftR" to="-gneE7" begin="167" end="167" number="1"/>
<flow id="car165" type="carType2" from="-gneE18" to="-gneE44" begin="169" end="169" number="1"/>
<flow id="car166" type="carType0" from="gneE43" to="gneE9" begin="169" end="169" number="1"/>
<flow id="car167" type="carType1" from="-gneE28" to="-gneE33" begin="169" end="169" number="1"/>
<flow id="car168" type="carType1" from="-gneE43" to="toprightL" begin="170" end="170" number="1"/>
<flow id="car169" type="carType2" from="gneE51" to="-gneE44" begin="172" end="172" number="1"/>
<flow id="car170" type="carType0" from="gneE29" to="-gneE33" begin="173" end="173" number="1"/>
<flow id="car171" type="carType0" from="gneE30" to="gneE18" begin="174" end="174" number="1"/>
<flow id="car172" type="carType1" from="-gneE13" to="gneE9" begin="174" end="174" number="1"/>
<flow id="car173" type="carType2" from="gneE30" to="-gneE13" begin="177" end="177" number="1"/>
<flow id="car174" type="carType0" from="-gneE33" to="gneE21" begin="177" end="177" number="1"/>
<flow id="car175" type="carType0" from="-gneE8" to="gneE37" begin="179" end="179" number="1"/>
<flow id="car176" type="carType2" from="gneE21" to="-gneE33" begin="182" end="182" number="1"/>
<flow id="car177" type="carType1" from="gneE35" to="gneE43" begin="182" end="182" number="1"/>
<flow id="car178" type="carType2" from="-gneE45" to="gneE42" begin="183" end="183" number="1"/>
<flow id="car179" type="carType1" from="-gneE49" to="-gneE48" begin="183" end="183" number="1"/>
<flow id="car180" type="carType0" from="gneE50" to="toprightD" begin="184" end="184" number="1"/>
<flow id="car181" type="carType2" from="-gneE18" to="topleftD" begin="184" end="184" number="1"/>
<flow id="car182" type="carType2" from="-gneE18" to="gneE30" begin="185" end="185" number="1"/>
<flow id="car183" type="carType2" from="-gneE50" to="-gneE44" begin="186" end="186" number="1"/>
<flow id="car184" type="carType0" from="gneE44" to="-gneE18" begin="188" end="188" number="1"/>
<flow id="car185" type="carType0" from="gneE27" to="-gneE27" begin="188" end="188" number="1"/>
<flow id="car186" type="carType2" from="gneE28" to="gneE30" begin="189" end="189" number="1"/>
<flow id="car187" type="carType0" from="gneE34" to="-gneE37" begin="189" end="189" number="1"/>
<flow id="car188" type="carType1" from="-gneE48" to="gneE9" begin="189" end="189" number="1"/>
<flow id="car189" type="carType2" from="-gneE7" to="gneE45" begin="192" end="192" number="1"/>
<flow id="car190" type="carType0" from="-gneE18" to="-gneE44" begin="192" end="192" number="1"/>
<flow id="car191" type="carType0" from="gneE48" to="toprightD" begin="192" end="192" number="1"/>
<flow id="car192" type="carType1" from="gneE21" to="-gneE13" begin="193" end="193" number="1"/>
<flow id="car193" type="carType0" from="-gneE8" to="gneE28" begin="194" end="194" number="1"/>
<flow id="car194" type="carType0" from="-gneE51" to="gneE30" begin="194" end="194" number="1"/>
<flow id="car195" type="carType2" from="gneE35" to="gneE34" begin="194" end="194" number="1"/>
<flow id="car196" type="carType2" from="-gneE21" to="gneE8" begin="194" end="194" number="1"/>
<flow id="car197" type="carType2" from="topleftR" to="-gneE44" begin="195" end="195" number="1"/>
<flow id="car198" type="carType2" from="-gneE48" to="-gneE29" begin="197" end="197" number="1"/>
<flow id="car199" type="carType2" from="-gneE8" to="gneE29" begin="199" end="199" number="1"/>
</routes>
