<routes>
<vType id="carType0" length="9" maxSpeed="45.07" accel="2.55" decel="5.88" speedDev="0.2" sigma="0.22"/>
<vType id="carType1" length="8" maxSpeed="55.46" accel="2.82" decel="5.69" speedDev="0.2" sigma="0.16"/>
<vType id="carType2" length="6" maxSpeed="48.37" accel="2.23" decel="4.25" speedDev="0.2" sigma="0.21"/>
<flow id="car0" type="carType2" from="gneE49" to="-gneE51" begin="0" end="0" number="1"/>
<flow id="car1" type="carType0" from="gneE45" to="gneE22" begin="1" end="1" number="1"/>
<flow id="car2" type="carType2" from="-gneE42" to="gneE43" begin="1" end="1" number="1"/>
<flow id="car3" type="carType0" from="gneE35" to="gneE30" begin="5" end="5" number="1"/>
<flow id="car4" type="carType2" from="gneE22" to="-gneE21" begin="6" end="6" number="1"/>
<flow id="car5" type="carType2" from="bottomrightL" to="topleftR" begin="6" end="6" number="1"/>
<flow id="car6" type="carType1" from="-gneE48" to="gneE35" begin="7" end="7" number="1"/>
<flow id="car7" type="carType1" from="bottomrightL" to="gneE9" begin="8" end="8" number="1"/>
<flow id="car8" type="carType1" from="topleftR" to="bottomrightL" begin="9" end="9" number="1"/>
<flow id="car9" type="carType1" from="-gneE49" to="-gneE50" begin="11" end="11" number="1"/>
<flow id="car10" type="carType0" from="gneE42" to="gneE22" begin="12" end="12" number="1"/>
<flow id="car11" type="carType0" from="gneE29" to="-gneE8" begin="13" end="13" number="1"/>
<flow id="car12" type="carType2" from="gneE29" to="-gneE18" begin="13" end="13" number="1"/>
<flow id="car13" type="carType2" from="-gneE34" to="-gneE49" begin="14" end="14" number="1"/>
<flow id="car14" type="carType1" from="-gneE27" to="-gneE18" begin="15" end="15" number="1"/>
<flow id="car15" type="carType2" from="gneE49" to="bottomrightL" begin="16" end="16" number="1"/>
<flow id="car16" type="carType1" from="-gneE42" to="gneE35" begin="17" end="17" number="1"/>
<flow id="car17" type="carType2" from="-gneE28" to="bottomrightL" begin="18" end="18" number="1"/>
<flow id="car18" type="carType2" from="toprightL" to="-gneE34" begin="19" end="19" number="1"/>
<flow id="car19" type="carType2" from="gneE35" to="gneE44" begin="21" end="21" number="1"/>
<flow id="car20" type="carType1" from="-gneE21" to="-gneE44" begin="22" end="22" number="1"/>
<flow id="car21" type="carType2" from="toprightL" to="-gneE8" begin="23" end="23" number="1"/>
<flow id="car22" type="carType0" from="toprightL" to="gneE27" begin="26" end="26" number="1"/>
<flow id="car23" type="carType1" from="-gneE34" to="-gneE13" begin="28" end="28" number="1"/>
<flow id="car24" type="carType0" from="-gneE42" to="-gneE8" begin="28" end="28" number="1"/>
<flow id="car25" type="carType1" from="-gneE21" to="topleftD" begin="29" end="29" number="1"/>
<flow id="car26" type="carType2" from="gneE43" to="gneE30" begin="30" end="30" number="1"/>
<flow id="car27" type="carType1" from="bottomrightU" to="-gneE29" begin="31" end="31" number="1"/>
<flow id="car28" type="carType0" from="bottomleftU" to="toprightL" begin="32" end="32" number="1"/>
<flow id="car29" type="carType0" from="gneE30" to="gneE21" begin="33" end="33" number="1"/>
<flow id="car30" type="carType2" from="bottomrightL" to="gneE9" begin="33" end="33" number="1"/>
<flow id="car31" type="carType1" from="-gneE37" to="-gneE48" begin="34" end="34" number="1"/>
<flow id="car32" type="carType2" from="gneE49" to="-gneE37" begin="35" end="35" number="1"/>
<flow id="car33" type="carType0" from="bottomleftU" to="gneE48" begin="36" end="36" number="1"/>
<flow id="car34" type="carType2" from="gneE44" to="gneE43" begin="37" end="37" number="1"/>
<flow id="car35" type="carType2" from="-gneE33" to="-gneE33" begin="37" end="37" number="1"/>
<flow id="car36" type="carType2" from="bottomrightL" to="-gneE42" begin="38" end="38" number="1"/>
<flow id="car37" type="carType1" from="gneE29" to="-gneE44" begin="40" end="40" number="1"/>
<flow id="car38" type="carType1" from="bottomrightU" to="-gneE37" begin="41" end="41" number="1"/>
<flow id="car39" type="carType1" from="toprightL" to="gneE44" begin="44" end="44" number="1"/>
<flow id="car40" type="carType2" from="bottomrightU" to="toprightD" begin="44" end="44" number="1"/>
<flow id="car41" type="carType0" from="gneE34" to="-gneE44" begin="46" end="46" number="1"/>
<flow id="car42" type="carType1" from="-gneE50" to="gneE18" begin="47" end="47" number="1"/>
<flow id="car43" type="carType1" from="gneE43" to="gneE35" begin="47" end="47" number="1"/>
<flow id="car44" type="carType2" from="bottomrightU" to="-gneE43" begin="48" end="48" number="1"/>
<flow id="car45" type="carType0" from="bottomrightU" to="gneE44" begin="48" end="48" number="1"/>
<flow id="car46" type="carType1" from="-gneE33" to="bottomleftU" begin="50" end="50" number="1"/>
<flow id="car47" type="carType2" from="gneE29" to="-gneE42" begin="51" end="51" number="1"/>
<flow id="car48" type="carType2" from="gneE51" to="topleftR" begin="51" end="51" number="1"/>
<flow id="car49" type="carType0" from="gneE50" to="-gneE27" begin="52" end="52" number="1"/>
<flow id="car50" type="carType0" from="-gneE7" to="topleftR" begin="52" end="52" number="1"/>
<flow id="car51" type="carType0" from="toprightL" to="gneE48" begin="53" end="53" number="1"/>
<flow id="car52" type="carType2" from="-gneE50" to="gneE43" begin="53" end="53" number="1"/>
<flow id="car53" type="carType1" from="-gneE8" to="gneE48" begin="53" end="53" number="1"/>
<flow id="car54" type="carType2" from="-gneE18" to="-gneE13" begin="54" end="54" number="1"/>
<flow id="car55" type="carType2" from="gneE42" to="-gneE51" begin="55" end="55" number="1"/>
<flow id="car56" type="carType0" from="gneE30" to="-gneE37" begin="55" end="55" number="1"/>
<flow id="car57" type="carType0" from="gneE8" to="gneE46" begin="56" end="56" number="1"/>
<flow id="car58" type="carType0" from="-gneE50" to="gneE34" begin="58" end="58" number="1"/>
<flow id="car59" type="carType1" from="-gneE29" to="gneE45" begin="58" end="58" number="1"/>
<flow id="car60" type="carType1" from="bottomleftU" to="bottomrightL" begin="58" end="58" number="1"/>
<flow id="car61" type="carType0" from="-gneE51" to="-gneE28" begin="58" end="58" number="1"/>
<flow id="car62" type="carType0" from="toprightD" to="gneE42" begin="60" end="60" number="1"/>
<flow id="car63" type="carType2" from="-gneE50" to="-gneE27" begin="61" end="61" number="1"/>
<flow id="car64" type="carType1" from="-gneE13" to="gneE34" begin="63" end="63" number="1"/>
<flow id="car65" type="carType1" from="gneE30" to="gneE34" begin="65" end="65" number="1"/>
<flow id="car66" type="carType2" from="bottomleftU" to="gneE8" begin="65" end="65" number="1"/>
<flow id="car67" type="carType2" from="gneE34" to="gneE50" begin="67" end="67" number="1"/>
<flow id="car68" type="carType2" from="gneE22" to="gneE18" begin="70" end="70" number="1"/>
<flow id="car69" type="carType0" from="gneE48" to="gneE9" begin="72" end="72" number="1"/>
<flow id="car70" type="carType0" from="-gneE42" to="-gneE48" begin="73" end="73" number="1"/>
<flow id="car71" type="carType1" from="topleftD" to="topleftR" begin="73" end="73" number="1"/>
<flow id="car72" type="carType2" from="-gneE43" to="-gneE48" begin="74" end="74" number="1"/>
<flow id="car73" type="carType2" from="-gneE29" to="-gneE18" begin="74" end="74" number="1"/>
<flow id="car74" type="carType0" from="bottomleftU" to="-gneE34" begin="75" end="75" number="1"/>
<flow id="car75" type="carType2" from="gneE28" to="bottomleftR" begin="75" end="75" number="1"/>
<flow id="car76" type="carType2" from="gneE34" to="gneE29" begin="75" end="75" number="1"/>
<flow id="car77" type="carType1" from="gneE42" to="bottomleftU" begin="76" end="76" number="1"/>
<flow id="car78" type="carType2" from="gneE28" to="-gneE33" begin="76" end="76" number="1"/>
<flow id="car79" type="carType2" from="-gneE44" to="gneE30" begin="77" end="77" number="1"/>
<flow id="car80" type="carType0" from="gneE30" to="gneE49" begin="79" end="79" number="1"/>
<flow id="car81" type="carType1" from="-gneE48" to="-gneE49" begin="81" end="81" number="1"/>
<flow id="car82" type="carType2" from="gneE45" to="-gneE45" begin="83" end="83" number="1"/>
<flow id="car83" type="carType0" from="gneE49" to="gneE35" begin="84" end="84" number="1"/>
<flow id="car84" type="carType0" from="gneE48" to="-gneE48" begin="87" end="87" number="1"/>
<flow id="car85" type="carType1" from="-gneE37" to="bottomrightL" begin="88" end="88" number="1"/>
<flow id="car86" type="carType2" from="bottomrightL" to="-gneE50" begin="88" end="88" number="1"/>
<flow id="car87" type="carType0" from="-gneE44" to="toprightD" begin="88" end="88" number="1"/>
<flow id="car88" type="carType1" from="gneE42" to="gneE27" begin="90" end="90" number="1"/>
<flow id="car89" type="carType2" from="toprightD" to="-gneE21" begin="91" end="91" number="1"/>
<flow id="car90" type="carType2" from="-gneE33" to="bottomrightL" begin="91" end="91" number="1"/>
<flow id="car91" type="carType0" from="bottomrightL" to="-gneE49" begin="93" end="93" number="1"/>
<flow id="car92" type="carType1" from="bottomrightL" to="gneE28" begin="93" end="93" number="1"/>
<flow id="car93" type="carType1" from="gneE35" to="-gneE34" begin="94" end="94" number="1"/>
<flow id="car94" type="carType2" from="-gneE28" to="-gneE50" begin="95" end="95" number="1"/>
<flow id="car95" type="carType1" from="gneE51" to="-gneE49" begin="95" end="95" number="1"/>
<flow id="car96" type="carType1" from="-gneE33" to="gneE28" begin="96" end="96" number="1"/>
<flow id="car97" type="carType1" from="-gneE18" to="-gneE13" begin="96" end="96" number="1"/>
<flow id="car98" type="carType1" from="-gneE13" to="gneE22" begin="96" end="96" number="1"/>
<flow id="car99" type="carType2" from="-gneE45" to="-gneE29" begin="98" end="98" number="1"/>
<flow id="car100" type="carType1" from="-gneE42" to="-gneE43" begin="98" end="98" number="1"/>
<flow id="car101" type="carType2" from="-gneE8" to="toprightD" begin="98" end="98" number="1"/>
<flow id="car102" type="carType1" from="-gneE18" to="gneE45" begin="102" end="102" number="1"/>
<flow id="car103" type="carType0" from="bottomrightL" to="topleftR" begin="102" end="102" number="1"/>
<flow id="car104" type="carType1" from="topleftR" to="gneE22" begin="103" end="103" number="1"/>
<flow id="car105" type="carType2" from="gneE46" to="bottomrightL" begin="104" end="104" number="1"/>
<flow id="car106" type="carType0" from="gneE51" to="topleftR" begin="106" end="106" number="1"/>
<flow id="car107" type="carType1" from="-gneE13" to="gneE46" begin="107" end="107" number="1"/>
<flow id="car108" type="carType0" from="-gneE7" to="gneE28" begin="107" end="107" number="1"/>
<flow id="car109" type="carType1" from="-gneE7" to="-gneE43" begin="108" end="108" number="1"/>
<flow id="car110" type="carType1" from="-gneE7" to="gneE43" begin="110" end="110" number="1"/>
<flow id="car111" type="carType1" from="gneE48" to="-gneE8" begin="110" end="110" number="1"/>
<flow id="car112" type="carType0" from="gneE37" to="gneE44" begin="110" end="110" number="1"/>
<flow id="car113" type="carType1" from="gneE46" to="bottomleftU" begin="110" end="110" number="1"/>
<flow id="car114" type="carType0" from="-gneE28" to="gneE44" begin="111" end="111" number="1"/>
<flow id="car115" type="carType0" from="-gneE48" to="topleftD" begin="111" end="111" number="1"/>
<flow id="car116" type="carType1" from="gneE28" to="gneE50" begin="111" end="111" number="1"/>
<flow id="car117" type="carType0" from="-gneE18" to="gneE22" begin="112" end="112" number="1"/>
<flow id="car118" type="carType2" from="-gneE43" to="gneE22" begin="115" end="115" number="1"/>
<flow id="car119" type="carType2" from="-gneE13" to="gneE49" begin="115" end="115" number="1"/>
<flow id="car120" type="carType0" from="-gneE18" to="-gneE7" begin="115" end="115" number="1"/>
<flow id="car121" type="carType2" from="-gneE21" to="-gneE29" begin="116" end="116" number="1"/>
<flow id="car122" type="carType2" from="topleftD" to="bottomleftU" begin="116" end="116" number="1"/>
<flow id="car123" type="carType0" from="bottomrightU" to="-gneE7" begin="117" end="117" number="1"/>
<flow id="car124" type="carType2" from="-gneE8" to="gneE21" begin="120" end="120" number="1"/>
<flow id="car125" type="carType2" from="gneE35" to="-gneE33" begin="121" end="121" number="1"/>
<flow id="car126" type="carType0" from="-gneE48" to="-gneE43" begin="121" end="121" number="1"/>
<flow id="car127" type="carType1" from="gneE27" to="-gneE21" begin="121" end="121" number="1"/>
<flow id="car128" type="carType0" from="gneE22" to="gneE37" begin="125" end="125" number="1"/>
<flow id="car129" type="carType2" from="-gneE13" to="-gneE45" begin="129" end="129" number="1"/>
<flow id="car130" type="carType1" from="-gneE8" to="-gneE21" begin="130" end="130" number="1"/>
<flow id="car131" type="carType2" from="bottomleftU" to="gneE18" begin="134" end="134" number="1"/>
<flow id="car132" type="carType0" from="-gneE43" to="gneE50" begin="134" end="134" number="1"/>
<flow id="car133" type="carType1" from="gneE30" to="gneE9" begin="135" end="135" number="1"/>
<flow id="car134" type="carType2" from="bottomleftR" to="-gneE42" begin="136" end="136" number="1"/>
<flow id="car135" type="carType0" from="-gneE45" to="gneE35" begin="137" end="137" number="1"/>
<flow id="car136" type="carType2" from="gneE37" to="gneE42" begin="139" end="139" number="1"/>
<flow id="car137" type="carType2" from="gneE18" to="-gneE8" begin="139" end="139" number="1"/>
<flow id="car138" type="carType0" from="gneE29" to="gneE9" begin="141" end="141" number="1"/>
<flow id="car139" type="carType2" from="-gneE44" to="-gneE29" begin="144" end="144" number="1"/>
<flow id="car140" type="carType0" from="gneE8" to="gneE21" begin="146" end="146" number="1"/>
<flow id="car141" type="carType0" from="-gneE7" to="gneE49" begin="148" end="148" number="1"/>
<flow id="car142" type="carType1" from="-gneE45" to="gneE30" begin="149" end="149" number="1"/>
<flow id="car143" type="carType1" from="gneE43" to="topleftR" begin="151" end="151" number="1"/>
<flow id="car144" type="carType0" from="topleftR" to="gneE46" begin="152" end="152" number="1"/>
<flow id="car145" type="carType0" from="gneE45" to="-gneE44" begin="153" end="153" number="1"/>
<flow id="car146" type="carType2" from="gneE42" to="bottomleftR" begin="154" end="154" number="1"/>
<flow id="car147" type="carType2" from="bottomleftU" to="gneE35" begin="154" end="154" number="1"/>
<flow id="car148" type="carType1" from="gneE27" to="gneE48" begin="154" end="154" number="1"/>
<flow id="car149" type="carType2" from="gneE51" to="bottomleftU" begin="154" end="154" number="1"/>
<flow id="car150" type="carType0" from="gneE8" to="-gneE18" begin="156" end="156" number="1"/>
<flow id="car151" type="carType0" from="gneE49" to="-gneE7" begin="157" end="157" number="1"/>
<flow id="car152" type="carType0" from="gneE21" to="gneE50" begin="158" end="158" number="1"/>
<flow id="car153" type="carType2" from="gneE37" to="gneE34" begin="161" end="161" number="1"/>
<flow id="car154" type="carType0" from="gneE34" to="bottomrightL" begin="162" end="162" number="1"/>
<flow id="car155" type="carType1" from="gneE42" to="topleftR" begin="162" end="162" number="1"/>
<flow id="car156" type="carType0" from="topleftD" to="-gneE13" begin="162" end="162" number="1"/>
<flow id="car157" type="carType0" from="topleftR" to="-gneE34" begin="163" end="163" number="1"/>
<flow id="car158" type="carType1" from="bottomrightL" to="-gneE13" begin="165" end="165" number="1"/>
<flow id="car159" type="carType1" from="-gneE21" to="-gneE37" begin="166" end="166" number="1"/>
<flow id="car160" type="carType0" from="bottomrightU" to="gneE29" begin="166" end="166" number="1"/>
<flow id="car161" type="carType2" from="gneE27" to="gneE29" begin="167" end="167" number="1"/>
<flow id="car162" type="carType2" from="-gneE8" to="-gneE7" begin="167" end="167" number="1"/>
<flow id="car163" type="carType0" from="bottomrightL" to="topleftD" begin="167" end="167" number="1"/>
<flow id="car164" type="carType2" from="gneE22" to="gneE27" begin="167" end="167" number="1"/>
<flow id="car165" type="carType0" from="gneE8" to="topleftR" begin="168" end="168" number="1"/>
<flow id="car166" type="carType1" from="gneE18" to="-gneE18" begin="170" end="170" number="1"/>
<flow id="car167" type="carType1" from="bottomleftR" to="-gneE29" begin="171" end="171" number="1"/>
<flow id="car168" type="carType1" from="gneE43" to="-gneE37" begin="172" end="172" number="1"/>
<flow id="car169" type="carType0" from="gneE44" to="gneE49" begin="172" end="172" number="1"/>
<flow id="car170" type="carType0" from="gneE51" to="bottomleftU" begin="175" end="175" number="1"/>
<flow id="car171" type="carType2" from="-gneE43" to="bottomleftR" begin="175" end="175" number="1"/>
<flow id="car172" type="carType0" from="gneE44" to="topleftR" begin="176" end="176" number="1"/>
<flow id="car173" type="carType1" from="gneE46" to="gneE9" begin="176" end="176" number="1"/>
<flow id="car174" type="carType2" from="-gneE49" to="gneE22" begin="177" end="177" number="1"/>
<flow id="car175" type="carType0" from="topleftR" to="bottomrightL" begin="177" end="177" number="1"/>
<flow id="car176" type="carType1" from="gneE9" to="gneE49" begin="179" end="179" number="1"/>
<flow id="car177" type="carType2" from="gneE9" to="-gneE49" begin="180" end="180" number="1"/>
<flow id="car178" type="carType0" from="toprightD" to="-gneE18" begin="180" end="180" number="1"/>
<flow id="car179" type="carType1" from="topleftR" to="gneE42" begin="181" end="181" number="1"/>
<flow id="car180" type="carType0" from="gneE49" to="-gneE21" begin="182" end="182" number="1"/>
<flow id="car181" type="carType2" from="-gneE29" to="bottomleftR" begin="184" end="184" number="1"/>
<flow id="car182" type="carType2" from="bottomrightL" to="toprightD" begin="184" end="184" number="1"/>
<flow id="car183" type="carType0" from="topleftR" to="-gneE34" begin="185" end="185" number="1"/>
<flow id="car184" type="carType1" from="-gneE37" to="gneE37" begin="186" end="186" number="1"/>
<flow id="car185" type="carType2" from="toprightD" to="gneE8" begin="186" end="186" number="1"/>
<flow id="car186" type="carType0" from="topleftR" to="-gneE33" begin="186" end="186" number="1"/>
<flow id="car187" type="carType1" from="toprightD" to="-gneE13" begin="187" end="187" number="1"/>
<flow id="car188" type="carType2" from="toprightD" to="gneE21" begin="190" end="190" number="1"/>
<flow id="car189" type="carType2" from="gneE50" to="gneE50" begin="191" end="191" number="1"/>
<flow id="car190" type="carType2" from="gneE48" to="-gneE28" begin="192" end="192" number="1"/>
<flow id="car191" type="carType0" from="-gneE44" to="-gneE45" begin="192" end="192" number="1"/>
<flow id="car192" type="carType2" from="-gneE51" to="-gneE51" begin="193" end="193" number="1"/>
<flow id="car193" type="carType2" from="-gneE44" to="-gneE51" begin="193" end="193" number="1"/>
<flow id="car194" type="carType0" from="-gneE48" to="bottomrightU" begin="195" end="195" number="1"/>
<flow id="car195" type="carType1" from="-gneE18" to="gneE9" begin="195" end="195" number="1"/>
<flow id="car196" type="carType2" from="-gneE18" to="-gneE42" begin="198" end="198" number="1"/>
<flow id="car197" type="carType0" from="gneE43" to="toprightL" begin="199" end="199" number="1"/>
<flow id="car198" type="carType1" from="gneE48" to="-gneE34" begin="199" end="199" number="1"/>
<flow id="car199" type="carType1" from="gneE35" to="gneE42" begin="199" end="199" number="1"/>
</routes>
