<routes>
<vType id="carType0" length="9" maxSpeed="54.97" accel="2.03" decel="5.89" speedDev="0.2" sigma="0.29"/>
<vType id="carType1" length="4" maxSpeed="48.17" accel="2.5" decel="4.84" speedDev="0.2" sigma="0.29"/>
<vType id="carType2" length="9" maxSpeed="52.66" accel="2.77" decel="4.19" speedDev="0.2" sigma="0.11"/>
<flow id="car0" type="carType2" from="gneE48" to="topleftR" begin="1" end="1" number="1"/>
<flow id="car1" type="carType1" from="-gneE34" to="gneE35" begin="1" end="1" number="1"/>
<flow id="car2" type="carType2" from="-gneE29" to="-gneE7" begin="1" end="1" number="1"/>
<flow id="car3" type="carType0" from="gneE21" to="-gneE37" begin="2" end="2" number="1"/>
<flow id="car4" type="carType1" from="-gneE13" to="-gneE28" begin="3" end="3" number="1"/>
<flow id="car5" type="carType0" from="bottomleftU" to="gneE45" begin="3" end="3" number="1"/>
<flow id="car6" type="carType0" from="-gneE50" to="gneE48" begin="4" end="4" number="1"/>
<flow id="car7" type="carType0" from="bottomrightU" to="gneE28" begin="6" end="6" number="1"/>
<flow id="car8" type="carType2" from="gneE30" to="-gneE43" begin="7" end="7" number="1"/>
<flow id="car9" type="carType1" from="-gneE51" to="-gneE13" begin="7" end="7" number="1"/>
<flow id="car10" type="carType2" from="-gneE50" to="-gneE29" begin="8" end="8" number="1"/>
<flow id="car11" type="carType2" from="-gneE28" to="gneE50" begin="8" end="8" number="1"/>
<flow id="car12" type="carType0" from="gneE27" to="gneE21" begin="9" end="9" number="1"/>
<flow id="car13" type="carType1" from="gneE44" to="-gneE28" begin="11" end="11" number="1"/>
<flow id="car14" type="carType2" from="-gneE51" to="gneE21" begin="11" end="11" number="1"/>
<flow id="car15" type="carType2" from="-gneE18" to="gneE18" begin="12" end="12" number="1"/>
<flow id="car16" type="carType2" from="bottomleftU" to="gneE46" begin="12" end="12" number="1"/>
<flow id="car17" type="carType2" from="-gneE33" to="gneE49" begin="12" end="12" number="1"/>
<flow id="car18" type="carType0" from="gneE49" to="-gneE33" begin="13" end="13" number="1"/>
<flow id="car19" type="carType0" from="toprightL" to="-gneE13" begin="13" end="13" number="1"/>
<flow id="car20" type="carType2" from="gneE30" to="bottomleftU" begin="13" end="13" number="1"/>
<flow id="car21" type="carType0" from="-gneE7" to="gneE48" begin="16" end="16" number="1"/>
<flow id="car22" type="carType0" from="gneE46" to="-gneE43" begin="16" end="16" number="1"/>
<flow id="car23" type="carType2" from="bottomleftU" to="gneE18" begin="17" end="17" number="1"/>
<flow id="car24" type="carType2" from="topleftR" to="-gneE8" begin="17" end="17" number="1"/>
<flow id="car25" type="carType1" from="bottomleftU" to="-gneE27" begin="18" end="18" number="1"/>
<flow id="car26" type="carType1" from="gneE45" to="-gneE42" begin="20" end="20" number="1"/>
<flow id="car27" type="carType0" from="-gneE42" to="gneE22" begin="21" end="21" number="1"/>
<flow id="car28" type="carType2" from="-gneE48" to="-gneE49" begin="23" end="23" number="1"/>
<flow id="car29" type="carType1" from="bottomrightU" to="-gneE48" begin="24" end="24" number="1"/>
<flow id="car30" type="carType0" from="gneE43" to="gneE43" begin="26" end="26" number="1"/>
<flow id="car31" type="carType0" from="-gneE33" to="gneE9" begin="28" end="28" number="1"/>
<flow id="car32" type="carType2" from="gneE9" to="-gneE37" begin="29" end="29" number="1"/>
<flow id="car33" type="carType0" from="-gneE18" to="-gneE21" begin="31" end="31" number="1"/>
<flow id="car34" type="carType1" from="gneE43" to="gneE30" begin="31" end="31" number="1"/>
<flow id="car35" type="carType1" from="-gneE18" to="gneE49" begin="31" end="31" number="1"/>
<flow id="car36" type="carType2" from="toprightL" to="gneE50" begin="32" end="32" number="1"/>
<flow id="car37" type="carType2" from="-gneE42" to="gneE9" begin="33" end="33" number="1"/>
<flow id="car38" type="carType0" from="topleftD" to="gneE29" begin="33" end="33" number="1"/>
<flow id="car39" type="carType2" from="gneE29" to="toprightD" begin="36" end="36" number="1"/>
<flow id="car40" type="carType1" from="-gneE28" to="gneE46" begin="37" end="37" number="1"/>
<flow id="car41" type="carType1" from="gneE8" to="-gneE27" begin="37" end="37" number="1"/>
<flow id="car42" type="carType0" from="gneE42" to="-gneE18" begin="37" end="37" number="1"/>
<flow id="car43" type="carType2" from="gneE35" to="-gneE48" begin="41" end="41" number="1"/>
<flow id="car44" type="carType0" from="gneE21" to="-gneE18" begin="42" end="42" number="1"/>
<flow id="car45" type="carType1" from="-gneE18" to="gneE35" begin="42" end="42" number="1"/>
<flow id="car46" type="carType0" from="topleftR" to="-gneE48" begin="44" end="44" number="1"/>
<flow id="car47" type="carType2" from="-gneE42" to="-gneE50" begin="45" end="45" number="1"/>
<flow id="car48" type="carType0" from="gneE27" to="gneE34" begin="45" end="45" number="1"/>
<flow id="car49" type="carType0" from="gneE42" to="gneE34" begin="46" end="46" number="1"/>
<flow id="car50" type="carType0" from="gneE51" to="gneE50" begin="49" end="49" number="1"/>
<flow id="car51" type="carType0" from="-gneE48" to="-gneE42" begin="49" end="49" number="1"/>
<flow id="car52" type="carType1" from="bottomrightL" to="-gneE21" begin="51" end="51" number="1"/>
<flow id="car53" type="carType0" from="-gneE33" to="-gneE43" begin="51" end="51" number="1"/>
<flow id="car54" type="carType2" from="-gneE28" to="-gneE45" begin="51" end="51" number="1"/>
<flow id="car55" type="carType1" from="gneE30" to="gneE42" begin="54" end="54" number="1"/>
<flow id="car56" type="carType2" from="gneE28" to="-gneE7" begin="56" end="56" number="1"/>
<flow id="car57" type="carType0" from="gneE51" to="-gneE45" begin="57" end="57" number="1"/>
<flow id="car58" type="carType1" from="-gneE34" to="gneE50" begin="58" end="58" number="1"/>
<flow id="car59" type="carType1" from="-gneE43" to="-gneE49" begin="62" end="62" number="1"/>
<flow id="car60" type="carType0" from="gneE22" to="gneE51" begin="62" end="62" number="1"/>
<flow id="car61" type="carType0" from="-gneE49" to="-gneE45" begin="63" end="63" number="1"/>
<flow id="car62" type="carType1" from="topleftR" to="-gneE49" begin="66" end="66" number="1"/>
<flow id="car63" type="carType2" from="-gneE8" to="gneE8" begin="66" end="66" number="1"/>
<flow id="car64" type="carType1" from="-gneE37" to="gneE30" begin="67" end="67" number="1"/>
<flow id="car65" type="carType0" from="gneE29" to="-gneE7" begin="71" end="71" number="1"/>
<flow id="car66" type="carType1" from="gneE9" to="-gneE7" begin="74" end="74" number="1"/>
<flow id="car67" type="carType0" from="gneE9" to="gneE50" begin="75" end="75" number="1"/>
<flow id="car68" type="carType1" from="gneE34" to="gneE28" begin="77" end="77" number="1"/>
<flow id="car69" type="carType0" from="gneE8" to="-gneE37" begin="79" end="79" number="1"/>
<flow id="car70" type="carType1" from="bottomleftR" to="-gneE13" begin="79" end="79" number="1"/>
<flow id="car71" type="carType1" from="gneE49" to="toprightD" begin="81" end="81" number="1"/>
<flow id="car72" type="carType2" from="gneE28" to="gneE46" begin="84" end="84" number="1"/>
<flow id="car73" type="carType0" from="-gneE28" to="gneE49" begin="85" end="85" number="1"/>
<flow id="car74" type="carType1" from="gneE46" to="gneE22" begin="87" end="87" number="1"/>
<flow id="car75" type="carType2" from="gneE51" to="topleftD" begin="88" end="88" number="1"/>
<flow id="car76" type="carType2" from="gneE21" to="-gneE51" begin="88" end="88" number="1"/>
<flow id="car77" type="carType2" from="gneE21" to="bottomrightU" begin="88" end="88" number="1"/>
<flow id="car78" type="carType1" from="-gneE37" to="-gneE13" begin="88" end="88" number="1"/>
<flow id="car79" type="carType0" from="-gneE21" to="bottomleftR" begin="90" end="90" number="1"/>
<flow id="car80" type="carType2" from="-gneE29" to="toprightL" begin="90" end="90" number="1"/>
<flow id="car81" type="carType1" from="gneE49" to="toprightD" begin="90" end="90" number="1"/>
<flow id="car82" type="carType0" from="gneE9" to="gneE42" begin="91" end="91" number="1"/>
<flow id="car83" type="carType0" from="-gneE33" to="-gneE33" begin="92" end="92" number="1"/>
<flow id="car84" type="carType2" from="-gneE42" to="-gneE43" begin="93" end="93" number="1"/>
<flow id="car85" type="carType0" from="gneE9" to="gneE8" begin="93" end="93" number="1"/>
<flow id="car86" type="carType2" from="gneE29" to="-gneE43" begin="94" end="94" number="1"/>
<flow id="car87" type="carType2" from="gneE48" to="gneE50" begin="95" end="95" number="1"/>
<flow id="car88" type="carType0" from="-gneE18" to="-gneE34" begin="97" end="97" number="1"/>
<flow id="car89" type="carType1" from="gneE28" to="gneE51" begin="100" end="100" number="1"/>
<flow id="car90" type="carType2" from="gneE18" to="bottomrightL" begin="100" end="100" number="1"/>
<flow id="car91" type="carType1" from="gneE22" to="gneE44" begin="101" end="101" number="1"/>
<flow id="car92" type="carType1" from="gneE35" to="-gneE34" begin="103" end="103" number="1"/>
<flow id="car93" type="carType2" from="gneE42" to="gneE9" begin="105" end="105" number="1"/>
<flow id="car94" type="carType1" from="-gneE42" to="toprightD" begin="106" end="106" number="1"/>
<flow id="car95" type="carType2" from="-gneE21" to="gneE27" begin="106" end="106" number="1"/>
<flow id="car96" type="carType2" from="gneE27" to="topleftD" begin="107" end="107" number="1"/>
<flow id="car97" type="carType0" from="gneE44" to="gneE42" begin="108" end="108" number="1"/>
<flow id="car98" type="carType0" from="-gneE27" to="-gneE43" begin="108" end="108" number="1"/>
<flow id="car99" type="carType1" from="-gneE27" to="bottomleftU" begin="108" end="108" number="1"/>
<flow id="car100" type="carType2" from="gneE9" to="gneE22" begin="109" end="109" number="1"/>
<flow id="car101" type="carType2" from="-gneE34" to="gneE21" begin="109" end="109" number="1"/>
<flow id="car102" type="carType1" from="-gneE45" to="-gneE21" begin="110" end="110" number="1"/>
<flow id="car103" type="carType0" from="gneE35" to="toprightL" begin="110" end="110" number="1"/>
<flow id="car104" type="carType1" from="-gneE34" to="-gneE45" begin="117" end="117" number="1"/>
<flow id="car105" type="carType2" from="gneE48" to="gneE51" begin="119" end="119" number="1"/>
<flow id="car106" type="carType1" from="-gneE33" to="gneE46" begin="120" end="120" number="1"/>
<flow id="car107" type="carType2" from="gneE44" to="gneE44" begin="125" end="125" number="1"/>
<flow id="car108" type="carType0" from="-gneE13" to="-gneE43" begin="127" end="127" number="1"/>
<flow id="car109" type="carType0" from="bottomrightL" to="gneE46" begin="128" end="128" number="1"/>
<flow id="car110" type="carType1" from="-gneE49" to="gneE44" begin="129" end="129" number="1"/>
<flow id="car111" type="carType2" from="gneE29" to="-gneE51" begin="129" end="129" number="1"/>
<flow id="car112" type="carType1" from="gneE29" to="-gneE29" begin="132" end="132" number="1"/>
<flow id="car113" type="carType1" from="bottomrightL" to="gneE9" begin="132" end="132" number="1"/>
<flow id="car114" type="carType0" from="gneE35" to="-gneE8" begin="133" end="133" number="1"/>
<flow id="car115" type="carType0" from="gneE30" to="gneE27" begin="135" end="135" number="1"/>
<flow id="car116" type="carType1" from="gneE18" to="-gneE27" begin="137" end="137" number="1"/>
<flow id="car117" type="carType2" from="toprightL" to="gneE50" begin="137" end="137" number="1"/>
<flow id="car118" type="carType0" from="gneE51" to="-gneE8" begin="137" end="137" number="1"/>
<flow id="car119" type="carType1" from="-gneE7" to="gneE46" begin="138" end="138" number="1"/>
<flow id="car120" type="carType2" from="-gneE34" to="gneE29" begin="139" end="139" number="1"/>
<flow id="car121" type="carType2" from="gneE34" to="gneE29" begin="140" end="140" number="1"/>
<flow id="car122" type="carType0" from="gneE9" to="toprightL" begin="140" end="140" number="1"/>
<flow id="car123" type="carType2" from="-gneE13" to="-gneE48" begin="140" end="140" number="1"/>
<flow id="car124" type="carType1" from="-gneE48" to="gneE45" begin="141" end="141" number="1"/>
<flow id="car125" type="carType0" from="bottomleftR" to="gneE50" begin="142" end="142" number="1"/>
<flow id="car126" type="carType2" from="-gneE37" to="gneE37" begin="143" end="143" number="1"/>
<flow id="car127" type="carType0" from="gneE30" to="-gneE33" begin="143" end="143" number="1"/>
<flow id="car128" type="carType0" from="gneE49" to="gneE27" begin="143" end="143" number="1"/>
<flow id="car129" type="carType0" from="gneE34" to="gneE18" begin="143" end="143" number="1"/>
<flow id="car130" type="carType1" from="gneE50" to="-gneE51" begin="144" end="144" number="1"/>
<flow id="car131" type="carType1" from="gneE9" to="-gneE49" begin="144" end="144" number="1"/>
<flow id="car132" type="carType1" from="gneE45" to="gneE49" begin="144" end="144" number="1"/>
<flow id="car133" type="carType0" from="-gneE28" to="gneE48" begin="145" end="145" number="1"/>
<flow id="car134" type="carType0" from="-gneE51" to="-gneE27" begin="145" end="145" number="1"/>
<flow id="car135" type="carType1" from="-gneE42" to="gneE18" begin="145" end="145" number="1"/>
<flow id="car136" type="carType2" from="gneE27" to="-gneE50" begin="145" end="145" number="1"/>
<flow id="car137" type="carType2" from="bottomrightU" to="-gneE28" begin="145" end="145" number="1"/>
<flow id="car138" type="carType0" from="-gneE43" to="gneE34" begin="145" end="145" number="1"/>
<flow id="car139" type="carType1" from="gneE21" to="bottomleftU" begin="146" end="146" number="1"/>
<flow id="car140" type="carType0" from="gneE35" to="-gneE44" begin="146" end="146" number="1"/>
<flow id="car141" type="carType0" from="gneE48" to="gneE42" begin="147" end="147" number="1"/>
<flow id="car142" type="carType1" from="-gneE27" to="gneE30" begin="147" end="147" number="1"/>
<flow id="car143" type="carType2" from="gneE43" to="gneE51" begin="148" end="148" number="1"/>
<flow id="car144" type="carType1" from="gneE8" to="gneE18" begin="148" end="148" number="1"/>
<flow id="car145" type="carType0" from="gneE8" to="gneE34" begin="149" end="149" number="1"/>
<flow id="car146" type="carType0" from="-gneE50" to="-gneE50" begin="150" end="150" number="1"/>
<flow id="car147" type="carType0" from="bottomleftR" to="-gneE51" begin="150" end="150" number="1"/>
<flow id="car148" type="carType2" from="-gneE43" to="gneE42" begin="151" end="151" number="1"/>
<flow id="car149" type="carType2" from="gneE29" to="gneE29" begin="151" end="151" number="1"/>
<flow id="car150" type="carType2" from="gneE44" to="gneE29" begin="151" end="151" number="1"/>
<flow id="car151" type="carType1" from="gneE22" to="toprightL" begin="151" end="151" number="1"/>
<flow id="car152" type="carType0" from="gneE8" to="gneE51" begin="152" end="152" number="1"/>
<flow id="car153" type="carType0" from="-gneE7" to="gneE42" begin="152" end="152" number="1"/>
<flow id="car154" type="carType2" from="gneE45" to="-gneE42" begin="154" end="154" number="1"/>
<flow id="car155" type="carType2" from="gneE9" to="-gneE29" begin="157" end="157" number="1"/>
<flow id="car156" type="carType0" from="-gneE48" to="-gneE7" begin="157" end="157" number="1"/>
<flow id="car157" type="carType1" from="gneE42" to="gneE51" begin="159" end="159" number="1"/>
<flow id="car158" type="carType1" from="topleftR" to="-gneE42" begin="161" end="161" number="1"/>
<flow id="car159" type="carType2" from="gneE30" to="gneE34" begin="162" end="162" number="1"/>
<flow id="car160" type="carType1" from="-gneE18" to="gneE46" begin="163" end="163" number="1"/>
<flow id="car161" type="carType0" from="-gneE13" to="gneE45" begin="164" end="164" number="1"/>
<flow id="car162" type="carType1" from="-gneE44" to="gneE45" begin="165" end="165" number="1"/>
<flow id="car163" type="carType2" from="toprightL" to="-gneE8" begin="165" end="165" number="1"/>
<flow id="car164" type="carType1" from="-gneE50" to="-gneE42" begin="165" end="165" number="1"/>
<flow id="car165" type="carType2" from="topleftD" to="bottomleftR" begin="166" end="166" number="1"/>
<flow id="car166" type="carType0" from="-gneE44" to="-gneE42" begin="167" end="167" number="1"/>
<flow id="car167" type="carType0" from="gneE8" to="bottomrightU" begin="167" end="167" number="1"/>
<flow id="car168" type="carType0" from="topleftR" to="-gneE45" begin="168" end="168" number="1"/>
<flow id="car169" type="carType0" from="gneE37" to="gneE48" begin="171" end="171" number="1"/>
<flow id="car170" type="carType1" from="toprightD" to="-gneE28" begin="171" end="171" number="1"/>
<flow id="car171" type="carType2" from="bottomrightL" to="-gneE45" begin="172" end="172" number="1"/>
<flow id="car172" type="carType1" from="-gneE51" to="bottomleftR" begin="174" end="174" number="1"/>
<flow id="car173" type="carType0" from="-gneE29" to="gneE43" begin="175" end="175" number="1"/>
<flow id="car174" type="carType0" from="-gneE50" to="-gneE33" begin="177" end="177" number="1"/>
<flow id="car175" type="carType1" from="bottomrightL" to="gneE44" begin="180" end="180" number="1"/>
<flow id="car176" type="carType0" from="-gneE42" to="gneE35" begin="180" end="180" number="1"/>
<flow id="car177" type="carType0" from="topleftD" to="-gneE49" begin="180" end="180" number="1"/>
<flow id="car178" type="carType2" from="-gneE18" to="-gneE18" begin="181" end="181" number="1"/>
<flow id="car179" type="carType2" from="-gneE44" to="topleftD" begin="184" end="184" number="1"/>
<flow id="car180" type="carType0" from="-gneE44" to="gneE42" begin="185" end="185" number="1"/>
<flow id="car181" type="carType0" from="bottomrightU" to="gneE42" begin="186" end="186" number="1"/>
<flow id="car182" type="carType1" from="toprightD" to="-gneE18" begin="186" end="186" number="1"/>
<flow id="car183" type="carType0" from="gneE27" to="-gneE29" begin="190" end="190" number="1"/>
<flow id="car184" type="carType1" from="gneE35" to="toprightL" begin="190" end="190" number="1"/>
<flow id="car185" type="carType0" from="gneE21" to="-gneE48" begin="191" end="191" number="1"/>
<flow id="car186" type="carType0" from="-gneE49" to="gneE44" begin="191" end="191" number="1"/>
<flow id="car187" type="carType2" from="-gneE7" to="bottomleftU" begin="192" end="192" number="1"/>
<flow id="car188" type="carType2" from="gneE51" to="gneE50" begin="192" end="192" number="1"/>
<flow id="car189" type="carType2" from="-gneE33" to="gneE48" begin="192" end="192" number="1"/>
<flow id="car190" type="carType0" from="-gneE33" to="gneE22" begin="193" end="193" number="1"/>
<flow id="car191" type="carType1" from="bottomleftU" to="gneE35" begin="194" end="194" number="1"/>
<flow id="car192" type="carType2" from="gneE51" to="gneE27" begin="194" end="194" number="1"/>
<flow id="car193" type="carType0" from="-gneE50" to="-gneE18" begin="194" end="194" number="1"/>
<flow id="car194" type="carType2" from="-gneE51" to="-gneE49" begin="195" end="195" number="1"/>
<flow id="car195" type="carType1" from="-gneE50" to="-gneE45" begin="198" end="198" number="1"/>
<flow id="car196" type="carType2" from="gneE8" to="topleftR" begin="198" end="198" number="1"/>
<flow id="car197" type="carType2" from="-gneE13" to="-gneE8" begin="198" end="198" number="1"/>
<flow id="car198" type="carType1" from="gneE48" to="gneE42" begin="198" end="198" number="1"/>
<flow id="car199" type="carType2" from="gneE42" to="gneE37" begin="198" end="198" number="1"/>
</routes>
