<routes>
<vType id="carType0" length="6" maxSpeed="55.22" accel="2.62" decel="5.14" speedDev="0.2" sigma="0.17"/>
<vType id="carType1" length="9" maxSpeed="58.79" accel="2.52" decel="4.52" speedDev="0.2" sigma="0.26"/>
<vType id="carType2" length="8" maxSpeed="45.12" accel="2.95" decel="5.34" speedDev="0.2" sigma="0.19"/>
<flow id="car0" type="carType0" from="toprightD" to="gneE45" begin="0" end="0" number="1"/>
<flow id="car1" type="carType0" from="-gneE45" to="bottomleftR" begin="0" end="0" number="1"/>
<flow id="car2" type="carType0" from="bottomrightU" to="gneE51" begin="1" end="1" number="1"/>
<flow id="car3" type="carType0" from="gneE37" to="-gneE48" begin="2" end="2" number="1"/>
<flow id="car4" type="carType2" from="toprightL" to="-gneE21" begin="3" end="3" number="1"/>
<flow id="car5" type="carType2" from="-gneE44" to="gneE34" begin="3" end="3" number="1"/>
<flow id="car6" type="carType2" from="gneE29" to="gneE46" begin="4" end="4" number="1"/>
<flow id="car7" type="carType2" from="gneE48" to="gneE50" begin="4" end="4" number="1"/>
<flow id="car8" type="carType1" from="gneE46" to="-gneE7" begin="4" end="4" number="1"/>
<flow id="car9" type="carType2" from="gneE48" to="gneE28" begin="4" end="4" number="1"/>
<flow id="car10" type="carType2" from="gneE44" to="-gneE29" begin="5" end="5" number="1"/>
<flow id="car11" type="carType2" from="gneE9" to="toprightD" begin="5" end="5" number="1"/>
<flow id="car12" type="carType1" from="-gneE37" to="bottomrightU" begin="6" end="6" number="1"/>
<flow id="car13" type="carType0" from="-gneE49" to="-gneE48" begin="6" end="6" number="1"/>
<flow id="car14" type="carType2" from="-gneE50" to="-gneE21" begin="9" end="9" number="1"/>
<flow id="car15" type="carType2" from="bottomrightU" to="topleftD" begin="9" end="9" number="1"/>
<flow id="car16" type="carType1" from="-gneE48" to="-gneE44" begin="10" end="10" number="1"/>
<flow id="car17" type="carType2" from="topleftD" to="gneE9" begin="12" end="12" number="1"/>
<flow id="car18" type="carType2" from="-gneE48" to="gneE49" begin="12" end="12" number="1"/>
<flow id="car19" type="carType1" from="gneE45" to="-gneE49" begin="13" end="13" number="1"/>
<flow id="car20" type="carType1" from="-gneE50" to="gneE30" begin="13" end="13" number="1"/>
<flow id="car21" type="carType1" from="bottomleftR" to="-gneE42" begin="15" end="15" number="1"/>
<flow id="car22" type="carType1" from="-gneE44" to="gneE22" begin="16" end="16" number="1"/>
<flow id="car23" type="carType0" from="bottomrightL" to="gneE30" begin="18" end="18" number="1"/>
<flow id="car24" type="carType0" from="gneE51" to="-gneE8" begin="18" end="18" number="1"/>
<flow id="car25" type="carType2" from="-gneE44" to="bottomrightL" begin="19" end="19" number="1"/>
<flow id="car26" type="carType0" from="-gneE49" to="-gneE29" begin="20" end="20" number="1"/>
<flow id="car27" type="carType2" from="gneE35" to="bottomrightL" begin="20" end="20" number="1"/>
<flow id="car28" type="carType1" from="gneE44" to="gneE35" begin="22" end="22" number="1"/>
<flow id="car29" type="carType1" from="toprightL" to="-gneE34" begin="24" end="24" number="1"/>
<flow id="car30" type="carType1" from="gneE9" to="gneE37" begin="24" end="24" number="1"/>
<flow id="car31" type="carType1" from="-gneE43" to="-gneE33" begin="25" end="25" number="1"/>
<flow id="car32" type="carType2" from="bottomleftR" to="-gneE28" begin="25" end="25" number="1"/>
<flow id="car33" type="carType2" from="bottomleftR" to="-gneE51" begin="26" end="26" number="1"/>
<flow id="car34" type="carType2" from="gneE46" to="gneE45" begin="27" end="27" number="1"/>
<flow id="car35" type="carType0" from="-gneE8" to="-gneE37" begin="29" end="29" number="1"/>
<flow id="car36" type="carType0" from="-gneE28" to="gneE35" begin="31" end="31" number="1"/>
<flow id="car37" type="carType1" from="toprightD" to="gneE35" begin="32" end="32" number="1"/>
<flow id="car38" type="carType1" from="toprightD" to="gneE21" begin="33" end="33" number="1"/>
<flow id="car39" type="carType2" from="gneE18" to="topleftD" begin="33" end="33" number="1"/>
<flow id="car40" type="carType0" from="-gneE48" to="-gneE8" begin="34" end="34" number="1"/>
<flow id="car41" type="carType2" from="gneE21" to="gneE27" begin="35" end="35" number="1"/>
<flow id="car42" type="carType0" from="gneE28" to="gneE8" begin="35" end="35" number="1"/>
<flow id="car43" type="carType2" from="gneE8" to="gneE37" begin="36" end="36" number="1"/>
<flow id="car44" type="carType2" from="-gneE34" to="gneE42" begin="36" end="36" number="1"/>
<flow id="car45" type="carType2" from="-gneE48" to="gneE46" begin="37" end="37" number="1"/>
<flow id="car46" type="carType1" from="topleftD" to="-gneE27" begin="39" end="39" number="1"/>
<flow id="car47" type="carType2" from="-gneE34" to="gneE29" begin="40" end="40" number="1"/>
<flow id="car48" type="carType2" from="-gneE34" to="-gneE13" begin="41" end="41" number="1"/>
<flow id="car49" type="carType2" from="gneE49" to="gneE22" begin="41" end="41" number="1"/>
<flow id="car50" type="carType0" from="gneE45" to="-gneE48" begin="42" end="42" number="1"/>
<flow id="car51" type="carType0" from="gneE27" to="gneE48" begin="44" end="44" number="1"/>
<flow id="car52" type="carType2" from="gneE29" to="-gneE51" begin="46" end="46" number="1"/>
<flow id="car53" type="carType0" from="gneE42" to="gneE34" begin="46" end="46" number="1"/>
<flow id="car54" type="carType0" from="bottomrightU" to="-gneE48" begin="47" end="47" number="1"/>
<flow id="car55" type="carType2" from="-gneE42" to="gneE27" begin="47" end="47" number="1"/>
<flow id="car56" type="carType2" from="toprightL" to="gneE50" begin="47" end="47" number="1"/>
<flow id="car57" type="carType1" from="gneE34" to="toprightD" begin="49" end="49" number="1"/>
<flow id="car58" type="carType2" from="-gneE50" to="gneE8" begin="49" end="49" number="1"/>
<flow id="car59" type="carType0" from="-gneE42" to="gneE50" begin="49" end="49" number="1"/>
<flow id="car60" type="carType0" from="gneE9" to="gneE30" begin="50" end="50" number="1"/>
<flow id="car61" type="carType2" from="-gneE13" to="toprightL" begin="52" end="52" number="1"/>
<flow id="car62" type="carType2" from="gneE45" to="gneE43" begin="53" end="53" number="1"/>
<flow id="car63" type="carType2" from="gneE51" to="gneE22" begin="54" end="54" number="1"/>
<flow id="car64" type="carType1" from="-gneE43" to="gneE44" begin="54" end="54" number="1"/>
<flow id="car65" type="carType0" from="gneE42" to="gneE34" begin="57" end="57" number="1"/>
<flow id="car66" type="carType2" from="gneE8" to="toprightD" begin="59" end="59" number="1"/>
<flow id="car67" type="carType0" from="-gneE43" to="gneE21" begin="59" end="59" number="1"/>
<flow id="car68" type="carType1" from="gneE18" to="gneE45" begin="60" end="60" number="1"/>
<flow id="car69" type="carType1" from="gneE27" to="-gneE7" begin="60" end="60" number="1"/>
<flow id="car70" type="carType1" from="-gneE21" to="bottomrightU" begin="63" end="63" number="1"/>
<flow id="car71" type="carType2" from="-gneE45" to="gneE30" begin="64" end="64" number="1"/>
<flow id="car72" type="carType0" from="gneE44" to="-gneE34" begin="65" end="65" number="1"/>
<flow id="car73" type="carType0" from="gneE48" to="gneE43" begin="66" end="66" number="1"/>
<flow id="car74" type="carType2" from="-gneE43" to="gneE9" begin="67" end="67" number="1"/>
<flow id="car75" type="carType0" from="toprightD" to="-gneE37" begin="70" end="70" number="1"/>
<flow id="car76" type="carType1" from="gneE22" to="-gneE48" begin="71" end="71" number="1"/>
<flow id="car77" type="carType2" from="-gneE13" to="-gneE45" begin="73" end="73" number="1"/>
<flow id="car78" type="carType2" from="gneE37" to="-gneE43" begin="76" end="76" number="1"/>
<flow id="car79" type="carType2" from="gneE50" to="gneE42" begin="76" end="76" number="1"/>
<flow id="car80" type="carType2" from="-gneE42" to="gneE37" begin="76" end="76" number="1"/>
<flow id="car81" type="carType0" from="toprightD" to="gneE44" begin="76" end="76" number="1"/>
<flow id="car82" type="carType1" from="bottomleftR" to="gneE44" begin="78" end="78" number="1"/>
<flow id="car83" type="carType1" from="toprightL" to="-gneE21" begin="79" end="79" number="1"/>
<flow id="car84" type="carType0" from="-gneE49" to="-gneE18" begin="80" end="80" number="1"/>
<flow id="car85" type="carType0" from="bottomrightU" to="-gneE44" begin="82" end="82" number="1"/>
<flow id="car86" type="carType1" from="topleftD" to="-gneE45" begin="82" end="82" number="1"/>
<flow id="car87" type="carType1" from="gneE35" to="gneE48" begin="83" end="83" number="1"/>
<flow id="car88" type="carType1" from="-gneE45" to="-gneE44" begin="85" end="85" number="1"/>
<flow id="car89" type="carType0" from="-gneE7" to="-gneE44" begin="86" end="86" number="1"/>
<flow id="car90" type="carType2" from="topleftR" to="gneE34" begin="87" end="87" number="1"/>
<flow id="car91" type="carType2" from="bottomrightL" to="gneE48" begin="88" end="88" number="1"/>
<flow id="car92" type="carType1" from="-gneE51" to="-gneE44" begin="88" end="88" number="1"/>
<flow id="car93" type="carType1" from="topleftR" to="-gneE7" begin="89" end="89" number="1"/>
<flow id="car94" type="carType2" from="-gneE13" to="gneE22" begin="89" end="89" number="1"/>
<flow id="car95" type="carType2" from="gneE34" to="gneE45" begin="90" end="90" number="1"/>
<flow id="car96" type="carType2" from="-gneE13" to="-gneE8" begin="90" end="90" number="1"/>
<flow id="car97" type="carType1" from="gneE18" to="-gneE8" begin="92" end="92" number="1"/>
<flow id="car98" type="carType2" from="-gneE37" to="-gneE49" begin="93" end="93" number="1"/>
<flow id="car99" type="carType0" from="gneE9" to="gneE35" begin="96" end="96" number="1"/>
<flow id="car100" type="carType0" from="-gneE42" to="-gneE45" begin="98" end="98" number="1"/>
<flow id="car101" type="carType2" from="gneE29" to="gneE45" begin="99" end="99" number="1"/>
<flow id="car102" type="carType0" from="-gneE48" to="gneE50" begin="99" end="99" number="1"/>
<flow id="car103" type="carType1" from="gneE35" to="gneE37" begin="100" end="100" number="1"/>
<flow id="car104" type="carType0" from="-gneE34" to="bottomrightL" begin="101" end="101" number="1"/>
<flow id="car105" type="carType2" from="gneE42" to="-gneE51" begin="101" end="101" number="1"/>
<flow id="car106" type="carType2" from="-gneE33" to="bottomrightL" begin="102" end="102" number="1"/>
<flow id="car107" type="carType2" from="bottomrightL" to="gneE28" begin="105" end="105" number="1"/>
<flow id="car108" type="carType2" from="gneE30" to="-gneE33" begin="106" end="106" number="1"/>
<flow id="car109" type="carType1" from="bottomrightL" to="gneE22" begin="108" end="108" number="1"/>
<flow id="car110" type="carType0" from="gneE43" to="-gneE34" begin="109" end="109" number="1"/>
<flow id="car111" type="carType2" from="-gneE18" to="-gneE33" begin="109" end="109" number="1"/>
<flow id="car112" type="carType1" from="gneE29" to="-gneE28" begin="111" end="111" number="1"/>
<flow id="car113" type="carType1" from="gneE35" to="-gneE18" begin="111" end="111" number="1"/>
<flow id="car114" type="carType0" from="-gneE18" to="bottomrightU" begin="112" end="112" number="1"/>
<flow id="car115" type="carType1" from="-gneE8" to="-gneE45" begin="114" end="114" number="1"/>
<flow id="car116" type="carType1" from="bottomleftU" to="bottomleftR" begin="114" end="114" number="1"/>
<flow id="car117" type="carType0" from="gneE18" to="bottomleftR" begin="114" end="114" number="1"/>
<flow id="car118" type="carType2" from="-gneE21" to="-gneE13" begin="116" end="116" number="1"/>
<flow id="car119" type="carType2" from="-gneE44" to="gneE46" begin="118" end="118" number="1"/>
<flow id="car120" type="carType2" from="bottomleftR" to="-gneE48" begin="120" end="120" number="1"/>
<flow id="car121" type="carType1" from="gneE9" to="bottomleftU" begin="120" end="120" number="1"/>
<flow id="car122" type="carType1" from="gneE49" to="-gneE28" begin="120" end="120" number="1"/>
<flow id="car123" type="carType0" from="toprightD" to="-gneE37" begin="120" end="120" number="1"/>
<flow id="car124" type="carType0" from="-gneE33" to="-gneE37" begin="120" end="120" number="1"/>
<flow id="car125" type="carType2" from="gneE45" to="gneE30" begin="121" end="121" number="1"/>
<flow id="car126" type="carType0" from="-gneE51" to="-gneE45" begin="122" end="122" number="1"/>
<flow id="car127" type="carType0" from="gneE34" to="gneE8" begin="122" end="122" number="1"/>
<flow id="car128" type="carType0" from="-gneE8" to="gneE45" begin="123" end="123" number="1"/>
<flow id="car129" type="carType0" from="topleftD" to="gneE51" begin="124" end="124" number="1"/>
<flow id="car130" type="carType2" from="-gneE29" to="gneE30" begin="126" end="126" number="1"/>
<flow id="car131" type="carType2" from="-gneE44" to="-gneE49" begin="127" end="127" number="1"/>
<flow id="car132" type="carType2" from="gneE28" to="-gneE48" begin="130" end="130" number="1"/>
<flow id="car133" type="carType0" from="-gneE43" to="toprightL" begin="134" end="134" number="1"/>
<flow id="car134" type="carType1" from="gneE29" to="gneE50" begin="134" end="134" number="1"/>
<flow id="car135" type="carType2" from="gneE18" to="-gneE27" begin="135" end="135" number="1"/>
<flow id="car136" type="carType0" from="-gneE42" to="gneE43" begin="135" end="135" number="1"/>
<flow id="car137" type="carType0" from="toprightL" to="bottomleftR" begin="135" end="135" number="1"/>
<flow id="car138" type="carType2" from="bottomrightL" to="-gneE29" begin="136" end="136" number="1"/>
<flow id="car139" type="carType2" from="gneE42" to="bottomleftU" begin="137" end="137" number="1"/>
<flow id="car140" type="carType2" from="-gneE7" to="-gneE50" begin="137" end="137" number="1"/>
<flow id="car141" type="carType0" from="-gneE7" to="gneE49" begin="139" end="139" number="1"/>
<flow id="car142" type="carType1" from="gneE29" to="-gneE44" begin="139" end="139" number="1"/>
<flow id="car143" type="carType1" from="gneE18" to="-gneE44" begin="139" end="139" number="1"/>
<flow id="car144" type="carType1" from="gneE37" to="-gneE33" begin="139" end="139" number="1"/>
<flow id="car145" type="carType0" from="bottomrightL" to="-gneE27" begin="139" end="139" number="1"/>
<flow id="car146" type="carType0" from="gneE8" to="-gneE43" begin="140" end="140" number="1"/>
<flow id="car147" type="carType2" from="-gneE48" to="bottomleftR" begin="140" end="140" number="1"/>
<flow id="car148" type="carType2" from="bottomleftU" to="-gneE18" begin="140" end="140" number="1"/>
<flow id="car149" type="carType0" from="-gneE33" to="gneE27" begin="141" end="141" number="1"/>
<flow id="car150" type="carType0" from="gneE30" to="-gneE28" begin="141" end="141" number="1"/>
<flow id="car151" type="carType0" from="gneE45" to="-gneE45" begin="143" end="143" number="1"/>
<flow id="car152" type="carType2" from="gneE35" to="gneE43" begin="143" end="143" number="1"/>
<flow id="car153" type="carType1" from="-gneE37" to="gneE27" begin="145" end="145" number="1"/>
<flow id="car154" type="carType0" from="gneE43" to="gneE28" begin="146" end="146" number="1"/>
<flow id="car155" type="carType2" from="-gneE50" to="gneE8" begin="146" end="146" number="1"/>
<flow id="car156" type="carType2" from="gneE21" to="gneE48" begin="147" end="147" number="1"/>
<flow id="car157" type="carType1" from="gneE29" to="-gneE13" begin="149" end="149" number="1"/>
<flow id="car158" type="carType2" from="gneE28" to="gneE22" begin="150" end="150" number="1"/>
<flow id="car159" type="carType0" from="gneE27" to="gneE27" begin="150" end="150" number="1"/>
<flow id="car160" type="carType0" from="-gneE43" to="gneE27" begin="151" end="151" number="1"/>
<flow id="car161" type="carType2" from="-gneE7" to="gneE51" begin="152" end="152" number="1"/>
<flow id="car162" type="carType0" from="gneE21" to="-gneE51" begin="154" end="154" number="1"/>
<flow id="car163" type="carType2" from="gneE45" to="gneE8" begin="156" end="156" number="1"/>
<flow id="car164" type="carType2" from="gneE29" to="gneE43" begin="161" end="161" number="1"/>
<flow id="car165" type="carType0" from="gneE49" to="-gneE7" begin="162" end="162" number="1"/>
<flow id="car166" type="carType0" from="-gneE27" to="gneE43" begin="163" end="163" number="1"/>
<flow id="car167" type="carType1" from="gneE30" to="gneE42" begin="163" end="163" number="1"/>
<flow id="car168" type="carType0" from="toprightL" to="gneE35" begin="163" end="163" number="1"/>
<flow id="car169" type="carType0" from="-gneE7" to="-gneE43" begin="165" end="165" number="1"/>
<flow id="car170" type="carType2" from="gneE9" to="-gneE50" begin="166" end="166" number="1"/>
<flow id="car171" type="carType1" from="-gneE13" to="gneE18" begin="167" end="167" number="1"/>
<flow id="car172" type="carType2" from="toprightD" to="gneE46" begin="168" end="168" number="1"/>
<flow id="car173" type="carType0" from="gneE8" to="gneE48" begin="170" end="170" number="1"/>
<flow id="car174" type="carType0" from="gneE9" to="gneE35" begin="170" end="170" number="1"/>
<flow id="car175" type="carType2" from="bottomrightU" to="gneE34" begin="171" end="171" number="1"/>
<flow id="car176" type="carType2" from="-gneE33" to="gneE28" begin="172" end="172" number="1"/>
<flow id="car177" type="carType0" from="gneE9" to="-gneE28" begin="173" end="173" number="1"/>
<flow id="car178" type="carType1" from="toprightD" to="gneE44" begin="174" end="174" number="1"/>
<flow id="car179" type="carType0" from="-gneE29" to="bottomrightL" begin="174" end="174" number="1"/>
<flow id="car180" type="carType0" from="gneE8" to="-gneE21" begin="175" end="175" number="1"/>
<flow id="car181" type="carType2" from="gneE50" to="gneE22" begin="175" end="175" number="1"/>
<flow id="car182" type="carType0" from="-gneE42" to="gneE45" begin="176" end="176" number="1"/>
<flow id="car183" type="carType2" from="gneE46" to="gneE29" begin="177" end="177" number="1"/>
<flow id="car184" type="carType0" from="topleftD" to="-gneE45" begin="177" end="177" number="1"/>
<flow id="car185" type="carType0" from="gneE29" to="bottomleftR" begin="177" end="177" number="1"/>
<flow id="car186" type="carType1" from="-gneE37" to="bottomrightL" begin="179" end="179" number="1"/>
<flow id="car187" type="carType2" from="-gneE18" to="gneE35" begin="179" end="179" number="1"/>
<flow id="car188" type="carType1" from="-gneE49" to="topleftD" begin="182" end="182" number="1"/>
<flow id="car189" type="carType1" from="-gneE45" to="gneE9" begin="183" end="183" number="1"/>
<flow id="car190" type="carType1" from="gneE29" to="-gneE34" begin="184" end="184" number="1"/>
<flow id="car191" type="carType0" from="gneE9" to="gneE50" begin="184" end="184" number="1"/>
<flow id="car192" type="carType0" from="gneE27" to="gneE8" begin="186" end="186" number="1"/>
<flow id="car193" type="carType2" from="gneE45" to="topleftR" begin="186" end="186" number="1"/>
<flow id="car194" type="carType2" from="toprightD" to="-gneE45" begin="188" end="188" number="1"/>
<flow id="car195" type="carType2" from="toprightD" to="gneE9" begin="191" end="191" number="1"/>
<flow id="car196" type="carType2" from="-gneE43" to="topleftR" begin="195" end="195" number="1"/>
<flow id="car197" type="carType0" from="-gneE34" to="-gneE37" begin="197" end="197" number="1"/>
<flow id="car198" type="carType2" from="bottomleftR" to="-gneE7" begin="198" end="198" number="1"/>
<flow id="car199" type="carType2" from="gneE22" to="topleftR" begin="198" end="198" number="1"/>
</routes>
