<routes>
<vType id="carType0" length="5" maxSpeed="43.83" accel="2.46" decel="5.19" speedDev="0.2" sigma="0.27"/>
<vType id="carType1" length="7" maxSpeed="58.82" accel="2.56" decel="5.74" speedDev="0.2" sigma="0.19"/>
<vType id="carType2" length="3" maxSpeed="59.33" accel="2.64" decel="4.59" speedDev="0.2" sigma="0.27"/>
<flow id="car0" type="carType2" from="toprightD" to="gneE35" begin="3" end="3" number="1"/>
<flow id="car1" type="carType2" from="gneE30" to="-gneE43" begin="3" end="3" number="1"/>
<flow id="car2" type="carType1" from="gneE49" to="gneE27" begin="3" end="3" number="1"/>
<flow id="car3" type="carType0" from="gneE29" to="gneE35" begin="4" end="4" number="1"/>
<flow id="car4" type="carType0" from="-gneE42" to="toprightL" begin="4" end="4" number="1"/>
<flow id="car5" type="carType1" from="-gneE45" to="gneE48" begin="5" end="5" number="1"/>
<flow id="car6" type="carType2" from="-gneE33" to="gneE34" begin="5" end="5" number="1"/>
<flow id="car7" type="carType2" from="gneE42" to="-gneE42" begin="7" end="7" number="1"/>
<flow id="car8" type="carType2" from="-gneE45" to="topleftR" begin="8" end="8" number="1"/>
<flow id="car9" type="carType2" from="toprightD" to="-gneE49" begin="10" end="10" number="1"/>
<flow id="car10" type="carType2" from="-gneE49" to="gneE34" begin="10" end="10" number="1"/>
<flow id="car11" type="carType0" from="gneE22" to="gneE18" begin="11" end="11" number="1"/>
<flow id="car12" type="carType0" from="-gneE44" to="-gneE48" begin="14" end="14" number="1"/>
<flow id="car13" type="carType1" from="gneE35" to="gneE34" begin="15" end="15" number="1"/>
<flow id="car14" type="carType2" from="-gneE21" to="-gneE37" begin="18" end="18" number="1"/>
<flow id="car15" type="carType2" from="gneE37" to="gneE42" begin="19" end="19" number="1"/>
<flow id="car16" type="carType0" from="gneE45" to="-gneE29" begin="19" end="19" number="1"/>
<flow id="car17" type="carType2" from="gneE48" to="gneE44" begin="19" end="19" number="1"/>
<flow id="car18" type="carType0" from="bottomleftU" to="-gneE27" begin="20" end="20" number="1"/>
<flow id="car19" type="carType1" from="-gneE27" to="-gneE51" begin="21" end="21" number="1"/>
<flow id="car20" type="carType0" from="bottomrightL" to="gneE28" begin="23" end="23" number="1"/>
<flow id="car21" type="carType2" from="gneE50" to="gneE42" begin="24" end="24" number="1"/>
<flow id="car22" type="carType1" from="-gneE37" to="-gneE37" begin="24" end="24" number="1"/>
<flow id="car23" type="carType1" from="-gneE48" to="bottomrightU" begin="25" end="25" number="1"/>
<flow id="car24" type="carType2" from="-gneE49" to="gneE18" begin="25" end="25" number="1"/>
<flow id="car25" type="carType0" from="gneE37" to="gneE30" begin="26" end="26" number="1"/>
<flow id="car26" type="carType2" from="toprightD" to="gneE18" begin="27" end="27" number="1"/>
<flow id="car27" type="carType2" from="gneE34" to="bottomleftU" begin="27" end="27" number="1"/>
<flow id="car28" type="carType2" from="gneE51" to="-gneE37" begin="27" end="27" number="1"/>
<flow id="car29" type="carType2" from="-gneE18" to="gneE43" begin="28" end="28" number="1"/>
<flow id="car30" type="carType0" from="-gneE7" to="gneE27" begin="28" end="28" number="1"/>
<flow id="car31" type="carType2" from="gneE9" to="-gneE44" begin="29" end="29" number="1"/>
<flow id="car32" type="carType0" from="-gneE51" to="gneE50" begin="29" end="29" number="1"/>
<flow id="car33" type="carType1" from="gneE21" to="-gneE50" begin="29" end="29" number="1"/>
<flow id="car34" type="carType2" from="bottomrightU" to="gneE18" begin="30" end="30" number="1"/>
<flow id="car35" type="carType2" from="toprightL" to="gneE18" begin="31" end="31" number="1"/>
<flow id="car36" type="carType0" from="gneE37" to="-gneE50" begin="31" end="31" number="1"/>
<flow id="car37" type="carType1" from="gneE22" to="gneE28" begin="32" end="32" number="1"/>
<flow id="car38" type="carType2" from="-gneE49" to="bottomleftR" begin="33" end="33" number="1"/>
<flow id="car39" type="carType1" from="-gneE49" to="gneE29" begin="36" end="36" number="1"/>
<flow id="car40" type="carType1" from="-gneE49" to="toprightL" begin="41" end="41" number="1"/>
<flow id="car41" type="carType2" from="gneE29" to="gneE34" begin="42" end="42" number="1"/>
<flow id="car42" type="carType2" from="gneE37" to="-gneE51" begin="43" end="43" number="1"/>
<flow id="car43" type="carType1" from="gneE8" to="-gneE21" begin="44" end="44" number="1"/>
<flow id="car44" type="carType0" from="gneE29" to="bottomleftU" begin="45" end="45" number="1"/>
<flow id="car45" type="carType1" from="-gneE28" to="gneE30" begin="47" end="47" number="1"/>
<flow id="car46" type="carType0" from="gneE46" to="toprightL" begin="48" end="48" number="1"/>
<flow id="car47" type="carType1" from="-gneE44" to="gneE8" begin="48" end="48" number="1"/>
<flow id="car48" type="carType2" from="gneE30" to="-gneE45" begin="49" end="49" number="1"/>
<flow id="car49" type="carType1" from="topleftR" to="-gneE13" begin="49" end="49" number="1"/>
<flow id="car50" type="carType1" from="gneE46" to="-gneE51" begin="49" end="49" number="1"/>
<flow id="car51" type="carType2" from="gneE46" to="bottomrightU" begin="50" end="50" number="1"/>
<flow id="car52" type="carType1" from="-gneE43" to="gneE49" begin="52" end="52" number="1"/>
<flow id="car53" type="carType2" from="gneE30" to="gneE44" begin="53" end="53" number="1"/>
<flow id="car54" type="carType1" from="-gneE42" to="-gneE33" begin="53" end="53" number="1"/>
<flow id="car55" type="carType1" from="-gneE29" to="gneE46" begin="55" end="55" number="1"/>
<flow id="car56" type="carType1" from="-gneE51" to="-gneE42" begin="56" end="56" number="1"/>
<flow id="car57" type="carType0" from="gneE35" to="-gneE48" begin="56" end="56" number="1"/>
<flow id="car58" type="carType2" from="-gneE37" to="-gneE8" begin="56" end="56" number="1"/>
<flow id="car59" type="carType2" from="gneE37" to="-gneE8" begin="57" end="57" number="1"/>
<flow id="car60" type="carType0" from="gneE48" to="-gneE44" begin="60" end="60" number="1"/>
<flow id="car61" type="carType0" from="gneE37" to="gneE29" begin="60" end="60" number="1"/>
<flow id="car62" type="carType0" from="topleftR" to="-gneE37" begin="60" end="60" number="1"/>
<flow id="car63" type="carType2" from="-gneE29" to="-gneE44" begin="61" end="61" number="1"/>
<flow id="car64" type="carType0" from="gneE18" to="-gneE43" begin="62" end="62" number="1"/>
<flow id="car65" type="carType0" from="gneE29" to="gneE48" begin="62" end="62" number="1"/>
<flow id="car66" type="carType1" from="gneE50" to="gneE30" begin="63" end="63" number="1"/>
<flow id="car67" type="carType1" from="toprightL" to="-gneE37" begin="64" end="64" number="1"/>
<flow id="car68" type="carType2" from="-gneE28" to="-gneE43" begin="66" end="66" number="1"/>
<flow id="car69" type="carType1" from="toprightD" to="gneE28" begin="67" end="67" number="1"/>
<flow id="car70" type="carType2" from="-gneE50" to="-gneE50" begin="67" end="67" number="1"/>
<flow id="car71" type="carType0" from="bottomleftR" to="gneE28" begin="67" end="67" number="1"/>
<flow id="car72" type="carType1" from="toprightL" to="-gneE48" begin="71" end="71" number="1"/>
<flow id="car73" type="carType0" from="-gneE21" to="gneE9" begin="72" end="72" number="1"/>
<flow id="car74" type="carType2" from="gneE51" to="-gneE13" begin="75" end="75" number="1"/>
<flow id="car75" type="carType1" from="toprightD" to="gneE43" begin="77" end="77" number="1"/>
<flow id="car76" type="carType1" from="gneE51" to="topleftR" begin="77" end="77" number="1"/>
<flow id="car77" type="carType1" from="gneE29" to="-gneE8" begin="78" end="78" number="1"/>
<flow id="car78" type="carType1" from="gneE49" to="-gneE8" begin="78" end="78" number="1"/>
<flow id="car79" type="carType0" from="gneE46" to="-gneE13" begin="78" end="78" number="1"/>
<flow id="car80" type="carType0" from="gneE21" to="gneE42" begin="79" end="79" number="1"/>
<flow id="car81" type="carType2" from="toprightD" to="gneE35" begin="79" end="79" number="1"/>
<flow id="car82" type="carType0" from="-gneE37" to="topleftR" begin="80" end="80" number="1"/>
<flow id="car83" type="carType2" from="-gneE8" to="gneE45" begin="83" end="83" number="1"/>
<flow id="car84" type="carType1" from="-gneE44" to="-gneE50" begin="84" end="84" number="1"/>
<flow id="car85" type="carType0" from="-gneE27" to="gneE9" begin="86" end="86" number="1"/>
<flow id="car86" type="carType2" from="-gneE45" to="bottomrightL" begin="87" end="87" number="1"/>
<flow id="car87" type="carType0" from="-gneE48" to="-gneE33" begin="90" end="90" number="1"/>
<flow id="car88" type="carType1" from="gneE42" to="-gneE42" begin="92" end="92" number="1"/>
<flow id="car89" type="carType1" from="bottomrightL" to="gneE42" begin="92" end="92" number="1"/>
<flow id="car90" type="carType2" from="gneE37" to="-gneE7" begin="94" end="94" number="1"/>
<flow id="car91" type="carType0" from="gneE28" to="-gneE44" begin="94" end="94" number="1"/>
<flow id="car92" type="carType0" from="-gneE18" to="-gneE7" begin="95" end="95" number="1"/>
<flow id="car93" type="carType1" from="-gneE13" to="gneE42" begin="95" end="95" number="1"/>
<flow id="car94" type="carType0" from="gneE9" to="-gneE8" begin="96" end="96" number="1"/>
<flow id="car95" type="carType1" from="-gneE27" to="gneE44" begin="100" end="100" number="1"/>
<flow id="car96" type="carType0" from="-gneE42" to="-gneE33" begin="100" end="100" number="1"/>
<flow id="car97" type="carType1" from="bottomleftR" to="-gneE29" begin="100" end="100" number="1"/>
<flow id="car98" type="carType2" from="-gneE8" to="gneE50" begin="101" end="101" number="1"/>
<flow id="car99" type="carType2" from="-gneE45" to="-gneE50" begin="101" end="101" number="1"/>
<flow id="car100" type="carType2" from="-gneE42" to="gneE46" begin="102" end="102" number="1"/>
<flow id="car101" type="carType1" from="gneE21" to="-gneE44" begin="102" end="102" number="1"/>
<flow id="car102" type="carType1" from="toprightL" to="gneE49" begin="103" end="103" number="1"/>
<flow id="car103" type="carType2" from="-gneE51" to="gneE29" begin="103" end="103" number="1"/>
<flow id="car104" type="carType0" from="bottomrightU" to="gneE21" begin="106" end="106" number="1"/>
<flow id="car105" type="carType2" from="-gneE44" to="gneE48" begin="107" end="107" number="1"/>
<flow id="car106" type="carType2" from="gneE28" to="-gneE13" begin="108" end="108" number="1"/>
<flow id="car107" type="carType0" from="-gneE42" to="-gneE28" begin="110" end="110" number="1"/>
<flow id="car108" type="carType2" from="gneE8" to="topleftD" begin="111" end="111" number="1"/>
<flow id="car109" type="carType1" from="-gneE29" to="toprightL" begin="113" end="113" number="1"/>
<flow id="car110" type="carType2" from="gneE50" to="gneE44" begin="114" end="114" number="1"/>
<flow id="car111" type="carType2" from="bottomleftU" to="gneE27" begin="114" end="114" number="1"/>
<flow id="car112" type="carType0" from="-gneE33" to="gneE46" begin="115" end="115" number="1"/>
<flow id="car113" type="carType1" from="gneE28" to="gneE34" begin="117" end="117" number="1"/>
<flow id="car114" type="carType2" from="gneE22" to="-gneE43" begin="118" end="118" number="1"/>
<flow id="car115" type="carType2" from="-gneE29" to="gneE48" begin="118" end="118" number="1"/>
<flow id="car116" type="carType1" from="gneE21" to="-gneE18" begin="120" end="120" number="1"/>
<flow id="car117" type="carType0" from="gneE42" to="gneE45" begin="121" end="121" number="1"/>
<flow id="car118" type="carType2" from="gneE22" to="gneE30" begin="121" end="121" number="1"/>
<flow id="car119" type="carType2" from="-gneE49" to="gneE50" begin="122" end="122" number="1"/>
<flow id="car120" type="carType0" from="-gneE13" to="-gneE8" begin="122" end="122" number="1"/>
<flow id="car121" type="carType0" from="gneE28" to="toprightL" begin="122" end="122" number="1"/>
<flow id="car122" type="carType0" from="topleftD" to="gneE8" begin="123" end="123" number="1"/>
<flow id="car123" type="carType1" from="gneE22" to="-gneE28" begin="124" end="124" number="1"/>
<flow id="car124" type="carType2" from="bottomrightL" to="gneE49" begin="124" end="124" number="1"/>
<flow id="car125" type="carType2" from="bottomleftR" to="gneE22" begin="124" end="124" number="1"/>
<flow id="car126" type="carType1" from="bottomrightU" to="gneE34" begin="125" end="125" number="1"/>
<flow id="car127" type="carType1" from="-gneE33" to="gneE44" begin="126" end="126" number="1"/>
<flow id="car128" type="carType2" from="gneE49" to="bottomrightL" begin="126" end="126" number="1"/>
<flow id="car129" type="carType2" from="-gneE8" to="-gneE13" begin="127" end="127" number="1"/>
<flow id="car130" type="carType0" from="gneE44" to="toprightD" begin="128" end="128" number="1"/>
<flow id="car131" type="carType2" from="gneE18" to="gneE8" begin="132" end="132" number="1"/>
<flow id="car132" type="carType2" from="gneE35" to="gneE50" begin="134" end="134" number="1"/>
<flow id="car133" type="carType0" from="gneE9" to="bottomrightU" begin="135" end="135" number="1"/>
<flow id="car134" type="carType0" from="-gneE21" to="-gneE21" begin="136" end="136" number="1"/>
<flow id="car135" type="carType1" from="-gneE44" to="gneE30" begin="136" end="136" number="1"/>
<flow id="car136" type="carType0" from="topleftR" to="gneE37" begin="137" end="137" number="1"/>
<flow id="car137" type="carType1" from="bottomrightU" to="gneE9" begin="138" end="138" number="1"/>
<flow id="car138" type="carType1" from="gneE9" to="-gneE21" begin="139" end="139" number="1"/>
<flow id="car139" type="carType0" from="toprightL" to="gneE51" begin="140" end="140" number="1"/>
<flow id="car140" type="carType1" from="-gneE43" to="-gneE13" begin="140" end="140" number="1"/>
<flow id="car141" type="carType2" from="gneE8" to="-gneE44" begin="141" end="141" number="1"/>
<flow id="car142" type="carType0" from="-gneE18" to="gneE49" begin="141" end="141" number="1"/>
<flow id="car143" type="carType2" from="bottomleftU" to="-gneE49" begin="141" end="141" number="1"/>
<flow id="car144" type="carType1" from="gneE30" to="gneE49" begin="143" end="143" number="1"/>
<flow id="car145" type="carType0" from="topleftR" to="gneE51" begin="145" end="145" number="1"/>
<flow id="car146" type="carType1" from="gneE21" to="-gneE34" begin="146" end="146" number="1"/>
<flow id="car147" type="carType2" from="gneE21" to="toprightL" begin="146" end="146" number="1"/>
<flow id="car148" type="carType2" from="bottomleftU" to="gneE35" begin="148" end="148" number="1"/>
<flow id="car149" type="carType1" from="-gneE51" to="-gneE49" begin="149" end="149" number="1"/>
<flow id="car150" type="carType2" from="-gneE51" to="-gneE49" begin="150" end="150" number="1"/>
<flow id="car151" type="carType2" from="toprightL" to="gneE44" begin="150" end="150" number="1"/>
<flow id="car152" type="carType2" from="gneE42" to="gneE45" begin="152" end="152" number="1"/>
<flow id="car153" type="carType2" from="-gneE37" to="toprightD" begin="153" end="153" number="1"/>
<flow id="car154" type="carType0" from="gneE45" to="gneE30" begin="153" end="153" number="1"/>
<flow id="car155" type="carType0" from="-gneE48" to="-gneE42" begin="155" end="155" number="1"/>
<flow id="car156" type="carType2" from="gneE29" to="-gneE33" begin="155" end="155" number="1"/>
<flow id="car157" type="carType0" from="gneE42" to="-gneE49" begin="155" end="155" number="1"/>
<flow id="car158" type="carType2" from="gneE37" to="-gneE44" begin="157" end="157" number="1"/>
<flow id="car159" type="carType2" from="gneE42" to="bottomrightL" begin="158" end="158" number="1"/>
<flow id="car160" type="carType2" from="gneE45" to="toprightD" begin="158" end="158" number="1"/>
<flow id="car161" type="carType0" from="gneE9" to="gneE28" begin="160" end="160" number="1"/>
<flow id="car162" type="carType1" from="gneE9" to="-gneE34" begin="160" end="160" number="1"/>
<flow id="car163" type="carType1" from="gneE43" to="-gneE21" begin="160" end="160" number="1"/>
<flow id="car164" type="carType1" from="gneE45" to="gneE27" begin="160" end="160" number="1"/>
<flow id="car165" type="carType2" from="gneE35" to="toprightL" begin="162" end="162" number="1"/>
<flow id="car166" type="carType1" from="-gneE18" to="gneE50" begin="163" end="163" number="1"/>
<flow id="car167" type="carType0" from="topleftD" to="gneE46" begin="163" end="163" number="1"/>
<flow id="car168" type="carType2" from="gneE29" to="gneE46" begin="163" end="163" number="1"/>
<flow id="car169" type="carType1" from="gneE45" to="toprightL" begin="163" end="163" number="1"/>
<flow id="car170" type="carType1" from="-gneE49" to="-gneE27" begin="165" end="165" number="1"/>
<flow id="car171" type="carType1" from="topleftR" to="bottomleftR" begin="166" end="166" number="1"/>
<flow id="car172" type="carType0" from="-gneE18" to="gneE50" begin="167" end="167" number="1"/>
<flow id="car173" type="carType2" from="gneE46" to="gneE46" begin="168" end="168" number="1"/>
<flow id="car174" type="carType2" from="gneE27" to="-gneE34" begin="168" end="168" number="1"/>
<flow id="car175" type="carType1" from="gneE43" to="gneE8" begin="169" end="169" number="1"/>
<flow id="car176" type="carType1" from="-gneE37" to="-gneE50" begin="172" end="172" number="1"/>
<flow id="car177" type="carType0" from="gneE9" to="-gneE34" begin="174" end="174" number="1"/>
<flow id="car178" type="carType1" from="-gneE13" to="gneE51" begin="175" end="175" number="1"/>
<flow id="car179" type="carType2" from="-gneE34" to="gneE34" begin="175" end="175" number="1"/>
<flow id="car180" type="carType2" from="gneE46" to="gneE29" begin="176" end="176" number="1"/>
<flow id="car181" type="carType2" from="gneE30" to="gneE51" begin="178" end="178" number="1"/>
<flow id="car182" type="carType0" from="gneE45" to="gneE37" begin="179" end="179" number="1"/>
<flow id="car183" type="carType2" from="-gneE43" to="gneE42" begin="180" end="180" number="1"/>
<flow id="car184" type="carType2" from="gneE48" to="-gneE8" begin="180" end="180" number="1"/>
<flow id="car185" type="carType2" from="gneE8" to="-gneE44" begin="182" end="182" number="1"/>
<flow id="car186" type="carType1" from="-gneE34" to="gneE9" begin="186" end="186" number="1"/>
<flow id="car187" type="carType2" from="-gneE34" to="gneE28" begin="186" end="186" number="1"/>
<flow id="car188" type="carType1" from="gneE45" to="topleftD" begin="187" end="187" number="1"/>
<flow id="car189" type="carType1" from="-gneE45" to="-gneE18" begin="187" end="187" number="1"/>
<flow id="car190" type="carType2" from="-gneE43" to="gneE45" begin="188" end="188" number="1"/>
<flow id="car191" type="carType0" from="gneE50" to="gneE50" begin="190" end="190" number="1"/>
<flow id="car192" type="carType2" from="gneE9" to="bottomrightL" begin="192" end="192" number="1"/>
<flow id="car193" type="carType0" from="gneE9" to="gneE8" begin="192" end="192" number="1"/>
<flow id="car194" type="carType2" from="topleftR" to="-gneE34" begin="193" end="193" number="1"/>
<flow id="car195" type="carType0" from="gneE45" to="gneE45" begin="193" end="193" number="1"/>
<flow id="car196" type="carType1" from="gneE44" to="gneE22" begin="194" end="194" number="1"/>
<flow id="car197" type="carType0" from="-gneE29" to="gneE44" begin="195" end="195" number="1"/>
<flow id="car198" type="carType2" from="bottomleftR" to="gneE42" begin="198" end="198" number="1"/>
<flow id="car199" type="carType1" from="bottomleftU" to="gneE50" begin="199" end="199" number="1"/>
</routes>
