<routes>
<vType id="carType0" length="3" maxSpeed="50.06" accel="2.73" decel="5.93" speedDev="0.2" sigma="0.12"/>
<vType id="carType1" length="7" maxSpeed="46.12" accel="2.64" decel="4.71" speedDev="0.2" sigma="0.15"/>
<vType id="carType2" length="7" maxSpeed="43.54" accel="2.16" decel="5.58" speedDev="0.2" sigma="0.12"/>
<flow id="car0" type="carType2" from="gneE48" to="gneE21" begin="0" end="0" number="1"/>
<flow id="car1" type="carType1" from="gneE50" to="-gneE43" begin="0" end="0" number="1"/>
<flow id="car2" type="carType0" from="-gneE29" to="topleftR" begin="0" end="0" number="1"/>
<flow id="car3" type="carType1" from="-gneE7" to="-gneE7" begin="1" end="1" number="1"/>
<flow id="car4" type="carType0" from="-gneE27" to="gneE8" begin="1" end="1" number="1"/>
<flow id="car5" type="carType1" from="gneE28" to="-gneE34" begin="2" end="2" number="1"/>
<flow id="car6" type="carType1" from="toprightD" to="bottomleftU" begin="2" end="2" number="1"/>
<flow id="car7" type="carType1" from="gneE35" to="gneE43" begin="2" end="2" number="1"/>
<flow id="car8" type="carType2" from="-gneE48" to="-gneE51" begin="3" end="3" number="1"/>
<flow id="car9" type="carType0" from="-gneE42" to="-gneE28" begin="4" end="4" number="1"/>
<flow id="car10" type="carType0" from="-gneE51" to="gneE28" begin="6" end="6" number="1"/>
<flow id="car11" type="carType1" from="gneE35" to="topleftD" begin="6" end="6" number="1"/>
<flow id="car12" type="carType2" from="-gneE8" to="gneE44" begin="6" end="6" number="1"/>
<flow id="car13" type="carType0" from="gneE51" to="bottomrightU" begin="7" end="7" number="1"/>
<flow id="car14" type="carType2" from="-gneE37" to="bottomleftU" begin="8" end="8" number="1"/>
<flow id="car15" type="carType2" from="gneE37" to="gneE51" begin="8" end="8" number="1"/>
<flow id="car16" type="carType1" from="gneE48" to="topleftD" begin="9" end="9" number="1"/>
<flow id="car17" type="carType0" from="gneE42" to="gneE46" begin="9" end="9" number="1"/>
<flow id="car18" type="carType2" from="gneE28" to="gneE48" begin="9" end="9" number="1"/>
<flow id="car19" type="carType1" from="bottomrightU" to="-gneE13" begin="13" end="13" number="1"/>
<flow id="car20" type="carType0" from="gneE18" to="-gneE8" begin="15" end="15" number="1"/>
<flow id="car21" type="carType0" from="gneE48" to="gneE42" begin="15" end="15" number="1"/>
<flow id="car22" type="carType2" from="-gneE49" to="gneE22" begin="17" end="17" number="1"/>
<flow id="car23" type="carType0" from="-gneE34" to="gneE30" begin="18" end="18" number="1"/>
<flow id="car24" type="carType1" from="-gneE13" to="gneE30" begin="20" end="20" number="1"/>
<flow id="car25" type="carType0" from="-gneE51" to="gneE9" begin="22" end="22" number="1"/>
<flow id="car26" type="carType1" from="gneE48" to="gneE43" begin="22" end="22" number="1"/>
<flow id="car27" type="carType2" from="gneE34" to="gneE8" begin="22" end="22" number="1"/>
<flow id="car28" type="carType0" from="-gneE43" to="gneE50" begin="22" end="22" number="1"/>
<flow id="car29" type="carType1" from="-gneE51" to="-gneE7" begin="22" end="22" number="1"/>
<flow id="car30" type="carType0" from="-gneE51" to="-gneE33" begin="22" end="22" number="1"/>
<flow id="car31" type="carType0" from="-gneE50" to="gneE42" begin="23" end="23" number="1"/>
<flow id="car32" type="carType0" from="gneE21" to="-gneE34" begin="23" end="23" number="1"/>
<flow id="car33" type="carType0" from="-gneE7" to="bottomrightU" begin="24" end="24" number="1"/>
<flow id="car34" type="carType2" from="-gneE13" to="bottomleftR" begin="25" end="25" number="1"/>
<flow id="car35" type="carType0" from="gneE49" to="gneE46" begin="25" end="25" number="1"/>
<flow id="car36" type="carType2" from="toprightL" to="-gneE33" begin="26" end="26" number="1"/>
<flow id="car37" type="carType1" from="gneE48" to="gneE49" begin="26" end="26" number="1"/>
<flow id="car38" type="carType0" from="-gneE51" to="-gneE13" begin="29" end="29" number="1"/>
<flow id="car39" type="carType2" from="gneE50" to="bottomrightU" begin="29" end="29" number="1"/>
<flow id="car40" type="carType2" from="gneE29" to="gneE37" begin="29" end="29" number="1"/>
<flow id="car41" type="carType0" from="gneE37" to="-gneE13" begin="31" end="31" number="1"/>
<flow id="car42" type="carType0" from="-gneE51" to="gneE43" begin="31" end="31" number="1"/>
<flow id="car43" type="carType0" from="-gneE44" to="gneE42" begin="31" end="31" number="1"/>
<flow id="car44" type="carType0" from="gneE8" to="-gneE34" begin="32" end="32" number="1"/>
<flow id="car45" type="carType1" from="-gneE28" to="gneE42" begin="34" end="34" number="1"/>
<flow id="car46" type="carType0" from="gneE27" to="gneE48" begin="35" end="35" number="1"/>
<flow id="car47" type="carType1" from="-gneE29" to="gneE8" begin="35" end="35" number="1"/>
<flow id="car48" type="carType2" from="gneE34" to="gneE27" begin="37" end="37" number="1"/>
<flow id="car49" type="carType2" from="-gneE49" to="gneE42" begin="37" end="37" number="1"/>
<flow id="car50" type="carType1" from="-gneE50" to="-gneE43" begin="38" end="38" number="1"/>
<flow id="car51" type="carType0" from="bottomleftU" to="-gneE50" begin="39" end="39" number="1"/>
<flow id="car52" type="carType0" from="-gneE43" to="gneE43" begin="39" end="39" number="1"/>
<flow id="car53" type="carType2" from="-gneE18" to="-gneE50" begin="40" end="40" number="1"/>
<flow id="car54" type="carType0" from="-gneE37" to="gneE9" begin="40" end="40" number="1"/>
<flow id="car55" type="carType1" from="bottomleftR" to="-gneE37" begin="41" end="41" number="1"/>
<flow id="car56" type="carType0" from="gneE30" to="-gneE45" begin="43" end="43" number="1"/>
<flow id="car57" type="carType2" from="bottomrightU" to="gneE42" begin="44" end="44" number="1"/>
<flow id="car58" type="carType2" from="-gneE27" to="gneE44" begin="45" end="45" number="1"/>
<flow id="car59" type="carType1" from="gneE44" to="gneE50" begin="46" end="46" number="1"/>
<flow id="car60" type="carType2" from="gneE8" to="gneE18" begin="46" end="46" number="1"/>
<flow id="car61" type="carType0" from="gneE42" to="gneE29" begin="46" end="46" number="1"/>
<flow id="car62" type="carType2" from="gneE50" to="-gneE48" begin="47" end="47" number="1"/>
<flow id="car63" type="carType1" from="-gneE43" to="gneE44" begin="47" end="47" number="1"/>
<flow id="car64" type="carType0" from="gneE43" to="-gneE7" begin="47" end="47" number="1"/>
<flow id="car65" type="carType0" from="-gneE37" to="-gneE51" begin="47" end="47" number="1"/>
<flow id="car66" type="carType2" from="-gneE43" to="-gneE44" begin="49" end="49" number="1"/>
<flow id="car67" type="carType0" from="gneE49" to="toprightL" begin="51" end="51" number="1"/>
<flow id="car68" type="carType0" from="gneE37" to="-gneE13" begin="51" end="51" number="1"/>
<flow id="car69" type="carType0" from="-gneE48" to="-gneE42" begin="52" end="52" number="1"/>
<flow id="car70" type="carType1" from="bottomrightU" to="gneE29" begin="52" end="52" number="1"/>
<flow id="car71" type="carType0" from="gneE8" to="-gneE51" begin="53" end="53" number="1"/>
<flow id="car72" type="carType0" from="gneE29" to="gneE42" begin="54" end="54" number="1"/>
<flow id="car73" type="carType1" from="-gneE33" to="-gneE29" begin="55" end="55" number="1"/>
<flow id="car74" type="carType2" from="-gneE7" to="bottomrightU" begin="57" end="57" number="1"/>
<flow id="car75" type="carType1" from="bottomrightU" to="-gneE43" begin="58" end="58" number="1"/>
<flow id="car76" type="carType2" from="-gneE21" to="toprightL" begin="58" end="58" number="1"/>
<flow id="car77" type="carType1" from="-gneE18" to="toprightL" begin="59" end="59" number="1"/>
<flow id="car78" type="carType0" from="toprightL" to="gneE9" begin="59" end="59" number="1"/>
<flow id="car79" type="carType2" from="bottomleftR" to="gneE22" begin="60" end="60" number="1"/>
<flow id="car80" type="carType0" from="gneE9" to="gneE18" begin="60" end="60" number="1"/>
<flow id="car81" type="carType2" from="-gneE49" to="-gneE18" begin="61" end="61" number="1"/>
<flow id="car82" type="carType2" from="gneE42" to="gneE18" begin="63" end="63" number="1"/>
<flow id="car83" type="carType0" from="gneE46" to="-gneE49" begin="65" end="65" number="1"/>
<flow id="car84" type="carType1" from="gneE27" to="gneE43" begin="66" end="66" number="1"/>
<flow id="car85" type="carType0" from="bottomleftR" to="-gneE34" begin="67" end="67" number="1"/>
<flow id="car86" type="carType2" from="-gneE27" to="topleftR" begin="67" end="67" number="1"/>
<flow id="car87" type="carType1" from="gneE35" to="-gneE29" begin="69" end="69" number="1"/>
<flow id="car88" type="carType2" from="gneE9" to="gneE29" begin="69" end="69" number="1"/>
<flow id="car89" type="carType0" from="gneE18" to="gneE21" begin="69" end="69" number="1"/>
<flow id="car90" type="carType2" from="gneE49" to="-gneE7" begin="71" end="71" number="1"/>
<flow id="car91" type="carType2" from="-gneE49" to="gneE8" begin="73" end="73" number="1"/>
<flow id="car92" type="carType0" from="gneE51" to="bottomleftU" begin="74" end="74" number="1"/>
<flow id="car93" type="carType1" from="gneE22" to="-gneE27" begin="75" end="75" number="1"/>
<flow id="car94" type="carType2" from="-gneE37" to="gneE45" begin="75" end="75" number="1"/>
<flow id="car95" type="carType1" from="-gneE45" to="-gneE33" begin="76" end="76" number="1"/>
<flow id="car96" type="carType0" from="gneE9" to="-gneE45" begin="77" end="77" number="1"/>
<flow id="car97" type="carType1" from="gneE45" to="-gneE51" begin="77" end="77" number="1"/>
<flow id="car98" type="carType0" from="-gneE51" to="-gneE18" begin="80" end="80" number="1"/>
<flow id="car99" type="carType2" from="-gneE8" to="-gneE33" begin="80" end="80" number="1"/>
<flow id="car100" type="carType2" from="bottomleftR" to="-gneE18" begin="80" end="80" number="1"/>
<flow id="car101" type="carType1" from="gneE22" to="bottomleftR" begin="82" end="82" number="1"/>
<flow id="car102" type="carType0" from="-gneE42" to="gneE46" begin="82" end="82" number="1"/>
<flow id="car103" type="carType2" from="-gneE43" to="-gneE21" begin="84" end="84" number="1"/>
<flow id="car104" type="carType1" from="toprightD" to="toprightL" begin="85" end="85" number="1"/>
<flow id="car105" type="carType1" from="topleftD" to="gneE49" begin="85" end="85" number="1"/>
<flow id="car106" type="carType0" from="-gneE48" to="bottomleftR" begin="87" end="87" number="1"/>
<flow id="car107" type="carType2" from="-gneE33" to="gneE30" begin="87" end="87" number="1"/>
<flow id="car108" type="carType2" from="topleftR" to="gneE51" begin="87" end="87" number="1"/>
<flow id="car109" type="carType1" from="gneE18" to="gneE43" begin="88" end="88" number="1"/>
<flow id="car110" type="carType2" from="gneE34" to="gneE45" begin="89" end="89" number="1"/>
<flow id="car111" type="carType1" from="toprightL" to="gneE43" begin="90" end="90" number="1"/>
<flow id="car112" type="carType2" from="-gneE43" to="gneE45" begin="91" end="91" number="1"/>
<flow id="car113" type="carType1" from="-gneE33" to="gneE50" begin="92" end="92" number="1"/>
<flow id="car114" type="carType0" from="gneE21" to="gneE34" begin="92" end="92" number="1"/>
<flow id="car115" type="carType0" from="bottomrightL" to="gneE8" begin="93" end="93" number="1"/>
<flow id="car116" type="carType1" from="gneE27" to="-gneE49" begin="96" end="96" number="1"/>
<flow id="car117" type="carType1" from="-gneE42" to="-gneE37" begin="99" end="99" number="1"/>
<flow id="car118" type="carType0" from="gneE45" to="topleftR" begin="103" end="103" number="1"/>
<flow id="car119" type="carType2" from="-gneE34" to="gneE21" begin="103" end="103" number="1"/>
<flow id="car120" type="carType1" from="-gneE34" to="gneE42" begin="104" end="104" number="1"/>
<flow id="car121" type="carType0" from="gneE8" to="gneE44" begin="106" end="106" number="1"/>
<flow id="car122" type="carType0" from="gneE21" to="-gneE48" begin="107" end="107" number="1"/>
<flow id="car123" type="carType0" from="gneE37" to="-gneE34" begin="107" end="107" number="1"/>
<flow id="car124" type="carType0" from="gneE42" to="-gneE44" begin="108" end="108" number="1"/>
<flow id="car125" type="carType0" from="gneE50" to="gneE51" begin="110" end="110" number="1"/>
<flow id="car126" type="carType1" from="topleftD" to="-gneE48" begin="112" end="112" number="1"/>
<flow id="car127" type="carType1" from="-gneE50" to="gneE46" begin="114" end="114" number="1"/>
<flow id="car128" type="carType2" from="-gneE42" to="gneE30" begin="115" end="115" number="1"/>
<flow id="car129" type="carType1" from="gneE43" to="-gneE18" begin="117" end="117" number="1"/>
<flow id="car130" type="carType1" from="gneE8" to="bottomrightU" begin="118" end="118" number="1"/>
<flow id="car131" type="carType1" from="gneE21" to="-gneE21" begin="119" end="119" number="1"/>
<flow id="car132" type="carType0" from="-gneE13" to="gneE29" begin="120" end="120" number="1"/>
<flow id="car133" type="carType1" from="-gneE45" to="-gneE7" begin="121" end="121" number="1"/>
<flow id="car134" type="carType0" from="toprightD" to="gneE48" begin="123" end="123" number="1"/>
<flow id="car135" type="carType2" from="gneE48" to="-gneE50" begin="123" end="123" number="1"/>
<flow id="car136" type="carType0" from="gneE37" to="gneE34" begin="126" end="126" number="1"/>
<flow id="car137" type="carType1" from="-gneE48" to="toprightD" begin="126" end="126" number="1"/>
<flow id="car138" type="carType2" from="topleftD" to="gneE34" begin="127" end="127" number="1"/>
<flow id="car139" type="carType0" from="toprightL" to="gneE48" begin="129" end="129" number="1"/>
<flow id="car140" type="carType1" from="gneE29" to="-gneE43" begin="131" end="131" number="1"/>
<flow id="car141" type="carType2" from="-gneE29" to="gneE37" begin="133" end="133" number="1"/>
<flow id="car142" type="carType1" from="bottomleftU" to="gneE49" begin="134" end="134" number="1"/>
<flow id="car143" type="carType1" from="-gneE34" to="-gneE29" begin="135" end="135" number="1"/>
<flow id="car144" type="carType1" from="-gneE29" to="gneE27" begin="135" end="135" number="1"/>
<flow id="car145" type="carType1" from="-gneE27" to="gneE30" begin="137" end="137" number="1"/>
<flow id="car146" type="carType2" from="gneE22" to="gneE8" begin="137" end="137" number="1"/>
<flow id="car147" type="carType1" from="-gneE13" to="gneE43" begin="139" end="139" number="1"/>
<flow id="car148" type="carType1" from="-gneE49" to="-gneE8" begin="139" end="139" number="1"/>
<flow id="car149" type="carType1" from="-gneE43" to="-gneE37" begin="140" end="140" number="1"/>
<flow id="car150" type="carType0" from="gneE18" to="bottomleftU" begin="140" end="140" number="1"/>
<flow id="car151" type="carType0" from="-gneE8" to="gneE51" begin="143" end="143" number="1"/>
<flow id="car152" type="carType2" from="gneE21" to="gneE51" begin="145" end="145" number="1"/>
<flow id="car153" type="carType0" from="-gneE7" to="-gneE42" begin="147" end="147" number="1"/>
<flow id="car154" type="carType1" from="topleftR" to="gneE45" begin="147" end="147" number="1"/>
<flow id="car155" type="carType0" from="gneE21" to="-gneE34" begin="150" end="150" number="1"/>
<flow id="car156" type="carType0" from="-gneE13" to="gneE29" begin="150" end="150" number="1"/>
<flow id="car157" type="carType0" from="-gneE50" to="gneE27" begin="151" end="151" number="1"/>
<flow id="car158" type="carType0" from="-gneE50" to="gneE8" begin="151" end="151" number="1"/>
<flow id="car159" type="carType2" from="-gneE27" to="-gneE50" begin="151" end="151" number="1"/>
<flow id="car160" type="carType0" from="bottomrightU" to="-gneE27" begin="153" end="153" number="1"/>
<flow id="car161" type="carType0" from="gneE51" to="gneE48" begin="153" end="153" number="1"/>
<flow id="car162" type="carType0" from="-gneE28" to="gneE49" begin="154" end="154" number="1"/>
<flow id="car163" type="carType2" from="gneE37" to="gneE44" begin="155" end="155" number="1"/>
<flow id="car164" type="carType0" from="-gneE44" to="-gneE29" begin="155" end="155" number="1"/>
<flow id="car165" type="carType2" from="-gneE21" to="-gneE13" begin="158" end="158" number="1"/>
<flow id="car166" type="carType2" from="gneE49" to="gneE35" begin="159" end="159" number="1"/>
<flow id="car167" type="carType2" from="toprightL" to="-gneE37" begin="161" end="161" number="1"/>
<flow id="car168" type="carType1" from="toprightL" to="gneE9" begin="162" end="162" number="1"/>
<flow id="car169" type="carType0" from="-gneE29" to="-gneE13" begin="163" end="163" number="1"/>
<flow id="car170" type="carType1" from="-gneE50" to="gneE48" begin="163" end="163" number="1"/>
<flow id="car171" type="carType0" from="gneE37" to="-gneE42" begin="164" end="164" number="1"/>
<flow id="car172" type="carType0" from="bottomleftR" to="toprightD" begin="165" end="165" number="1"/>
<flow id="car173" type="carType1" from="gneE48" to="gneE8" begin="166" end="166" number="1"/>
<flow id="car174" type="carType2" from="gneE49" to="-gneE48" begin="167" end="167" number="1"/>
<flow id="car175" type="carType0" from="-gneE27" to="gneE51" begin="167" end="167" number="1"/>
<flow id="car176" type="carType2" from="gneE21" to="gneE30" begin="169" end="169" number="1"/>
<flow id="car177" type="carType1" from="-gneE29" to="bottomleftU" begin="171" end="171" number="1"/>
<flow id="car178" type="carType0" from="-gneE44" to="-gneE21" begin="172" end="172" number="1"/>
<flow id="car179" type="carType2" from="gneE49" to="bottomrightL" begin="172" end="172" number="1"/>
<flow id="car180" type="carType0" from="bottomrightL" to="gneE28" begin="173" end="173" number="1"/>
<flow id="car181" type="carType1" from="-gneE50" to="-gneE34" begin="174" end="174" number="1"/>
<flow id="car182" type="carType0" from="gneE42" to="gneE27" begin="175" end="175" number="1"/>
<flow id="car183" type="carType0" from="-gneE50" to="-gneE8" begin="177" end="177" number="1"/>
<flow id="car184" type="carType0" from="gneE21" to="gneE29" begin="178" end="178" number="1"/>
<flow id="car185" type="carType1" from="gneE22" to="gneE18" begin="181" end="181" number="1"/>
<flow id="car186" type="carType0" from="gneE8" to="gneE21" begin="181" end="181" number="1"/>
<flow id="car187" type="carType0" from="-gneE43" to="-gneE18" begin="182" end="182" number="1"/>
<flow id="car188" type="carType2" from="-gneE8" to="-gneE45" begin="182" end="182" number="1"/>
<flow id="car189" type="carType1" from="gneE22" to="-gneE21" begin="185" end="185" number="1"/>
<flow id="car190" type="carType1" from="-gneE28" to="-gneE50" begin="187" end="187" number="1"/>
<flow id="car191" type="carType2" from="gneE46" to="toprightL" begin="187" end="187" number="1"/>
<flow id="car192" type="carType2" from="-gneE27" to="gneE9" begin="188" end="188" number="1"/>
<flow id="car193" type="carType0" from="-gneE21" to="bottomrightU" begin="193" end="193" number="1"/>
<flow id="car194" type="carType2" from="gneE29" to="gneE29" begin="193" end="193" number="1"/>
<flow id="car195" type="carType2" from="gneE45" to="-gneE21" begin="193" end="193" number="1"/>
<flow id="car196" type="carType0" from="gneE34" to="-gneE27" begin="194" end="194" number="1"/>
<flow id="car197" type="carType0" from="gneE22" to="gneE45" begin="194" end="194" number="1"/>
<flow id="car198" type="carType0" from="gneE35" to="-gneE27" begin="196" end="196" number="1"/>
<flow id="car199" type="carType2" from="-gneE48" to="-gneE33" begin="198" end="198" number="1"/>
</routes>
