<routes>
<vType id="carType0" length="7" maxSpeed="56.91" accel="2.79" decel="4.89" speedDev="0.2" sigma="0.21"/>
<vType id="carType1" length="6" maxSpeed="41.34" accel="2.98" decel="5.45" speedDev="0.2" sigma="0.2"/>
<vType id="carType2" length="3" maxSpeed="52.8" accel="2.59" decel="4.08" speedDev="0.2" sigma="0.18"/>
<flow id="car0" type="carType0" from="gneE9" to="gneE51" begin="0" end="0" number="1"/>
<flow id="car1" type="carType2" from="-gneE48" to="gneE45" begin="0" end="0" number="1"/>
<flow id="car2" type="carType1" from="gneE8" to="bottomleftR" begin="0" end="0" number="1"/>
<flow id="car3" type="carType0" from="topleftD" to="gneE46" begin="1" end="1" number="1"/>
<flow id="car4" type="carType0" from="gneE49" to="-gneE7" begin="1" end="1" number="1"/>
<flow id="car5" type="carType0" from="-gneE43" to="gneE44" begin="4" end="4" number="1"/>
<flow id="car6" type="carType0" from="-gneE29" to="gneE43" begin="5" end="5" number="1"/>
<flow id="car7" type="carType1" from="gneE46" to="gneE27" begin="5" end="5" number="1"/>
<flow id="car8" type="carType2" from="bottomrightU" to="gneE48" begin="7" end="7" number="1"/>
<flow id="car9" type="carType2" from="gneE29" to="gneE35" begin="7" end="7" number="1"/>
<flow id="car10" type="carType1" from="bottomrightL" to="bottomrightU" begin="9" end="9" number="1"/>
<flow id="car11" type="carType1" from="gneE45" to="gneE34" begin="11" end="11" number="1"/>
<flow id="car12" type="carType0" from="-gneE13" to="gneE22" begin="12" end="12" number="1"/>
<flow id="car13" type="carType1" from="-gneE50" to="gneE29" begin="12" end="12" number="1"/>
<flow id="car14" type="carType0" from="gneE51" to="bottomleftR" begin="12" end="12" number="1"/>
<flow id="car15" type="carType1" from="-gneE51" to="-gneE50" begin="15" end="15" number="1"/>
<flow id="car16" type="carType1" from="-gneE42" to="topleftR" begin="17" end="17" number="1"/>
<flow id="car17" type="carType1" from="-gneE33" to="-gneE48" begin="18" end="18" number="1"/>
<flow id="car18" type="carType2" from="gneE9" to="gneE22" begin="20" end="20" number="1"/>
<flow id="car19" type="carType2" from="gneE29" to="-gneE37" begin="22" end="22" number="1"/>
<flow id="car20" type="carType1" from="-gneE49" to="bottomrightU" begin="23" end="23" number="1"/>
<flow id="car21" type="carType2" from="gneE9" to="-gneE27" begin="24" end="24" number="1"/>
<flow id="car22" type="carType2" from="-gneE50" to="gneE49" begin="25" end="25" number="1"/>
<flow id="car23" type="carType1" from="gneE46" to="gneE18" begin="26" end="26" number="1"/>
<flow id="car24" type="carType2" from="bottomleftU" to="-gneE44" begin="26" end="26" number="1"/>
<flow id="car25" type="carType0" from="gneE22" to="gneE45" begin="26" end="26" number="1"/>
<flow id="car26" type="carType2" from="-gneE34" to="-gneE51" begin="27" end="27" number="1"/>
<flow id="car27" type="carType2" from="gneE8" to="gneE37" begin="30" end="30" number="1"/>
<flow id="car28" type="carType0" from="toprightD" to="gneE42" begin="30" end="30" number="1"/>
<flow id="car29" type="carType1" from="gneE27" to="-gneE48" begin="30" end="30" number="1"/>
<flow id="car30" type="carType2" from="-gneE34" to="gneE45" begin="31" end="31" number="1"/>
<flow id="car31" type="carType2" from="toprightD" to="bottomleftU" begin="32" end="32" number="1"/>
<flow id="car32" type="carType1" from="-gneE42" to="-gneE8" begin="33" end="33" number="1"/>
<flow id="car33" type="carType2" from="topleftD" to="toprightL" begin="35" end="35" number="1"/>
<flow id="car34" type="carType2" from="-gneE43" to="-gneE45" begin="37" end="37" number="1"/>
<flow id="car35" type="carType2" from="gneE37" to="gneE35" begin="38" end="38" number="1"/>
<flow id="car36" type="carType1" from="gneE28" to="topleftR" begin="39" end="39" number="1"/>
<flow id="car37" type="carType1" from="bottomleftR" to="gneE18" begin="42" end="42" number="1"/>
<flow id="car38" type="carType2" from="-gneE48" to="-gneE44" begin="42" end="42" number="1"/>
<flow id="car39" type="carType0" from="toprightL" to="gneE51" begin="42" end="42" number="1"/>
<flow id="car40" type="carType2" from="toprightL" to="gneE22" begin="42" end="42" number="1"/>
<flow id="car41" type="carType1" from="-gneE29" to="gneE50" begin="42" end="42" number="1"/>
<flow id="car42" type="carType0" from="gneE46" to="gneE9" begin="45" end="45" number="1"/>
<flow id="car43" type="carType2" from="-gneE42" to="gneE50" begin="45" end="45" number="1"/>
<flow id="car44" type="carType1" from="-gneE43" to="-gneE33" begin="46" end="46" number="1"/>
<flow id="car45" type="carType1" from="topleftD" to="-gneE43" begin="46" end="46" number="1"/>
<flow id="car46" type="carType2" from="-gneE44" to="toprightL" begin="46" end="46" number="1"/>
<flow id="car47" type="carType1" from="-gneE45" to="-gneE7" begin="48" end="48" number="1"/>
<flow id="car48" type="carType1" from="gneE8" to="-gneE48" begin="49" end="49" number="1"/>
<flow id="car49" type="carType0" from="gneE9" to="-gneE8" begin="50" end="50" number="1"/>
<flow id="car50" type="carType2" from="-gneE45" to="bottomleftU" begin="52" end="52" number="1"/>
<flow id="car51" type="carType1" from="bottomleftR" to="-gneE27" begin="52" end="52" number="1"/>
<flow id="car52" type="carType2" from="-gneE33" to="topleftD" begin="53" end="53" number="1"/>
<flow id="car53" type="carType2" from="bottomrightL" to="-gneE8" begin="53" end="53" number="1"/>
<flow id="car54" type="carType1" from="gneE8" to="bottomleftR" begin="53" end="53" number="1"/>
<flow id="car55" type="carType1" from="topleftD" to="-gneE21" begin="55" end="55" number="1"/>
<flow id="car56" type="carType1" from="-gneE44" to="-gneE8" begin="58" end="58" number="1"/>
<flow id="car57" type="carType1" from="-gneE43" to="gneE22" begin="59" end="59" number="1"/>
<flow id="car58" type="carType0" from="-gneE28" to="gneE42" begin="59" end="59" number="1"/>
<flow id="car59" type="carType0" from="-gneE50" to="-gneE50" begin="59" end="59" number="1"/>
<flow id="car60" type="carType1" from="gneE8" to="gneE46" begin="63" end="63" number="1"/>
<flow id="car61" type="carType2" from="-gneE44" to="gneE8" begin="63" end="63" number="1"/>
<flow id="car62" type="carType1" from="gneE9" to="gneE18" begin="63" end="63" number="1"/>
<flow id="car63" type="carType1" from="-gneE50" to="-gneE48" begin="67" end="67" number="1"/>
<flow id="car64" type="carType2" from="-gneE28" to="gneE21" begin="69" end="69" number="1"/>
<flow id="car65" type="carType0" from="-gneE8" to="-gneE43" begin="72" end="72" number="1"/>
<flow id="car66" type="carType2" from="-gneE49" to="gneE42" begin="72" end="72" number="1"/>
<flow id="car67" type="carType0" from="-gneE21" to="-gneE42" begin="73" end="73" number="1"/>
<flow id="car68" type="carType2" from="-gneE21" to="gneE46" begin="74" end="74" number="1"/>
<flow id="car69" type="carType0" from="-gneE33" to="-gneE7" begin="74" end="74" number="1"/>
<flow id="car70" type="carType0" from="gneE9" to="gneE48" begin="75" end="75" number="1"/>
<flow id="car71" type="carType2" from="gneE18" to="gneE37" begin="80" end="80" number="1"/>
<flow id="car72" type="carType1" from="gneE37" to="-gneE29" begin="83" end="83" number="1"/>
<flow id="car73" type="carType2" from="-gneE45" to="gneE51" begin="84" end="84" number="1"/>
<flow id="car74" type="carType1" from="-gneE50" to="-gneE27" begin="84" end="84" number="1"/>
<flow id="car75" type="carType2" from="gneE9" to="-gneE33" begin="84" end="84" number="1"/>
<flow id="car76" type="carType2" from="gneE28" to="gneE50" begin="85" end="85" number="1"/>
<flow id="car77" type="carType2" from="-gneE44" to="gneE28" begin="85" end="85" number="1"/>
<flow id="car78" type="carType1" from="gneE21" to="-gneE49" begin="86" end="86" number="1"/>
<flow id="car79" type="carType1" from="-gneE13" to="toprightL" begin="87" end="87" number="1"/>
<flow id="car80" type="carType2" from="-gneE44" to="-gneE18" begin="89" end="89" number="1"/>
<flow id="car81" type="carType0" from="gneE45" to="gneE22" begin="89" end="89" number="1"/>
<flow id="car82" type="carType2" from="gneE29" to="-gneE29" begin="91" end="91" number="1"/>
<flow id="car83" type="carType0" from="gneE48" to="-gneE13" begin="93" end="93" number="1"/>
<flow id="car84" type="carType2" from="gneE28" to="-gneE21" begin="94" end="94" number="1"/>
<flow id="car85" type="carType0" from="gneE35" to="gneE43" begin="94" end="94" number="1"/>
<flow id="car86" type="carType2" from="gneE9" to="gneE29" begin="95" end="95" number="1"/>
<flow id="car87" type="carType2" from="-gneE51" to="-gneE33" begin="95" end="95" number="1"/>
<flow id="car88" type="carType1" from="-gneE34" to="toprightD" begin="96" end="96" number="1"/>
<flow id="car89" type="carType2" from="toprightD" to="-gneE8" begin="97" end="97" number="1"/>
<flow id="car90" type="carType0" from="gneE51" to="-gneE21" begin="98" end="98" number="1"/>
<flow id="car91" type="carType1" from="-gneE13" to="-gneE42" begin="99" end="99" number="1"/>
<flow id="car92" type="carType0" from="-gneE13" to="-gneE34" begin="99" end="99" number="1"/>
<flow id="car93" type="carType2" from="gneE21" to="-gneE8" begin="99" end="99" number="1"/>
<flow id="car94" type="carType2" from="gneE8" to="gneE28" begin="99" end="99" number="1"/>
<flow id="car95" type="carType1" from="gneE27" to="-gneE33" begin="100" end="100" number="1"/>
<flow id="car96" type="carType0" from="-gneE33" to="gneE21" begin="100" end="100" number="1"/>
<flow id="car97" type="carType2" from="gneE18" to="topleftR" begin="101" end="101" number="1"/>
<flow id="car98" type="carType2" from="gneE29" to="-gneE21" begin="101" end="101" number="1"/>
<flow id="car99" type="carType1" from="-gneE43" to="bottomleftR" begin="102" end="102" number="1"/>
<flow id="car100" type="carType0" from="-gneE49" to="-gneE50" begin="107" end="107" number="1"/>
<flow id="car101" type="carType0" from="gneE35" to="-gneE29" begin="109" end="109" number="1"/>
<flow id="car102" type="carType2" from="bottomleftU" to="toprightD" begin="109" end="109" number="1"/>
<flow id="car103" type="carType1" from="gneE51" to="-gneE42" begin="109" end="109" number="1"/>
<flow id="car104" type="carType1" from="gneE29" to="-gneE45" begin="110" end="110" number="1"/>
<flow id="car105" type="carType2" from="-gneE43" to="-gneE49" begin="110" end="110" number="1"/>
<flow id="car106" type="carType0" from="gneE44" to="-gneE18" begin="114" end="114" number="1"/>
<flow id="car107" type="carType2" from="gneE48" to="gneE42" begin="114" end="114" number="1"/>
<flow id="car108" type="carType2" from="gneE42" to="gneE8" begin="115" end="115" number="1"/>
<flow id="car109" type="carType0" from="-gneE28" to="-gneE13" begin="115" end="115" number="1"/>
<flow id="car110" type="carType1" from="topleftD" to="-gneE13" begin="115" end="115" number="1"/>
<flow id="car111" type="carType1" from="-gneE13" to="-gneE8" begin="116" end="116" number="1"/>
<flow id="car112" type="carType0" from="topleftR" to="gneE48" begin="117" end="117" number="1"/>
<flow id="car113" type="carType0" from="-gneE8" to="-gneE33" begin="117" end="117" number="1"/>
<flow id="car114" type="carType1" from="-gneE48" to="-gneE7" begin="118" end="118" number="1"/>
<flow id="car115" type="carType2" from="gneE46" to="-gneE28" begin="118" end="118" number="1"/>
<flow id="car116" type="carType2" from="topleftD" to="topleftR" begin="119" end="119" number="1"/>
<flow id="car117" type="carType1" from="gneE22" to="gneE29" begin="120" end="120" number="1"/>
<flow id="car118" type="carType2" from="gneE42" to="gneE37" begin="121" end="121" number="1"/>
<flow id="car119" type="carType2" from="bottomrightU" to="gneE48" begin="121" end="121" number="1"/>
<flow id="car120" type="carType2" from="toprightD" to="bottomleftR" begin="121" end="121" number="1"/>
<flow id="car121" type="carType0" from="gneE46" to="-gneE49" begin="126" end="126" number="1"/>
<flow id="car122" type="carType1" from="gneE27" to="gneE22" begin="126" end="126" number="1"/>
<flow id="car123" type="carType0" from="-gneE51" to="bottomleftR" begin="127" end="127" number="1"/>
<flow id="car124" type="carType1" from="bottomrightL" to="-gneE51" begin="127" end="127" number="1"/>
<flow id="car125" type="carType2" from="topleftR" to="gneE21" begin="128" end="128" number="1"/>
<flow id="car126" type="carType0" from="-gneE44" to="-gneE50" begin="128" end="128" number="1"/>
<flow id="car127" type="carType2" from="gneE43" to="gneE8" begin="128" end="128" number="1"/>
<flow id="car128" type="carType1" from="gneE51" to="toprightD" begin="129" end="129" number="1"/>
<flow id="car129" type="carType0" from="bottomleftR" to="gneE29" begin="130" end="130" number="1"/>
<flow id="car130" type="carType1" from="-gneE7" to="-gneE45" begin="133" end="133" number="1"/>
<flow id="car131" type="carType0" from="gneE29" to="gneE21" begin="134" end="134" number="1"/>
<flow id="car132" type="carType0" from="bottomrightL" to="-gneE27" begin="137" end="137" number="1"/>
<flow id="car133" type="carType1" from="-gneE29" to="gneE35" begin="138" end="138" number="1"/>
<flow id="car134" type="carType1" from="gneE37" to="gneE48" begin="139" end="139" number="1"/>
<flow id="car135" type="carType2" from="-gneE43" to="-gneE28" begin="140" end="140" number="1"/>
<flow id="car136" type="carType1" from="gneE45" to="toprightD" begin="140" end="140" number="1"/>
<flow id="car137" type="carType2" from="toprightD" to="-gneE13" begin="143" end="143" number="1"/>
<flow id="car138" type="carType0" from="-gneE13" to="gneE45" begin="143" end="143" number="1"/>
<flow id="car139" type="carType0" from="-gneE28" to="gneE27" begin="143" end="143" number="1"/>
<flow id="car140" type="carType0" from="-gneE28" to="-gneE43" begin="144" end="144" number="1"/>
<flow id="car141" type="carType2" from="-gneE13" to="gneE29" begin="144" end="144" number="1"/>
<flow id="car142" type="carType0" from="gneE34" to="-gneE13" begin="145" end="145" number="1"/>
<flow id="car143" type="carType1" from="-gneE7" to="-gneE42" begin="145" end="145" number="1"/>
<flow id="car144" type="carType1" from="-gneE50" to="-gneE7" begin="145" end="145" number="1"/>
<flow id="car145" type="carType1" from="gneE34" to="gneE34" begin="146" end="146" number="1"/>
<flow id="car146" type="carType1" from="-gneE42" to="bottomleftR" begin="147" end="147" number="1"/>
<flow id="car147" type="carType1" from="bottomrightU" to="gneE51" begin="147" end="147" number="1"/>
<flow id="car148" type="carType0" from="toprightL" to="gneE35" begin="150" end="150" number="1"/>
<flow id="car149" type="carType2" from="gneE22" to="gneE48" begin="152" end="152" number="1"/>
<flow id="car150" type="carType1" from="gneE46" to="gneE48" begin="153" end="153" number="1"/>
<flow id="car151" type="carType1" from="gneE29" to="-gneE43" begin="155" end="155" number="1"/>
<flow id="car152" type="carType2" from="-gneE37" to="gneE9" begin="157" end="157" number="1"/>
<flow id="car153" type="carType0" from="-gneE42" to="toprightL" begin="158" end="158" number="1"/>
<flow id="car154" type="carType2" from="bottomleftR" to="-gneE49" begin="159" end="159" number="1"/>
<flow id="car155" type="carType1" from="bottomleftU" to="gneE21" begin="162" end="162" number="1"/>
<flow id="car156" type="carType0" from="topleftD" to="topleftR" begin="162" end="162" number="1"/>
<flow id="car157" type="carType1" from="bottomrightU" to="gneE8" begin="162" end="162" number="1"/>
<flow id="car158" type="carType2" from="-gneE43" to="toprightL" begin="163" end="163" number="1"/>
<flow id="car159" type="carType2" from="gneE46" to="gneE34" begin="164" end="164" number="1"/>
<flow id="car160" type="carType1" from="-gneE13" to="gneE9" begin="164" end="164" number="1"/>
<flow id="car161" type="carType0" from="gneE35" to="bottomrightU" begin="165" end="165" number="1"/>
<flow id="car162" type="carType0" from="gneE42" to="-gneE29" begin="165" end="165" number="1"/>
<flow id="car163" type="carType2" from="topleftD" to="bottomrightU" begin="167" end="167" number="1"/>
<flow id="car164" type="carType1" from="-gneE51" to="gneE37" begin="168" end="168" number="1"/>
<flow id="car165" type="carType0" from="-gneE42" to="gneE27" begin="168" end="168" number="1"/>
<flow id="car166" type="carType0" from="gneE8" to="-gneE28" begin="168" end="168" number="1"/>
<flow id="car167" type="carType0" from="gneE51" to="gneE45" begin="169" end="169" number="1"/>
<flow id="car168" type="carType2" from="-gneE21" to="-gneE27" begin="170" end="170" number="1"/>
<flow id="car169" type="carType2" from="gneE49" to="bottomleftU" begin="171" end="171" number="1"/>
<flow id="car170" type="carType0" from="gneE27" to="gneE35" begin="172" end="172" number="1"/>
<flow id="car171" type="carType2" from="-gneE42" to="bottomrightU" begin="173" end="173" number="1"/>
<flow id="car172" type="carType1" from="bottomrightU" to="bottomrightL" begin="174" end="174" number="1"/>
<flow id="car173" type="carType1" from="-gneE13" to="bottomleftR" begin="175" end="175" number="1"/>
<flow id="car174" type="carType0" from="gneE42" to="gneE34" begin="175" end="175" number="1"/>
<flow id="car175" type="carType2" from="-gneE33" to="bottomleftR" begin="176" end="176" number="1"/>
<flow id="car176" type="carType0" from="-gneE50" to="-gneE51" begin="178" end="178" number="1"/>
<flow id="car177" type="carType2" from="gneE28" to="gneE37" begin="181" end="181" number="1"/>
<flow id="car178" type="carType2" from="gneE43" to="gneE28" begin="182" end="182" number="1"/>
<flow id="car179" type="carType2" from="topleftR" to="-gneE50" begin="183" end="183" number="1"/>
<flow id="car180" type="carType2" from="-gneE8" to="gneE45" begin="183" end="183" number="1"/>
<flow id="car181" type="carType2" from="-gneE44" to="toprightL" begin="183" end="183" number="1"/>
<flow id="car182" type="carType0" from="-gneE44" to="-gneE28" begin="184" end="184" number="1"/>
<flow id="car183" type="carType0" from="gneE48" to="bottomrightU" begin="185" end="185" number="1"/>
<flow id="car184" type="carType2" from="gneE29" to="gneE37" begin="187" end="187" number="1"/>
<flow id="car185" type="carType1" from="bottomleftR" to="gneE50" begin="188" end="188" number="1"/>
<flow id="car186" type="carType2" from="gneE51" to="gneE34" begin="188" end="188" number="1"/>
<flow id="car187" type="carType2" from="-gneE7" to="gneE18" begin="189" end="189" number="1"/>
<flow id="car188" type="carType2" from="gneE27" to="gneE30" begin="189" end="189" number="1"/>
<flow id="car189" type="carType1" from="-gneE29" to="bottomleftU" begin="189" end="189" number="1"/>
<flow id="car190" type="carType2" from="-gneE50" to="bottomleftR" begin="189" end="189" number="1"/>
<flow id="car191" type="carType0" from="-gneE33" to="-gneE34" begin="193" end="193" number="1"/>
<flow id="car192" type="carType1" from="gneE35" to="-gneE13" begin="193" end="193" number="1"/>
<flow id="car193" type="carType0" from="gneE18" to="-gneE34" begin="196" end="196" number="1"/>
<flow id="car194" type="carType2" from="gneE44" to="gneE43" begin="196" end="196" number="1"/>
<flow id="car195" type="carType1" from="-gneE42" to="-gneE42" begin="197" end="197" number="1"/>
<flow id="car196" type="carType1" from="-gneE34" to="gneE50" begin="197" end="197" number="1"/>
<flow id="car197" type="carType1" from="-gneE28" to="bottomrightL" begin="198" end="198" number="1"/>
<flow id="car198" type="carType2" from="gneE48" to="-gneE21" begin="198" end="198" number="1"/>
<flow id="car199" type="carType0" from="-gneE45" to="bottomleftU" begin="198" end="198" number="1"/>
</routes>
