<routes>
<vType id="carType0" length="8" maxSpeed="58.33" accel="2.89" decel="5.65" speedDev="0.2" sigma="0.2"/>
<vType id="carType1" length="7" maxSpeed="41.48" accel="2.95" decel="4.65" speedDev="0.2" sigma="0.11"/>
<vType id="carType2" length="6" maxSpeed="46.66" accel="2.36" decel="5.14" speedDev="0.2" sigma="0.28"/>
<flow id="car0" type="carType2" from="gneE49" to="-gneE43" begin="1" end="1" number="1"/>
<flow id="car1" type="carType0" from="-gneE42" to="gneE27" begin="1" end="1" number="1"/>
<flow id="car2" type="carType2" from="topleftD" to="gneE48" begin="4" end="4" number="1"/>
<flow id="car3" type="carType2" from="-gneE51" to="gneE45" begin="5" end="5" number="1"/>
<flow id="car4" type="carType2" from="gneE50" to="-gneE33" begin="6" end="6" number="1"/>
<flow id="car5" type="carType0" from="gneE46" to="gneE48" begin="6" end="6" number="1"/>
<flow id="car6" type="carType0" from="gneE37" to="-gneE44" begin="10" end="10" number="1"/>
<flow id="car7" type="carType0" from="-gneE13" to="gneE22" begin="12" end="12" number="1"/>
<flow id="car8" type="carType2" from="gneE34" to="bottomrightU" begin="12" end="12" number="1"/>
<flow id="car9" type="carType2" from="gneE50" to="gneE34" begin="12" end="12" number="1"/>
<flow id="car10" type="carType0" from="-gneE48" to="gneE51" begin="13" end="13" number="1"/>
<flow id="car11" type="carType0" from="gneE29" to="gneE22" begin="16" end="16" number="1"/>
<flow id="car12" type="carType2" from="topleftD" to="-gneE42" begin="17" end="17" number="1"/>
<flow id="car13" type="carType1" from="gneE49" to="gneE46" begin="18" end="18" number="1"/>
<flow id="car14" type="carType1" from="-gneE44" to="-gneE42" begin="18" end="18" number="1"/>
<flow id="car15" type="carType0" from="gneE44" to="-gneE45" begin="18" end="18" number="1"/>
<flow id="car16" type="carType2" from="gneE22" to="-gneE8" begin="18" end="18" number="1"/>
<flow id="car17" type="carType2" from="-gneE7" to="-gneE18" begin="18" end="18" number="1"/>
<flow id="car18" type="carType0" from="-gneE13" to="gneE22" begin="19" end="19" number="1"/>
<flow id="car19" type="carType1" from="-gneE8" to="gneE45" begin="20" end="20" number="1"/>
<flow id="car20" type="carType1" from="toprightD" to="gneE8" begin="23" end="23" number="1"/>
<flow id="car21" type="carType1" from="-gneE42" to="-gneE7" begin="24" end="24" number="1"/>
<flow id="car22" type="carType0" from="gneE50" to="gneE48" begin="24" end="24" number="1"/>
<flow id="car23" type="carType2" from="-gneE34" to="bottomrightU" begin="25" end="25" number="1"/>
<flow id="car24" type="carType2" from="gneE21" to="toprightL" begin="26" end="26" number="1"/>
<flow id="car25" type="carType1" from="gneE48" to="-gneE50" begin="28" end="28" number="1"/>
<flow id="car26" type="carType2" from="gneE42" to="-gneE33" begin="28" end="28" number="1"/>
<flow id="car27" type="carType0" from="gneE9" to="bottomrightL" begin="29" end="29" number="1"/>
<flow id="car28" type="carType0" from="gneE42" to="gneE45" begin="30" end="30" number="1"/>
<flow id="car29" type="carType1" from="bottomleftU" to="gneE29" begin="31" end="31" number="1"/>
<flow id="car30" type="carType0" from="gneE28" to="-gneE18" begin="34" end="34" number="1"/>
<flow id="car31" type="carType2" from="gneE30" to="bottomrightU" begin="35" end="35" number="1"/>
<flow id="car32" type="carType2" from="gneE43" to="gneE21" begin="35" end="35" number="1"/>
<flow id="car33" type="carType1" from="gneE29" to="gneE34" begin="35" end="35" number="1"/>
<flow id="car34" type="carType0" from="gneE44" to="-gneE49" begin="36" end="36" number="1"/>
<flow id="car35" type="carType0" from="-gneE29" to="toprightD" begin="39" end="39" number="1"/>
<flow id="car36" type="carType2" from="gneE28" to="-gneE48" begin="40" end="40" number="1"/>
<flow id="car37" type="carType0" from="gneE42" to="gneE27" begin="42" end="42" number="1"/>
<flow id="car38" type="carType2" from="gneE30" to="bottomrightL" begin="43" end="43" number="1"/>
<flow id="car39" type="carType2" from="-gneE33" to="gneE49" begin="43" end="43" number="1"/>
<flow id="car40" type="carType0" from="gneE44" to="gneE22" begin="43" end="43" number="1"/>
<flow id="car41" type="carType0" from="-gneE51" to="gneE46" begin="44" end="44" number="1"/>
<flow id="car42" type="carType1" from="-gneE7" to="gneE45" begin="46" end="46" number="1"/>
<flow id="car43" type="carType0" from="topleftD" to="-gneE49" begin="47" end="47" number="1"/>
<flow id="car44" type="carType2" from="-gneE45" to="-gneE21" begin="49" end="49" number="1"/>
<flow id="car45" type="carType0" from="-gneE48" to="-gneE49" begin="49" end="49" number="1"/>
<flow id="car46" type="carType2" from="gneE44" to="topleftR" begin="51" end="51" number="1"/>
<flow id="car47" type="carType0" from="-gneE49" to="-gneE18" begin="51" end="51" number="1"/>
<flow id="car48" type="carType2" from="bottomrightL" to="-gneE43" begin="53" end="53" number="1"/>
<flow id="car49" type="carType1" from="bottomleftR" to="-gneE49" begin="53" end="53" number="1"/>
<flow id="car50" type="carType2" from="gneE9" to="topleftD" begin="53" end="53" number="1"/>
<flow id="car51" type="carType2" from="gneE51" to="bottomleftU" begin="53" end="53" number="1"/>
<flow id="car52" type="carType2" from="toprightL" to="gneE48" begin="53" end="53" number="1"/>
<flow id="car53" type="carType1" from="toprightD" to="gneE50" begin="54" end="54" number="1"/>
<flow id="car54" type="carType1" from="gneE44" to="bottomrightL" begin="55" end="55" number="1"/>
<flow id="car55" type="carType0" from="bottomleftR" to="gneE42" begin="55" end="55" number="1"/>
<flow id="car56" type="carType2" from="-gneE8" to="-gneE27" begin="56" end="56" number="1"/>
<flow id="car57" type="carType1" from="gneE21" to="-gneE7" begin="57" end="57" number="1"/>
<flow id="car58" type="carType0" from="toprightD" to="topleftR" begin="57" end="57" number="1"/>
<flow id="car59" type="carType0" from="bottomleftR" to="gneE34" begin="57" end="57" number="1"/>
<flow id="car60" type="carType2" from="toprightL" to="-gneE7" begin="57" end="57" number="1"/>
<flow id="car61" type="carType0" from="-gneE28" to="gneE30" begin="58" end="58" number="1"/>
<flow id="car62" type="carType1" from="-gneE50" to="-gneE42" begin="60" end="60" number="1"/>
<flow id="car63" type="carType1" from="gneE51" to="-gneE42" begin="60" end="60" number="1"/>
<flow id="car64" type="carType1" from="gneE34" to="gneE45" begin="60" end="60" number="1"/>
<flow id="car65" type="carType1" from="gneE35" to="gneE44" begin="63" end="63" number="1"/>
<flow id="car66" type="carType2" from="-gneE48" to="topleftR" begin="67" end="67" number="1"/>
<flow id="car67" type="carType0" from="-gneE33" to="-gneE13" begin="67" end="67" number="1"/>
<flow id="car68" type="carType1" from="gneE28" to="gneE8" begin="70" end="70" number="1"/>
<flow id="car69" type="carType1" from="gneE51" to="gneE9" begin="72" end="72" number="1"/>
<flow id="car70" type="carType1" from="-gneE34" to="-gneE48" begin="72" end="72" number="1"/>
<flow id="car71" type="carType2" from="gneE9" to="-gneE27" begin="72" end="72" number="1"/>
<flow id="car72" type="carType0" from="gneE8" to="-gneE45" begin="75" end="75" number="1"/>
<flow id="car73" type="carType2" from="bottomleftU" to="-gneE27" begin="75" end="75" number="1"/>
<flow id="car74" type="carType2" from="gneE8" to="gneE45" begin="78" end="78" number="1"/>
<flow id="car75" type="carType0" from="toprightD" to="-gneE45" begin="78" end="78" number="1"/>
<flow id="car76" type="carType0" from="-gneE44" to="gneE51" begin="79" end="79" number="1"/>
<flow id="car77" type="carType1" from="bottomleftU" to="-gneE8" begin="80" end="80" number="1"/>
<flow id="car78" type="carType0" from="bottomleftU" to="-gneE50" begin="80" end="80" number="1"/>
<flow id="car79" type="carType2" from="-gneE37" to="-gneE8" begin="81" end="81" number="1"/>
<flow id="car80" type="carType1" from="gneE43" to="-gneE28" begin="83" end="83" number="1"/>
<flow id="car81" type="carType1" from="gneE42" to="-gneE13" begin="83" end="83" number="1"/>
<flow id="car82" type="carType2" from="-gneE50" to="toprightL" begin="83" end="83" number="1"/>
<flow id="car83" type="carType2" from="-gneE50" to="gneE30" begin="85" end="85" number="1"/>
<flow id="car84" type="carType1" from="-gneE49" to="gneE50" begin="85" end="85" number="1"/>
<flow id="car85" type="carType1" from="gneE22" to="-gneE27" begin="86" end="86" number="1"/>
<flow id="car86" type="carType0" from="-gneE44" to="gneE49" begin="88" end="88" number="1"/>
<flow id="car87" type="carType1" from="gneE49" to="-gneE50" begin="88" end="88" number="1"/>
<flow id="car88" type="carType2" from="-gneE8" to="gneE35" begin="89" end="89" number="1"/>
<flow id="car89" type="carType2" from="-gneE44" to="gneE21" begin="89" end="89" number="1"/>
<flow id="car90" type="carType1" from="-gneE49" to="gneE51" begin="90" end="90" number="1"/>
<flow id="car91" type="carType0" from="gneE44" to="gneE42" begin="94" end="94" number="1"/>
<flow id="car92" type="carType0" from="-gneE42" to="gneE9" begin="95" end="95" number="1"/>
<flow id="car93" type="carType1" from="-gneE51" to="gneE30" begin="99" end="99" number="1"/>
<flow id="car94" type="carType2" from="gneE8" to="gneE35" begin="100" end="100" number="1"/>
<flow id="car95" type="carType0" from="-gneE27" to="topleftD" begin="101" end="101" number="1"/>
<flow id="car96" type="carType0" from="gneE8" to="gneE43" begin="101" end="101" number="1"/>
<flow id="car97" type="carType2" from="gneE43" to="gneE42" begin="103" end="103" number="1"/>
<flow id="car98" type="carType1" from="gneE46" to="-gneE50" begin="103" end="103" number="1"/>
<flow id="car99" type="carType2" from="-gneE48" to="-gneE37" begin="103" end="103" number="1"/>
<flow id="car100" type="carType1" from="toprightD" to="gneE22" begin="107" end="107" number="1"/>
<flow id="car101" type="carType1" from="-gneE34" to="gneE42" begin="107" end="107" number="1"/>
<flow id="car102" type="carType0" from="bottomrightU" to="gneE22" begin="107" end="107" number="1"/>
<flow id="car103" type="carType0" from="gneE35" to="gneE46" begin="108" end="108" number="1"/>
<flow id="car104" type="carType1" from="-gneE42" to="gneE42" begin="111" end="111" number="1"/>
<flow id="car105" type="carType0" from="gneE27" to="gneE34" begin="111" end="111" number="1"/>
<flow id="car106" type="carType1" from="gneE27" to="-gneE29" begin="113" end="113" number="1"/>
<flow id="car107" type="carType0" from="gneE9" to="-gneE18" begin="113" end="113" number="1"/>
<flow id="car108" type="carType1" from="-gneE7" to="bottomrightU" begin="113" end="113" number="1"/>
<flow id="car109" type="carType2" from="gneE21" to="gneE34" begin="114" end="114" number="1"/>
<flow id="car110" type="carType1" from="gneE42" to="gneE45" begin="114" end="114" number="1"/>
<flow id="car111" type="carType1" from="-gneE7" to="-gneE29" begin="114" end="114" number="1"/>
<flow id="car112" type="carType1" from="gneE49" to="gneE45" begin="114" end="114" number="1"/>
<flow id="car113" type="carType2" from="-gneE50" to="gneE44" begin="115" end="115" number="1"/>
<flow id="car114" type="carType2" from="bottomleftU" to="gneE50" begin="117" end="117" number="1"/>
<flow id="car115" type="carType1" from="gneE49" to="gneE29" begin="119" end="119" number="1"/>
<flow id="car116" type="carType1" from="gneE48" to="gneE49" begin="122" end="122" number="1"/>
<flow id="car117" type="carType0" from="-gneE42" to="gneE49" begin="122" end="122" number="1"/>
<flow id="car118" type="carType1" from="bottomrightL" to="-gneE44" begin="123" end="123" number="1"/>
<flow id="car119" type="carType1" from="-gneE37" to="gneE9" begin="123" end="123" number="1"/>
<flow id="car120" type="carType0" from="-gneE34" to="gneE18" begin="124" end="124" number="1"/>
<flow id="car121" type="carType0" from="gneE35" to="-gneE13" begin="124" end="124" number="1"/>
<flow id="car122" type="carType1" from="gneE35" to="gneE44" begin="125" end="125" number="1"/>
<flow id="car123" type="carType1" from="gneE28" to="gneE30" begin="126" end="126" number="1"/>
<flow id="car124" type="carType2" from="gneE8" to="-gneE42" begin="126" end="126" number="1"/>
<flow id="car125" type="carType1" from="gneE49" to="-gneE48" begin="126" end="126" number="1"/>
<flow id="car126" type="carType1" from="gneE30" to="bottomleftU" begin="130" end="130" number="1"/>
<flow id="car127" type="carType0" from="-gneE34" to="gneE28" begin="130" end="130" number="1"/>
<flow id="car128" type="carType1" from="gneE43" to="-gneE49" begin="131" end="131" number="1"/>
<flow id="car129" type="carType2" from="gneE21" to="gneE30" begin="132" end="132" number="1"/>
<flow id="car130" type="carType2" from="-gneE13" to="-gneE34" begin="132" end="132" number="1"/>
<flow id="car131" type="carType0" from="gneE35" to="-gneE28" begin="133" end="133" number="1"/>
<flow id="car132" type="carType1" from="gneE50" to="topleftD" begin="133" end="133" number="1"/>
<flow id="car133" type="carType1" from="-gneE13" to="-gneE42" begin="133" end="133" number="1"/>
<flow id="car134" type="carType1" from="gneE27" to="-gneE7" begin="135" end="135" number="1"/>
<flow id="car135" type="carType2" from="-gneE50" to="gneE35" begin="135" end="135" number="1"/>
<flow id="car136" type="carType1" from="gneE51" to="gneE21" begin="135" end="135" number="1"/>
<flow id="car137" type="carType2" from="gneE46" to="-gneE33" begin="137" end="137" number="1"/>
<flow id="car138" type="carType2" from="gneE37" to="gneE43" begin="138" end="138" number="1"/>
<flow id="car139" type="carType2" from="gneE51" to="gneE21" begin="138" end="138" number="1"/>
<flow id="car140" type="carType0" from="gneE34" to="gneE34" begin="139" end="139" number="1"/>
<flow id="car141" type="carType1" from="toprightL" to="gneE37" begin="143" end="143" number="1"/>
<flow id="car142" type="carType2" from="-gneE8" to="-gneE43" begin="146" end="146" number="1"/>
<flow id="car143" type="carType0" from="-gneE51" to="gneE45" begin="146" end="146" number="1"/>
<flow id="car144" type="carType0" from="gneE51" to="gneE22" begin="147" end="147" number="1"/>
<flow id="car145" type="carType2" from="bottomleftU" to="bottomrightU" begin="149" end="149" number="1"/>
<flow id="car146" type="carType0" from="toprightD" to="gneE21" begin="149" end="149" number="1"/>
<flow id="car147" type="carType2" from="gneE42" to="topleftR" begin="149" end="149" number="1"/>
<flow id="car148" type="carType2" from="gneE42" to="bottomrightL" begin="150" end="150" number="1"/>
<flow id="car149" type="carType0" from="bottomrightU" to="gneE29" begin="150" end="150" number="1"/>
<flow id="car150" type="carType1" from="gneE29" to="-gneE49" begin="150" end="150" number="1"/>
<flow id="car151" type="carType0" from="gneE35" to="topleftD" begin="150" end="150" number="1"/>
<flow id="car152" type="carType0" from="gneE22" to="gneE27" begin="151" end="151" number="1"/>
<flow id="car153" type="carType2" from="-gneE51" to="-gneE44" begin="154" end="154" number="1"/>
<flow id="car154" type="carType1" from="gneE49" to="gneE50" begin="155" end="155" number="1"/>
<flow id="car155" type="carType1" from="gneE34" to="-gneE45" begin="156" end="156" number="1"/>
<flow id="car156" type="carType0" from="-gneE21" to="topleftD" begin="156" end="156" number="1"/>
<flow id="car157" type="carType1" from="-gneE21" to="-gneE44" begin="156" end="156" number="1"/>
<flow id="car158" type="carType0" from="gneE50" to="gneE49" begin="156" end="156" number="1"/>
<flow id="car159" type="carType1" from="gneE9" to="gneE43" begin="157" end="157" number="1"/>
<flow id="car160" type="carType2" from="gneE34" to="-gneE37" begin="158" end="158" number="1"/>
<flow id="car161" type="carType2" from="-gneE21" to="gneE45" begin="159" end="159" number="1"/>
<flow id="car162" type="carType1" from="gneE27" to="gneE42" begin="159" end="159" number="1"/>
<flow id="car163" type="carType0" from="gneE18" to="-gneE18" begin="159" end="159" number="1"/>
<flow id="car164" type="carType2" from="gneE45" to="gneE9" begin="160" end="160" number="1"/>
<flow id="car165" type="carType1" from="gneE27" to="bottomrightU" begin="162" end="162" number="1"/>
<flow id="car166" type="carType1" from="gneE50" to="-gneE49" begin="165" end="165" number="1"/>
<flow id="car167" type="carType1" from="topleftR" to="-gneE37" begin="166" end="166" number="1"/>
<flow id="car168" type="carType1" from="gneE29" to="gneE30" begin="166" end="166" number="1"/>
<flow id="car169" type="carType2" from="gneE50" to="gneE45" begin="166" end="166" number="1"/>
<flow id="car170" type="carType2" from="gneE50" to="-gneE21" begin="166" end="166" number="1"/>
<flow id="car171" type="carType0" from="gneE8" to="gneE29" begin="167" end="167" number="1"/>
<flow id="car172" type="carType0" from="-gneE50" to="-gneE33" begin="167" end="167" number="1"/>
<flow id="car173" type="carType2" from="gneE45" to="-gneE28" begin="168" end="168" number="1"/>
<flow id="car174" type="carType0" from="gneE34" to="gneE28" begin="168" end="168" number="1"/>
<flow id="car175" type="carType0" from="gneE49" to="-gneE29" begin="170" end="170" number="1"/>
<flow id="car176" type="carType2" from="-gneE45" to="gneE28" begin="170" end="170" number="1"/>
<flow id="car177" type="carType2" from="gneE29" to="-gneE33" begin="171" end="171" number="1"/>
<flow id="car178" type="carType2" from="gneE50" to="toprightL" begin="175" end="175" number="1"/>
<flow id="car179" type="carType0" from="gneE46" to="-gneE18" begin="175" end="175" number="1"/>
<flow id="car180" type="carType0" from="gneE29" to="-gneE45" begin="180" end="180" number="1"/>
<flow id="car181" type="carType0" from="topleftD" to="-gneE51" begin="182" end="182" number="1"/>
<flow id="car182" type="carType1" from="gneE42" to="topleftD" begin="183" end="183" number="1"/>
<flow id="car183" type="carType2" from="gneE9" to="-gneE42" begin="184" end="184" number="1"/>
<flow id="car184" type="carType0" from="gneE45" to="-gneE48" begin="187" end="187" number="1"/>
<flow id="car185" type="carType0" from="gneE28" to="-gneE49" begin="187" end="187" number="1"/>
<flow id="car186" type="carType0" from="-gneE44" to="gneE43" begin="187" end="187" number="1"/>
<flow id="car187" type="carType2" from="gneE29" to="bottomrightL" begin="189" end="189" number="1"/>
<flow id="car188" type="carType1" from="gneE43" to="-gneE44" begin="189" end="189" number="1"/>
<flow id="car189" type="carType0" from="-gneE7" to="bottomleftU" begin="191" end="191" number="1"/>
<flow id="car190" type="carType2" from="-gneE42" to="gneE44" begin="192" end="192" number="1"/>
<flow id="car191" type="carType0" from="-gneE21" to="-gneE37" begin="192" end="192" number="1"/>
<flow id="car192" type="carType2" from="gneE29" to="-gneE49" begin="192" end="192" number="1"/>
<flow id="car193" type="carType0" from="-gneE33" to="-gneE44" begin="194" end="194" number="1"/>
<flow id="car194" type="carType0" from="gneE35" to="gneE27" begin="194" end="194" number="1"/>
<flow id="car195" type="carType1" from="gneE30" to="gneE44" begin="196" end="196" number="1"/>
<flow id="car196" type="carType1" from="-gneE48" to="gneE51" begin="196" end="196" number="1"/>
<flow id="car197" type="carType1" from="topleftR" to="gneE34" begin="197" end="197" number="1"/>
<flow id="car198" type="carType2" from="gneE9" to="-gneE27" begin="199" end="199" number="1"/>
<flow id="car199" type="carType1" from="gneE18" to="-gneE45" begin="199" end="199" number="1"/>
</routes>
