<routes>
<vType id="carType0" length="9" maxSpeed="59.97" accel="2.26" decel="4.88" speedDev="0.2" sigma="0.19"/>
<vType id="carType1" length="5" maxSpeed="42.76" accel="2.33" decel="4.09" speedDev="0.2" sigma="0.2"/>
<vType id="carType2" length="9" maxSpeed="40.65" accel="2.48" decel="5.27" speedDev="0.2" sigma="0.21"/>
<flow id="car0" type="carType2" from="gneE45" to="-gneE29" begin="0" end="0" number="1"/>
<flow id="car1" type="carType1" from="gneE28" to="bottomrightL" begin="0" end="0" number="1"/>
<flow id="car2" type="carType0" from="gneE21" to="topleftR" begin="2" end="2" number="1"/>
<flow id="car3" type="carType1" from="-gneE34" to="gneE42" begin="2" end="2" number="1"/>
<flow id="car4" type="carType0" from="gneE8" to="gneE50" begin="2" end="2" number="1"/>
<flow id="car5" type="carType0" from="gneE22" to="-gneE21" begin="2" end="2" number="1"/>
<flow id="car6" type="carType2" from="-gneE29" to="-gneE13" begin="3" end="3" number="1"/>
<flow id="car7" type="carType2" from="gneE27" to="-gneE42" begin="3" end="3" number="1"/>
<flow id="car8" type="carType1" from="-gneE51" to="-gneE33" begin="5" end="5" number="1"/>
<flow id="car9" type="carType2" from="bottomrightU" to="bottomleftR" begin="5" end="5" number="1"/>
<flow id="car10" type="carType1" from="gneE18" to="-gneE28" begin="7" end="7" number="1"/>
<flow id="car11" type="carType2" from="-gneE7" to="gneE48" begin="7" end="7" number="1"/>
<flow id="car12" type="carType0" from="gneE28" to="gneE30" begin="7" end="7" number="1"/>
<flow id="car13" type="carType2" from="gneE35" to="-gneE21" begin="9" end="9" number="1"/>
<flow id="car14" type="carType0" from="-gneE7" to="-gneE45" begin="9" end="9" number="1"/>
<flow id="car15" type="carType2" from="gneE50" to="-gneE34" begin="10" end="10" number="1"/>
<flow id="car16" type="carType2" from="gneE21" to="gneE37" begin="11" end="11" number="1"/>
<flow id="car17" type="carType0" from="-gneE37" to="-gneE37" begin="11" end="11" number="1"/>
<flow id="car18" type="carType1" from="-gneE48" to="gneE50" begin="14" end="14" number="1"/>
<flow id="car19" type="carType2" from="-gneE21" to="-gneE18" begin="15" end="15" number="1"/>
<flow id="car20" type="carType1" from="-gneE34" to="toprightL" begin="16" end="16" number="1"/>
<flow id="car21" type="carType1" from="-gneE51" to="toprightL" begin="18" end="18" number="1"/>
<flow id="car22" type="carType0" from="gneE21" to="gneE28" begin="18" end="18" number="1"/>
<flow id="car23" type="carType1" from="gneE48" to="gneE48" begin="19" end="19" number="1"/>
<flow id="car24" type="carType0" from="-gneE51" to="gneE44" begin="20" end="20" number="1"/>
<flow id="car25" type="carType1" from="toprightD" to="-gneE13" begin="21" end="21" number="1"/>
<flow id="car26" type="carType2" from="gneE8" to="bottomleftR" begin="21" end="21" number="1"/>
<flow id="car27" type="carType1" from="gneE8" to="gneE9" begin="24" end="24" number="1"/>
<flow id="car28" type="carType2" from="gneE42" to="gneE18" begin="25" end="25" number="1"/>
<flow id="car29" type="carType2" from="-gneE44" to="-gneE37" begin="27" end="27" number="1"/>
<flow id="car30" type="carType2" from="gneE44" to="-gneE18" begin="28" end="28" number="1"/>
<flow id="car31" type="carType0" from="bottomrightL" to="gneE27" begin="28" end="28" number="1"/>
<flow id="car32" type="carType1" from="gneE51" to="-gneE42" begin="29" end="29" number="1"/>
<flow id="car33" type="carType0" from="gneE8" to="-gneE43" begin="29" end="29" number="1"/>
<flow id="car34" type="carType2" from="bottomleftR" to="toprightD" begin="30" end="30" number="1"/>
<flow id="car35" type="carType0" from="toprightD" to="toprightD" begin="34" end="34" number="1"/>
<flow id="car36" type="carType0" from="gneE46" to="-gneE13" begin="34" end="34" number="1"/>
<flow id="car37" type="carType0" from="gneE44" to="-gneE49" begin="35" end="35" number="1"/>
<flow id="car38" type="carType2" from="-gneE8" to="bottomrightL" begin="35" end="35" number="1"/>
<flow id="car39" type="carType2" from="-gneE37" to="-gneE51" begin="37" end="37" number="1"/>
<flow id="car40" type="carType2" from="gneE34" to="bottomleftR" begin="39" end="39" number="1"/>
<flow id="car41" type="carType1" from="-gneE29" to="gneE43" begin="39" end="39" number="1"/>
<flow id="car42" type="carType0" from="topleftR" to="-gneE7" begin="40" end="40" number="1"/>
<flow id="car43" type="carType2" from="topleftD" to="-gneE34" begin="41" end="41" number="1"/>
<flow id="car44" type="carType1" from="gneE29" to="-gneE49" begin="43" end="43" number="1"/>
<flow id="car45" type="carType1" from="gneE35" to="toprightL" begin="43" end="43" number="1"/>
<flow id="car46" type="carType0" from="gneE9" to="-gneE21" begin="43" end="43" number="1"/>
<flow id="car47" type="carType1" from="-gneE33" to="bottomrightL" begin="44" end="44" number="1"/>
<flow id="car48" type="carType2" from="toprightL" to="-gneE37" begin="45" end="45" number="1"/>
<flow id="car49" type="carType2" from="gneE8" to="-gneE21" begin="45" end="45" number="1"/>
<flow id="car50" type="carType2" from="gneE48" to="-gneE50" begin="45" end="45" number="1"/>
<flow id="car51" type="carType0" from="bottomleftR" to="topleftD" begin="45" end="45" number="1"/>
<flow id="car52" type="carType1" from="gneE48" to="-gneE44" begin="46" end="46" number="1"/>
<flow id="car53" type="carType1" from="gneE49" to="gneE22" begin="50" end="50" number="1"/>
<flow id="car54" type="carType0" from="bottomleftR" to="bottomleftR" begin="50" end="50" number="1"/>
<flow id="car55" type="carType1" from="-gneE33" to="gneE22" begin="52" end="52" number="1"/>
<flow id="car56" type="carType1" from="gneE43" to="-gneE42" begin="52" end="52" number="1"/>
<flow id="car57" type="carType0" from="gneE37" to="bottomleftU" begin="52" end="52" number="1"/>
<flow id="car58" type="carType2" from="gneE28" to="-gneE50" begin="53" end="53" number="1"/>
<flow id="car59" type="carType0" from="gneE28" to="gneE21" begin="53" end="53" number="1"/>
<flow id="car60" type="carType0" from="gneE21" to="gneE43" begin="53" end="53" number="1"/>
<flow id="car61" type="carType1" from="toprightL" to="gneE37" begin="53" end="53" number="1"/>
<flow id="car62" type="carType2" from="-gneE51" to="-gneE7" begin="55" end="55" number="1"/>
<flow id="car63" type="carType2" from="gneE30" to="-gneE34" begin="60" end="60" number="1"/>
<flow id="car64" type="carType2" from="-gneE29" to="gneE49" begin="60" end="60" number="1"/>
<flow id="car65" type="carType2" from="gneE22" to="-gneE42" begin="62" end="62" number="1"/>
<flow id="car66" type="carType0" from="-gneE51" to="bottomrightU" begin="64" end="64" number="1"/>
<flow id="car67" type="carType0" from="gneE44" to="gneE37" begin="64" end="64" number="1"/>
<flow id="car68" type="carType0" from="-gneE27" to="bottomrightL" begin="64" end="64" number="1"/>
<flow id="car69" type="carType1" from="gneE9" to="bottomrightL" begin="67" end="67" number="1"/>
<flow id="car70" type="carType1" from="-gneE33" to="gneE44" begin="67" end="67" number="1"/>
<flow id="car71" type="carType2" from="gneE34" to="toprightL" begin="69" end="69" number="1"/>
<flow id="car72" type="carType2" from="gneE43" to="gneE35" begin="73" end="73" number="1"/>
<flow id="car73" type="carType0" from="gneE48" to="-gneE34" begin="73" end="73" number="1"/>
<flow id="car74" type="carType2" from="-gneE44" to="gneE42" begin="73" end="73" number="1"/>
<flow id="car75" type="carType2" from="gneE46" to="gneE51" begin="75" end="75" number="1"/>
<flow id="car76" type="carType0" from="-gneE34" to="topleftD" begin="79" end="79" number="1"/>
<flow id="car77" type="carType2" from="-gneE51" to="bottomleftR" begin="80" end="80" number="1"/>
<flow id="car78" type="carType0" from="gneE21" to="bottomleftU" begin="80" end="80" number="1"/>
<flow id="car79" type="carType1" from="gneE49" to="-gneE34" begin="82" end="82" number="1"/>
<flow id="car80" type="carType0" from="-gneE8" to="gneE9" begin="83" end="83" number="1"/>
<flow id="car81" type="carType2" from="gneE44" to="gneE51" begin="83" end="83" number="1"/>
<flow id="car82" type="carType2" from="toprightL" to="gneE22" begin="86" end="86" number="1"/>
<flow id="car83" type="carType0" from="gneE43" to="gneE51" begin="87" end="87" number="1"/>
<flow id="car84" type="carType2" from="bottomrightL" to="-gneE34" begin="88" end="88" number="1"/>
<flow id="car85" type="carType2" from="toprightL" to="-gneE29" begin="88" end="88" number="1"/>
<flow id="car86" type="carType0" from="-gneE29" to="-gneE50" begin="91" end="91" number="1"/>
<flow id="car87" type="carType0" from="gneE43" to="gneE29" begin="92" end="92" number="1"/>
<flow id="car88" type="carType0" from="gneE27" to="-gneE29" begin="95" end="95" number="1"/>
<flow id="car89" type="carType2" from="gneE8" to="gneE48" begin="95" end="95" number="1"/>
<flow id="car90" type="carType0" from="-gneE48" to="-gneE44" begin="96" end="96" number="1"/>
<flow id="car91" type="carType2" from="topleftD" to="gneE37" begin="98" end="98" number="1"/>
<flow id="car92" type="carType2" from="gneE27" to="-gneE7" begin="99" end="99" number="1"/>
<flow id="car93" type="carType0" from="-gneE43" to="gneE35" begin="100" end="100" number="1"/>
<flow id="car94" type="carType1" from="-gneE48" to="-gneE7" begin="101" end="101" number="1"/>
<flow id="car95" type="carType1" from="gneE30" to="gneE43" begin="101" end="101" number="1"/>
<flow id="car96" type="carType0" from="-gneE13" to="toprightL" begin="102" end="102" number="1"/>
<flow id="car97" type="carType1" from="gneE50" to="toprightL" begin="103" end="103" number="1"/>
<flow id="car98" type="carType0" from="bottomrightL" to="gneE42" begin="106" end="106" number="1"/>
<flow id="car99" type="carType2" from="gneE45" to="gneE49" begin="106" end="106" number="1"/>
<flow id="car100" type="carType2" from="topleftR" to="gneE27" begin="109" end="109" number="1"/>
<flow id="car101" type="carType0" from="gneE49" to="gneE29" begin="109" end="109" number="1"/>
<flow id="car102" type="carType0" from="-gneE21" to="-gneE8" begin="110" end="110" number="1"/>
<flow id="car103" type="carType2" from="-gneE21" to="-gneE13" begin="111" end="111" number="1"/>
<flow id="car104" type="carType0" from="gneE49" to="gneE27" begin="111" end="111" number="1"/>
<flow id="car105" type="carType0" from="gneE48" to="-gneE8" begin="112" end="112" number="1"/>
<flow id="car106" type="carType2" from="gneE46" to="-gneE21" begin="112" end="112" number="1"/>
<flow id="car107" type="carType1" from="gneE8" to="toprightL" begin="112" end="112" number="1"/>
<flow id="car108" type="carType1" from="gneE48" to="gneE8" begin="113" end="113" number="1"/>
<flow id="car109" type="carType0" from="gneE46" to="gneE49" begin="113" end="113" number="1"/>
<flow id="car110" type="carType2" from="-gneE42" to="gneE29" begin="113" end="113" number="1"/>
<flow id="car111" type="carType2" from="gneE45" to="bottomrightL" begin="115" end="115" number="1"/>
<flow id="car112" type="carType0" from="gneE35" to="gneE42" begin="115" end="115" number="1"/>
<flow id="car113" type="carType0" from="topleftR" to="-gneE18" begin="117" end="117" number="1"/>
<flow id="car114" type="carType2" from="gneE37" to="gneE18" begin="119" end="119" number="1"/>
<flow id="car115" type="carType1" from="toprightD" to="gneE21" begin="120" end="120" number="1"/>
<flow id="car116" type="carType0" from="gneE44" to="bottomleftU" begin="122" end="122" number="1"/>
<flow id="car117" type="carType2" from="gneE35" to="-gneE42" begin="122" end="122" number="1"/>
<flow id="car118" type="carType1" from="gneE45" to="gneE46" begin="123" end="123" number="1"/>
<flow id="car119" type="carType2" from="toprightD" to="gneE27" begin="126" end="126" number="1"/>
<flow id="car120" type="carType0" from="bottomleftU" to="gneE50" begin="126" end="126" number="1"/>
<flow id="car121" type="carType0" from="-gneE28" to="-gneE37" begin="127" end="127" number="1"/>
<flow id="car122" type="carType2" from="gneE8" to="-gneE34" begin="128" end="128" number="1"/>
<flow id="car123" type="carType1" from="gneE22" to="toprightL" begin="131" end="131" number="1"/>
<flow id="car124" type="carType2" from="gneE29" to="bottomrightL" begin="131" end="131" number="1"/>
<flow id="car125" type="carType0" from="gneE9" to="gneE34" begin="133" end="133" number="1"/>
<flow id="car126" type="carType1" from="-gneE48" to="-gneE8" begin="135" end="135" number="1"/>
<flow id="car127" type="carType2" from="toprightL" to="-gneE34" begin="136" end="136" number="1"/>
<flow id="car128" type="carType1" from="-gneE44" to="-gneE50" begin="136" end="136" number="1"/>
<flow id="car129" type="carType2" from="gneE44" to="-gneE49" begin="138" end="138" number="1"/>
<flow id="car130" type="carType0" from="gneE21" to="gneE8" begin="139" end="139" number="1"/>
<flow id="car131" type="carType1" from="gneE45" to="gneE30" begin="140" end="140" number="1"/>
<flow id="car132" type="carType1" from="-gneE21" to="gneE43" begin="140" end="140" number="1"/>
<flow id="car133" type="carType1" from="gneE35" to="-gneE48" begin="141" end="141" number="1"/>
<flow id="car134" type="carType1" from="bottomleftU" to="-gneE8" begin="141" end="141" number="1"/>
<flow id="car135" type="carType1" from="gneE21" to="gneE44" begin="141" end="141" number="1"/>
<flow id="car136" type="carType1" from="-gneE42" to="-gneE50" begin="142" end="142" number="1"/>
<flow id="car137" type="carType2" from="-gneE51" to="gneE8" begin="142" end="142" number="1"/>
<flow id="car138" type="carType0" from="bottomleftR" to="gneE46" begin="143" end="143" number="1"/>
<flow id="car139" type="carType1" from="gneE45" to="gneE44" begin="143" end="143" number="1"/>
<flow id="car140" type="carType0" from="-gneE49" to="gneE49" begin="144" end="144" number="1"/>
<flow id="car141" type="carType2" from="gneE28" to="bottomrightL" begin="144" end="144" number="1"/>
<flow id="car142" type="carType0" from="gneE30" to="-gneE33" begin="145" end="145" number="1"/>
<flow id="car143" type="carType0" from="gneE8" to="gneE46" begin="145" end="145" number="1"/>
<flow id="car144" type="carType0" from="-gneE28" to="-gneE37" begin="145" end="145" number="1"/>
<flow id="car145" type="carType0" from="gneE51" to="gneE49" begin="146" end="146" number="1"/>
<flow id="car146" type="carType2" from="-gneE18" to="gneE42" begin="147" end="147" number="1"/>
<flow id="car147" type="carType0" from="-gneE37" to="bottomleftU" begin="149" end="149" number="1"/>
<flow id="car148" type="carType1" from="toprightD" to="gneE51" begin="151" end="151" number="1"/>
<flow id="car149" type="carType1" from="gneE30" to="gneE30" begin="151" end="151" number="1"/>
<flow id="car150" type="carType2" from="gneE9" to="bottomrightU" begin="151" end="151" number="1"/>
<flow id="car151" type="carType2" from="gneE27" to="gneE44" begin="151" end="151" number="1"/>
<flow id="car152" type="carType0" from="gneE21" to="gneE45" begin="152" end="152" number="1"/>
<flow id="car153" type="carType2" from="-gneE44" to="topleftR" begin="154" end="154" number="1"/>
<flow id="car154" type="carType2" from="-gneE49" to="bottomleftR" begin="155" end="155" number="1"/>
<flow id="car155" type="carType0" from="gneE48" to="gneE37" begin="157" end="157" number="1"/>
<flow id="car156" type="carType1" from="-gneE33" to="-gneE33" begin="158" end="158" number="1"/>
<flow id="car157" type="carType2" from="gneE51" to="gneE44" begin="159" end="159" number="1"/>
<flow id="car158" type="carType1" from="toprightD" to="bottomleftR" begin="159" end="159" number="1"/>
<flow id="car159" type="carType2" from="-gneE8" to="gneE8" begin="160" end="160" number="1"/>
<flow id="car160" type="carType0" from="gneE9" to="gneE30" begin="160" end="160" number="1"/>
<flow id="car161" type="carType1" from="gneE51" to="-gneE42" begin="160" end="160" number="1"/>
<flow id="car162" type="carType0" from="-gneE21" to="-gneE48" begin="161" end="161" number="1"/>
<flow id="car163" type="carType2" from="-gneE44" to="toprightL" begin="161" end="161" number="1"/>
<flow id="car164" type="carType0" from="gneE51" to="-gneE50" begin="161" end="161" number="1"/>
<flow id="car165" type="carType0" from="-gneE34" to="gneE27" begin="162" end="162" number="1"/>
<flow id="car166" type="carType2" from="toprightL" to="bottomleftU" begin="163" end="163" number="1"/>
<flow id="car167" type="carType1" from="gneE22" to="gneE45" begin="164" end="164" number="1"/>
<flow id="car168" type="carType2" from="gneE27" to="gneE28" begin="166" end="166" number="1"/>
<flow id="car169" type="carType1" from="gneE42" to="gneE21" begin="168" end="168" number="1"/>
<flow id="car170" type="carType1" from="toprightL" to="gneE45" begin="170" end="170" number="1"/>
<flow id="car171" type="carType1" from="gneE46" to="gneE29" begin="171" end="171" number="1"/>
<flow id="car172" type="carType0" from="gneE9" to="-gneE49" begin="174" end="174" number="1"/>
<flow id="car173" type="carType0" from="-gneE21" to="gneE43" begin="174" end="174" number="1"/>
<flow id="car174" type="carType1" from="gneE46" to="-gneE28" begin="176" end="176" number="1"/>
<flow id="car175" type="carType1" from="-gneE27" to="gneE44" begin="176" end="176" number="1"/>
<flow id="car176" type="carType0" from="gneE44" to="topleftR" begin="177" end="177" number="1"/>
<flow id="car177" type="carType2" from="gneE21" to="gneE46" begin="178" end="178" number="1"/>
<flow id="car178" type="carType0" from="topleftR" to="toprightL" begin="179" end="179" number="1"/>
<flow id="car179" type="carType2" from="gneE45" to="gneE22" begin="179" end="179" number="1"/>
<flow id="car180" type="carType1" from="-gneE29" to="gneE49" begin="180" end="180" number="1"/>
<flow id="car181" type="carType0" from="gneE9" to="-gneE49" begin="180" end="180" number="1"/>
<flow id="car182" type="carType0" from="bottomleftR" to="bottomrightU" begin="180" end="180" number="1"/>
<flow id="car183" type="carType2" from="gneE51" to="gneE35" begin="181" end="181" number="1"/>
<flow id="car184" type="carType1" from="gneE9" to="-gneE27" begin="182" end="182" number="1"/>
<flow id="car185" type="carType2" from="gneE8" to="gneE49" begin="182" end="182" number="1"/>
<flow id="car186" type="carType0" from="gneE29" to="gneE49" begin="183" end="183" number="1"/>
<flow id="car187" type="carType1" from="-gneE33" to="gneE46" begin="183" end="183" number="1"/>
<flow id="car188" type="carType1" from="-gneE29" to="gneE42" begin="190" end="190" number="1"/>
<flow id="car189" type="carType2" from="-gneE42" to="-gneE48" begin="190" end="190" number="1"/>
<flow id="car190" type="carType2" from="gneE42" to="-gneE13" begin="190" end="190" number="1"/>
<flow id="car191" type="carType1" from="gneE8" to="-gneE13" begin="193" end="193" number="1"/>
<flow id="car192" type="carType0" from="gneE8" to="toprightL" begin="193" end="193" number="1"/>
<flow id="car193" type="carType1" from="toprightL" to="gneE51" begin="193" end="193" number="1"/>
<flow id="car194" type="carType1" from="-gneE18" to="-gneE21" begin="196" end="196" number="1"/>
<flow id="car195" type="carType1" from="gneE49" to="-gneE37" begin="197" end="197" number="1"/>
<flow id="car196" type="carType1" from="-gneE43" to="topleftR" begin="197" end="197" number="1"/>
<flow id="car197" type="carType1" from="gneE51" to="-gneE44" begin="197" end="197" number="1"/>
<flow id="car198" type="carType2" from="-gneE13" to="gneE27" begin="197" end="197" number="1"/>
<flow id="car199" type="carType2" from="gneE48" to="-gneE42" begin="199" end="199" number="1"/>
</routes>
