<routes>
<vType id="carType0" length="8" maxSpeed="52.73" accel="2.87" decel="4.92" speedDev="0.2" sigma="0.21"/>
<vType id="carType1" length="6" maxSpeed="48.6" accel="2.87" decel="5.35" speedDev="0.2" sigma="0.29"/>
<vType id="carType2" length="9" maxSpeed="58.7" accel="2.62" decel="5.4" speedDev="0.2" sigma="0.25"/>
<flow id="car0" type="carType1" from="topleftD" to="gneE42" begin="0" end="0" number="1"/>
<flow id="car1" type="carType2" from="-gneE13" to="gneE46" begin="1" end="1" number="1"/>
<flow id="car2" type="carType2" from="gneE43" to="-gneE51" begin="5" end="5" number="1"/>
<flow id="car3" type="carType0" from="gneE51" to="topleftD" begin="5" end="5" number="1"/>
<flow id="car4" type="carType1" from="toprightD" to="-gneE42" begin="6" end="6" number="1"/>
<flow id="car5" type="carType2" from="topleftR" to="-gneE8" begin="7" end="7" number="1"/>
<flow id="car6" type="carType0" from="-gneE27" to="gneE28" begin="7" end="7" number="1"/>
<flow id="car7" type="carType0" from="gneE50" to="bottomrightL" begin="8" end="8" number="1"/>
<flow id="car8" type="carType2" from="-gneE43" to="toprightL" begin="9" end="9" number="1"/>
<flow id="car9" type="carType2" from="-gneE34" to="-gneE50" begin="12" end="12" number="1"/>
<flow id="car10" type="carType1" from="-gneE29" to="gneE18" begin="14" end="14" number="1"/>
<flow id="car11" type="carType2" from="gneE42" to="-gneE18" begin="18" end="18" number="1"/>
<flow id="car12" type="carType1" from="gneE35" to="gneE44" begin="18" end="18" number="1"/>
<flow id="car13" type="carType1" from="bottomrightL" to="-gneE45" begin="19" end="19" number="1"/>
<flow id="car14" type="carType0" from="bottomleftU" to="-gneE45" begin="19" end="19" number="1"/>
<flow id="car15" type="carType1" from="gneE35" to="gneE46" begin="20" end="20" number="1"/>
<flow id="car16" type="carType2" from="-gneE8" to="gneE21" begin="20" end="20" number="1"/>
<flow id="car17" type="carType2" from="gneE29" to="-gneE50" begin="20" end="20" number="1"/>
<flow id="car18" type="carType0" from="gneE48" to="-gneE7" begin="20" end="20" number="1"/>
<flow id="car19" type="carType1" from="topleftD" to="-gneE28" begin="20" end="20" number="1"/>
<flow id="car20" type="carType2" from="-gneE44" to="-gneE44" begin="20" end="20" number="1"/>
<flow id="car21" type="carType0" from="gneE22" to="-gneE27" begin="22" end="22" number="1"/>
<flow id="car22" type="carType0" from="gneE29" to="-gneE44" begin="22" end="22" number="1"/>
<flow id="car23" type="carType2" from="-gneE18" to="gneE48" begin="23" end="23" number="1"/>
<flow id="car24" type="carType2" from="bottomrightU" to="-gneE29" begin="25" end="25" number="1"/>
<flow id="car25" type="carType0" from="-gneE29" to="gneE43" begin="26" end="26" number="1"/>
<flow id="car26" type="carType1" from="gneE51" to="gneE27" begin="26" end="26" number="1"/>
<flow id="car27" type="carType0" from="gneE21" to="bottomleftU" begin="26" end="26" number="1"/>
<flow id="car28" type="carType0" from="-gneE28" to="gneE27" begin="27" end="27" number="1"/>
<flow id="car29" type="carType1" from="-gneE51" to="gneE22" begin="28" end="28" number="1"/>
<flow id="car30" type="carType1" from="gneE30" to="-gneE44" begin="28" end="28" number="1"/>
<flow id="car31" type="carType1" from="-gneE44" to="-gneE18" begin="29" end="29" number="1"/>
<flow id="car32" type="carType1" from="bottomrightU" to="-gneE50" begin="29" end="29" number="1"/>
<flow id="car33" type="carType2" from="-gneE18" to="gneE35" begin="30" end="30" number="1"/>
<flow id="car34" type="carType1" from="gneE44" to="gneE42" begin="31" end="31" number="1"/>
<flow id="car35" type="carType1" from="gneE46" to="toprightD" begin="32" end="32" number="1"/>
<flow id="car36" type="carType2" from="toprightL" to="-gneE33" begin="35" end="35" number="1"/>
<flow id="car37" type="carType0" from="bottomleftR" to="-gneE29" begin="36" end="36" number="1"/>
<flow id="car38" type="carType0" from="gneE18" to="-gneE18" begin="37" end="37" number="1"/>
<flow id="car39" type="carType2" from="topleftR" to="gneE48" begin="38" end="38" number="1"/>
<flow id="car40" type="carType0" from="bottomleftR" to="-gneE13" begin="40" end="40" number="1"/>
<flow id="car41" type="carType1" from="gneE49" to="gneE51" begin="40" end="40" number="1"/>
<flow id="car42" type="carType2" from="gneE21" to="-gneE48" begin="41" end="41" number="1"/>
<flow id="car43" type="carType1" from="-gneE13" to="-gneE21" begin="41" end="41" number="1"/>
<flow id="car44" type="carType1" from="gneE44" to="gneE30" begin="42" end="42" number="1"/>
<flow id="car45" type="carType0" from="gneE49" to="gneE8" begin="43" end="43" number="1"/>
<flow id="car46" type="carType1" from="-gneE51" to="gneE35" begin="43" end="43" number="1"/>
<flow id="car47" type="carType1" from="gneE21" to="gneE21" begin="43" end="43" number="1"/>
<flow id="car48" type="carType1" from="-gneE50" to="bottomleftU" begin="49" end="49" number="1"/>
<flow id="car49" type="carType1" from="-gneE21" to="gneE35" begin="51" end="51" number="1"/>
<flow id="car50" type="carType2" from="toprightD" to="bottomrightU" begin="53" end="53" number="1"/>
<flow id="car51" type="carType1" from="-gneE49" to="toprightL" begin="53" end="53" number="1"/>
<flow id="car52" type="carType2" from="-gneE51" to="bottomleftU" begin="54" end="54" number="1"/>
<flow id="car53" type="carType1" from="gneE29" to="topleftD" begin="54" end="54" number="1"/>
<flow id="car54" type="carType2" from="-gneE48" to="gneE30" begin="55" end="55" number="1"/>
<flow id="car55" type="carType0" from="gneE51" to="-gneE21" begin="56" end="56" number="1"/>
<flow id="car56" type="carType2" from="gneE8" to="-gneE27" begin="58" end="58" number="1"/>
<flow id="car57" type="carType1" from="-gneE7" to="-gneE29" begin="58" end="58" number="1"/>
<flow id="car58" type="carType0" from="gneE29" to="-gneE28" begin="61" end="61" number="1"/>
<flow id="car59" type="carType1" from="-gneE51" to="topleftR" begin="62" end="62" number="1"/>
<flow id="car60" type="carType1" from="gneE35" to="gneE22" begin="62" end="62" number="1"/>
<flow id="car61" type="carType0" from="-gneE18" to="gneE37" begin="63" end="63" number="1"/>
<flow id="car62" type="carType0" from="gneE45" to="topleftD" begin="63" end="63" number="1"/>
<flow id="car63" type="carType2" from="-gneE21" to="bottomrightL" begin="67" end="67" number="1"/>
<flow id="car64" type="carType1" from="-gneE37" to="gneE42" begin="68" end="68" number="1"/>
<flow id="car65" type="carType1" from="-gneE43" to="gneE21" begin="69" end="69" number="1"/>
<flow id="car66" type="carType1" from="-gneE21" to="-gneE43" begin="69" end="69" number="1"/>
<flow id="car67" type="carType0" from="topleftD" to="-gneE50" begin="69" end="69" number="1"/>
<flow id="car68" type="carType0" from="gneE50" to="gneE50" begin="70" end="70" number="1"/>
<flow id="car69" type="carType1" from="-gneE37" to="gneE22" begin="71" end="71" number="1"/>
<flow id="car70" type="carType2" from="gneE27" to="toprightD" begin="73" end="73" number="1"/>
<flow id="car71" type="carType1" from="-gneE45" to="gneE22" begin="74" end="74" number="1"/>
<flow id="car72" type="carType2" from="gneE34" to="gneE21" begin="79" end="79" number="1"/>
<flow id="car73" type="carType2" from="toprightD" to="gneE34" begin="80" end="80" number="1"/>
<flow id="car74" type="carType0" from="gneE9" to="bottomrightL" begin="84" end="84" number="1"/>
<flow id="car75" type="carType1" from="gneE45" to="-gneE37" begin="86" end="86" number="1"/>
<flow id="car76" type="carType1" from="bottomleftU" to="gneE30" begin="87" end="87" number="1"/>
<flow id="car77" type="carType0" from="topleftD" to="gneE45" begin="88" end="88" number="1"/>
<flow id="car78" type="carType0" from="bottomleftU" to="gneE18" begin="88" end="88" number="1"/>
<flow id="car79" type="carType1" from="gneE49" to="-gneE34" begin="88" end="88" number="1"/>
<flow id="car80" type="carType1" from="gneE46" to="-gneE8" begin="89" end="89" number="1"/>
<flow id="car81" type="carType2" from="gneE9" to="bottomleftU" begin="89" end="89" number="1"/>
<flow id="car82" type="carType2" from="-gneE49" to="-gneE28" begin="90" end="90" number="1"/>
<flow id="car83" type="carType1" from="-gneE45" to="bottomleftU" begin="91" end="91" number="1"/>
<flow id="car84" type="carType2" from="-gneE8" to="gneE30" begin="91" end="91" number="1"/>
<flow id="car85" type="carType2" from="-gneE43" to="-gneE21" begin="92" end="92" number="1"/>
<flow id="car86" type="carType2" from="gneE21" to="gneE34" begin="92" end="92" number="1"/>
<flow id="car87" type="carType2" from="-gneE49" to="gneE34" begin="93" end="93" number="1"/>
<flow id="car88" type="carType0" from="bottomrightU" to="-gneE21" begin="94" end="94" number="1"/>
<flow id="car89" type="carType2" from="-gneE8" to="-gneE28" begin="94" end="94" number="1"/>
<flow id="car90" type="carType0" from="gneE42" to="-gneE34" begin="95" end="95" number="1"/>
<flow id="car91" type="carType0" from="-gneE37" to="gneE45" begin="95" end="95" number="1"/>
<flow id="car92" type="carType2" from="-gneE48" to="-gneE42" begin="98" end="98" number="1"/>
<flow id="car93" type="carType2" from="gneE45" to="-gneE28" begin="100" end="100" number="1"/>
<flow id="car94" type="carType1" from="gneE29" to="-gneE48" begin="100" end="100" number="1"/>
<flow id="car95" type="carType2" from="gneE28" to="-gneE50" begin="102" end="102" number="1"/>
<flow id="car96" type="carType0" from="-gneE43" to="-gneE18" begin="102" end="102" number="1"/>
<flow id="car97" type="carType2" from="gneE30" to="gneE37" begin="103" end="103" number="1"/>
<flow id="car98" type="carType0" from="topleftR" to="-gneE37" begin="105" end="105" number="1"/>
<flow id="car99" type="carType0" from="gneE18" to="-gneE13" begin="107" end="107" number="1"/>
<flow id="car100" type="carType1" from="toprightL" to="gneE37" begin="108" end="108" number="1"/>
<flow id="car101" type="carType0" from="gneE46" to="-gneE48" begin="108" end="108" number="1"/>
<flow id="car102" type="carType1" from="-gneE49" to="gneE28" begin="112" end="112" number="1"/>
<flow id="car103" type="carType2" from="-gneE43" to="-gneE8" begin="113" end="113" number="1"/>
<flow id="car104" type="carType0" from="gneE51" to="toprightD" begin="114" end="114" number="1"/>
<flow id="car105" type="carType1" from="gneE44" to="-gneE28" begin="114" end="114" number="1"/>
<flow id="car106" type="carType1" from="-gneE21" to="gneE42" begin="115" end="115" number="1"/>
<flow id="car107" type="carType0" from="topleftR" to="topleftD" begin="115" end="115" number="1"/>
<flow id="car108" type="carType0" from="gneE9" to="-gneE44" begin="115" end="115" number="1"/>
<flow id="car109" type="carType2" from="topleftR" to="bottomleftR" begin="116" end="116" number="1"/>
<flow id="car110" type="carType2" from="bottomleftU" to="topleftD" begin="119" end="119" number="1"/>
<flow id="car111" type="carType2" from="bottomleftU" to="-gneE42" begin="119" end="119" number="1"/>
<flow id="car112" type="carType1" from="gneE44" to="gneE9" begin="119" end="119" number="1"/>
<flow id="car113" type="carType1" from="-gneE48" to="-gneE51" begin="119" end="119" number="1"/>
<flow id="car114" type="carType2" from="-gneE33" to="-gneE7" begin="119" end="119" number="1"/>
<flow id="car115" type="carType0" from="-gneE27" to="-gneE33" begin="121" end="121" number="1"/>
<flow id="car116" type="carType1" from="-gneE45" to="-gneE33" begin="123" end="123" number="1"/>
<flow id="car117" type="carType2" from="-gneE42" to="topleftD" begin="123" end="123" number="1"/>
<flow id="car118" type="carType2" from="bottomleftU" to="gneE28" begin="124" end="124" number="1"/>
<flow id="car119" type="carType0" from="-gneE45" to="gneE51" begin="124" end="124" number="1"/>
<flow id="car120" type="carType1" from="gneE49" to="gneE50" begin="124" end="124" number="1"/>
<flow id="car121" type="carType1" from="-gneE33" to="gneE42" begin="125" end="125" number="1"/>
<flow id="car122" type="carType0" from="-gneE21" to="-gneE29" begin="125" end="125" number="1"/>
<flow id="car123" type="carType2" from="toprightL" to="-gneE37" begin="127" end="127" number="1"/>
<flow id="car124" type="carType2" from="-gneE34" to="bottomleftR" begin="128" end="128" number="1"/>
<flow id="car125" type="carType0" from="gneE43" to="topleftD" begin="128" end="128" number="1"/>
<flow id="car126" type="carType0" from="-gneE21" to="gneE43" begin="129" end="129" number="1"/>
<flow id="car127" type="carType1" from="gneE46" to="-gneE49" begin="130" end="130" number="1"/>
<flow id="car128" type="carType0" from="bottomrightL" to="gneE43" begin="132" end="132" number="1"/>
<flow id="car129" type="carType1" from="-gneE33" to="-gneE50" begin="135" end="135" number="1"/>
<flow id="car130" type="carType0" from="topleftR" to="gneE50" begin="137" end="137" number="1"/>
<flow id="car131" type="carType1" from="-gneE27" to="gneE44" begin="137" end="137" number="1"/>
<flow id="car132" type="carType2" from="toprightL" to="bottomleftU" begin="137" end="137" number="1"/>
<flow id="car133" type="carType0" from="bottomleftR" to="gneE37" begin="138" end="138" number="1"/>
<flow id="car134" type="carType0" from="topleftD" to="-gneE33" begin="139" end="139" number="1"/>
<flow id="car135" type="carType0" from="topleftR" to="-gneE18" begin="141" end="141" number="1"/>
<flow id="car136" type="carType2" from="-gneE48" to="gneE37" begin="141" end="141" number="1"/>
<flow id="car137" type="carType0" from="gneE42" to="-gneE27" begin="141" end="141" number="1"/>
<flow id="car138" type="carType1" from="-gneE8" to="-gneE7" begin="142" end="142" number="1"/>
<flow id="car139" type="carType0" from="bottomleftR" to="gneE42" begin="142" end="142" number="1"/>
<flow id="car140" type="carType2" from="gneE48" to="-gneE29" begin="143" end="143" number="1"/>
<flow id="car141" type="carType1" from="-gneE7" to="gneE28" begin="143" end="143" number="1"/>
<flow id="car142" type="carType2" from="gneE29" to="gneE46" begin="143" end="143" number="1"/>
<flow id="car143" type="carType1" from="-gneE48" to="-gneE29" begin="144" end="144" number="1"/>
<flow id="car144" type="carType0" from="bottomrightL" to="-gneE51" begin="144" end="144" number="1"/>
<flow id="car145" type="carType2" from="-gneE18" to="gneE51" begin="146" end="146" number="1"/>
<flow id="car146" type="carType1" from="gneE37" to="-gneE33" begin="149" end="149" number="1"/>
<flow id="car147" type="carType2" from="topleftD" to="topleftR" begin="150" end="150" number="1"/>
<flow id="car148" type="carType2" from="bottomleftR" to="gneE45" begin="150" end="150" number="1"/>
<flow id="car149" type="carType2" from="gneE43" to="gneE46" begin="150" end="150" number="1"/>
<flow id="car150" type="carType0" from="-gneE49" to="gneE21" begin="151" end="151" number="1"/>
<flow id="car151" type="carType0" from="gneE37" to="-gneE49" begin="151" end="151" number="1"/>
<flow id="car152" type="carType0" from="bottomleftR" to="-gneE42" begin="152" end="152" number="1"/>
<flow id="car153" type="carType2" from="bottomrightL" to="gneE9" begin="152" end="152" number="1"/>
<flow id="car154" type="carType1" from="gneE37" to="-gneE51" begin="153" end="153" number="1"/>
<flow id="car155" type="carType0" from="bottomleftU" to="-gneE13" begin="155" end="155" number="1"/>
<flow id="car156" type="carType0" from="-gneE48" to="gneE45" begin="156" end="156" number="1"/>
<flow id="car157" type="carType0" from="toprightL" to="topleftD" begin="156" end="156" number="1"/>
<flow id="car158" type="carType0" from="gneE18" to="gneE34" begin="157" end="157" number="1"/>
<flow id="car159" type="carType1" from="gneE9" to="gneE50" begin="157" end="157" number="1"/>
<flow id="car160" type="carType1" from="gneE30" to="bottomleftU" begin="158" end="158" number="1"/>
<flow id="car161" type="carType1" from="gneE18" to="bottomrightU" begin="159" end="159" number="1"/>
<flow id="car162" type="carType2" from="-gneE43" to="toprightD" begin="159" end="159" number="1"/>
<flow id="car163" type="carType0" from="gneE49" to="toprightD" begin="159" end="159" number="1"/>
<flow id="car164" type="carType2" from="gneE42" to="gneE50" begin="160" end="160" number="1"/>
<flow id="car165" type="carType2" from="-gneE50" to="gneE44" begin="161" end="161" number="1"/>
<flow id="car166" type="carType0" from="toprightD" to="gneE37" begin="162" end="162" number="1"/>
<flow id="car167" type="carType2" from="-gneE37" to="-gneE50" begin="162" end="162" number="1"/>
<flow id="car168" type="carType2" from="bottomrightL" to="-gneE29" begin="162" end="162" number="1"/>
<flow id="car169" type="carType2" from="gneE34" to="gneE29" begin="164" end="164" number="1"/>
<flow id="car170" type="carType2" from="gneE37" to="topleftD" begin="166" end="166" number="1"/>
<flow id="car171" type="carType1" from="-gneE21" to="gneE28" begin="168" end="168" number="1"/>
<flow id="car172" type="carType0" from="gneE43" to="-gneE50" begin="168" end="168" number="1"/>
<flow id="car173" type="carType2" from="gneE9" to="-gneE45" begin="170" end="170" number="1"/>
<flow id="car174" type="carType2" from="-gneE21" to="-gneE44" begin="171" end="171" number="1"/>
<flow id="car175" type="carType1" from="toprightD" to="toprightL" begin="173" end="173" number="1"/>
<flow id="car176" type="carType0" from="-gneE45" to="toprightL" begin="173" end="173" number="1"/>
<flow id="car177" type="carType1" from="bottomrightL" to="-gneE13" begin="176" end="176" number="1"/>
<flow id="car178" type="carType1" from="gneE48" to="-gneE43" begin="176" end="176" number="1"/>
<flow id="car179" type="carType0" from="bottomrightL" to="topleftR" begin="177" end="177" number="1"/>
<flow id="car180" type="carType1" from="bottomrightU" to="gneE42" begin="177" end="177" number="1"/>
<flow id="car181" type="carType0" from="gneE8" to="gneE42" begin="179" end="179" number="1"/>
<flow id="car182" type="carType1" from="gneE45" to="gneE51" begin="180" end="180" number="1"/>
<flow id="car183" type="carType0" from="-gneE21" to="bottomleftR" begin="180" end="180" number="1"/>
<flow id="car184" type="carType2" from="-gneE50" to="-gneE21" begin="180" end="180" number="1"/>
<flow id="car185" type="carType0" from="-gneE34" to="-gneE18" begin="185" end="185" number="1"/>
<flow id="car186" type="carType1" from="gneE42" to="gneE43" begin="186" end="186" number="1"/>
<flow id="car187" type="carType2" from="gneE9" to="-gneE37" begin="188" end="188" number="1"/>
<flow id="car188" type="carType1" from="-gneE29" to="-gneE27" begin="188" end="188" number="1"/>
<flow id="car189" type="carType0" from="gneE50" to="toprightL" begin="189" end="189" number="1"/>
<flow id="car190" type="carType1" from="-gneE34" to="-gneE33" begin="193" end="193" number="1"/>
<flow id="car191" type="carType0" from="gneE8" to="bottomrightL" begin="193" end="193" number="1"/>
<flow id="car192" type="carType0" from="gneE18" to="-gneE34" begin="193" end="193" number="1"/>
<flow id="car193" type="carType2" from="bottomleftU" to="-gneE27" begin="194" end="194" number="1"/>
<flow id="car194" type="carType0" from="gneE50" to="gneE50" begin="194" end="194" number="1"/>
<flow id="car195" type="carType2" from="toprightD" to="-gneE18" begin="194" end="194" number="1"/>
<flow id="car196" type="carType1" from="-gneE48" to="gneE35" begin="194" end="194" number="1"/>
<flow id="car197" type="carType1" from="gneE49" to="gneE22" begin="195" end="195" number="1"/>
<flow id="car198" type="carType2" from="gneE43" to="-gneE27" begin="196" end="196" number="1"/>
<flow id="car199" type="carType0" from="-gneE7" to="-gneE37" begin="198" end="198" number="1"/>
</routes>
