<routes>
<vType id="carType0" length="9" maxSpeed="59.14" accel="2.53" decel="5.82" speedDev="0.2" sigma="0.23"/>
<vType id="carType1" length="4" maxSpeed="42.08" accel="2.67" decel="4.84" speedDev="0.2" sigma="0.29"/>
<vType id="carType2" length="7" maxSpeed="51.9" accel="2.78" decel="4.17" speedDev="0.2" sigma="0.11"/>
<flow id="car0" type="carType0" from="gneE8" to="bottomrightU" begin="1" end="1" number="1"/>
<flow id="car1" type="carType1" from="-gneE44" to="-gneE44" begin="1" end="1" number="1"/>
<flow id="car2" type="carType2" from="gneE22" to="gneE9" begin="1" end="1" number="1"/>
<flow id="car3" type="carType1" from="bottomrightU" to="-gneE7" begin="2" end="2" number="1"/>
<flow id="car4" type="carType2" from="-gneE7" to="topleftR" begin="3" end="3" number="1"/>
<flow id="car5" type="carType1" from="gneE34" to="-gneE13" begin="3" end="3" number="1"/>
<flow id="car6" type="carType2" from="gneE35" to="gneE37" begin="7" end="7" number="1"/>
<flow id="car7" type="carType2" from="gneE42" to="gneE49" begin="9" end="9" number="1"/>
<flow id="car8" type="carType1" from="gneE9" to="bottomrightL" begin="14" end="14" number="1"/>
<flow id="car9" type="carType2" from="gneE37" to="-gneE49" begin="16" end="16" number="1"/>
<flow id="car10" type="carType2" from="-gneE27" to="gneE50" begin="16" end="16" number="1"/>
<flow id="car11" type="carType2" from="gneE46" to="gneE50" begin="17" end="17" number="1"/>
<flow id="car12" type="carType2" from="gneE9" to="-gneE49" begin="17" end="17" number="1"/>
<flow id="car13" type="carType0" from="toprightL" to="-gneE28" begin="17" end="17" number="1"/>
<flow id="car14" type="carType1" from="gneE44" to="gneE44" begin="17" end="17" number="1"/>
<flow id="car15" type="carType2" from="topleftD" to="-gneE34" begin="18" end="18" number="1"/>
<flow id="car16" type="carType2" from="gneE48" to="-gneE37" begin="22" end="22" number="1"/>
<flow id="car17" type="carType2" from="gneE34" to="gneE9" begin="22" end="22" number="1"/>
<flow id="car18" type="carType0" from="-gneE29" to="gneE51" begin="24" end="24" number="1"/>
<flow id="car19" type="carType2" from="-gneE43" to="-gneE42" begin="25" end="25" number="1"/>
<flow id="car20" type="carType2" from="bottomleftU" to="gneE35" begin="26" end="26" number="1"/>
<flow id="car21" type="carType0" from="bottomrightU" to="-gneE18" begin="26" end="26" number="1"/>
<flow id="car22" type="carType2" from="bottomleftU" to="topleftD" begin="26" end="26" number="1"/>
<flow id="car23" type="carType0" from="gneE28" to="bottomrightL" begin="28" end="28" number="1"/>
<flow id="car24" type="carType1" from="gneE29" to="-gneE21" begin="29" end="29" number="1"/>
<flow id="car25" type="carType1" from="-gneE27" to="-gneE13" begin="29" end="29" number="1"/>
<flow id="car26" type="carType1" from="gneE34" to="-gneE51" begin="29" end="29" number="1"/>
<flow id="car27" type="carType1" from="gneE50" to="-gneE28" begin="30" end="30" number="1"/>
<flow id="car28" type="carType1" from="-gneE43" to="-gneE21" begin="31" end="31" number="1"/>
<flow id="car29" type="carType1" from="bottomrightU" to="gneE42" begin="33" end="33" number="1"/>
<flow id="car30" type="carType0" from="bottomrightL" to="gneE28" begin="33" end="33" number="1"/>
<flow id="car31" type="carType0" from="-gneE13" to="-gneE29" begin="39" end="39" number="1"/>
<flow id="car32" type="carType0" from="gneE42" to="bottomleftU" begin="43" end="43" number="1"/>
<flow id="car33" type="carType0" from="gneE27" to="bottomleftR" begin="43" end="43" number="1"/>
<flow id="car34" type="carType0" from="-gneE34" to="-gneE27" begin="43" end="43" number="1"/>
<flow id="car35" type="carType1" from="gneE34" to="bottomrightU" begin="44" end="44" number="1"/>
<flow id="car36" type="carType0" from="-gneE45" to="gneE51" begin="44" end="44" number="1"/>
<flow id="car37" type="carType0" from="-gneE49" to="-gneE29" begin="45" end="45" number="1"/>
<flow id="car38" type="carType1" from="gneE50" to="-gneE27" begin="48" end="48" number="1"/>
<flow id="car39" type="carType2" from="gneE27" to="gneE50" begin="49" end="49" number="1"/>
<flow id="car40" type="carType0" from="gneE30" to="-gneE7" begin="49" end="49" number="1"/>
<flow id="car41" type="carType2" from="toprightL" to="-gneE42" begin="50" end="50" number="1"/>
<flow id="car42" type="carType1" from="bottomleftR" to="-gneE21" begin="51" end="51" number="1"/>
<flow id="car43" type="carType2" from="gneE46" to="-gneE48" begin="51" end="51" number="1"/>
<flow id="car44" type="carType2" from="gneE35" to="gneE9" begin="51" end="51" number="1"/>
<flow id="car45" type="carType1" from="gneE29" to="-gneE8" begin="51" end="51" number="1"/>
<flow id="car46" type="carType2" from="-gneE27" to="bottomleftR" begin="52" end="52" number="1"/>
<flow id="car47" type="carType1" from="-gneE13" to="gneE51" begin="52" end="52" number="1"/>
<flow id="car48" type="carType0" from="gneE50" to="gneE22" begin="54" end="54" number="1"/>
<flow id="car49" type="carType0" from="gneE44" to="-gneE50" begin="55" end="55" number="1"/>
<flow id="car50" type="carType2" from="topleftD" to="topleftR" begin="58" end="58" number="1"/>
<flow id="car51" type="carType1" from="topleftD" to="gneE51" begin="59" end="59" number="1"/>
<flow id="car52" type="carType1" from="gneE43" to="-gneE7" begin="62" end="62" number="1"/>
<flow id="car53" type="carType1" from="-gneE37" to="gneE29" begin="63" end="63" number="1"/>
<flow id="car54" type="carType2" from="-gneE7" to="-gneE33" begin="64" end="64" number="1"/>
<flow id="car55" type="carType0" from="gneE42" to="gneE45" begin="64" end="64" number="1"/>
<flow id="car56" type="carType1" from="-gneE33" to="gneE9" begin="64" end="64" number="1"/>
<flow id="car57" type="carType0" from="-gneE29" to="-gneE37" begin="65" end="65" number="1"/>
<flow id="car58" type="carType2" from="gneE49" to="-gneE37" begin="65" end="65" number="1"/>
<flow id="car59" type="carType1" from="gneE30" to="gneE42" begin="67" end="67" number="1"/>
<flow id="car60" type="carType0" from="gneE27" to="toprightL" begin="67" end="67" number="1"/>
<flow id="car61" type="carType1" from="toprightD" to="-gneE43" begin="67" end="67" number="1"/>
<flow id="car62" type="carType2" from="gneE44" to="gneE29" begin="67" end="67" number="1"/>
<flow id="car63" type="carType0" from="-gneE18" to="-gneE27" begin="68" end="68" number="1"/>
<flow id="car64" type="carType2" from="toprightD" to="gneE18" begin="68" end="68" number="1"/>
<flow id="car65" type="carType0" from="-gneE42" to="-gneE48" begin="70" end="70" number="1"/>
<flow id="car66" type="carType0" from="gneE9" to="gneE28" begin="70" end="70" number="1"/>
<flow id="car67" type="carType2" from="toprightD" to="-gneE34" begin="72" end="72" number="1"/>
<flow id="car68" type="carType0" from="-gneE50" to="-gneE33" begin="72" end="72" number="1"/>
<flow id="car69" type="carType2" from="bottomrightU" to="-gneE8" begin="73" end="73" number="1"/>
<flow id="car70" type="carType0" from="gneE18" to="-gneE43" begin="74" end="74" number="1"/>
<flow id="car71" type="carType1" from="-gneE13" to="-gneE37" begin="74" end="74" number="1"/>
<flow id="car72" type="carType0" from="-gneE13" to="-gneE13" begin="76" end="76" number="1"/>
<flow id="car73" type="carType2" from="-gneE21" to="-gneE7" begin="77" end="77" number="1"/>
<flow id="car74" type="carType0" from="gneE22" to="gneE43" begin="77" end="77" number="1"/>
<flow id="car75" type="carType1" from="gneE45" to="-gneE8" begin="77" end="77" number="1"/>
<flow id="car76" type="carType2" from="gneE50" to="bottomleftR" begin="77" end="77" number="1"/>
<flow id="car77" type="carType0" from="-gneE49" to="gneE50" begin="77" end="77" number="1"/>
<flow id="car78" type="carType2" from="-gneE21" to="-gneE42" begin="77" end="77" number="1"/>
<flow id="car79" type="carType2" from="-gneE34" to="gneE37" begin="79" end="79" number="1"/>
<flow id="car80" type="carType2" from="gneE49" to="gneE35" begin="80" end="80" number="1"/>
<flow id="car81" type="carType2" from="topleftD" to="gneE42" begin="80" end="80" number="1"/>
<flow id="car82" type="carType2" from="gneE43" to="bottomleftU" begin="83" end="83" number="1"/>
<flow id="car83" type="carType0" from="gneE21" to="gneE45" begin="85" end="85" number="1"/>
<flow id="car84" type="carType2" from="gneE45" to="-gneE37" begin="85" end="85" number="1"/>
<flow id="car85" type="carType1" from="-gneE50" to="gneE44" begin="86" end="86" number="1"/>
<flow id="car86" type="carType1" from="-gneE29" to="-gneE13" begin="86" end="86" number="1"/>
<flow id="car87" type="carType0" from="-gneE7" to="gneE44" begin="87" end="87" number="1"/>
<flow id="car88" type="carType0" from="-gneE45" to="-gneE34" begin="89" end="89" number="1"/>
<flow id="car89" type="carType0" from="gneE28" to="-gneE33" begin="90" end="90" number="1"/>
<flow id="car90" type="carType1" from="topleftR" to="topleftD" begin="92" end="92" number="1"/>
<flow id="car91" type="carType2" from="topleftD" to="-gneE37" begin="92" end="92" number="1"/>
<flow id="car92" type="carType1" from="gneE8" to="-gneE29" begin="92" end="92" number="1"/>
<flow id="car93" type="carType1" from="gneE42" to="bottomleftR" begin="93" end="93" number="1"/>
<flow id="car94" type="carType2" from="topleftD" to="gneE30" begin="94" end="94" number="1"/>
<flow id="car95" type="carType1" from="-gneE50" to="toprightD" begin="94" end="94" number="1"/>
<flow id="car96" type="carType2" from="-gneE45" to="-gneE51" begin="95" end="95" number="1"/>
<flow id="car97" type="carType1" from="gneE18" to="-gneE21" begin="95" end="95" number="1"/>
<flow id="car98" type="carType0" from="-gneE49" to="-gneE8" begin="96" end="96" number="1"/>
<flow id="car99" type="carType0" from="gneE45" to="gneE28" begin="96" end="96" number="1"/>
<flow id="car100" type="carType1" from="gneE49" to="bottomleftU" begin="97" end="97" number="1"/>
<flow id="car101" type="carType1" from="toprightL" to="bottomrightL" begin="97" end="97" number="1"/>
<flow id="car102" type="carType1" from="bottomleftR" to="-gneE48" begin="97" end="97" number="1"/>
<flow id="car103" type="carType0" from="-gneE48" to="bottomrightL" begin="97" end="97" number="1"/>
<flow id="car104" type="carType0" from="-gneE44" to="-gneE49" begin="102" end="102" number="1"/>
<flow id="car105" type="carType1" from="bottomrightU" to="-gneE8" begin="102" end="102" number="1"/>
<flow id="car106" type="carType2" from="gneE44" to="bottomrightU" begin="103" end="103" number="1"/>
<flow id="car107" type="carType0" from="gneE35" to="gneE50" begin="103" end="103" number="1"/>
<flow id="car108" type="carType2" from="gneE43" to="bottomleftU" begin="105" end="105" number="1"/>
<flow id="car109" type="carType2" from="gneE28" to="-gneE50" begin="106" end="106" number="1"/>
<flow id="car110" type="carType2" from="gneE34" to="gneE18" begin="106" end="106" number="1"/>
<flow id="car111" type="carType0" from="gneE50" to="-gneE13" begin="109" end="109" number="1"/>
<flow id="car112" type="carType0" from="-gneE29" to="gneE44" begin="112" end="112" number="1"/>
<flow id="car113" type="carType2" from="-gneE37" to="-gneE42" begin="112" end="112" number="1"/>
<flow id="car114" type="carType1" from="gneE43" to="gneE45" begin="113" end="113" number="1"/>
<flow id="car115" type="carType1" from="gneE43" to="gneE29" begin="114" end="114" number="1"/>
<flow id="car116" type="carType2" from="-gneE42" to="bottomleftU" begin="116" end="116" number="1"/>
<flow id="car117" type="carType0" from="gneE34" to="-gneE42" begin="116" end="116" number="1"/>
<flow id="car118" type="carType0" from="bottomleftU" to="gneE50" begin="118" end="118" number="1"/>
<flow id="car119" type="carType1" from="bottomleftU" to="gneE27" begin="119" end="119" number="1"/>
<flow id="car120" type="carType1" from="gneE34" to="gneE8" begin="119" end="119" number="1"/>
<flow id="car121" type="carType0" from="gneE18" to="-gneE29" begin="120" end="120" number="1"/>
<flow id="car122" type="carType1" from="-gneE43" to="-gneE37" begin="121" end="121" number="1"/>
<flow id="car123" type="carType2" from="-gneE21" to="gneE37" begin="121" end="121" number="1"/>
<flow id="car124" type="carType0" from="gneE48" to="topleftR" begin="121" end="121" number="1"/>
<flow id="car125" type="carType0" from="gneE9" to="-gneE42" begin="122" end="122" number="1"/>
<flow id="car126" type="carType2" from="gneE46" to="-gneE27" begin="123" end="123" number="1"/>
<flow id="car127" type="carType0" from="gneE34" to="-gneE43" begin="123" end="123" number="1"/>
<flow id="car128" type="carType1" from="-gneE42" to="gneE34" begin="125" end="125" number="1"/>
<flow id="car129" type="carType0" from="-gneE33" to="-gneE18" begin="126" end="126" number="1"/>
<flow id="car130" type="carType1" from="-gneE48" to="-gneE49" begin="127" end="127" number="1"/>
<flow id="car131" type="carType2" from="toprightD" to="gneE8" begin="127" end="127" number="1"/>
<flow id="car132" type="carType0" from="-gneE45" to="-gneE34" begin="128" end="128" number="1"/>
<flow id="car133" type="carType2" from="-gneE34" to="toprightD" begin="128" end="128" number="1"/>
<flow id="car134" type="carType0" from="gneE34" to="-gneE28" begin="128" end="128" number="1"/>
<flow id="car135" type="carType0" from="gneE21" to="topleftD" begin="129" end="129" number="1"/>
<flow id="car136" type="carType2" from="-gneE43" to="gneE37" begin="130" end="130" number="1"/>
<flow id="car137" type="carType2" from="topleftR" to="-gneE51" begin="131" end="131" number="1"/>
<flow id="car138" type="carType0" from="gneE29" to="gneE8" begin="132" end="132" number="1"/>
<flow id="car139" type="carType0" from="gneE22" to="gneE8" begin="133" end="133" number="1"/>
<flow id="car140" type="carType2" from="-gneE45" to="gneE50" begin="135" end="135" number="1"/>
<flow id="car141" type="carType2" from="bottomleftR" to="-gneE45" begin="136" end="136" number="1"/>
<flow id="car142" type="carType0" from="bottomrightU" to="-gneE13" begin="139" end="139" number="1"/>
<flow id="car143" type="carType0" from="gneE49" to="bottomrightU" begin="140" end="140" number="1"/>
<flow id="car144" type="carType2" from="-gneE18" to="gneE44" begin="141" end="141" number="1"/>
<flow id="car145" type="carType1" from="gneE8" to="gneE45" begin="142" end="142" number="1"/>
<flow id="car146" type="carType1" from="-gneE29" to="-gneE21" begin="143" end="143" number="1"/>
<flow id="car147" type="carType1" from="gneE29" to="gneE48" begin="143" end="143" number="1"/>
<flow id="car148" type="carType0" from="-gneE21" to="-gneE33" begin="145" end="145" number="1"/>
<flow id="car149" type="carType2" from="bottomleftR" to="gneE46" begin="145" end="145" number="1"/>
<flow id="car150" type="carType1" from="gneE37" to="-gneE27" begin="146" end="146" number="1"/>
<flow id="car151" type="carType2" from="gneE18" to="-gneE44" begin="146" end="146" number="1"/>
<flow id="car152" type="carType2" from="topleftD" to="gneE44" begin="151" end="151" number="1"/>
<flow id="car153" type="carType0" from="-gneE13" to="bottomleftU" begin="151" end="151" number="1"/>
<flow id="car154" type="carType1" from="-gneE34" to="-gneE43" begin="151" end="151" number="1"/>
<flow id="car155" type="carType2" from="gneE43" to="toprightD" begin="152" end="152" number="1"/>
<flow id="car156" type="carType0" from="gneE51" to="-gneE45" begin="153" end="153" number="1"/>
<flow id="car157" type="carType2" from="gneE9" to="-gneE43" begin="154" end="154" number="1"/>
<flow id="car158" type="carType0" from="gneE42" to="gneE48" begin="155" end="155" number="1"/>
<flow id="car159" type="carType1" from="-gneE34" to="-gneE18" begin="156" end="156" number="1"/>
<flow id="car160" type="carType2" from="-gneE44" to="-gneE48" begin="156" end="156" number="1"/>
<flow id="car161" type="carType1" from="gneE44" to="-gneE49" begin="158" end="158" number="1"/>
<flow id="car162" type="carType0" from="gneE27" to="-gneE21" begin="161" end="161" number="1"/>
<flow id="car163" type="carType0" from="gneE48" to="gneE8" begin="164" end="164" number="1"/>
<flow id="car164" type="carType0" from="-gneE27" to="-gneE49" begin="166" end="166" number="1"/>
<flow id="car165" type="carType2" from="gneE27" to="gneE51" begin="167" end="167" number="1"/>
<flow id="car166" type="carType1" from="bottomrightU" to="-gneE42" begin="167" end="167" number="1"/>
<flow id="car167" type="carType2" from="gneE27" to="topleftD" begin="168" end="168" number="1"/>
<flow id="car168" type="carType0" from="-gneE29" to="-gneE29" begin="169" end="169" number="1"/>
<flow id="car169" type="carType1" from="-gneE8" to="gneE37" begin="169" end="169" number="1"/>
<flow id="car170" type="carType1" from="gneE22" to="gneE50" begin="169" end="169" number="1"/>
<flow id="car171" type="carType2" from="-gneE13" to="bottomrightU" begin="170" end="170" number="1"/>
<flow id="car172" type="carType2" from="gneE18" to="gneE37" begin="171" end="171" number="1"/>
<flow id="car173" type="carType1" from="gneE43" to="-gneE29" begin="171" end="171" number="1"/>
<flow id="car174" type="carType1" from="gneE35" to="gneE45" begin="171" end="171" number="1"/>
<flow id="car175" type="carType0" from="gneE18" to="gneE44" begin="172" end="172" number="1"/>
<flow id="car176" type="carType1" from="-gneE21" to="-gneE50" begin="173" end="173" number="1"/>
<flow id="car177" type="carType0" from="toprightL" to="gneE21" begin="173" end="173" number="1"/>
<flow id="car178" type="carType2" from="gneE37" to="-gneE33" begin="174" end="174" number="1"/>
<flow id="car179" type="carType1" from="topleftD" to="bottomrightL" begin="174" end="174" number="1"/>
<flow id="car180" type="carType2" from="gneE29" to="gneE8" begin="175" end="175" number="1"/>
<flow id="car181" type="carType2" from="gneE30" to="-gneE42" begin="176" end="176" number="1"/>
<flow id="car182" type="carType1" from="gneE21" to="gneE43" begin="177" end="177" number="1"/>
<flow id="car183" type="carType2" from="-gneE45" to="gneE35" begin="177" end="177" number="1"/>
<flow id="car184" type="carType0" from="-gneE27" to="gneE9" begin="180" end="180" number="1"/>
<flow id="car185" type="carType0" from="-gneE42" to="-gneE8" begin="180" end="180" number="1"/>
<flow id="car186" type="carType1" from="gneE9" to="bottomrightU" begin="181" end="181" number="1"/>
<flow id="car187" type="carType0" from="gneE50" to="-gneE8" begin="183" end="183" number="1"/>
<flow id="car188" type="carType0" from="topleftD" to="-gneE37" begin="186" end="186" number="1"/>
<flow id="car189" type="carType1" from="bottomleftU" to="topleftR" begin="186" end="186" number="1"/>
<flow id="car190" type="carType1" from="gneE46" to="-gneE37" begin="187" end="187" number="1"/>
<flow id="car191" type="carType1" from="-gneE37" to="gneE9" begin="189" end="189" number="1"/>
<flow id="car192" type="carType0" from="gneE34" to="gneE29" begin="192" end="192" number="1"/>
<flow id="car193" type="carType0" from="-gneE43" to="bottomleftU" begin="192" end="192" number="1"/>
<flow id="car194" type="carType2" from="-gneE7" to="-gneE33" begin="192" end="192" number="1"/>
<flow id="car195" type="carType0" from="gneE35" to="gneE45" begin="194" end="194" number="1"/>
<flow id="car196" type="carType0" from="-gneE8" to="-gneE48" begin="194" end="194" number="1"/>
<flow id="car197" type="carType0" from="-gneE29" to="gneE44" begin="196" end="196" number="1"/>
<flow id="car198" type="carType2" from="gneE37" to="gneE50" begin="197" end="197" number="1"/>
<flow id="car199" type="carType0" from="bottomrightU" to="gneE27" begin="199" end="199" number="1"/>
</routes>
