<routes>
<vType id="carType0" length="5" maxSpeed="54.03" accel="2.92" decel="4.24" speedDev="0.2" sigma="0.25"/>
<vType id="carType1" length="6" maxSpeed="52.58" accel="2.78" decel="4.95" speedDev="0.2" sigma="0.17"/>
<vType id="carType2" length="5" maxSpeed="51.25" accel="2" decel="5.43" speedDev="0.2" sigma="0.15"/>
<flow id="car0" type="carType2" from="bottomleftR" to="bottomrightL" begin="0" end="0" number="1"/>
<flow id="car1" type="carType2" from="gneE8" to="bottomleftR" begin="3" end="3" number="1"/>
<flow id="car2" type="carType0" from="gneE48" to="gneE50" begin="4" end="4" number="1"/>
<flow id="car3" type="carType1" from="gneE42" to="-gneE49" begin="5" end="5" number="1"/>
<flow id="car4" type="carType0" from="gneE22" to="gneE49" begin="5" end="5" number="1"/>
<flow id="car5" type="carType0" from="-gneE49" to="-gneE7" begin="6" end="6" number="1"/>
<flow id="car6" type="carType2" from="-gneE45" to="gneE18" begin="7" end="7" number="1"/>
<flow id="car7" type="carType1" from="topleftD" to="toprightD" begin="9" end="9" number="1"/>
<flow id="car8" type="carType1" from="gneE46" to="gneE44" begin="9" end="9" number="1"/>
<flow id="car9" type="carType1" from="gneE27" to="-gneE51" begin="10" end="10" number="1"/>
<flow id="car10" type="carType2" from="bottomleftU" to="-gneE48" begin="11" end="11" number="1"/>
<flow id="car11" type="carType0" from="gneE8" to="bottomrightU" begin="11" end="11" number="1"/>
<flow id="car12" type="carType1" from="gneE9" to="gneE46" begin="13" end="13" number="1"/>
<flow id="car13" type="carType1" from="gneE49" to="gneE48" begin="13" end="13" number="1"/>
<flow id="car14" type="carType2" from="gneE46" to="gneE34" begin="14" end="14" number="1"/>
<flow id="car15" type="carType2" from="gneE9" to="gneE35" begin="15" end="15" number="1"/>
<flow id="car16" type="carType2" from="gneE45" to="-gneE28" begin="19" end="19" number="1"/>
<flow id="car17" type="carType2" from="-gneE33" to="-gneE51" begin="21" end="21" number="1"/>
<flow id="car18" type="carType2" from="gneE30" to="bottomleftU" begin="21" end="21" number="1"/>
<flow id="car19" type="carType1" from="-gneE44" to="-gneE37" begin="22" end="22" number="1"/>
<flow id="car20" type="carType2" from="gneE46" to="gneE28" begin="25" end="25" number="1"/>
<flow id="car21" type="carType0" from="bottomrightU" to="gneE22" begin="26" end="26" number="1"/>
<flow id="car22" type="carType0" from="gneE49" to="gneE42" begin="28" end="28" number="1"/>
<flow id="car23" type="carType2" from="gneE37" to="topleftR" begin="28" end="28" number="1"/>
<flow id="car24" type="carType1" from="topleftR" to="-gneE33" begin="30" end="30" number="1"/>
<flow id="car25" type="carType0" from="-gneE7" to="gneE21" begin="30" end="30" number="1"/>
<flow id="car26" type="carType2" from="-gneE21" to="toprightD" begin="30" end="30" number="1"/>
<flow id="car27" type="carType1" from="-gneE21" to="-gneE51" begin="31" end="31" number="1"/>
<flow id="car28" type="carType1" from="gneE51" to="toprightD" begin="32" end="32" number="1"/>
<flow id="car29" type="carType1" from="gneE9" to="gneE49" begin="32" end="32" number="1"/>
<flow id="car30" type="carType2" from="gneE34" to="gneE48" begin="33" end="33" number="1"/>
<flow id="car31" type="carType0" from="-gneE42" to="gneE46" begin="33" end="33" number="1"/>
<flow id="car32" type="carType0" from="gneE8" to="-gneE48" begin="34" end="34" number="1"/>
<flow id="car33" type="carType2" from="-gneE50" to="-gneE45" begin="34" end="34" number="1"/>
<flow id="car34" type="carType1" from="-gneE27" to="-gneE27" begin="38" end="38" number="1"/>
<flow id="car35" type="carType0" from="toprightD" to="gneE44" begin="39" end="39" number="1"/>
<flow id="car36" type="carType1" from="gneE21" to="gneE46" begin="40" end="40" number="1"/>
<flow id="car37" type="carType0" from="toprightL" to="gneE48" begin="41" end="41" number="1"/>
<flow id="car38" type="carType0" from="gneE8" to="-gneE45" begin="41" end="41" number="1"/>
<flow id="car39" type="carType1" from="toprightL" to="-gneE42" begin="41" end="41" number="1"/>
<flow id="car40" type="carType0" from="-gneE44" to="-gneE37" begin="42" end="42" number="1"/>
<flow id="car41" type="carType1" from="-gneE50" to="gneE43" begin="42" end="42" number="1"/>
<flow id="car42" type="carType0" from="-gneE49" to="-gneE8" begin="43" end="43" number="1"/>
<flow id="car43" type="carType1" from="gneE34" to="topleftR" begin="45" end="45" number="1"/>
<flow id="car44" type="carType2" from="-gneE37" to="gneE44" begin="46" end="46" number="1"/>
<flow id="car45" type="carType0" from="-gneE28" to="-gneE28" begin="47" end="47" number="1"/>
<flow id="car46" type="carType1" from="-gneE21" to="-gneE37" begin="48" end="48" number="1"/>
<flow id="car47" type="carType1" from="gneE51" to="-gneE13" begin="48" end="48" number="1"/>
<flow id="car48" type="carType1" from="bottomrightL" to="-gneE18" begin="49" end="49" number="1"/>
<flow id="car49" type="carType2" from="-gneE49" to="gneE49" begin="51" end="51" number="1"/>
<flow id="car50" type="carType1" from="-gneE50" to="gneE9" begin="52" end="52" number="1"/>
<flow id="car51" type="carType1" from="-gneE43" to="gneE28" begin="52" end="52" number="1"/>
<flow id="car52" type="carType0" from="-gneE33" to="gneE49" begin="54" end="54" number="1"/>
<flow id="car53" type="carType0" from="-gneE48" to="-gneE44" begin="54" end="54" number="1"/>
<flow id="car54" type="carType2" from="bottomleftU" to="-gneE44" begin="55" end="55" number="1"/>
<flow id="car55" type="carType2" from="-gneE43" to="toprightD" begin="55" end="55" number="1"/>
<flow id="car56" type="carType2" from="-gneE45" to="gneE35" begin="55" end="55" number="1"/>
<flow id="car57" type="carType0" from="-gneE33" to="gneE22" begin="56" end="56" number="1"/>
<flow id="car58" type="carType0" from="-gneE8" to="gneE48" begin="57" end="57" number="1"/>
<flow id="car59" type="carType1" from="-gneE8" to="gneE45" begin="59" end="59" number="1"/>
<flow id="car60" type="carType1" from="-gneE48" to="-gneE27" begin="59" end="59" number="1"/>
<flow id="car61" type="carType0" from="-gneE42" to="bottomleftU" begin="60" end="60" number="1"/>
<flow id="car62" type="carType2" from="gneE28" to="toprightD" begin="60" end="60" number="1"/>
<flow id="car63" type="carType1" from="-gneE48" to="-gneE29" begin="65" end="65" number="1"/>
<flow id="car64" type="carType2" from="-gneE49" to="-gneE8" begin="68" end="68" number="1"/>
<flow id="car65" type="carType2" from="gneE29" to="-gneE50" begin="68" end="68" number="1"/>
<flow id="car66" type="carType1" from="gneE28" to="gneE18" begin="69" end="69" number="1"/>
<flow id="car67" type="carType1" from="-gneE45" to="gneE51" begin="69" end="69" number="1"/>
<flow id="car68" type="carType0" from="-gneE37" to="-gneE48" begin="69" end="69" number="1"/>
<flow id="car69" type="carType2" from="-gneE43" to="topleftR" begin="70" end="70" number="1"/>
<flow id="car70" type="carType0" from="gneE44" to="gneE29" begin="70" end="70" number="1"/>
<flow id="car71" type="carType2" from="topleftR" to="-gneE48" begin="70" end="70" number="1"/>
<flow id="car72" type="carType1" from="gneE51" to="topleftD" begin="70" end="70" number="1"/>
<flow id="car73" type="carType0" from="bottomrightL" to="-gneE51" begin="70" end="70" number="1"/>
<flow id="car74" type="carType0" from="gneE28" to="toprightD" begin="70" end="70" number="1"/>
<flow id="car75" type="carType2" from="gneE45" to="gneE28" begin="73" end="73" number="1"/>
<flow id="car76" type="carType1" from="gneE51" to="-gneE43" begin="73" end="73" number="1"/>
<flow id="car77" type="carType2" from="gneE27" to="gneE21" begin="73" end="73" number="1"/>
<flow id="car78" type="carType2" from="topleftD" to="-gneE44" begin="74" end="74" number="1"/>
<flow id="car79" type="carType0" from="gneE48" to="toprightD" begin="75" end="75" number="1"/>
<flow id="car80" type="carType1" from="-gneE42" to="gneE45" begin="76" end="76" number="1"/>
<flow id="car81" type="carType1" from="bottomleftR" to="gneE8" begin="76" end="76" number="1"/>
<flow id="car82" type="carType0" from="-gneE7" to="gneE46" begin="80" end="80" number="1"/>
<flow id="car83" type="carType2" from="gneE27" to="-gneE37" begin="81" end="81" number="1"/>
<flow id="car84" type="carType2" from="toprightD" to="gneE35" begin="81" end="81" number="1"/>
<flow id="car85" type="carType0" from="gneE22" to="gneE9" begin="81" end="81" number="1"/>
<flow id="car86" type="carType0" from="bottomleftU" to="-gneE50" begin="82" end="82" number="1"/>
<flow id="car87" type="carType1" from="gneE49" to="-gneE51" begin="82" end="82" number="1"/>
<flow id="car88" type="carType1" from="gneE48" to="-gneE50" begin="83" end="83" number="1"/>
<flow id="car89" type="carType1" from="gneE9" to="gneE44" begin="83" end="83" number="1"/>
<flow id="car90" type="carType0" from="-gneE18" to="bottomleftR" begin="83" end="83" number="1"/>
<flow id="car91" type="carType0" from="gneE28" to="-gneE13" begin="83" end="83" number="1"/>
<flow id="car92" type="carType1" from="bottomleftU" to="-gneE34" begin="84" end="84" number="1"/>
<flow id="car93" type="carType2" from="gneE42" to="-gneE48" begin="85" end="85" number="1"/>
<flow id="car94" type="carType2" from="-gneE8" to="-gneE48" begin="85" end="85" number="1"/>
<flow id="car95" type="carType0" from="-gneE34" to="gneE8" begin="86" end="86" number="1"/>
<flow id="car96" type="carType1" from="bottomleftU" to="gneE29" begin="87" end="87" number="1"/>
<flow id="car97" type="carType0" from="bottomrightL" to="-gneE45" begin="88" end="88" number="1"/>
<flow id="car98" type="carType2" from="toprightL" to="topleftR" begin="96" end="96" number="1"/>
<flow id="car99" type="carType0" from="gneE48" to="-gneE8" begin="96" end="96" number="1"/>
<flow id="car100" type="carType2" from="toprightD" to="-gneE13" begin="96" end="96" number="1"/>
<flow id="car101" type="carType2" from="-gneE28" to="-gneE44" begin="97" end="97" number="1"/>
<flow id="car102" type="carType2" from="-gneE21" to="-gneE7" begin="97" end="97" number="1"/>
<flow id="car103" type="carType2" from="-gneE44" to="-gneE29" begin="98" end="98" number="1"/>
<flow id="car104" type="carType1" from="-gneE28" to="bottomleftR" begin="99" end="99" number="1"/>
<flow id="car105" type="carType2" from="gneE46" to="-gneE43" begin="100" end="100" number="1"/>
<flow id="car106" type="carType1" from="-gneE34" to="-gneE42" begin="100" end="100" number="1"/>
<flow id="car107" type="carType1" from="-gneE49" to="gneE37" begin="101" end="101" number="1"/>
<flow id="car108" type="carType2" from="-gneE49" to="-gneE7" begin="101" end="101" number="1"/>
<flow id="car109" type="carType2" from="bottomrightU" to="topleftR" begin="102" end="102" number="1"/>
<flow id="car110" type="carType2" from="gneE44" to="gneE9" begin="103" end="103" number="1"/>
<flow id="car111" type="carType1" from="gneE50" to="-gneE45" begin="103" end="103" number="1"/>
<flow id="car112" type="carType0" from="gneE49" to="gneE8" begin="105" end="105" number="1"/>
<flow id="car113" type="carType2" from="gneE35" to="gneE43" begin="107" end="107" number="1"/>
<flow id="car114" type="carType2" from="-gneE48" to="-gneE37" begin="107" end="107" number="1"/>
<flow id="car115" type="carType0" from="bottomleftU" to="gneE29" begin="108" end="108" number="1"/>
<flow id="car116" type="carType0" from="gneE46" to="bottomleftU" begin="109" end="109" number="1"/>
<flow id="car117" type="carType1" from="gneE22" to="gneE30" begin="109" end="109" number="1"/>
<flow id="car118" type="carType2" from="-gneE51" to="gneE22" begin="110" end="110" number="1"/>
<flow id="car119" type="carType0" from="-gneE18" to="gneE30" begin="111" end="111" number="1"/>
<flow id="car120" type="carType0" from="gneE8" to="-gneE45" begin="114" end="114" number="1"/>
<flow id="car121" type="carType1" from="gneE29" to="gneE42" begin="115" end="115" number="1"/>
<flow id="car122" type="carType0" from="-gneE48" to="toprightL" begin="115" end="115" number="1"/>
<flow id="car123" type="carType1" from="gneE8" to="-gneE48" begin="115" end="115" number="1"/>
<flow id="car124" type="carType0" from="-gneE48" to="gneE8" begin="116" end="116" number="1"/>
<flow id="car125" type="carType1" from="-gneE29" to="-gneE27" begin="117" end="117" number="1"/>
<flow id="car126" type="carType0" from="gneE21" to="bottomleftU" begin="117" end="117" number="1"/>
<flow id="car127" type="carType1" from="-gneE42" to="gneE8" begin="118" end="118" number="1"/>
<flow id="car128" type="carType0" from="gneE30" to="bottomrightL" begin="118" end="118" number="1"/>
<flow id="car129" type="carType1" from="-gneE43" to="-gneE37" begin="119" end="119" number="1"/>
<flow id="car130" type="carType0" from="gneE43" to="-gneE8" begin="119" end="119" number="1"/>
<flow id="car131" type="carType2" from="-gneE50" to="gneE9" begin="120" end="120" number="1"/>
<flow id="car132" type="carType1" from="-gneE33" to="gneE27" begin="123" end="123" number="1"/>
<flow id="car133" type="carType1" from="-gneE8" to="gneE29" begin="125" end="125" number="1"/>
<flow id="car134" type="carType0" from="gneE22" to="-gneE45" begin="125" end="125" number="1"/>
<flow id="car135" type="carType1" from="gneE45" to="-gneE29" begin="125" end="125" number="1"/>
<flow id="car136" type="carType0" from="gneE48" to="bottomrightL" begin="126" end="126" number="1"/>
<flow id="car137" type="carType2" from="gneE18" to="-gneE27" begin="127" end="127" number="1"/>
<flow id="car138" type="carType1" from="gneE34" to="gneE8" begin="127" end="127" number="1"/>
<flow id="car139" type="carType2" from="gneE45" to="-gneE49" begin="130" end="130" number="1"/>
<flow id="car140" type="carType0" from="-gneE28" to="-gneE27" begin="130" end="130" number="1"/>
<flow id="car141" type="carType0" from="-gneE33" to="-gneE27" begin="133" end="133" number="1"/>
<flow id="car142" type="carType1" from="-gneE7" to="-gneE50" begin="133" end="133" number="1"/>
<flow id="car143" type="carType2" from="topleftR" to="gneE8" begin="133" end="133" number="1"/>
<flow id="car144" type="carType0" from="-gneE43" to="gneE9" begin="134" end="134" number="1"/>
<flow id="car145" type="carType2" from="topleftD" to="toprightL" begin="134" end="134" number="1"/>
<flow id="car146" type="carType1" from="gneE27" to="topleftR" begin="136" end="136" number="1"/>
<flow id="car147" type="carType2" from="toprightL" to="gneE35" begin="137" end="137" number="1"/>
<flow id="car148" type="carType1" from="-gneE27" to="-gneE13" begin="137" end="137" number="1"/>
<flow id="car149" type="carType0" from="topleftR" to="-gneE34" begin="138" end="138" number="1"/>
<flow id="car150" type="carType2" from="gneE35" to="-gneE43" begin="139" end="139" number="1"/>
<flow id="car151" type="carType2" from="gneE27" to="-gneE37" begin="140" end="140" number="1"/>
<flow id="car152" type="carType0" from="gneE46" to="gneE30" begin="140" end="140" number="1"/>
<flow id="car153" type="carType2" from="-gneE34" to="gneE30" begin="140" end="140" number="1"/>
<flow id="car154" type="carType2" from="gneE48" to="gneE27" begin="141" end="141" number="1"/>
<flow id="car155" type="carType0" from="gneE46" to="gneE34" begin="141" end="141" number="1"/>
<flow id="car156" type="carType2" from="gneE44" to="-gneE37" begin="142" end="142" number="1"/>
<flow id="car157" type="carType2" from="gneE27" to="toprightL" begin="143" end="143" number="1"/>
<flow id="car158" type="carType0" from="gneE43" to="-gneE7" begin="143" end="143" number="1"/>
<flow id="car159" type="carType1" from="-gneE21" to="-gneE33" begin="145" end="145" number="1"/>
<flow id="car160" type="carType0" from="toprightD" to="bottomleftR" begin="148" end="148" number="1"/>
<flow id="car161" type="carType0" from="gneE9" to="-gneE37" begin="148" end="148" number="1"/>
<flow id="car162" type="carType0" from="-gneE18" to="-gneE44" begin="150" end="150" number="1"/>
<flow id="car163" type="carType1" from="toprightD" to="gneE46" begin="150" end="150" number="1"/>
<flow id="car164" type="carType0" from="-gneE43" to="bottomrightU" begin="151" end="151" number="1"/>
<flow id="car165" type="carType0" from="bottomrightU" to="toprightD" begin="152" end="152" number="1"/>
<flow id="car166" type="carType2" from="bottomrightU" to="gneE22" begin="154" end="154" number="1"/>
<flow id="car167" type="carType2" from="gneE51" to="gneE9" begin="154" end="154" number="1"/>
<flow id="car168" type="carType1" from="-gneE43" to="-gneE29" begin="155" end="155" number="1"/>
<flow id="car169" type="carType0" from="-gneE42" to="gneE30" begin="156" end="156" number="1"/>
<flow id="car170" type="carType1" from="-gneE7" to="gneE8" begin="157" end="157" number="1"/>
<flow id="car171" type="carType1" from="gneE27" to="gneE27" begin="158" end="158" number="1"/>
<flow id="car172" type="carType1" from="-gneE33" to="gneE42" begin="161" end="161" number="1"/>
<flow id="car173" type="carType2" from="topleftR" to="gneE37" begin="162" end="162" number="1"/>
<flow id="car174" type="carType0" from="-gneE43" to="gneE35" begin="162" end="162" number="1"/>
<flow id="car175" type="carType0" from="toprightL" to="gneE49" begin="163" end="163" number="1"/>
<flow id="car176" type="carType0" from="gneE28" to="-gneE50" begin="163" end="163" number="1"/>
<flow id="car177" type="carType0" from="gneE28" to="bottomleftR" begin="166" end="166" number="1"/>
<flow id="car178" type="carType0" from="bottomleftR" to="gneE22" begin="167" end="167" number="1"/>
<flow id="car179" type="carType1" from="bottomrightU" to="-gneE45" begin="169" end="169" number="1"/>
<flow id="car180" type="carType0" from="gneE28" to="gneE21" begin="169" end="169" number="1"/>
<flow id="car181" type="carType1" from="gneE29" to="gneE8" begin="170" end="170" number="1"/>
<flow id="car182" type="carType1" from="-gneE21" to="-gneE48" begin="171" end="171" number="1"/>
<flow id="car183" type="carType2" from="-gneE42" to="gneE29" begin="171" end="171" number="1"/>
<flow id="car184" type="carType0" from="-gneE42" to="-gneE8" begin="172" end="172" number="1"/>
<flow id="car185" type="carType2" from="bottomleftU" to="-gneE29" begin="173" end="173" number="1"/>
<flow id="car186" type="carType1" from="gneE48" to="gneE29" begin="173" end="173" number="1"/>
<flow id="car187" type="carType2" from="gneE51" to="gneE8" begin="174" end="174" number="1"/>
<flow id="car188" type="carType1" from="gneE51" to="gneE48" begin="175" end="175" number="1"/>
<flow id="car189" type="carType0" from="-gneE49" to="gneE43" begin="177" end="177" number="1"/>
<flow id="car190" type="carType0" from="-gneE27" to="toprightD" begin="183" end="183" number="1"/>
<flow id="car191" type="carType0" from="gneE28" to="gneE50" begin="183" end="183" number="1"/>
<flow id="car192" type="carType2" from="bottomleftR" to="-gneE51" begin="186" end="186" number="1"/>
<flow id="car193" type="carType2" from="gneE42" to="gneE29" begin="186" end="186" number="1"/>
<flow id="car194" type="carType2" from="bottomleftU" to="-gneE27" begin="189" end="189" number="1"/>
<flow id="car195" type="carType1" from="gneE30" to="-gneE33" begin="190" end="190" number="1"/>
<flow id="car196" type="carType1" from="-gneE44" to="gneE46" begin="192" end="192" number="1"/>
<flow id="car197" type="carType1" from="gneE18" to="gneE27" begin="194" end="194" number="1"/>
<flow id="car198" type="carType0" from="-gneE18" to="gneE8" begin="195" end="195" number="1"/>
<flow id="car199" type="carType0" from="gneE22" to="-gneE18" begin="197" end="197" number="1"/>
</routes>
