<routes>
<vType id="carType0" length="4" maxSpeed="55.18" accel="2.76" decel="4.26" speedDev="0.2" sigma="0.15"/>
<vType id="carType1" length="9" maxSpeed="54.65" accel="2.27" decel="5.02" speedDev="0.2" sigma="0.29"/>
<vType id="carType2" length="9" maxSpeed="55.66" accel="2.92" decel="5.96" speedDev="0.2" sigma="0.25"/>
<flow id="car0" type="carType1" from="gneE50" to="-gneE45" begin="0" end="0" number="1"/>
<flow id="car1" type="carType0" from="-gneE34" to="gneE21" begin="1" end="1" number="1"/>
<flow id="car2" type="carType1" from="-gneE7" to="gneE34" begin="3" end="3" number="1"/>
<flow id="car3" type="carType2" from="-gneE13" to="topleftD" begin="4" end="4" number="1"/>
<flow id="car4" type="carType1" from="-gneE8" to="gneE9" begin="4" end="4" number="1"/>
<flow id="car5" type="carType0" from="gneE18" to="-gneE42" begin="4" end="4" number="1"/>
<flow id="car6" type="carType0" from="bottomrightL" to="gneE48" begin="5" end="5" number="1"/>
<flow id="car7" type="carType0" from="gneE44" to="bottomrightL" begin="7" end="7" number="1"/>
<flow id="car8" type="carType1" from="gneE28" to="-gneE33" begin="11" end="11" number="1"/>
<flow id="car9" type="carType0" from="-gneE44" to="topleftR" begin="12" end="12" number="1"/>
<flow id="car10" type="carType2" from="-gneE33" to="-gneE34" begin="12" end="12" number="1"/>
<flow id="car11" type="carType0" from="gneE28" to="gneE44" begin="13" end="13" number="1"/>
<flow id="car12" type="carType2" from="gneE45" to="gneE9" begin="13" end="13" number="1"/>
<flow id="car13" type="carType2" from="gneE8" to="-gneE45" begin="13" end="13" number="1"/>
<flow id="car14" type="carType1" from="-gneE33" to="gneE49" begin="13" end="13" number="1"/>
<flow id="car15" type="carType2" from="gneE49" to="-gneE45" begin="15" end="15" number="1"/>
<flow id="car16" type="carType2" from="gneE43" to="-gneE49" begin="17" end="17" number="1"/>
<flow id="car17" type="carType2" from="topleftR" to="gneE30" begin="17" end="17" number="1"/>
<flow id="car18" type="carType1" from="topleftR" to="gneE49" begin="19" end="19" number="1"/>
<flow id="car19" type="carType2" from="bottomrightU" to="-gneE42" begin="20" end="20" number="1"/>
<flow id="car20" type="carType1" from="gneE22" to="-gneE7" begin="20" end="20" number="1"/>
<flow id="car21" type="carType0" from="-gneE48" to="-gneE42" begin="23" end="23" number="1"/>
<flow id="car22" type="carType2" from="gneE22" to="-gneE37" begin="25" end="25" number="1"/>
<flow id="car23" type="carType0" from="gneE21" to="-gneE43" begin="25" end="25" number="1"/>
<flow id="car24" type="carType2" from="gneE27" to="gneE49" begin="26" end="26" number="1"/>
<flow id="car25" type="carType1" from="gneE30" to="-gneE13" begin="27" end="27" number="1"/>
<flow id="car26" type="carType1" from="gneE43" to="topleftD" begin="29" end="29" number="1"/>
<flow id="car27" type="carType0" from="gneE30" to="-gneE48" begin="30" end="30" number="1"/>
<flow id="car28" type="carType1" from="-gneE42" to="gneE8" begin="32" end="32" number="1"/>
<flow id="car29" type="carType2" from="-gneE43" to="gneE45" begin="32" end="32" number="1"/>
<flow id="car30" type="carType0" from="gneE28" to="-gneE43" begin="34" end="34" number="1"/>
<flow id="car31" type="carType2" from="-gneE7" to="topleftD" begin="34" end="34" number="1"/>
<flow id="car32" type="carType1" from="-gneE45" to="gneE43" begin="36" end="36" number="1"/>
<flow id="car33" type="carType0" from="toprightL" to="gneE8" begin="37" end="37" number="1"/>
<flow id="car34" type="carType1" from="topleftR" to="gneE49" begin="40" end="40" number="1"/>
<flow id="car35" type="carType2" from="gneE27" to="gneE9" begin="41" end="41" number="1"/>
<flow id="car36" type="carType0" from="gneE27" to="gneE42" begin="43" end="43" number="1"/>
<flow id="car37" type="carType2" from="-gneE48" to="-gneE33" begin="43" end="43" number="1"/>
<flow id="car38" type="carType2" from="bottomrightL" to="gneE8" begin="44" end="44" number="1"/>
<flow id="car39" type="carType0" from="gneE30" to="gneE51" begin="45" end="45" number="1"/>
<flow id="car40" type="carType2" from="bottomrightU" to="-gneE50" begin="45" end="45" number="1"/>
<flow id="car41" type="carType1" from="gneE44" to="bottomleftU" begin="45" end="45" number="1"/>
<flow id="car42" type="carType0" from="gneE37" to="gneE37" begin="47" end="47" number="1"/>
<flow id="car43" type="carType2" from="gneE22" to="gneE49" begin="50" end="50" number="1"/>
<flow id="car44" type="carType2" from="bottomrightU" to="toprightD" begin="50" end="50" number="1"/>
<flow id="car45" type="carType2" from="-gneE44" to="gneE37" begin="51" end="51" number="1"/>
<flow id="car46" type="carType0" from="gneE8" to="toprightL" begin="51" end="51" number="1"/>
<flow id="car47" type="carType2" from="-gneE27" to="-gneE50" begin="53" end="53" number="1"/>
<flow id="car48" type="carType0" from="-gneE44" to="gneE9" begin="54" end="54" number="1"/>
<flow id="car49" type="carType0" from="-gneE49" to="-gneE21" begin="55" end="55" number="1"/>
<flow id="car50" type="carType1" from="bottomrightL" to="-gneE29" begin="55" end="55" number="1"/>
<flow id="car51" type="carType1" from="gneE18" to="-gneE50" begin="59" end="59" number="1"/>
<flow id="car52" type="carType0" from="-gneE18" to="-gneE44" begin="59" end="59" number="1"/>
<flow id="car53" type="carType1" from="gneE44" to="gneE8" begin="62" end="62" number="1"/>
<flow id="car54" type="carType2" from="-gneE34" to="gneE37" begin="63" end="63" number="1"/>
<flow id="car55" type="carType1" from="-gneE34" to="gneE42" begin="65" end="65" number="1"/>
<flow id="car56" type="carType2" from="gneE21" to="-gneE21" begin="66" end="66" number="1"/>
<flow id="car57" type="carType2" from="gneE49" to="gneE27" begin="67" end="67" number="1"/>
<flow id="car58" type="carType0" from="toprightL" to="-gneE42" begin="68" end="68" number="1"/>
<flow id="car59" type="carType0" from="gneE43" to="gneE27" begin="69" end="69" number="1"/>
<flow id="car60" type="carType1" from="-gneE51" to="-gneE48" begin="71" end="71" number="1"/>
<flow id="car61" type="carType1" from="-gneE8" to="gneE30" begin="71" end="71" number="1"/>
<flow id="car62" type="carType0" from="gneE8" to="gneE35" begin="71" end="71" number="1"/>
<flow id="car63" type="carType1" from="gneE46" to="gneE18" begin="74" end="74" number="1"/>
<flow id="car64" type="carType1" from="gneE45" to="gneE29" begin="75" end="75" number="1"/>
<flow id="car65" type="carType2" from="-gneE43" to="gneE22" begin="75" end="75" number="1"/>
<flow id="car66" type="carType2" from="-gneE7" to="-gneE42" begin="75" end="75" number="1"/>
<flow id="car67" type="carType0" from="gneE44" to="gneE29" begin="76" end="76" number="1"/>
<flow id="car68" type="carType1" from="-gneE28" to="-gneE48" begin="77" end="77" number="1"/>
<flow id="car69" type="carType1" from="bottomleftR" to="gneE28" begin="77" end="77" number="1"/>
<flow id="car70" type="carType1" from="gneE35" to="-gneE18" begin="77" end="77" number="1"/>
<flow id="car71" type="carType2" from="bottomrightL" to="gneE18" begin="78" end="78" number="1"/>
<flow id="car72" type="carType0" from="-gneE28" to="gneE49" begin="78" end="78" number="1"/>
<flow id="car73" type="carType2" from="-gneE8" to="-gneE50" begin="79" end="79" number="1"/>
<flow id="car74" type="carType2" from="-gneE28" to="-gneE29" begin="82" end="82" number="1"/>
<flow id="car75" type="carType1" from="-gneE13" to="-gneE42" begin="82" end="82" number="1"/>
<flow id="car76" type="carType1" from="toprightL" to="-gneE37" begin="82" end="82" number="1"/>
<flow id="car77" type="carType0" from="-gneE18" to="bottomleftU" begin="83" end="83" number="1"/>
<flow id="car78" type="carType2" from="-gneE7" to="-gneE51" begin="84" end="84" number="1"/>
<flow id="car79" type="carType0" from="bottomrightL" to="-gneE51" begin="84" end="84" number="1"/>
<flow id="car80" type="carType0" from="gneE48" to="gneE42" begin="85" end="85" number="1"/>
<flow id="car81" type="carType0" from="gneE46" to="gneE29" begin="86" end="86" number="1"/>
<flow id="car82" type="carType2" from="toprightL" to="-gneE28" begin="87" end="87" number="1"/>
<flow id="car83" type="carType0" from="topleftD" to="gneE37" begin="88" end="88" number="1"/>
<flow id="car84" type="carType2" from="gneE27" to="bottomrightL" begin="89" end="89" number="1"/>
<flow id="car85" type="carType1" from="-gneE8" to="gneE50" begin="93" end="93" number="1"/>
<flow id="car86" type="carType2" from="toprightL" to="-gneE37" begin="94" end="94" number="1"/>
<flow id="car87" type="carType1" from="-gneE48" to="topleftD" begin="95" end="95" number="1"/>
<flow id="car88" type="carType1" from="gneE30" to="gneE37" begin="95" end="95" number="1"/>
<flow id="car89" type="carType2" from="-gneE33" to="-gneE28" begin="96" end="96" number="1"/>
<flow id="car90" type="carType1" from="-gneE51" to="bottomrightU" begin="96" end="96" number="1"/>
<flow id="car91" type="carType1" from="-gneE33" to="-gneE42" begin="96" end="96" number="1"/>
<flow id="car92" type="carType2" from="gneE34" to="gneE29" begin="97" end="97" number="1"/>
<flow id="car93" type="carType2" from="-gneE37" to="gneE22" begin="99" end="99" number="1"/>
<flow id="car94" type="carType2" from="gneE22" to="-gneE50" begin="100" end="100" number="1"/>
<flow id="car95" type="carType0" from="-gneE43" to="gneE28" begin="100" end="100" number="1"/>
<flow id="car96" type="carType1" from="bottomrightU" to="gneE18" begin="100" end="100" number="1"/>
<flow id="car97" type="carType1" from="gneE21" to="gneE42" begin="101" end="101" number="1"/>
<flow id="car98" type="carType1" from="gneE37" to="-gneE27" begin="102" end="102" number="1"/>
<flow id="car99" type="carType2" from="gneE44" to="topleftD" begin="103" end="103" number="1"/>
<flow id="car100" type="carType2" from="gneE37" to="-gneE29" begin="103" end="103" number="1"/>
<flow id="car101" type="carType2" from="-gneE27" to="-gneE42" begin="104" end="104" number="1"/>
<flow id="car102" type="carType0" from="gneE49" to="gneE49" begin="105" end="105" number="1"/>
<flow id="car103" type="carType1" from="-gneE27" to="topleftR" begin="105" end="105" number="1"/>
<flow id="car104" type="carType0" from="-gneE49" to="-gneE27" begin="106" end="106" number="1"/>
<flow id="car105" type="carType0" from="gneE21" to="gneE29" begin="107" end="107" number="1"/>
<flow id="car106" type="carType1" from="gneE27" to="gneE42" begin="107" end="107" number="1"/>
<flow id="car107" type="carType0" from="bottomrightL" to="gneE28" begin="108" end="108" number="1"/>
<flow id="car108" type="carType1" from="-gneE44" to="gneE34" begin="108" end="108" number="1"/>
<flow id="car109" type="carType1" from="-gneE44" to="gneE35" begin="110" end="110" number="1"/>
<flow id="car110" type="carType0" from="gneE18" to="bottomleftR" begin="111" end="111" number="1"/>
<flow id="car111" type="carType1" from="bottomleftU" to="-gneE49" begin="115" end="115" number="1"/>
<flow id="car112" type="carType1" from="-gneE7" to="gneE42" begin="115" end="115" number="1"/>
<flow id="car113" type="carType0" from="gneE37" to="-gneE45" begin="116" end="116" number="1"/>
<flow id="car114" type="carType1" from="-gneE27" to="gneE34" begin="116" end="116" number="1"/>
<flow id="car115" type="carType0" from="-gneE21" to="gneE48" begin="117" end="117" number="1"/>
<flow id="car116" type="carType0" from="gneE49" to="-gneE44" begin="118" end="118" number="1"/>
<flow id="car117" type="carType0" from="gneE44" to="-gneE37" begin="119" end="119" number="1"/>
<flow id="car118" type="carType2" from="bottomrightL" to="-gneE34" begin="119" end="119" number="1"/>
<flow id="car119" type="carType0" from="-gneE42" to="-gneE7" begin="119" end="119" number="1"/>
<flow id="car120" type="carType2" from="-gneE49" to="-gneE13" begin="121" end="121" number="1"/>
<flow id="car121" type="carType0" from="-gneE13" to="-gneE7" begin="123" end="123" number="1"/>
<flow id="car122" type="carType1" from="toprightD" to="-gneE18" begin="123" end="123" number="1"/>
<flow id="car123" type="carType1" from="gneE21" to="gneE34" begin="123" end="123" number="1"/>
<flow id="car124" type="carType1" from="gneE51" to="gneE27" begin="124" end="124" number="1"/>
<flow id="car125" type="carType0" from="gneE22" to="bottomleftR" begin="125" end="125" number="1"/>
<flow id="car126" type="carType2" from="gneE30" to="toprightL" begin="128" end="128" number="1"/>
<flow id="car127" type="carType2" from="-gneE33" to="toprightL" begin="129" end="129" number="1"/>
<flow id="car128" type="carType0" from="-gneE49" to="gneE42" begin="129" end="129" number="1"/>
<flow id="car129" type="carType2" from="gneE51" to="gneE27" begin="132" end="132" number="1"/>
<flow id="car130" type="carType2" from="-gneE28" to="gneE49" begin="133" end="133" number="1"/>
<flow id="car131" type="carType2" from="gneE49" to="gneE49" begin="135" end="135" number="1"/>
<flow id="car132" type="carType2" from="gneE9" to="gneE18" begin="136" end="136" number="1"/>
<flow id="car133" type="carType2" from="-gneE45" to="-gneE21" begin="136" end="136" number="1"/>
<flow id="car134" type="carType1" from="-gneE27" to="gneE28" begin="136" end="136" number="1"/>
<flow id="car135" type="carType0" from="-gneE27" to="gneE46" begin="137" end="137" number="1"/>
<flow id="car136" type="carType0" from="toprightL" to="gneE37" begin="138" end="138" number="1"/>
<flow id="car137" type="carType2" from="gneE30" to="-gneE21" begin="140" end="140" number="1"/>
<flow id="car138" type="carType0" from="-gneE8" to="-gneE49" begin="142" end="142" number="1"/>
<flow id="car139" type="carType0" from="-gneE27" to="gneE51" begin="142" end="142" number="1"/>
<flow id="car140" type="carType1" from="bottomleftR" to="-gneE28" begin="144" end="144" number="1"/>
<flow id="car141" type="carType1" from="gneE9" to="gneE30" begin="145" end="145" number="1"/>
<flow id="car142" type="carType2" from="bottomleftU" to="gneE21" begin="145" end="145" number="1"/>
<flow id="car143" type="carType2" from="-gneE37" to="gneE43" begin="146" end="146" number="1"/>
<flow id="car144" type="carType0" from="gneE42" to="gneE9" begin="150" end="150" number="1"/>
<flow id="car145" type="carType0" from="bottomrightU" to="bottomleftU" begin="151" end="151" number="1"/>
<flow id="car146" type="carType0" from="gneE9" to="-gneE49" begin="151" end="151" number="1"/>
<flow id="car147" type="carType2" from="bottomrightU" to="-gneE13" begin="152" end="152" number="1"/>
<flow id="car148" type="carType2" from="-gneE21" to="-gneE34" begin="153" end="153" number="1"/>
<flow id="car149" type="carType2" from="gneE8" to="gneE29" begin="154" end="154" number="1"/>
<flow id="car150" type="carType2" from="gneE21" to="gneE34" begin="154" end="154" number="1"/>
<flow id="car151" type="carType2" from="-gneE42" to="toprightL" begin="154" end="154" number="1"/>
<flow id="car152" type="carType0" from="gneE48" to="bottomrightU" begin="157" end="157" number="1"/>
<flow id="car153" type="carType2" from="gneE30" to="gneE29" begin="159" end="159" number="1"/>
<flow id="car154" type="carType0" from="gneE44" to="gneE50" begin="159" end="159" number="1"/>
<flow id="car155" type="carType0" from="gneE37" to="-gneE42" begin="159" end="159" number="1"/>
<flow id="car156" type="carType0" from="topleftR" to="bottomrightU" begin="160" end="160" number="1"/>
<flow id="car157" type="carType1" from="gneE43" to="gneE18" begin="160" end="160" number="1"/>
<flow id="car158" type="carType2" from="gneE8" to="gneE50" begin="161" end="161" number="1"/>
<flow id="car159" type="carType0" from="gneE34" to="-gneE37" begin="161" end="161" number="1"/>
<flow id="car160" type="carType0" from="gneE48" to="-gneE7" begin="162" end="162" number="1"/>
<flow id="car161" type="carType0" from="gneE18" to="bottomrightU" begin="163" end="163" number="1"/>
<flow id="car162" type="carType0" from="gneE34" to="gneE48" begin="164" end="164" number="1"/>
<flow id="car163" type="carType0" from="-gneE48" to="gneE49" begin="166" end="166" number="1"/>
<flow id="car164" type="carType0" from="gneE35" to="gneE8" begin="167" end="167" number="1"/>
<flow id="car165" type="carType1" from="gneE42" to="gneE46" begin="167" end="167" number="1"/>
<flow id="car166" type="carType1" from="gneE45" to="-gneE27" begin="169" end="169" number="1"/>
<flow id="car167" type="carType1" from="-gneE42" to="-gneE45" begin="169" end="169" number="1"/>
<flow id="car168" type="carType0" from="gneE18" to="-gneE51" begin="173" end="173" number="1"/>
<flow id="car169" type="carType0" from="-gneE28" to="gneE29" begin="174" end="174" number="1"/>
<flow id="car170" type="carType2" from="gneE45" to="gneE9" begin="175" end="175" number="1"/>
<flow id="car171" type="carType1" from="bottomrightU" to="gneE22" begin="178" end="178" number="1"/>
<flow id="car172" type="carType0" from="-gneE29" to="-gneE8" begin="178" end="178" number="1"/>
<flow id="car173" type="carType0" from="-gneE34" to="-gneE21" begin="179" end="179" number="1"/>
<flow id="car174" type="carType2" from="gneE42" to="gneE46" begin="179" end="179" number="1"/>
<flow id="car175" type="carType2" from="-gneE18" to="-gneE45" begin="181" end="181" number="1"/>
<flow id="car176" type="carType2" from="gneE35" to="gneE45" begin="181" end="181" number="1"/>
<flow id="car177" type="carType1" from="toprightL" to="topleftD" begin="181" end="181" number="1"/>
<flow id="car178" type="carType2" from="bottomrightL" to="-gneE28" begin="182" end="182" number="1"/>
<flow id="car179" type="carType1" from="gneE42" to="gneE46" begin="183" end="183" number="1"/>
<flow id="car180" type="carType2" from="gneE43" to="-gneE21" begin="183" end="183" number="1"/>
<flow id="car181" type="carType0" from="gneE8" to="gneE43" begin="185" end="185" number="1"/>
<flow id="car182" type="carType1" from="gneE22" to="gneE42" begin="186" end="186" number="1"/>
<flow id="car183" type="carType1" from="gneE30" to="gneE8" begin="186" end="186" number="1"/>
<flow id="car184" type="carType0" from="bottomrightL" to="-gneE51" begin="188" end="188" number="1"/>
<flow id="car185" type="carType0" from="gneE21" to="bottomleftR" begin="189" end="189" number="1"/>
<flow id="car186" type="carType0" from="gneE37" to="-gneE49" begin="190" end="190" number="1"/>
<flow id="car187" type="carType0" from="-gneE45" to="gneE37" begin="190" end="190" number="1"/>
<flow id="car188" type="carType1" from="-gneE48" to="bottomrightU" begin="191" end="191" number="1"/>
<flow id="car189" type="carType0" from="-gneE37" to="gneE37" begin="191" end="191" number="1"/>
<flow id="car190" type="carType2" from="bottomrightL" to="gneE18" begin="192" end="192" number="1"/>
<flow id="car191" type="carType1" from="-gneE42" to="gneE46" begin="192" end="192" number="1"/>
<flow id="car192" type="carType1" from="-gneE43" to="gneE42" begin="192" end="192" number="1"/>
<flow id="car193" type="carType2" from="gneE28" to="gneE28" begin="192" end="192" number="1"/>
<flow id="car194" type="carType0" from="gneE35" to="-gneE48" begin="193" end="193" number="1"/>
<flow id="car195" type="carType0" from="gneE8" to="-gneE34" begin="194" end="194" number="1"/>
<flow id="car196" type="carType0" from="-gneE28" to="gneE35" begin="194" end="194" number="1"/>
<flow id="car197" type="carType1" from="gneE21" to="gneE48" begin="195" end="195" number="1"/>
<flow id="car198" type="carType2" from="-gneE51" to="-gneE29" begin="196" end="196" number="1"/>
<flow id="car199" type="carType1" from="-gneE33" to="gneE42" begin="198" end="198" number="1"/>
</routes>
