<routes>
<vType id="carType0" length="4" maxSpeed="51.54" accel="2.23" decel="4.52" speedDev="0.2" sigma="0.16"/>
<vType id="carType1" length="3" maxSpeed="55.07" accel="2.7" decel="6" speedDev="0.2" sigma="0.14"/>
<vType id="carType2" length="9" maxSpeed="45.22" accel="2.25" decel="4.45" speedDev="0.2" sigma="0.14"/>
<flow id="car0" type="carType0" from="-gneE43" to="-gneE48" begin="1" end="1" number="1"/>
<flow id="car1" type="carType0" from="-gneE29" to="gneE18" begin="2" end="2" number="1"/>
<flow id="car2" type="carType2" from="-gneE34" to="-gneE29" begin="2" end="2" number="1"/>
<flow id="car3" type="carType0" from="-gneE13" to="bottomleftR" begin="2" end="2" number="1"/>
<flow id="car4" type="carType2" from="bottomrightU" to="-gneE7" begin="5" end="5" number="1"/>
<flow id="car5" type="carType0" from="gneE51" to="bottomrightU" begin="5" end="5" number="1"/>
<flow id="car6" type="carType0" from="bottomrightL" to="-gneE33" begin="6" end="6" number="1"/>
<flow id="car7" type="carType0" from="toprightD" to="gneE48" begin="7" end="7" number="1"/>
<flow id="car8" type="carType1" from="gneE22" to="gneE50" begin="8" end="8" number="1"/>
<flow id="car9" type="carType0" from="topleftD" to="bottomleftU" begin="9" end="9" number="1"/>
<flow id="car10" type="carType1" from="toprightL" to="gneE9" begin="11" end="11" number="1"/>
<flow id="car11" type="carType1" from="gneE9" to="-gneE45" begin="13" end="13" number="1"/>
<flow id="car12" type="carType0" from="gneE27" to="gneE18" begin="15" end="15" number="1"/>
<flow id="car13" type="carType0" from="-gneE13" to="gneE49" begin="15" end="15" number="1"/>
<flow id="car14" type="carType0" from="gneE21" to="gneE8" begin="17" end="17" number="1"/>
<flow id="car15" type="carType1" from="toprightD" to="-gneE49" begin="18" end="18" number="1"/>
<flow id="car16" type="carType0" from="gneE34" to="gneE48" begin="19" end="19" number="1"/>
<flow id="car17" type="carType0" from="gneE50" to="gneE27" begin="20" end="20" number="1"/>
<flow id="car18" type="carType1" from="gneE42" to="gneE27" begin="21" end="21" number="1"/>
<flow id="car19" type="carType2" from="-gneE34" to="gneE27" begin="21" end="21" number="1"/>
<flow id="car20" type="carType0" from="bottomleftU" to="-gneE44" begin="22" end="22" number="1"/>
<flow id="car21" type="carType0" from="gneE43" to="gneE28" begin="23" end="23" number="1"/>
<flow id="car22" type="carType1" from="-gneE13" to="-gneE34" begin="23" end="23" number="1"/>
<flow id="car23" type="carType1" from="-gneE34" to="bottomrightU" begin="23" end="23" number="1"/>
<flow id="car24" type="carType1" from="bottomleftU" to="bottomleftR" begin="23" end="23" number="1"/>
<flow id="car25" type="carType1" from="-gneE43" to="topleftD" begin="23" end="23" number="1"/>
<flow id="car26" type="carType0" from="gneE37" to="-gneE44" begin="28" end="28" number="1"/>
<flow id="car27" type="carType1" from="gneE18" to="gneE35" begin="28" end="28" number="1"/>
<flow id="car28" type="carType0" from="toprightD" to="topleftR" begin="28" end="28" number="1"/>
<flow id="car29" type="carType1" from="gneE27" to="topleftD" begin="30" end="30" number="1"/>
<flow id="car30" type="carType2" from="gneE30" to="-gneE28" begin="30" end="30" number="1"/>
<flow id="car31" type="carType1" from="-gneE44" to="gneE45" begin="31" end="31" number="1"/>
<flow id="car32" type="carType2" from="-gneE44" to="-gneE8" begin="32" end="32" number="1"/>
<flow id="car33" type="carType2" from="-gneE27" to="gneE18" begin="32" end="32" number="1"/>
<flow id="car34" type="carType0" from="-gneE33" to="-gneE34" begin="34" end="34" number="1"/>
<flow id="car35" type="carType1" from="gneE21" to="-gneE18" begin="34" end="34" number="1"/>
<flow id="car36" type="carType2" from="gneE8" to="-gneE33" begin="35" end="35" number="1"/>
<flow id="car37" type="carType1" from="gneE48" to="gneE30" begin="35" end="35" number="1"/>
<flow id="car38" type="carType1" from="gneE8" to="gneE44" begin="36" end="36" number="1"/>
<flow id="car39" type="carType0" from="-gneE48" to="-gneE18" begin="36" end="36" number="1"/>
<flow id="car40" type="carType0" from="topleftR" to="gneE46" begin="37" end="37" number="1"/>
<flow id="car41" type="carType2" from="gneE34" to="gneE30" begin="41" end="41" number="1"/>
<flow id="car42" type="carType0" from="gneE45" to="gneE49" begin="41" end="41" number="1"/>
<flow id="car43" type="carType0" from="bottomleftR" to="-gneE33" begin="41" end="41" number="1"/>
<flow id="car44" type="carType1" from="-gneE34" to="-gneE45" begin="45" end="45" number="1"/>
<flow id="car45" type="carType0" from="-gneE34" to="-gneE43" begin="46" end="46" number="1"/>
<flow id="car46" type="carType0" from="-gneE33" to="toprightL" begin="46" end="46" number="1"/>
<flow id="car47" type="carType0" from="gneE42" to="topleftR" begin="47" end="47" number="1"/>
<flow id="car48" type="carType1" from="-gneE33" to="gneE37" begin="49" end="49" number="1"/>
<flow id="car49" type="carType2" from="-gneE37" to="gneE35" begin="50" end="50" number="1"/>
<flow id="car50" type="carType2" from="gneE28" to="gneE37" begin="51" end="51" number="1"/>
<flow id="car51" type="carType2" from="gneE27" to="gneE34" begin="53" end="53" number="1"/>
<flow id="car52" type="carType1" from="-gneE34" to="gneE46" begin="54" end="54" number="1"/>
<flow id="car53" type="carType1" from="gneE18" to="gneE45" begin="56" end="56" number="1"/>
<flow id="car54" type="carType2" from="topleftD" to="gneE18" begin="57" end="57" number="1"/>
<flow id="car55" type="carType1" from="-gneE49" to="bottomleftR" begin="58" end="58" number="1"/>
<flow id="car56" type="carType2" from="-gneE34" to="-gneE7" begin="58" end="58" number="1"/>
<flow id="car57" type="carType2" from="gneE29" to="-gneE43" begin="59" end="59" number="1"/>
<flow id="car58" type="carType2" from="gneE29" to="bottomrightL" begin="60" end="60" number="1"/>
<flow id="car59" type="carType1" from="topleftD" to="-gneE27" begin="61" end="61" number="1"/>
<flow id="car60" type="carType1" from="toprightL" to="topleftD" begin="63" end="63" number="1"/>
<flow id="car61" type="carType1" from="gneE42" to="gneE18" begin="63" end="63" number="1"/>
<flow id="car62" type="carType2" from="gneE43" to="-gneE51" begin="65" end="65" number="1"/>
<flow id="car63" type="carType2" from="gneE44" to="gneE50" begin="65" end="65" number="1"/>
<flow id="car64" type="carType0" from="gneE30" to="toprightD" begin="65" end="65" number="1"/>
<flow id="car65" type="carType0" from="-gneE8" to="gneE49" begin="67" end="67" number="1"/>
<flow id="car66" type="carType2" from="-gneE49" to="toprightD" begin="67" end="67" number="1"/>
<flow id="car67" type="carType0" from="gneE22" to="gneE9" begin="69" end="69" number="1"/>
<flow id="car68" type="carType0" from="gneE50" to="gneE51" begin="70" end="70" number="1"/>
<flow id="car69" type="carType2" from="-gneE18" to="-gneE37" begin="70" end="70" number="1"/>
<flow id="car70" type="carType1" from="gneE43" to="gneE49" begin="73" end="73" number="1"/>
<flow id="car71" type="carType1" from="gneE9" to="-gneE28" begin="73" end="73" number="1"/>
<flow id="car72" type="carType0" from="bottomleftU" to="-gneE34" begin="76" end="76" number="1"/>
<flow id="car73" type="carType1" from="-gneE28" to="gneE27" begin="77" end="77" number="1"/>
<flow id="car74" type="carType0" from="gneE29" to="gneE30" begin="78" end="78" number="1"/>
<flow id="car75" type="carType0" from="gneE9" to="-gneE34" begin="79" end="79" number="1"/>
<flow id="car76" type="carType0" from="-gneE48" to="-gneE8" begin="81" end="81" number="1"/>
<flow id="car77" type="carType0" from="-gneE44" to="bottomleftR" begin="81" end="81" number="1"/>
<flow id="car78" type="carType1" from="gneE42" to="gneE30" begin="81" end="81" number="1"/>
<flow id="car79" type="carType2" from="-gneE44" to="bottomrightL" begin="81" end="81" number="1"/>
<flow id="car80" type="carType2" from="-gneE28" to="toprightD" begin="84" end="84" number="1"/>
<flow id="car81" type="carType2" from="-gneE21" to="gneE22" begin="88" end="88" number="1"/>
<flow id="car82" type="carType2" from="gneE28" to="-gneE13" begin="88" end="88" number="1"/>
<flow id="car83" type="carType0" from="-gneE43" to="-gneE37" begin="89" end="89" number="1"/>
<flow id="car84" type="carType1" from="gneE9" to="gneE22" begin="92" end="92" number="1"/>
<flow id="car85" type="carType0" from="bottomleftU" to="-gneE27" begin="93" end="93" number="1"/>
<flow id="car86" type="carType2" from="gneE45" to="-gneE43" begin="93" end="93" number="1"/>
<flow id="car87" type="carType1" from="-gneE49" to="-gneE21" begin="95" end="95" number="1"/>
<flow id="car88" type="carType0" from="gneE30" to="gneE50" begin="96" end="96" number="1"/>
<flow id="car89" type="carType0" from="gneE37" to="gneE44" begin="97" end="97" number="1"/>
<flow id="car90" type="carType0" from="gneE46" to="-gneE34" begin="97" end="97" number="1"/>
<flow id="car91" type="carType0" from="gneE45" to="gneE44" begin="97" end="97" number="1"/>
<flow id="car92" type="carType1" from="bottomleftU" to="gneE49" begin="97" end="97" number="1"/>
<flow id="car93" type="carType2" from="gneE46" to="bottomrightU" begin="98" end="98" number="1"/>
<flow id="car94" type="carType2" from="gneE46" to="gneE51" begin="98" end="98" number="1"/>
<flow id="car95" type="carType2" from="bottomleftU" to="bottomleftR" begin="100" end="100" number="1"/>
<flow id="car96" type="carType1" from="topleftR" to="-gneE18" begin="102" end="102" number="1"/>
<flow id="car97" type="carType0" from="-gneE44" to="-gneE21" begin="103" end="103" number="1"/>
<flow id="car98" type="carType2" from="-gneE7" to="bottomleftU" begin="105" end="105" number="1"/>
<flow id="car99" type="carType2" from="gneE21" to="-gneE18" begin="108" end="108" number="1"/>
<flow id="car100" type="carType1" from="-gneE48" to="toprightL" begin="109" end="109" number="1"/>
<flow id="car101" type="carType0" from="-gneE21" to="-gneE42" begin="110" end="110" number="1"/>
<flow id="car102" type="carType2" from="gneE21" to="-gneE49" begin="113" end="113" number="1"/>
<flow id="car103" type="carType2" from="gneE21" to="gneE46" begin="113" end="113" number="1"/>
<flow id="car104" type="carType1" from="-gneE44" to="gneE42" begin="113" end="113" number="1"/>
<flow id="car105" type="carType1" from="gneE45" to="toprightL" begin="116" end="116" number="1"/>
<flow id="car106" type="carType1" from="-gneE8" to="-gneE27" begin="116" end="116" number="1"/>
<flow id="car107" type="carType0" from="-gneE18" to="gneE46" begin="118" end="118" number="1"/>
<flow id="car108" type="carType2" from="gneE42" to="-gneE48" begin="118" end="118" number="1"/>
<flow id="car109" type="carType0" from="gneE37" to="gneE44" begin="118" end="118" number="1"/>
<flow id="car110" type="carType1" from="gneE18" to="bottomrightL" begin="118" end="118" number="1"/>
<flow id="car111" type="carType0" from="-gneE33" to="gneE29" begin="119" end="119" number="1"/>
<flow id="car112" type="carType1" from="-gneE33" to="gneE45" begin="121" end="121" number="1"/>
<flow id="car113" type="carType1" from="-gneE37" to="-gneE34" begin="121" end="121" number="1"/>
<flow id="car114" type="carType1" from="gneE43" to="gneE48" begin="122" end="122" number="1"/>
<flow id="car115" type="carType2" from="-gneE29" to="bottomrightL" begin="123" end="123" number="1"/>
<flow id="car116" type="carType2" from="gneE46" to="gneE34" begin="124" end="124" number="1"/>
<flow id="car117" type="carType2" from="gneE46" to="toprightD" begin="124" end="124" number="1"/>
<flow id="car118" type="carType0" from="gneE30" to="-gneE48" begin="126" end="126" number="1"/>
<flow id="car119" type="carType2" from="gneE43" to="-gneE27" begin="127" end="127" number="1"/>
<flow id="car120" type="carType0" from="-gneE18" to="gneE34" begin="128" end="128" number="1"/>
<flow id="car121" type="carType1" from="topleftR" to="toprightL" begin="128" end="128" number="1"/>
<flow id="car122" type="carType0" from="-gneE37" to="gneE43" begin="128" end="128" number="1"/>
<flow id="car123" type="carType2" from="-gneE34" to="gneE29" begin="129" end="129" number="1"/>
<flow id="car124" type="carType2" from="gneE34" to="-gneE21" begin="129" end="129" number="1"/>
<flow id="car125" type="carType0" from="gneE18" to="-gneE37" begin="131" end="131" number="1"/>
<flow id="car126" type="carType1" from="gneE48" to="bottomrightU" begin="132" end="132" number="1"/>
<flow id="car127" type="carType2" from="-gneE29" to="bottomleftR" begin="133" end="133" number="1"/>
<flow id="car128" type="carType2" from="gneE9" to="toprightD" begin="133" end="133" number="1"/>
<flow id="car129" type="carType1" from="bottomleftR" to="-gneE37" begin="135" end="135" number="1"/>
<flow id="car130" type="carType1" from="topleftD" to="-gneE33" begin="135" end="135" number="1"/>
<flow id="car131" type="carType1" from="-gneE18" to="-gneE50" begin="136" end="136" number="1"/>
<flow id="car132" type="carType0" from="gneE27" to="gneE29" begin="139" end="139" number="1"/>
<flow id="car133" type="carType0" from="gneE8" to="topleftR" begin="141" end="141" number="1"/>
<flow id="car134" type="carType1" from="bottomleftR" to="gneE45" begin="141" end="141" number="1"/>
<flow id="car135" type="carType0" from="bottomleftR" to="gneE30" begin="142" end="142" number="1"/>
<flow id="car136" type="carType2" from="gneE9" to="gneE30" begin="144" end="144" number="1"/>
<flow id="car137" type="carType1" from="-gneE50" to="gneE51" begin="144" end="144" number="1"/>
<flow id="car138" type="carType2" from="gneE9" to="-gneE7" begin="144" end="144" number="1"/>
<flow id="car139" type="carType0" from="gneE27" to="gneE43" begin="144" end="144" number="1"/>
<flow id="car140" type="carType1" from="gneE48" to="gneE29" begin="144" end="144" number="1"/>
<flow id="car141" type="carType0" from="-gneE33" to="-gneE28" begin="146" end="146" number="1"/>
<flow id="car142" type="carType0" from="-gneE18" to="-gneE33" begin="146" end="146" number="1"/>
<flow id="car143" type="carType2" from="gneE29" to="gneE9" begin="147" end="147" number="1"/>
<flow id="car144" type="carType2" from="-gneE8" to="gneE37" begin="149" end="149" number="1"/>
<flow id="car145" type="carType2" from="-gneE33" to="gneE18" begin="151" end="151" number="1"/>
<flow id="car146" type="carType1" from="gneE29" to="-gneE29" begin="151" end="151" number="1"/>
<flow id="car147" type="carType2" from="-gneE42" to="-gneE50" begin="153" end="153" number="1"/>
<flow id="car148" type="carType0" from="bottomleftR" to="gneE37" begin="153" end="153" number="1"/>
<flow id="car149" type="carType2" from="-gneE49" to="gneE22" begin="154" end="154" number="1"/>
<flow id="car150" type="carType2" from="-gneE28" to="gneE34" begin="155" end="155" number="1"/>
<flow id="car151" type="carType1" from="gneE30" to="bottomrightU" begin="156" end="156" number="1"/>
<flow id="car152" type="carType0" from="-gneE21" to="gneE37" begin="156" end="156" number="1"/>
<flow id="car153" type="carType1" from="gneE28" to="-gneE8" begin="156" end="156" number="1"/>
<flow id="car154" type="carType1" from="bottomleftU" to="gneE35" begin="156" end="156" number="1"/>
<flow id="car155" type="carType1" from="-gneE45" to="gneE46" begin="157" end="157" number="1"/>
<flow id="car156" type="carType1" from="gneE8" to="gneE27" begin="158" end="158" number="1"/>
<flow id="car157" type="carType1" from="-gneE50" to="gneE43" begin="158" end="158" number="1"/>
<flow id="car158" type="carType0" from="gneE48" to="-gneE49" begin="158" end="158" number="1"/>
<flow id="car159" type="carType0" from="-gneE49" to="-gneE44" begin="159" end="159" number="1"/>
<flow id="car160" type="carType0" from="topleftR" to="gneE22" begin="159" end="159" number="1"/>
<flow id="car161" type="carType2" from="bottomrightU" to="gneE42" begin="165" end="165" number="1"/>
<flow id="car162" type="carType2" from="-gneE33" to="-gneE45" begin="167" end="167" number="1"/>
<flow id="car163" type="carType0" from="-gneE21" to="topleftD" begin="168" end="168" number="1"/>
<flow id="car164" type="carType2" from="gneE29" to="-gneE34" begin="171" end="171" number="1"/>
<flow id="car165" type="carType0" from="gneE18" to="gneE44" begin="171" end="171" number="1"/>
<flow id="car166" type="carType2" from="-gneE48" to="topleftR" begin="171" end="171" number="1"/>
<flow id="car167" type="carType2" from="topleftD" to="gneE51" begin="171" end="171" number="1"/>
<flow id="car168" type="carType1" from="-gneE48" to="topleftD" begin="172" end="172" number="1"/>
<flow id="car169" type="carType0" from="gneE9" to="-gneE34" begin="174" end="174" number="1"/>
<flow id="car170" type="carType1" from="gneE44" to="-gneE13" begin="176" end="176" number="1"/>
<flow id="car171" type="carType1" from="gneE29" to="gneE21" begin="176" end="176" number="1"/>
<flow id="car172" type="carType2" from="gneE37" to="gneE46" begin="176" end="176" number="1"/>
<flow id="car173" type="carType1" from="gneE35" to="-gneE43" begin="177" end="177" number="1"/>
<flow id="car174" type="carType0" from="gneE30" to="gneE35" begin="179" end="179" number="1"/>
<flow id="car175" type="carType0" from="gneE49" to="-gneE8" begin="179" end="179" number="1"/>
<flow id="car176" type="carType0" from="gneE27" to="-gneE37" begin="180" end="180" number="1"/>
<flow id="car177" type="carType0" from="-gneE28" to="-gneE51" begin="181" end="181" number="1"/>
<flow id="car178" type="carType2" from="gneE35" to="gneE49" begin="182" end="182" number="1"/>
<flow id="car179" type="carType0" from="-gneE42" to="bottomrightU" begin="183" end="183" number="1"/>
<flow id="car180" type="carType0" from="toprightL" to="bottomleftU" begin="184" end="184" number="1"/>
<flow id="car181" type="carType0" from="gneE51" to="gneE45" begin="184" end="184" number="1"/>
<flow id="car182" type="carType1" from="-gneE51" to="-gneE33" begin="184" end="184" number="1"/>
<flow id="car183" type="carType2" from="-gneE28" to="gneE28" begin="184" end="184" number="1"/>
<flow id="car184" type="carType0" from="gneE30" to="-gneE8" begin="184" end="184" number="1"/>
<flow id="car185" type="carType1" from="-gneE8" to="gneE49" begin="186" end="186" number="1"/>
<flow id="car186" type="carType0" from="bottomrightL" to="-gneE49" begin="188" end="188" number="1"/>
<flow id="car187" type="carType2" from="-gneE29" to="-gneE48" begin="188" end="188" number="1"/>
<flow id="car188" type="carType0" from="-gneE27" to="-gneE43" begin="190" end="190" number="1"/>
<flow id="car189" type="carType0" from="-gneE13" to="bottomleftR" begin="191" end="191" number="1"/>
<flow id="car190" type="carType0" from="-gneE18" to="-gneE13" begin="191" end="191" number="1"/>
<flow id="car191" type="carType1" from="gneE30" to="gneE34" begin="192" end="192" number="1"/>
<flow id="car192" type="carType1" from="-gneE7" to="gneE28" begin="193" end="193" number="1"/>
<flow id="car193" type="carType0" from="gneE46" to="-gneE37" begin="193" end="193" number="1"/>
<flow id="car194" type="carType2" from="-gneE44" to="bottomrightL" begin="193" end="193" number="1"/>
<flow id="car195" type="carType0" from="-gneE7" to="-gneE21" begin="196" end="196" number="1"/>
<flow id="car196" type="carType1" from="-gneE37" to="gneE44" begin="196" end="196" number="1"/>
<flow id="car197" type="carType0" from="gneE21" to="gneE9" begin="196" end="196" number="1"/>
<flow id="car198" type="carType0" from="gneE44" to="gneE46" begin="199" end="199" number="1"/>
<flow id="car199" type="carType2" from="-gneE21" to="-gneE42" begin="199" end="199" number="1"/>
</routes>
