<routes>
<vType id="carType0" length="4" maxSpeed="52.94" accel="2.05" decel="4.13" speedDev="0.2" sigma="0.19"/>
<vType id="carType1" length="6" maxSpeed="57.18" accel="2.01" decel="4.18" speedDev="0.2" sigma="0.26"/>
<vType id="carType2" length="3" maxSpeed="44.7" accel="2.08" decel="4.65" speedDev="0.2" sigma="0.19"/>
<flow id="car0" type="carType1" from="gneE48" to="gneE51" begin="0" end="0" number="1"/>
<flow id="car1" type="carType0" from="gneE51" to="-gneE50" begin="1" end="1" number="1"/>
<flow id="car2" type="carType0" from="-gneE37" to="-gneE51" begin="3" end="3" number="1"/>
<flow id="car3" type="carType1" from="-gneE21" to="-gneE27" begin="3" end="3" number="1"/>
<flow id="car4" type="carType1" from="gneE51" to="-gneE28" begin="5" end="5" number="1"/>
<flow id="car5" type="carType2" from="-gneE49" to="-gneE37" begin="5" end="5" number="1"/>
<flow id="car6" type="carType1" from="-gneE45" to="-gneE8" begin="5" end="5" number="1"/>
<flow id="car7" type="carType2" from="gneE8" to="-gneE18" begin="5" end="5" number="1"/>
<flow id="car8" type="carType1" from="gneE21" to="gneE34" begin="6" end="6" number="1"/>
<flow id="car9" type="carType0" from="-gneE18" to="-gneE37" begin="7" end="7" number="1"/>
<flow id="car10" type="carType2" from="-gneE34" to="gneE29" begin="7" end="7" number="1"/>
<flow id="car11" type="carType2" from="-gneE21" to="-gneE28" begin="8" end="8" number="1"/>
<flow id="car12" type="carType2" from="gneE43" to="gneE45" begin="10" end="10" number="1"/>
<flow id="car13" type="carType2" from="-gneE34" to="gneE35" begin="10" end="10" number="1"/>
<flow id="car14" type="carType1" from="-gneE43" to="bottomrightL" begin="11" end="11" number="1"/>
<flow id="car15" type="carType2" from="topleftR" to="toprightL" begin="11" end="11" number="1"/>
<flow id="car16" type="carType2" from="toprightL" to="-gneE51" begin="11" end="11" number="1"/>
<flow id="car17" type="carType1" from="topleftD" to="gneE42" begin="11" end="11" number="1"/>
<flow id="car18" type="carType1" from="-gneE29" to="-gneE33" begin="12" end="12" number="1"/>
<flow id="car19" type="carType2" from="gneE34" to="gneE37" begin="15" end="15" number="1"/>
<flow id="car20" type="carType2" from="-gneE33" to="gneE43" begin="15" end="15" number="1"/>
<flow id="car21" type="carType1" from="bottomleftU" to="gneE35" begin="16" end="16" number="1"/>
<flow id="car22" type="carType2" from="-gneE37" to="-gneE7" begin="18" end="18" number="1"/>
<flow id="car23" type="carType2" from="gneE29" to="-gneE51" begin="19" end="19" number="1"/>
<flow id="car24" type="carType0" from="-gneE18" to="-gneE13" begin="19" end="19" number="1"/>
<flow id="car25" type="carType1" from="-gneE18" to="gneE27" begin="19" end="19" number="1"/>
<flow id="car26" type="carType0" from="toprightD" to="-gneE18" begin="20" end="20" number="1"/>
<flow id="car27" type="carType1" from="-gneE42" to="gneE43" begin="20" end="20" number="1"/>
<flow id="car28" type="carType2" from="bottomleftR" to="topleftD" begin="20" end="20" number="1"/>
<flow id="car29" type="carType1" from="gneE21" to="-gneE45" begin="20" end="20" number="1"/>
<flow id="car30" type="carType0" from="gneE49" to="gneE34" begin="21" end="21" number="1"/>
<flow id="car31" type="carType2" from="gneE30" to="-gneE7" begin="21" end="21" number="1"/>
<flow id="car32" type="carType1" from="gneE21" to="-gneE7" begin="21" end="21" number="1"/>
<flow id="car33" type="carType2" from="bottomleftU" to="gneE45" begin="22" end="22" number="1"/>
<flow id="car34" type="carType2" from="gneE51" to="-gneE51" begin="27" end="27" number="1"/>
<flow id="car35" type="carType1" from="-gneE50" to="gneE27" begin="29" end="29" number="1"/>
<flow id="car36" type="carType2" from="gneE22" to="-gneE44" begin="29" end="29" number="1"/>
<flow id="car37" type="carType1" from="gneE29" to="-gneE28" begin="29" end="29" number="1"/>
<flow id="car38" type="carType2" from="-gneE44" to="-gneE33" begin="30" end="30" number="1"/>
<flow id="car39" type="carType1" from="gneE28" to="-gneE33" begin="31" end="31" number="1"/>
<flow id="car40" type="carType0" from="bottomleftR" to="gneE28" begin="31" end="31" number="1"/>
<flow id="car41" type="carType1" from="-gneE7" to="-gneE18" begin="31" end="31" number="1"/>
<flow id="car42" type="carType1" from="gneE49" to="gneE21" begin="32" end="32" number="1"/>
<flow id="car43" type="carType0" from="-gneE27" to="gneE9" begin="34" end="34" number="1"/>
<flow id="car44" type="carType0" from="bottomleftU" to="gneE46" begin="35" end="35" number="1"/>
<flow id="car45" type="carType1" from="gneE21" to="gneE51" begin="36" end="36" number="1"/>
<flow id="car46" type="carType0" from="gneE21" to="gneE21" begin="37" end="37" number="1"/>
<flow id="car47" type="carType1" from="gneE42" to="gneE46" begin="38" end="38" number="1"/>
<flow id="car48" type="carType0" from="-gneE33" to="gneE18" begin="38" end="38" number="1"/>
<flow id="car49" type="carType0" from="-gneE37" to="-gneE27" begin="39" end="39" number="1"/>
<flow id="car50" type="carType1" from="-gneE37" to="topleftR" begin="42" end="42" number="1"/>
<flow id="car51" type="carType1" from="-gneE37" to="-gneE33" begin="42" end="42" number="1"/>
<flow id="car52" type="carType2" from="topleftD" to="toprightL" begin="42" end="42" number="1"/>
<flow id="car53" type="carType0" from="-gneE8" to="-gneE27" begin="43" end="43" number="1"/>
<flow id="car54" type="carType1" from="-gneE7" to="gneE48" begin="44" end="44" number="1"/>
<flow id="car55" type="carType0" from="gneE50" to="gneE30" begin="46" end="46" number="1"/>
<flow id="car56" type="carType0" from="toprightL" to="bottomrightL" begin="46" end="46" number="1"/>
<flow id="car57" type="carType2" from="-gneE7" to="gneE8" begin="47" end="47" number="1"/>
<flow id="car58" type="carType0" from="bottomleftR" to="gneE51" begin="49" end="49" number="1"/>
<flow id="car59" type="carType0" from="bottomrightL" to="bottomleftR" begin="50" end="50" number="1"/>
<flow id="car60" type="carType2" from="gneE51" to="gneE44" begin="52" end="52" number="1"/>
<flow id="car61" type="carType0" from="gneE30" to="gneE8" begin="53" end="53" number="1"/>
<flow id="car62" type="carType2" from="gneE46" to="gneE8" begin="54" end="54" number="1"/>
<flow id="car63" type="carType2" from="topleftR" to="-gneE33" begin="54" end="54" number="1"/>
<flow id="car64" type="carType2" from="-gneE8" to="gneE48" begin="56" end="56" number="1"/>
<flow id="car65" type="carType2" from="gneE29" to="gneE30" begin="57" end="57" number="1"/>
<flow id="car66" type="carType1" from="gneE50" to="gneE50" begin="60" end="60" number="1"/>
<flow id="car67" type="carType1" from="gneE46" to="bottomleftR" begin="63" end="63" number="1"/>
<flow id="car68" type="carType0" from="-gneE27" to="-gneE29" begin="64" end="64" number="1"/>
<flow id="car69" type="carType1" from="-gneE37" to="topleftD" begin="64" end="64" number="1"/>
<flow id="car70" type="carType0" from="bottomleftU" to="gneE37" begin="65" end="65" number="1"/>
<flow id="car71" type="carType1" from="-gneE51" to="gneE46" begin="66" end="66" number="1"/>
<flow id="car72" type="carType1" from="gneE44" to="-gneE48" begin="68" end="68" number="1"/>
<flow id="car73" type="carType2" from="-gneE43" to="-gneE34" begin="71" end="71" number="1"/>
<flow id="car74" type="carType1" from="-gneE21" to="gneE35" begin="74" end="74" number="1"/>
<flow id="car75" type="carType0" from="gneE30" to="gneE45" begin="75" end="75" number="1"/>
<flow id="car76" type="carType0" from="-gneE21" to="-gneE42" begin="75" end="75" number="1"/>
<flow id="car77" type="carType2" from="gneE49" to="-gneE21" begin="75" end="75" number="1"/>
<flow id="car78" type="carType0" from="topleftR" to="gneE21" begin="75" end="75" number="1"/>
<flow id="car79" type="carType2" from="-gneE49" to="-gneE45" begin="76" end="76" number="1"/>
<flow id="car80" type="carType1" from="toprightD" to="gneE49" begin="77" end="77" number="1"/>
<flow id="car81" type="carType1" from="-gneE42" to="-gneE50" begin="78" end="78" number="1"/>
<flow id="car82" type="carType2" from="bottomleftU" to="-gneE50" begin="79" end="79" number="1"/>
<flow id="car83" type="carType2" from="-gneE42" to="toprightD" begin="82" end="82" number="1"/>
<flow id="car84" type="carType1" from="gneE29" to="-gneE29" begin="83" end="83" number="1"/>
<flow id="car85" type="carType1" from="gneE8" to="gneE51" begin="85" end="85" number="1"/>
<flow id="car86" type="carType2" from="toprightD" to="-gneE34" begin="86" end="86" number="1"/>
<flow id="car87" type="carType0" from="gneE43" to="gneE49" begin="86" end="86" number="1"/>
<flow id="car88" type="carType2" from="toprightD" to="-gneE50" begin="87" end="87" number="1"/>
<flow id="car89" type="carType1" from="gneE35" to="gneE49" begin="88" end="88" number="1"/>
<flow id="car90" type="carType1" from="gneE37" to="gneE51" begin="88" end="88" number="1"/>
<flow id="car91" type="carType0" from="topleftR" to="-gneE7" begin="89" end="89" number="1"/>
<flow id="car92" type="carType1" from="bottomrightL" to="gneE27" begin="95" end="95" number="1"/>
<flow id="car93" type="carType2" from="-gneE49" to="-gneE34" begin="96" end="96" number="1"/>
<flow id="car94" type="carType2" from="gneE9" to="-gneE42" begin="96" end="96" number="1"/>
<flow id="car95" type="carType1" from="gneE35" to="gneE21" begin="97" end="97" number="1"/>
<flow id="car96" type="carType2" from="gneE44" to="-gneE49" begin="98" end="98" number="1"/>
<flow id="car97" type="carType0" from="bottomleftR" to="-gneE33" begin="99" end="99" number="1"/>
<flow id="car98" type="carType0" from="gneE49" to="-gneE51" begin="99" end="99" number="1"/>
<flow id="car99" type="carType0" from="gneE18" to="gneE27" begin="102" end="102" number="1"/>
<flow id="car100" type="carType0" from="bottomleftU" to="gneE51" begin="103" end="103" number="1"/>
<flow id="car101" type="carType2" from="gneE30" to="bottomrightL" begin="103" end="103" number="1"/>
<flow id="car102" type="carType1" from="-gneE21" to="gneE27" begin="103" end="103" number="1"/>
<flow id="car103" type="carType2" from="-gneE7" to="bottomrightU" begin="104" end="104" number="1"/>
<flow id="car104" type="carType1" from="bottomleftR" to="topleftD" begin="106" end="106" number="1"/>
<flow id="car105" type="carType0" from="-gneE45" to="gneE8" begin="106" end="106" number="1"/>
<flow id="car106" type="carType2" from="gneE51" to="-gneE42" begin="106" end="106" number="1"/>
<flow id="car107" type="carType1" from="bottomrightU" to="gneE30" begin="106" end="106" number="1"/>
<flow id="car108" type="carType1" from="-gneE28" to="gneE46" begin="107" end="107" number="1"/>
<flow id="car109" type="carType0" from="-gneE18" to="gneE30" begin="108" end="108" number="1"/>
<flow id="car110" type="carType2" from="gneE22" to="-gneE37" begin="109" end="109" number="1"/>
<flow id="car111" type="carType2" from="-gneE7" to="gneE44" begin="111" end="111" number="1"/>
<flow id="car112" type="carType1" from="gneE48" to="gneE21" begin="111" end="111" number="1"/>
<flow id="car113" type="carType1" from="gneE43" to="-gneE37" begin="113" end="113" number="1"/>
<flow id="car114" type="carType0" from="gneE45" to="toprightL" begin="113" end="113" number="1"/>
<flow id="car115" type="carType0" from="gneE27" to="gneE45" begin="115" end="115" number="1"/>
<flow id="car116" type="carType0" from="gneE45" to="topleftR" begin="116" end="116" number="1"/>
<flow id="car117" type="carType1" from="topleftR" to="-gneE50" begin="118" end="118" number="1"/>
<flow id="car118" type="carType0" from="topleftR" to="-gneE37" begin="120" end="120" number="1"/>
<flow id="car119" type="carType2" from="gneE37" to="-gneE48" begin="123" end="123" number="1"/>
<flow id="car120" type="carType1" from="gneE45" to="-gneE7" begin="123" end="123" number="1"/>
<flow id="car121" type="carType0" from="-gneE43" to="gneE9" begin="126" end="126" number="1"/>
<flow id="car122" type="carType0" from="-gneE18" to="gneE34" begin="127" end="127" number="1"/>
<flow id="car123" type="carType2" from="gneE34" to="-gneE28" begin="129" end="129" number="1"/>
<flow id="car124" type="carType1" from="gneE21" to="-gneE37" begin="129" end="129" number="1"/>
<flow id="car125" type="carType0" from="gneE44" to="-gneE50" begin="130" end="130" number="1"/>
<flow id="car126" type="carType1" from="gneE50" to="-gneE50" begin="130" end="130" number="1"/>
<flow id="car127" type="carType1" from="-gneE43" to="gneE44" begin="130" end="130" number="1"/>
<flow id="car128" type="carType0" from="-gneE45" to="toprightL" begin="130" end="130" number="1"/>
<flow id="car129" type="carType2" from="-gneE8" to="gneE21" begin="131" end="131" number="1"/>
<flow id="car130" type="carType0" from="gneE22" to="gneE43" begin="133" end="133" number="1"/>
<flow id="car131" type="carType2" from="gneE8" to="-gneE18" begin="133" end="133" number="1"/>
<flow id="car132" type="carType1" from="gneE50" to="-gneE48" begin="134" end="134" number="1"/>
<flow id="car133" type="carType1" from="topleftR" to="-gneE48" begin="137" end="137" number="1"/>
<flow id="car134" type="carType1" from="toprightD" to="gneE9" begin="137" end="137" number="1"/>
<flow id="car135" type="carType0" from="bottomleftR" to="-gneE42" begin="138" end="138" number="1"/>
<flow id="car136" type="carType2" from="gneE21" to="-gneE48" begin="139" end="139" number="1"/>
<flow id="car137" type="carType0" from="-gneE51" to="-gneE8" begin="142" end="142" number="1"/>
<flow id="car138" type="carType1" from="-gneE49" to="-gneE48" begin="142" end="142" number="1"/>
<flow id="car139" type="carType1" from="gneE35" to="gneE21" begin="144" end="144" number="1"/>
<flow id="car140" type="carType0" from="gneE21" to="-gneE21" begin="144" end="144" number="1"/>
<flow id="car141" type="carType0" from="-gneE49" to="bottomleftU" begin="145" end="145" number="1"/>
<flow id="car142" type="carType1" from="bottomrightL" to="-gneE28" begin="146" end="146" number="1"/>
<flow id="car143" type="carType2" from="gneE45" to="-gneE42" begin="147" end="147" number="1"/>
<flow id="car144" type="carType0" from="toprightL" to="gneE49" begin="149" end="149" number="1"/>
<flow id="car145" type="carType0" from="gneE29" to="gneE28" begin="149" end="149" number="1"/>
<flow id="car146" type="carType1" from="-gneE28" to="bottomrightL" begin="150" end="150" number="1"/>
<flow id="car147" type="carType2" from="-gneE28" to="gneE46" begin="150" end="150" number="1"/>
<flow id="car148" type="carType0" from="gneE44" to="-gneE13" begin="151" end="151" number="1"/>
<flow id="car149" type="carType0" from="-gneE45" to="gneE28" begin="151" end="151" number="1"/>
<flow id="car150" type="carType1" from="gneE48" to="-gneE21" begin="152" end="152" number="1"/>
<flow id="car151" type="carType1" from="gneE35" to="gneE18" begin="153" end="153" number="1"/>
<flow id="car152" type="carType2" from="gneE8" to="bottomrightL" begin="153" end="153" number="1"/>
<flow id="car153" type="carType0" from="-gneE29" to="-gneE42" begin="155" end="155" number="1"/>
<flow id="car154" type="carType2" from="gneE27" to="gneE50" begin="157" end="157" number="1"/>
<flow id="car155" type="carType0" from="-gneE7" to="-gneE29" begin="159" end="159" number="1"/>
<flow id="car156" type="carType0" from="gneE28" to="-gneE48" begin="159" end="159" number="1"/>
<flow id="car157" type="carType0" from="gneE46" to="-gneE29" begin="160" end="160" number="1"/>
<flow id="car158" type="carType2" from="gneE29" to="bottomleftU" begin="161" end="161" number="1"/>
<flow id="car159" type="carType0" from="gneE44" to="gneE9" begin="162" end="162" number="1"/>
<flow id="car160" type="carType0" from="-gneE29" to="-gneE21" begin="163" end="163" number="1"/>
<flow id="car161" type="carType1" from="gneE22" to="bottomleftU" begin="163" end="163" number="1"/>
<flow id="car162" type="carType1" from="gneE46" to="-gneE18" begin="165" end="165" number="1"/>
<flow id="car163" type="carType1" from="gneE46" to="-gneE51" begin="167" end="167" number="1"/>
<flow id="car164" type="carType2" from="gneE49" to="toprightD" begin="167" end="167" number="1"/>
<flow id="car165" type="carType1" from="gneE30" to="gneE34" begin="168" end="168" number="1"/>
<flow id="car166" type="carType2" from="-gneE13" to="bottomrightL" begin="168" end="168" number="1"/>
<flow id="car167" type="carType2" from="-gneE29" to="gneE44" begin="168" end="168" number="1"/>
<flow id="car168" type="carType0" from="-gneE50" to="gneE27" begin="169" end="169" number="1"/>
<flow id="car169" type="carType2" from="gneE27" to="bottomleftU" begin="169" end="169" number="1"/>
<flow id="car170" type="carType2" from="-gneE45" to="gneE18" begin="170" end="170" number="1"/>
<flow id="car171" type="carType0" from="-gneE18" to="topleftD" begin="170" end="170" number="1"/>
<flow id="car172" type="carType2" from="-gneE29" to="-gneE7" begin="171" end="171" number="1"/>
<flow id="car173" type="carType1" from="-gneE34" to="gneE27" begin="172" end="172" number="1"/>
<flow id="car174" type="carType2" from="-gneE7" to="gneE21" begin="176" end="176" number="1"/>
<flow id="car175" type="carType0" from="bottomleftR" to="-gneE13" begin="177" end="177" number="1"/>
<flow id="car176" type="carType0" from="-gneE18" to="gneE27" begin="177" end="177" number="1"/>
<flow id="car177" type="carType0" from="gneE30" to="gneE37" begin="179" end="179" number="1"/>
<flow id="car178" type="carType2" from="gneE8" to="-gneE33" begin="180" end="180" number="1"/>
<flow id="car179" type="carType2" from="toprightL" to="-gneE43" begin="180" end="180" number="1"/>
<flow id="car180" type="carType1" from="bottomrightU" to="-gneE33" begin="182" end="182" number="1"/>
<flow id="car181" type="carType2" from="gneE42" to="-gneE27" begin="183" end="183" number="1"/>
<flow id="car182" type="carType1" from="gneE9" to="gneE42" begin="185" end="185" number="1"/>
<flow id="car183" type="carType0" from="gneE9" to="-gneE44" begin="185" end="185" number="1"/>
<flow id="car184" type="carType2" from="gneE34" to="gneE27" begin="185" end="185" number="1"/>
<flow id="car185" type="carType2" from="gneE21" to="gneE49" begin="186" end="186" number="1"/>
<flow id="car186" type="carType0" from="-gneE50" to="gneE29" begin="188" end="188" number="1"/>
<flow id="car187" type="carType2" from="toprightL" to="gneE34" begin="188" end="188" number="1"/>
<flow id="car188" type="carType1" from="-gneE33" to="-gneE21" begin="188" end="188" number="1"/>
<flow id="car189" type="carType0" from="topleftR" to="gneE46" begin="189" end="189" number="1"/>
<flow id="car190" type="carType0" from="-gneE13" to="gneE46" begin="189" end="189" number="1"/>
<flow id="car191" type="carType2" from="-gneE8" to="-gneE8" begin="189" end="189" number="1"/>
<flow id="car192" type="carType1" from="gneE27" to="-gneE49" begin="192" end="192" number="1"/>
<flow id="car193" type="carType2" from="-gneE13" to="-gneE28" begin="192" end="192" number="1"/>
<flow id="car194" type="carType0" from="bottomleftR" to="gneE49" begin="193" end="193" number="1"/>
<flow id="car195" type="carType0" from="gneE42" to="toprightL" begin="194" end="194" number="1"/>
<flow id="car196" type="carType1" from="-gneE43" to="-gneE37" begin="196" end="196" number="1"/>
<flow id="car197" type="carType0" from="-gneE28" to="-gneE27" begin="196" end="196" number="1"/>
<flow id="car198" type="carType1" from="gneE22" to="-gneE21" begin="197" end="197" number="1"/>
<flow id="car199" type="carType1" from="-gneE8" to="-gneE43" begin="198" end="198" number="1"/>
</routes>
