<routes>
<vType id="carType0" length="9" maxSpeed="42.05" accel="2.77" decel="4.14" speedDev="0.2" sigma="0.24"/>
<vType id="carType1" length="7" maxSpeed="52.24" accel="2.6" decel="5.45" speedDev="0.2" sigma="0.22"/>
<vType id="carType2" length="8" maxSpeed="56.35" accel="2.88" decel="4.09" speedDev="0.2" sigma="0.19"/>
<flow id="car0" type="carType0" from="topleftR" to="-gneE50" begin="0" end="0" number="1"/>
<flow id="car1" type="carType2" from="gneE27" to="bottomleftR" begin="1" end="1" number="1"/>
<flow id="car2" type="carType1" from="bottomrightL" to="gneE35" begin="2" end="2" number="1"/>
<flow id="car3" type="carType0" from="-gneE29" to="bottomrightL" begin="2" end="2" number="1"/>
<flow id="car4" type="carType0" from="-gneE21" to="-gneE13" begin="2" end="2" number="1"/>
<flow id="car5" type="carType2" from="bottomleftR" to="-gneE13" begin="5" end="5" number="1"/>
<flow id="car6" type="carType0" from="-gneE51" to="-gneE29" begin="5" end="5" number="1"/>
<flow id="car7" type="carType1" from="topleftR" to="gneE30" begin="5" end="5" number="1"/>
<flow id="car8" type="carType2" from="-gneE43" to="gneE42" begin="6" end="6" number="1"/>
<flow id="car9" type="carType0" from="-gneE21" to="gneE43" begin="7" end="7" number="1"/>
<flow id="car10" type="carType0" from="gneE22" to="gneE22" begin="9" end="9" number="1"/>
<flow id="car11" type="carType0" from="bottomleftR" to="-gneE8" begin="9" end="9" number="1"/>
<flow id="car12" type="carType1" from="-gneE42" to="-gneE7" begin="10" end="10" number="1"/>
<flow id="car13" type="carType0" from="gneE37" to="-gneE48" begin="10" end="10" number="1"/>
<flow id="car14" type="carType0" from="gneE27" to="gneE45" begin="11" end="11" number="1"/>
<flow id="car15" type="carType0" from="-gneE48" to="topleftD" begin="12" end="12" number="1"/>
<flow id="car16" type="carType2" from="gneE27" to="gneE42" begin="13" end="13" number="1"/>
<flow id="car17" type="carType1" from="gneE29" to="gneE51" begin="13" end="13" number="1"/>
<flow id="car18" type="carType2" from="gneE29" to="-gneE37" begin="15" end="15" number="1"/>
<flow id="car19" type="carType1" from="gneE34" to="gneE37" begin="16" end="16" number="1"/>
<flow id="car20" type="carType1" from="gneE21" to="gneE30" begin="16" end="16" number="1"/>
<flow id="car21" type="carType2" from="-gneE50" to="bottomrightU" begin="17" end="17" number="1"/>
<flow id="car22" type="carType2" from="-gneE50" to="gneE21" begin="18" end="18" number="1"/>
<flow id="car23" type="carType2" from="-gneE27" to="gneE50" begin="18" end="18" number="1"/>
<flow id="car24" type="carType1" from="gneE43" to="-gneE50" begin="19" end="19" number="1"/>
<flow id="car25" type="carType1" from="gneE48" to="-gneE44" begin="19" end="19" number="1"/>
<flow id="car26" type="carType1" from="gneE18" to="gneE21" begin="20" end="20" number="1"/>
<flow id="car27" type="carType1" from="-gneE29" to="gneE9" begin="22" end="22" number="1"/>
<flow id="car28" type="carType0" from="-gneE27" to="gneE9" begin="24" end="24" number="1"/>
<flow id="car29" type="carType1" from="-gneE29" to="-gneE48" begin="24" end="24" number="1"/>
<flow id="car30" type="carType1" from="gneE35" to="-gneE44" begin="25" end="25" number="1"/>
<flow id="car31" type="carType2" from="gneE42" to="-gneE28" begin="26" end="26" number="1"/>
<flow id="car32" type="carType2" from="bottomleftU" to="-gneE21" begin="28" end="28" number="1"/>
<flow id="car33" type="carType1" from="-gneE50" to="-gneE33" begin="29" end="29" number="1"/>
<flow id="car34" type="carType2" from="topleftD" to="gneE35" begin="29" end="29" number="1"/>
<flow id="car35" type="carType1" from="gneE49" to="gneE37" begin="30" end="30" number="1"/>
<flow id="car36" type="carType1" from="toprightD" to="gneE48" begin="30" end="30" number="1"/>
<flow id="car37" type="carType2" from="toprightL" to="gneE49" begin="35" end="35" number="1"/>
<flow id="car38" type="carType2" from="-gneE44" to="topleftD" begin="35" end="35" number="1"/>
<flow id="car39" type="carType2" from="gneE29" to="bottomrightL" begin="36" end="36" number="1"/>
<flow id="car40" type="carType0" from="gneE49" to="gneE22" begin="38" end="38" number="1"/>
<flow id="car41" type="carType1" from="gneE37" to="gneE9" begin="38" end="38" number="1"/>
<flow id="car42" type="carType2" from="-gneE37" to="gneE42" begin="39" end="39" number="1"/>
<flow id="car43" type="carType0" from="-gneE48" to="-gneE48" begin="41" end="41" number="1"/>
<flow id="car44" type="carType1" from="gneE29" to="bottomrightL" begin="41" end="41" number="1"/>
<flow id="car45" type="carType1" from="bottomrightL" to="gneE8" begin="42" end="42" number="1"/>
<flow id="car46" type="carType2" from="gneE46" to="-gneE7" begin="42" end="42" number="1"/>
<flow id="car47" type="carType1" from="gneE22" to="-gneE49" begin="43" end="43" number="1"/>
<flow id="car48" type="carType0" from="gneE50" to="topleftR" begin="47" end="47" number="1"/>
<flow id="car49" type="carType1" from="toprightD" to="topleftD" begin="47" end="47" number="1"/>
<flow id="car50" type="carType1" from="gneE51" to="toprightD" begin="47" end="47" number="1"/>
<flow id="car51" type="carType2" from="gneE18" to="toprightL" begin="48" end="48" number="1"/>
<flow id="car52" type="carType0" from="gneE30" to="-gneE34" begin="49" end="49" number="1"/>
<flow id="car53" type="carType0" from="gneE8" to="-gneE29" begin="50" end="50" number="1"/>
<flow id="car54" type="carType1" from="gneE48" to="-gneE42" begin="51" end="51" number="1"/>
<flow id="car55" type="carType1" from="bottomrightU" to="toprightD" begin="51" end="51" number="1"/>
<flow id="car56" type="carType1" from="topleftD" to="-gneE8" begin="52" end="52" number="1"/>
<flow id="car57" type="carType2" from="gneE45" to="gneE35" begin="53" end="53" number="1"/>
<flow id="car58" type="carType0" from="gneE37" to="bottomrightU" begin="54" end="54" number="1"/>
<flow id="car59" type="carType0" from="bottomleftR" to="gneE30" begin="54" end="54" number="1"/>
<flow id="car60" type="carType2" from="topleftD" to="gneE37" begin="55" end="55" number="1"/>
<flow id="car61" type="carType1" from="-gneE48" to="-gneE45" begin="56" end="56" number="1"/>
<flow id="car62" type="carType0" from="-gneE43" to="-gneE29" begin="57" end="57" number="1"/>
<flow id="car63" type="carType2" from="-gneE37" to="-gneE51" begin="58" end="58" number="1"/>
<flow id="car64" type="carType1" from="gneE51" to="gneE48" begin="59" end="59" number="1"/>
<flow id="car65" type="carType1" from="-gneE45" to="gneE18" begin="63" end="63" number="1"/>
<flow id="car66" type="carType0" from="-gneE7" to="gneE35" begin="63" end="63" number="1"/>
<flow id="car67" type="carType0" from="gneE45" to="gneE21" begin="63" end="63" number="1"/>
<flow id="car68" type="carType1" from="gneE34" to="gneE9" begin="64" end="64" number="1"/>
<flow id="car69" type="carType1" from="-gneE21" to="gneE42" begin="67" end="67" number="1"/>
<flow id="car70" type="carType2" from="-gneE21" to="-gneE27" begin="67" end="67" number="1"/>
<flow id="car71" type="carType0" from="toprightL" to="-gneE37" begin="67" end="67" number="1"/>
<flow id="car72" type="carType0" from="gneE48" to="-gneE42" begin="68" end="68" number="1"/>
<flow id="car73" type="carType2" from="bottomrightL" to="-gneE29" begin="70" end="70" number="1"/>
<flow id="car74" type="carType0" from="-gneE28" to="gneE51" begin="72" end="72" number="1"/>
<flow id="car75" type="carType2" from="toprightL" to="-gneE50" begin="75" end="75" number="1"/>
<flow id="car76" type="carType1" from="bottomrightL" to="gneE22" begin="75" end="75" number="1"/>
<flow id="car77" type="carType2" from="gneE44" to="gneE30" begin="76" end="76" number="1"/>
<flow id="car78" type="carType0" from="gneE35" to="-gneE8" begin="77" end="77" number="1"/>
<flow id="car79" type="carType2" from="gneE34" to="-gneE27" begin="77" end="77" number="1"/>
<flow id="car80" type="carType0" from="-gneE34" to="gneE37" begin="77" end="77" number="1"/>
<flow id="car81" type="carType2" from="bottomleftU" to="-gneE37" begin="78" end="78" number="1"/>
<flow id="car82" type="carType0" from="bottomrightU" to="gneE42" begin="79" end="79" number="1"/>
<flow id="car83" type="carType2" from="bottomleftU" to="-gneE42" begin="79" end="79" number="1"/>
<flow id="car84" type="carType0" from="-gneE43" to="-gneE28" begin="80" end="80" number="1"/>
<flow id="car85" type="carType1" from="gneE35" to="-gneE42" begin="80" end="80" number="1"/>
<flow id="car86" type="carType0" from="toprightD" to="-gneE50" begin="81" end="81" number="1"/>
<flow id="car87" type="carType0" from="-gneE8" to="gneE37" begin="82" end="82" number="1"/>
<flow id="car88" type="carType1" from="gneE51" to="gneE27" begin="84" end="84" number="1"/>
<flow id="car89" type="carType1" from="gneE35" to="gneE42" begin="84" end="84" number="1"/>
<flow id="car90" type="carType0" from="gneE37" to="toprightL" begin="85" end="85" number="1"/>
<flow id="car91" type="carType2" from="gneE27" to="-gneE50" begin="86" end="86" number="1"/>
<flow id="car92" type="carType0" from="-gneE49" to="topleftD" begin="86" end="86" number="1"/>
<flow id="car93" type="carType0" from="-gneE33" to="bottomleftR" begin="86" end="86" number="1"/>
<flow id="car94" type="carType0" from="-gneE21" to="gneE30" begin="89" end="89" number="1"/>
<flow id="car95" type="carType0" from="gneE35" to="gneE21" begin="89" end="89" number="1"/>
<flow id="car96" type="carType2" from="gneE22" to="topleftR" begin="90" end="90" number="1"/>
<flow id="car97" type="carType1" from="-gneE48" to="gneE27" begin="90" end="90" number="1"/>
<flow id="car98" type="carType2" from="gneE18" to="bottomrightU" begin="92" end="92" number="1"/>
<flow id="car99" type="carType0" from="-gneE8" to="bottomrightL" begin="93" end="93" number="1"/>
<flow id="car100" type="carType1" from="gneE37" to="bottomleftR" begin="95" end="95" number="1"/>
<flow id="car101" type="carType0" from="-gneE29" to="gneE45" begin="96" end="96" number="1"/>
<flow id="car102" type="carType0" from="-gneE18" to="gneE30" begin="98" end="98" number="1"/>
<flow id="car103" type="carType1" from="-gneE13" to="-gneE51" begin="99" end="99" number="1"/>
<flow id="car104" type="carType2" from="gneE50" to="gneE35" begin="101" end="101" number="1"/>
<flow id="car105" type="carType2" from="gneE30" to="-gneE51" begin="101" end="101" number="1"/>
<flow id="car106" type="carType2" from="gneE27" to="-gneE28" begin="102" end="102" number="1"/>
<flow id="car107" type="carType0" from="-gneE8" to="gneE45" begin="105" end="105" number="1"/>
<flow id="car108" type="carType1" from="-gneE44" to="bottomleftU" begin="106" end="106" number="1"/>
<flow id="car109" type="carType2" from="-gneE43" to="gneE49" begin="108" end="108" number="1"/>
<flow id="car110" type="carType0" from="gneE29" to="gneE28" begin="108" end="108" number="1"/>
<flow id="car111" type="carType2" from="gneE42" to="gneE28" begin="109" end="109" number="1"/>
<flow id="car112" type="carType1" from="gneE50" to="gneE28" begin="110" end="110" number="1"/>
<flow id="car113" type="carType2" from="-gneE29" to="-gneE45" begin="110" end="110" number="1"/>
<flow id="car114" type="carType0" from="gneE21" to="gneE29" begin="112" end="112" number="1"/>
<flow id="car115" type="carType2" from="gneE35" to="gneE29" begin="113" end="113" number="1"/>
<flow id="car116" type="carType1" from="-gneE28" to="-gneE45" begin="114" end="114" number="1"/>
<flow id="car117" type="carType2" from="gneE22" to="-gneE45" begin="114" end="114" number="1"/>
<flow id="car118" type="carType2" from="-gneE29" to="gneE8" begin="120" end="120" number="1"/>
<flow id="car119" type="carType1" from="gneE51" to="-gneE21" begin="120" end="120" number="1"/>
<flow id="car120" type="carType0" from="gneE43" to="-gneE29" begin="121" end="121" number="1"/>
<flow id="car121" type="carType0" from="gneE49" to="gneE35" begin="121" end="121" number="1"/>
<flow id="car122" type="carType0" from="gneE37" to="toprightL" begin="122" end="122" number="1"/>
<flow id="car123" type="carType1" from="gneE18" to="gneE29" begin="123" end="123" number="1"/>
<flow id="car124" type="carType0" from="gneE28" to="gneE28" begin="123" end="123" number="1"/>
<flow id="car125" type="carType0" from="gneE50" to="-gneE43" begin="126" end="126" number="1"/>
<flow id="car126" type="carType0" from="-gneE50" to="gneE18" begin="126" end="126" number="1"/>
<flow id="car127" type="carType2" from="-gneE45" to="-gneE37" begin="127" end="127" number="1"/>
<flow id="car128" type="carType0" from="gneE29" to="-gneE37" begin="130" end="130" number="1"/>
<flow id="car129" type="carType0" from="-gneE45" to="bottomleftR" begin="133" end="133" number="1"/>
<flow id="car130" type="carType2" from="gneE9" to="gneE9" begin="138" end="138" number="1"/>
<flow id="car131" type="carType1" from="topleftD" to="-gneE28" begin="140" end="140" number="1"/>
<flow id="car132" type="carType0" from="-gneE44" to="gneE28" begin="140" end="140" number="1"/>
<flow id="car133" type="carType2" from="gneE22" to="-gneE33" begin="140" end="140" number="1"/>
<flow id="car134" type="carType0" from="gneE37" to="bottomrightU" begin="141" end="141" number="1"/>
<flow id="car135" type="carType1" from="-gneE18" to="gneE28" begin="142" end="142" number="1"/>
<flow id="car136" type="carType2" from="-gneE37" to="-gneE50" begin="143" end="143" number="1"/>
<flow id="car137" type="carType0" from="gneE34" to="topleftD" begin="144" end="144" number="1"/>
<flow id="car138" type="carType2" from="gneE49" to="gneE8" begin="145" end="145" number="1"/>
<flow id="car139" type="carType1" from="gneE44" to="bottomrightU" begin="147" end="147" number="1"/>
<flow id="car140" type="carType0" from="-gneE29" to="-gneE43" begin="151" end="151" number="1"/>
<flow id="car141" type="carType2" from="-gneE42" to="gneE18" begin="152" end="152" number="1"/>
<flow id="car142" type="carType2" from="-gneE7" to="-gneE21" begin="154" end="154" number="1"/>
<flow id="car143" type="carType2" from="-gneE8" to="-gneE29" begin="156" end="156" number="1"/>
<flow id="car144" type="carType1" from="-gneE13" to="gneE18" begin="157" end="157" number="1"/>
<flow id="car145" type="carType2" from="-gneE33" to="topleftD" begin="157" end="157" number="1"/>
<flow id="car146" type="carType0" from="gneE35" to="gneE18" begin="158" end="158" number="1"/>
<flow id="car147" type="carType0" from="-gneE7" to="-gneE48" begin="158" end="158" number="1"/>
<flow id="car148" type="carType1" from="-gneE28" to="topleftD" begin="159" end="159" number="1"/>
<flow id="car149" type="carType1" from="bottomleftU" to="-gneE21" begin="159" end="159" number="1"/>
<flow id="car150" type="carType0" from="-gneE44" to="gneE49" begin="160" end="160" number="1"/>
<flow id="car151" type="carType0" from="gneE27" to="-gneE7" begin="160" end="160" number="1"/>
<flow id="car152" type="carType2" from="gneE35" to="-gneE42" begin="161" end="161" number="1"/>
<flow id="car153" type="carType1" from="gneE34" to="toprightL" begin="162" end="162" number="1"/>
<flow id="car154" type="carType1" from="toprightD" to="gneE37" begin="163" end="163" number="1"/>
<flow id="car155" type="carType1" from="bottomleftR" to="-gneE29" begin="163" end="163" number="1"/>
<flow id="car156" type="carType1" from="gneE29" to="gneE37" begin="165" end="165" number="1"/>
<flow id="car157" type="carType0" from="gneE45" to="-gneE43" begin="166" end="166" number="1"/>
<flow id="car158" type="carType1" from="gneE22" to="gneE22" begin="167" end="167" number="1"/>
<flow id="car159" type="carType2" from="gneE51" to="gneE29" begin="168" end="168" number="1"/>
<flow id="car160" type="carType2" from="-gneE29" to="gneE29" begin="168" end="168" number="1"/>
<flow id="car161" type="carType0" from="gneE50" to="-gneE45" begin="168" end="168" number="1"/>
<flow id="car162" type="carType2" from="gneE18" to="topleftD" begin="169" end="169" number="1"/>
<flow id="car163" type="carType0" from="-gneE18" to="-gneE29" begin="169" end="169" number="1"/>
<flow id="car164" type="carType1" from="-gneE43" to="gneE18" begin="171" end="171" number="1"/>
<flow id="car165" type="carType2" from="-gneE45" to="gneE51" begin="171" end="171" number="1"/>
<flow id="car166" type="carType2" from="-gneE43" to="-gneE7" begin="172" end="172" number="1"/>
<flow id="car167" type="carType0" from="gneE9" to="-gneE8" begin="172" end="172" number="1"/>
<flow id="car168" type="carType0" from="-gneE13" to="-gneE51" begin="174" end="174" number="1"/>
<flow id="car169" type="carType0" from="topleftR" to="-gneE7" begin="176" end="176" number="1"/>
<flow id="car170" type="carType2" from="-gneE37" to="-gneE13" begin="177" end="177" number="1"/>
<flow id="car171" type="carType1" from="-gneE27" to="-gneE13" begin="178" end="178" number="1"/>
<flow id="car172" type="carType0" from="-gneE34" to="gneE34" begin="179" end="179" number="1"/>
<flow id="car173" type="carType2" from="gneE8" to="-gneE45" begin="181" end="181" number="1"/>
<flow id="car174" type="carType0" from="gneE45" to="gneE28" begin="181" end="181" number="1"/>
<flow id="car175" type="carType1" from="-gneE13" to="toprightL" begin="181" end="181" number="1"/>
<flow id="car176" type="carType0" from="gneE50" to="gneE21" begin="182" end="182" number="1"/>
<flow id="car177" type="carType2" from="gneE30" to="-gneE45" begin="182" end="182" number="1"/>
<flow id="car178" type="carType2" from="-gneE48" to="gneE50" begin="184" end="184" number="1"/>
<flow id="car179" type="carType0" from="bottomrightU" to="-gneE27" begin="185" end="185" number="1"/>
<flow id="car180" type="carType2" from="-gneE43" to="bottomleftR" begin="185" end="185" number="1"/>
<flow id="car181" type="carType0" from="-gneE45" to="gneE46" begin="185" end="185" number="1"/>
<flow id="car182" type="carType2" from="gneE37" to="topleftD" begin="186" end="186" number="1"/>
<flow id="car183" type="carType1" from="-gneE21" to="-gneE43" begin="187" end="187" number="1"/>
<flow id="car184" type="carType1" from="-gneE51" to="bottomrightU" begin="188" end="188" number="1"/>
<flow id="car185" type="carType2" from="gneE51" to="gneE27" begin="189" end="189" number="1"/>
<flow id="car186" type="carType1" from="-gneE33" to="gneE34" begin="190" end="190" number="1"/>
<flow id="car187" type="carType0" from="gneE35" to="-gneE7" begin="191" end="191" number="1"/>
<flow id="car188" type="carType0" from="gneE46" to="-gneE50" begin="192" end="192" number="1"/>
<flow id="car189" type="carType1" from="gneE21" to="-gneE7" begin="193" end="193" number="1"/>
<flow id="car190" type="carType1" from="gneE8" to="gneE22" begin="195" end="195" number="1"/>
<flow id="car191" type="carType2" from="gneE37" to="-gneE27" begin="196" end="196" number="1"/>
<flow id="car192" type="carType1" from="gneE43" to="-gneE43" begin="196" end="196" number="1"/>
<flow id="car193" type="carType2" from="gneE44" to="gneE46" begin="196" end="196" number="1"/>
<flow id="car194" type="carType0" from="topleftR" to="-gneE13" begin="197" end="197" number="1"/>
<flow id="car195" type="carType1" from="-gneE34" to="gneE51" begin="198" end="198" number="1"/>
<flow id="car196" type="carType1" from="-gneE34" to="-gneE33" begin="198" end="198" number="1"/>
<flow id="car197" type="carType2" from="gneE51" to="gneE45" begin="198" end="198" number="1"/>
<flow id="car198" type="carType1" from="-gneE42" to="topleftR" begin="198" end="198" number="1"/>
<flow id="car199" type="carType1" from="-gneE33" to="gneE18" begin="198" end="198" number="1"/>
</routes>
