<routes>
<vType id="carType0" length="4" maxSpeed="52.02" accel="2.56" decel="5.61" speedDev="0.2" sigma="0.15"/>
<vType id="carType1" length="3" maxSpeed="48.03" accel="2.8" decel="4.38" speedDev="0.2" sigma="0.18"/>
<vType id="carType2" length="9" maxSpeed="46.21" accel="2.32" decel="5.99" speedDev="0.2" sigma="0.22"/>
<flow id="car0" type="carType0" from="-gneE48" to="-gneE49" begin="0" end="0" number="1"/>
<flow id="car1" type="carType1" from="-gneE29" to="-gneE49" begin="2" end="2" number="1"/>
<flow id="car2" type="carType1" from="-gneE33" to="gneE42" begin="4" end="4" number="1"/>
<flow id="car3" type="carType0" from="gneE43" to="-gneE45" begin="5" end="5" number="1"/>
<flow id="car4" type="carType1" from="toprightD" to="bottomrightL" begin="6" end="6" number="1"/>
<flow id="car5" type="carType0" from="topleftR" to="toprightD" begin="7" end="7" number="1"/>
<flow id="car6" type="carType2" from="-gneE27" to="-gneE44" begin="8" end="8" number="1"/>
<flow id="car7" type="carType0" from="topleftR" to="-gneE33" begin="8" end="8" number="1"/>
<flow id="car8" type="carType1" from="-gneE44" to="gneE27" begin="8" end="8" number="1"/>
<flow id="car9" type="carType0" from="toprightD" to="-gneE7" begin="8" end="8" number="1"/>
<flow id="car10" type="carType1" from="-gneE37" to="-gneE21" begin="9" end="9" number="1"/>
<flow id="car11" type="carType0" from="-gneE33" to="-gneE18" begin="11" end="11" number="1"/>
<flow id="car12" type="carType1" from="gneE34" to="gneE34" begin="11" end="11" number="1"/>
<flow id="car13" type="carType1" from="gneE34" to="-gneE33" begin="12" end="12" number="1"/>
<flow id="car14" type="carType2" from="gneE18" to="-gneE28" begin="12" end="12" number="1"/>
<flow id="car15" type="carType1" from="-gneE42" to="-gneE49" begin="12" end="12" number="1"/>
<flow id="car16" type="carType0" from="gneE34" to="gneE18" begin="13" end="13" number="1"/>
<flow id="car17" type="carType1" from="gneE34" to="topleftD" begin="15" end="15" number="1"/>
<flow id="car18" type="carType2" from="-gneE49" to="gneE9" begin="16" end="16" number="1"/>
<flow id="car19" type="carType0" from="toprightD" to="gneE30" begin="17" end="17" number="1"/>
<flow id="car20" type="carType0" from="gneE27" to="gneE29" begin="19" end="19" number="1"/>
<flow id="car21" type="carType2" from="-gneE45" to="gneE49" begin="21" end="21" number="1"/>
<flow id="car22" type="carType2" from="-gneE48" to="bottomleftR" begin="23" end="23" number="1"/>
<flow id="car23" type="carType2" from="-gneE27" to="toprightL" begin="23" end="23" number="1"/>
<flow id="car24" type="carType2" from="-gneE33" to="-gneE37" begin="23" end="23" number="1"/>
<flow id="car25" type="carType2" from="gneE37" to="-gneE28" begin="26" end="26" number="1"/>
<flow id="car26" type="carType1" from="gneE9" to="toprightD" begin="26" end="26" number="1"/>
<flow id="car27" type="carType1" from="bottomleftU" to="gneE48" begin="27" end="27" number="1"/>
<flow id="car28" type="carType0" from="gneE21" to="toprightL" begin="29" end="29" number="1"/>
<flow id="car29" type="carType2" from="-gneE21" to="topleftD" begin="29" end="29" number="1"/>
<flow id="car30" type="carType2" from="gneE44" to="gneE30" begin="30" end="30" number="1"/>
<flow id="car31" type="carType0" from="-gneE51" to="gneE9" begin="30" end="30" number="1"/>
<flow id="car32" type="carType0" from="bottomrightL" to="bottomleftR" begin="32" end="32" number="1"/>
<flow id="car33" type="carType0" from="gneE44" to="gneE49" begin="32" end="32" number="1"/>
<flow id="car34" type="carType1" from="-gneE33" to="gneE50" begin="32" end="32" number="1"/>
<flow id="car35" type="carType1" from="gneE29" to="gneE21" begin="33" end="33" number="1"/>
<flow id="car36" type="carType1" from="gneE30" to="gneE35" begin="33" end="33" number="1"/>
<flow id="car37" type="carType2" from="bottomleftR" to="-gneE44" begin="34" end="34" number="1"/>
<flow id="car38" type="carType2" from="gneE8" to="gneE43" begin="37" end="37" number="1"/>
<flow id="car39" type="carType0" from="gneE42" to="topleftR" begin="37" end="37" number="1"/>
<flow id="car40" type="carType1" from="-gneE49" to="gneE48" begin="37" end="37" number="1"/>
<flow id="car41" type="carType0" from="gneE49" to="gneE29" begin="39" end="39" number="1"/>
<flow id="car42" type="carType1" from="gneE43" to="-gneE8" begin="40" end="40" number="1"/>
<flow id="car43" type="carType2" from="bottomrightL" to="-gneE49" begin="41" end="41" number="1"/>
<flow id="car44" type="carType0" from="gneE37" to="gneE29" begin="44" end="44" number="1"/>
<flow id="car45" type="carType0" from="gneE28" to="-gneE50" begin="45" end="45" number="1"/>
<flow id="car46" type="carType2" from="-gneE33" to="-gneE43" begin="45" end="45" number="1"/>
<flow id="car47" type="carType0" from="-gneE43" to="-gneE7" begin="46" end="46" number="1"/>
<flow id="car48" type="carType2" from="-gneE28" to="gneE51" begin="48" end="48" number="1"/>
<flow id="car49" type="carType0" from="-gneE51" to="gneE8" begin="49" end="49" number="1"/>
<flow id="car50" type="carType2" from="toprightL" to="gneE30" begin="49" end="49" number="1"/>
<flow id="car51" type="carType2" from="-gneE50" to="gneE22" begin="49" end="49" number="1"/>
<flow id="car52" type="carType2" from="-gneE45" to="gneE42" begin="49" end="49" number="1"/>
<flow id="car53" type="carType0" from="topleftR" to="gneE30" begin="52" end="52" number="1"/>
<flow id="car54" type="carType2" from="-gneE7" to="-gneE44" begin="54" end="54" number="1"/>
<flow id="car55" type="carType2" from="gneE46" to="topleftD" begin="55" end="55" number="1"/>
<flow id="car56" type="carType2" from="-gneE34" to="gneE9" begin="55" end="55" number="1"/>
<flow id="car57" type="carType0" from="-gneE29" to="toprightL" begin="55" end="55" number="1"/>
<flow id="car58" type="carType1" from="gneE45" to="gneE35" begin="55" end="55" number="1"/>
<flow id="car59" type="carType2" from="-gneE18" to="-gneE49" begin="56" end="56" number="1"/>
<flow id="car60" type="carType1" from="gneE21" to="gneE48" begin="57" end="57" number="1"/>
<flow id="car61" type="carType1" from="gneE42" to="gneE8" begin="58" end="58" number="1"/>
<flow id="car62" type="carType1" from="-gneE28" to="gneE44" begin="58" end="58" number="1"/>
<flow id="car63" type="carType0" from="topleftR" to="-gneE37" begin="58" end="58" number="1"/>
<flow id="car64" type="carType2" from="-gneE13" to="-gneE42" begin="59" end="59" number="1"/>
<flow id="car65" type="carType0" from="gneE27" to="-gneE51" begin="60" end="60" number="1"/>
<flow id="car66" type="carType2" from="-gneE48" to="gneE22" begin="60" end="60" number="1"/>
<flow id="car67" type="carType1" from="gneE49" to="-gneE49" begin="61" end="61" number="1"/>
<flow id="car68" type="carType1" from="gneE48" to="bottomleftU" begin="62" end="62" number="1"/>
<flow id="car69" type="carType0" from="-gneE51" to="gneE22" begin="62" end="62" number="1"/>
<flow id="car70" type="carType2" from="gneE48" to="-gneE7" begin="62" end="62" number="1"/>
<flow id="car71" type="carType2" from="-gneE44" to="-gneE27" begin="65" end="65" number="1"/>
<flow id="car72" type="carType2" from="gneE28" to="-gneE48" begin="65" end="65" number="1"/>
<flow id="car73" type="carType0" from="-gneE7" to="-gneE49" begin="65" end="65" number="1"/>
<flow id="car74" type="carType2" from="bottomleftU" to="-gneE18" begin="65" end="65" number="1"/>
<flow id="car75" type="carType1" from="toprightL" to="gneE49" begin="66" end="66" number="1"/>
<flow id="car76" type="carType1" from="gneE50" to="-gneE13" begin="67" end="67" number="1"/>
<flow id="car77" type="carType1" from="gneE35" to="gneE29" begin="67" end="67" number="1"/>
<flow id="car78" type="carType1" from="topleftD" to="bottomleftR" begin="68" end="68" number="1"/>
<flow id="car79" type="carType0" from="gneE27" to="-gneE50" begin="68" end="68" number="1"/>
<flow id="car80" type="carType2" from="-gneE29" to="toprightD" begin="68" end="68" number="1"/>
<flow id="car81" type="carType1" from="-gneE43" to="topleftD" begin="71" end="71" number="1"/>
<flow id="car82" type="carType2" from="gneE29" to="gneE44" begin="72" end="72" number="1"/>
<flow id="car83" type="carType0" from="-gneE8" to="gneE42" begin="72" end="72" number="1"/>
<flow id="car84" type="carType1" from="gneE45" to="gneE43" begin="73" end="73" number="1"/>
<flow id="car85" type="carType0" from="-gneE48" to="gneE8" begin="74" end="74" number="1"/>
<flow id="car86" type="carType1" from="gneE21" to="-gneE43" begin="76" end="76" number="1"/>
<flow id="car87" type="carType0" from="topleftD" to="-gneE7" begin="77" end="77" number="1"/>
<flow id="car88" type="carType0" from="-gneE37" to="toprightL" begin="77" end="77" number="1"/>
<flow id="car89" type="carType2" from="-gneE50" to="gneE50" begin="77" end="77" number="1"/>
<flow id="car90" type="carType2" from="gneE18" to="-gneE43" begin="78" end="78" number="1"/>
<flow id="car91" type="carType0" from="toprightD" to="-gneE28" begin="80" end="80" number="1"/>
<flow id="car92" type="carType2" from="-gneE43" to="bottomrightL" begin="81" end="81" number="1"/>
<flow id="car93" type="carType0" from="gneE30" to="topleftD" begin="81" end="81" number="1"/>
<flow id="car94" type="carType1" from="-gneE37" to="gneE28" begin="82" end="82" number="1"/>
<flow id="car95" type="carType2" from="toprightL" to="toprightD" begin="86" end="86" number="1"/>
<flow id="car96" type="carType2" from="-gneE33" to="-gneE21" begin="86" end="86" number="1"/>
<flow id="car97" type="carType1" from="gneE30" to="bottomleftU" begin="88" end="88" number="1"/>
<flow id="car98" type="carType1" from="gneE27" to="gneE27" begin="91" end="91" number="1"/>
<flow id="car99" type="carType0" from="-gneE44" to="-gneE50" begin="91" end="91" number="1"/>
<flow id="car100" type="carType2" from="-gneE7" to="-gneE28" begin="92" end="92" number="1"/>
<flow id="car101" type="carType0" from="gneE34" to="gneE46" begin="93" end="93" number="1"/>
<flow id="car102" type="carType1" from="-gneE33" to="-gneE28" begin="96" end="96" number="1"/>
<flow id="car103" type="carType1" from="-gneE18" to="gneE42" begin="96" end="96" number="1"/>
<flow id="car104" type="carType0" from="gneE35" to="gneE27" begin="98" end="98" number="1"/>
<flow id="car105" type="carType0" from="gneE18" to="-gneE42" begin="98" end="98" number="1"/>
<flow id="car106" type="carType1" from="gneE48" to="-gneE43" begin="98" end="98" number="1"/>
<flow id="car107" type="carType2" from="topleftD" to="bottomrightU" begin="102" end="102" number="1"/>
<flow id="car108" type="carType0" from="gneE34" to="-gneE49" begin="103" end="103" number="1"/>
<flow id="car109" type="carType2" from="gneE8" to="gneE51" begin="103" end="103" number="1"/>
<flow id="car110" type="carType0" from="topleftR" to="-gneE51" begin="104" end="104" number="1"/>
<flow id="car111" type="carType0" from="-gneE45" to="gneE34" begin="104" end="104" number="1"/>
<flow id="car112" type="carType0" from="-gneE43" to="gneE18" begin="105" end="105" number="1"/>
<flow id="car113" type="carType1" from="-gneE50" to="gneE34" begin="105" end="105" number="1"/>
<flow id="car114" type="carType0" from="-gneE27" to="bottomrightL" begin="106" end="106" number="1"/>
<flow id="car115" type="carType1" from="gneE43" to="gneE51" begin="109" end="109" number="1"/>
<flow id="car116" type="carType0" from="bottomleftR" to="-gneE29" begin="110" end="110" number="1"/>
<flow id="car117" type="carType2" from="-gneE50" to="-gneE29" begin="111" end="111" number="1"/>
<flow id="car118" type="carType1" from="gneE42" to="bottomleftU" begin="112" end="112" number="1"/>
<flow id="car119" type="carType0" from="gneE43" to="topleftR" begin="114" end="114" number="1"/>
<flow id="car120" type="carType1" from="gneE46" to="gneE44" begin="116" end="116" number="1"/>
<flow id="car121" type="carType0" from="gneE22" to="topleftR" begin="116" end="116" number="1"/>
<flow id="car122" type="carType1" from="gneE50" to="gneE18" begin="119" end="119" number="1"/>
<flow id="car123" type="carType1" from="-gneE43" to="gneE48" begin="120" end="120" number="1"/>
<flow id="car124" type="carType0" from="-gneE43" to="-gneE18" begin="120" end="120" number="1"/>
<flow id="car125" type="carType1" from="-gneE37" to="bottomleftR" begin="122" end="122" number="1"/>
<flow id="car126" type="carType2" from="-gneE34" to="gneE21" begin="122" end="122" number="1"/>
<flow id="car127" type="carType1" from="-gneE42" to="-gneE28" begin="122" end="122" number="1"/>
<flow id="car128" type="carType0" from="gneE50" to="gneE44" begin="123" end="123" number="1"/>
<flow id="car129" type="carType2" from="-gneE28" to="gneE45" begin="124" end="124" number="1"/>
<flow id="car130" type="carType2" from="gneE46" to="topleftD" begin="126" end="126" number="1"/>
<flow id="car131" type="carType0" from="gneE8" to="-gneE51" begin="126" end="126" number="1"/>
<flow id="car132" type="carType2" from="bottomrightL" to="-gneE45" begin="127" end="127" number="1"/>
<flow id="car133" type="carType0" from="-gneE51" to="-gneE33" begin="127" end="127" number="1"/>
<flow id="car134" type="carType1" from="-gneE50" to="gneE34" begin="127" end="127" number="1"/>
<flow id="car135" type="carType0" from="-gneE50" to="-gneE45" begin="128" end="128" number="1"/>
<flow id="car136" type="carType0" from="gneE18" to="gneE29" begin="128" end="128" number="1"/>
<flow id="car137" type="carType2" from="gneE8" to="-gneE8" begin="128" end="128" number="1"/>
<flow id="car138" type="carType1" from="gneE44" to="-gneE44" begin="129" end="129" number="1"/>
<flow id="car139" type="carType2" from="toprightL" to="gneE22" begin="129" end="129" number="1"/>
<flow id="car140" type="carType1" from="-gneE29" to="-gneE50" begin="131" end="131" number="1"/>
<flow id="car141" type="carType1" from="-gneE28" to="gneE48" begin="133" end="133" number="1"/>
<flow id="car142" type="carType0" from="bottomrightL" to="-gneE7" begin="133" end="133" number="1"/>
<flow id="car143" type="carType0" from="-gneE18" to="-gneE50" begin="135" end="135" number="1"/>
<flow id="car144" type="carType0" from="-gneE45" to="gneE43" begin="136" end="136" number="1"/>
<flow id="car145" type="carType1" from="gneE46" to="-gneE42" begin="136" end="136" number="1"/>
<flow id="car146" type="carType0" from="gneE30" to="-gneE42" begin="137" end="137" number="1"/>
<flow id="car147" type="carType1" from="gneE22" to="gneE46" begin="140" end="140" number="1"/>
<flow id="car148" type="carType2" from="toprightD" to="-gneE48" begin="141" end="141" number="1"/>
<flow id="car149" type="carType2" from="gneE8" to="gneE9" begin="142" end="142" number="1"/>
<flow id="car150" type="carType1" from="-gneE42" to="gneE37" begin="143" end="143" number="1"/>
<flow id="car151" type="carType0" from="gneE29" to="-gneE37" begin="144" end="144" number="1"/>
<flow id="car152" type="carType1" from="gneE27" to="gneE49" begin="144" end="144" number="1"/>
<flow id="car153" type="carType2" from="gneE42" to="gneE27" begin="144" end="144" number="1"/>
<flow id="car154" type="carType1" from="-gneE37" to="gneE21" begin="146" end="146" number="1"/>
<flow id="car155" type="carType1" from="gneE28" to="bottomrightL" begin="146" end="146" number="1"/>
<flow id="car156" type="carType0" from="-gneE51" to="bottomrightL" begin="146" end="146" number="1"/>
<flow id="car157" type="carType0" from="gneE48" to="-gneE37" begin="147" end="147" number="1"/>
<flow id="car158" type="carType1" from="gneE30" to="-gneE13" begin="148" end="148" number="1"/>
<flow id="car159" type="carType1" from="-gneE50" to="toprightL" begin="148" end="148" number="1"/>
<flow id="car160" type="carType2" from="bottomrightL" to="gneE35" begin="149" end="149" number="1"/>
<flow id="car161" type="carType0" from="gneE28" to="-gneE34" begin="149" end="149" number="1"/>
<flow id="car162" type="carType1" from="bottomleftR" to="-gneE50" begin="150" end="150" number="1"/>
<flow id="car163" type="carType0" from="gneE35" to="gneE18" begin="151" end="151" number="1"/>
<flow id="car164" type="carType0" from="-gneE42" to="-gneE18" begin="151" end="151" number="1"/>
<flow id="car165" type="carType2" from="topleftD" to="toprightD" begin="152" end="152" number="1"/>
<flow id="car166" type="carType0" from="gneE28" to="gneE37" begin="152" end="152" number="1"/>
<flow id="car167" type="carType2" from="gneE21" to="-gneE43" begin="152" end="152" number="1"/>
<flow id="car168" type="carType2" from="gneE50" to="gneE48" begin="154" end="154" number="1"/>
<flow id="car169" type="carType0" from="bottomrightU" to="gneE48" begin="156" end="156" number="1"/>
<flow id="car170" type="carType2" from="gneE34" to="gneE9" begin="156" end="156" number="1"/>
<flow id="car171" type="carType1" from="gneE8" to="gneE44" begin="157" end="157" number="1"/>
<flow id="car172" type="carType0" from="gneE37" to="-gneE13" begin="157" end="157" number="1"/>
<flow id="car173" type="carType2" from="gneE28" to="gneE27" begin="159" end="159" number="1"/>
<flow id="car174" type="carType2" from="gneE45" to="gneE43" begin="159" end="159" number="1"/>
<flow id="car175" type="carType0" from="-gneE43" to="topleftD" begin="159" end="159" number="1"/>
<flow id="car176" type="carType1" from="gneE49" to="gneE21" begin="161" end="161" number="1"/>
<flow id="car177" type="carType0" from="-gneE44" to="gneE8" begin="162" end="162" number="1"/>
<flow id="car178" type="carType1" from="gneE51" to="-gneE27" begin="164" end="164" number="1"/>
<flow id="car179" type="carType1" from="bottomleftU" to="gneE22" begin="165" end="165" number="1"/>
<flow id="car180" type="carType1" from="gneE34" to="-gneE29" begin="166" end="166" number="1"/>
<flow id="car181" type="carType1" from="-gneE42" to="-gneE51" begin="172" end="172" number="1"/>
<flow id="car182" type="carType0" from="gneE50" to="bottomrightU" begin="173" end="173" number="1"/>
<flow id="car183" type="carType2" from="-gneE50" to="gneE44" begin="175" end="175" number="1"/>
<flow id="car184" type="carType1" from="topleftD" to="-gneE29" begin="176" end="176" number="1"/>
<flow id="car185" type="carType2" from="-gneE37" to="gneE48" begin="176" end="176" number="1"/>
<flow id="car186" type="carType0" from="-gneE28" to="-gneE42" begin="176" end="176" number="1"/>
<flow id="car187" type="carType0" from="gneE48" to="gneE51" begin="176" end="176" number="1"/>
<flow id="car188" type="carType1" from="gneE21" to="gneE44" begin="176" end="176" number="1"/>
<flow id="car189" type="carType2" from="gneE30" to="-gneE48" begin="181" end="181" number="1"/>
<flow id="car190" type="carType2" from="-gneE44" to="bottomrightU" begin="182" end="182" number="1"/>
<flow id="car191" type="carType0" from="gneE51" to="-gneE8" begin="183" end="183" number="1"/>
<flow id="car192" type="carType2" from="-gneE42" to="-gneE27" begin="184" end="184" number="1"/>
<flow id="car193" type="carType2" from="gneE43" to="gneE29" begin="187" end="187" number="1"/>
<flow id="car194" type="carType1" from="bottomrightL" to="topleftR" begin="187" end="187" number="1"/>
<flow id="car195" type="carType1" from="gneE34" to="-gneE34" begin="192" end="192" number="1"/>
<flow id="car196" type="carType1" from="gneE8" to="gneE48" begin="197" end="197" number="1"/>
<flow id="car197" type="carType2" from="gneE49" to="topleftR" begin="199" end="199" number="1"/>
<flow id="car198" type="carType1" from="gneE48" to="-gneE13" begin="199" end="199" number="1"/>
<flow id="car199" type="carType0" from="gneE22" to="toprightL" begin="199" end="199" number="1"/>
</routes>
