<routes>
<vType id="carType0" length="8" maxSpeed="55.76" accel="2.86" decel="5.46" speedDev="0.2" sigma="0.25"/>
<vType id="carType1" length="3" maxSpeed="45.51" accel="2" decel="4.1" speedDev="0.2" sigma="0.28"/>
<vType id="carType2" length="4" maxSpeed="55" accel="2.99" decel="4.26" speedDev="0.2" sigma="0.21"/>
<flow id="car0" type="carType2" from="gneE50" to="-gneE44" begin="0" end="0" number="1"/>
<flow id="car1" type="carType2" from="-gneE48" to="toprightL" begin="1" end="1" number="1"/>
<flow id="car2" type="carType1" from="-gneE51" to="-gneE45" begin="2" end="2" number="1"/>
<flow id="car3" type="carType1" from="toprightL" to="bottomrightL" begin="2" end="2" number="1"/>
<flow id="car4" type="carType2" from="gneE45" to="-gneE42" begin="4" end="4" number="1"/>
<flow id="car5" type="carType0" from="gneE35" to="gneE18" begin="5" end="5" number="1"/>
<flow id="car6" type="carType0" from="bottomrightL" to="-gneE49" begin="6" end="6" number="1"/>
<flow id="car7" type="carType2" from="gneE48" to="-gneE7" begin="7" end="7" number="1"/>
<flow id="car8" type="carType2" from="gneE45" to="-gneE29" begin="7" end="7" number="1"/>
<flow id="car9" type="carType1" from="toprightL" to="-gneE7" begin="8" end="8" number="1"/>
<flow id="car10" type="carType2" from="gneE27" to="-gneE29" begin="9" end="9" number="1"/>
<flow id="car11" type="carType0" from="-gneE13" to="-gneE29" begin="9" end="9" number="1"/>
<flow id="car12" type="carType0" from="-gneE7" to="gneE9" begin="10" end="10" number="1"/>
<flow id="car13" type="carType2" from="gneE30" to="bottomleftU" begin="13" end="13" number="1"/>
<flow id="car14" type="carType1" from="-gneE8" to="gneE28" begin="14" end="14" number="1"/>
<flow id="car15" type="carType0" from="gneE44" to="gneE22" begin="14" end="14" number="1"/>
<flow id="car16" type="carType0" from="bottomleftR" to="gneE21" begin="16" end="16" number="1"/>
<flow id="car17" type="carType1" from="gneE46" to="-gneE43" begin="16" end="16" number="1"/>
<flow id="car18" type="carType2" from="gneE9" to="-gneE44" begin="16" end="16" number="1"/>
<flow id="car19" type="carType1" from="gneE44" to="-gneE34" begin="17" end="17" number="1"/>
<flow id="car20" type="carType0" from="topleftR" to="gneE45" begin="18" end="18" number="1"/>
<flow id="car21" type="carType1" from="gneE37" to="-gneE13" begin="18" end="18" number="1"/>
<flow id="car22" type="carType1" from="-gneE49" to="toprightD" begin="20" end="20" number="1"/>
<flow id="car23" type="carType2" from="gneE51" to="-gneE51" begin="21" end="21" number="1"/>
<flow id="car24" type="carType0" from="gneE18" to="gneE29" begin="21" end="21" number="1"/>
<flow id="car25" type="carType2" from="-gneE33" to="-gneE21" begin="23" end="23" number="1"/>
<flow id="car26" type="carType1" from="-gneE37" to="gneE21" begin="24" end="24" number="1"/>
<flow id="car27" type="carType0" from="-gneE28" to="topleftD" begin="24" end="24" number="1"/>
<flow id="car28" type="carType2" from="-gneE34" to="gneE51" begin="25" end="25" number="1"/>
<flow id="car29" type="carType1" from="bottomleftU" to="gneE22" begin="25" end="25" number="1"/>
<flow id="car30" type="carType1" from="-gneE8" to="toprightD" begin="25" end="25" number="1"/>
<flow id="car31" type="carType1" from="-gneE51" to="-gneE28" begin="25" end="25" number="1"/>
<flow id="car32" type="carType1" from="gneE22" to="gneE34" begin="25" end="25" number="1"/>
<flow id="car33" type="carType0" from="gneE49" to="gneE46" begin="26" end="26" number="1"/>
<flow id="car34" type="carType1" from="-gneE51" to="gneE18" begin="27" end="27" number="1"/>
<flow id="car35" type="carType0" from="bottomleftR" to="-gneE21" begin="27" end="27" number="1"/>
<flow id="car36" type="carType0" from="gneE42" to="bottomleftR" begin="28" end="28" number="1"/>
<flow id="car37" type="carType2" from="gneE21" to="toprightD" begin="30" end="30" number="1"/>
<flow id="car38" type="carType2" from="gneE21" to="bottomrightU" begin="33" end="33" number="1"/>
<flow id="car39" type="carType1" from="-gneE8" to="gneE42" begin="33" end="33" number="1"/>
<flow id="car40" type="carType2" from="-gneE37" to="topleftD" begin="33" end="33" number="1"/>
<flow id="car41" type="carType0" from="topleftD" to="topleftR" begin="34" end="34" number="1"/>
<flow id="car42" type="carType0" from="-gneE33" to="gneE49" begin="34" end="34" number="1"/>
<flow id="car43" type="carType2" from="-gneE33" to="gneE35" begin="36" end="36" number="1"/>
<flow id="car44" type="carType1" from="-gneE44" to="topleftR" begin="41" end="41" number="1"/>
<flow id="car45" type="carType0" from="-gneE44" to="-gneE33" begin="42" end="42" number="1"/>
<flow id="car46" type="carType1" from="-gneE49" to="-gneE51" begin="44" end="44" number="1"/>
<flow id="car47" type="carType0" from="gneE27" to="-gneE29" begin="46" end="46" number="1"/>
<flow id="car48" type="carType0" from="gneE8" to="gneE49" begin="46" end="46" number="1"/>
<flow id="car49" type="carType2" from="gneE48" to="gneE42" begin="47" end="47" number="1"/>
<flow id="car50" type="carType0" from="gneE9" to="-gneE18" begin="50" end="50" number="1"/>
<flow id="car51" type="carType1" from="-gneE42" to="gneE50" begin="51" end="51" number="1"/>
<flow id="car52" type="carType0" from="-gneE44" to="-gneE50" begin="52" end="52" number="1"/>
<flow id="car53" type="carType2" from="gneE43" to="gneE44" begin="53" end="53" number="1"/>
<flow id="car54" type="carType0" from="gneE43" to="gneE28" begin="54" end="54" number="1"/>
<flow id="car55" type="carType2" from="-gneE27" to="-gneE43" begin="55" end="55" number="1"/>
<flow id="car56" type="carType0" from="gneE18" to="topleftR" begin="57" end="57" number="1"/>
<flow id="car57" type="carType2" from="gneE45" to="gneE8" begin="57" end="57" number="1"/>
<flow id="car58" type="carType2" from="gneE46" to="-gneE21" begin="58" end="58" number="1"/>
<flow id="car59" type="carType2" from="gneE46" to="toprightD" begin="58" end="58" number="1"/>
<flow id="car60" type="carType2" from="-gneE44" to="gneE18" begin="61" end="61" number="1"/>
<flow id="car61" type="carType1" from="gneE49" to="-gneE45" begin="61" end="61" number="1"/>
<flow id="car62" type="carType1" from="gneE22" to="gneE27" begin="61" end="61" number="1"/>
<flow id="car63" type="carType1" from="gneE27" to="gneE30" begin="62" end="62" number="1"/>
<flow id="car64" type="carType0" from="bottomrightL" to="gneE50" begin="63" end="63" number="1"/>
<flow id="car65" type="carType1" from="-gneE50" to="gneE45" begin="63" end="63" number="1"/>
<flow id="car66" type="carType0" from="-gneE33" to="-gneE44" begin="69" end="69" number="1"/>
<flow id="car67" type="carType0" from="gneE45" to="bottomrightU" begin="72" end="72" number="1"/>
<flow id="car68" type="carType2" from="gneE37" to="gneE18" begin="74" end="74" number="1"/>
<flow id="car69" type="carType1" from="gneE22" to="gneE18" begin="74" end="74" number="1"/>
<flow id="car70" type="carType0" from="gneE27" to="gneE8" begin="74" end="74" number="1"/>
<flow id="car71" type="carType1" from="gneE48" to="-gneE21" begin="75" end="75" number="1"/>
<flow id="car72" type="carType0" from="-gneE45" to="-gneE45" begin="76" end="76" number="1"/>
<flow id="car73" type="carType0" from="gneE50" to="gneE18" begin="77" end="77" number="1"/>
<flow id="car74" type="carType2" from="-gneE27" to="gneE43" begin="78" end="78" number="1"/>
<flow id="car75" type="carType1" from="gneE43" to="bottomrightU" begin="79" end="79" number="1"/>
<flow id="car76" type="carType2" from="gneE44" to="gneE18" begin="79" end="79" number="1"/>
<flow id="car77" type="carType1" from="gneE22" to="gneE43" begin="80" end="80" number="1"/>
<flow id="car78" type="carType0" from="-gneE34" to="-gneE49" begin="81" end="81" number="1"/>
<flow id="car79" type="carType1" from="-gneE13" to="-gneE44" begin="82" end="82" number="1"/>
<flow id="car80" type="carType1" from="gneE50" to="gneE35" begin="83" end="83" number="1"/>
<flow id="car81" type="carType0" from="gneE37" to="bottomrightU" begin="83" end="83" number="1"/>
<flow id="car82" type="carType2" from="-gneE44" to="-gneE34" begin="84" end="84" number="1"/>
<flow id="car83" type="carType1" from="gneE37" to="gneE48" begin="85" end="85" number="1"/>
<flow id="car84" type="carType2" from="gneE22" to="-gneE43" begin="87" end="87" number="1"/>
<flow id="car85" type="carType2" from="toprightL" to="-gneE28" begin="87" end="87" number="1"/>
<flow id="car86" type="carType1" from="gneE48" to="topleftD" begin="87" end="87" number="1"/>
<flow id="car87" type="carType0" from="gneE43" to="-gneE49" begin="88" end="88" number="1"/>
<flow id="car88" type="carType2" from="gneE48" to="gneE9" begin="91" end="91" number="1"/>
<flow id="car89" type="carType0" from="-gneE37" to="gneE9" begin="91" end="91" number="1"/>
<flow id="car90" type="carType2" from="-gneE44" to="gneE27" begin="92" end="92" number="1"/>
<flow id="car91" type="carType2" from="gneE50" to="toprightL" begin="94" end="94" number="1"/>
<flow id="car92" type="carType0" from="-gneE29" to="-gneE27" begin="94" end="94" number="1"/>
<flow id="car93" type="carType0" from="-gneE49" to="-gneE27" begin="95" end="95" number="1"/>
<flow id="car94" type="carType2" from="gneE34" to="gneE9" begin="96" end="96" number="1"/>
<flow id="car95" type="carType2" from="gneE46" to="gneE18" begin="97" end="97" number="1"/>
<flow id="car96" type="carType2" from="-gneE8" to="-gneE34" begin="98" end="98" number="1"/>
<flow id="car97" type="carType0" from="-gneE29" to="-gneE43" begin="99" end="99" number="1"/>
<flow id="car98" type="carType1" from="gneE46" to="gneE35" begin="99" end="99" number="1"/>
<flow id="car99" type="carType1" from="-gneE29" to="gneE44" begin="99" end="99" number="1"/>
<flow id="car100" type="carType1" from="-gneE37" to="-gneE50" begin="101" end="101" number="1"/>
<flow id="car101" type="carType2" from="gneE34" to="-gneE29" begin="102" end="102" number="1"/>
<flow id="car102" type="carType0" from="-gneE44" to="-gneE7" begin="105" end="105" number="1"/>
<flow id="car103" type="carType2" from="gneE27" to="gneE50" begin="106" end="106" number="1"/>
<flow id="car104" type="carType0" from="gneE44" to="-gneE37" begin="106" end="106" number="1"/>
<flow id="car105" type="carType2" from="-gneE44" to="-gneE50" begin="106" end="106" number="1"/>
<flow id="car106" type="carType2" from="gneE30" to="gneE8" begin="107" end="107" number="1"/>
<flow id="car107" type="carType1" from="-gneE49" to="bottomleftU" begin="108" end="108" number="1"/>
<flow id="car108" type="carType1" from="-gneE49" to="-gneE34" begin="108" end="108" number="1"/>
<flow id="car109" type="carType0" from="gneE42" to="topleftD" begin="108" end="108" number="1"/>
<flow id="car110" type="carType0" from="gneE37" to="gneE27" begin="109" end="109" number="1"/>
<flow id="car111" type="carType2" from="-gneE29" to="bottomrightU" begin="110" end="110" number="1"/>
<flow id="car112" type="carType1" from="gneE43" to="-gneE7" begin="110" end="110" number="1"/>
<flow id="car113" type="carType1" from="-gneE43" to="gneE43" begin="111" end="111" number="1"/>
<flow id="car114" type="carType1" from="-gneE28" to="-gneE50" begin="111" end="111" number="1"/>
<flow id="car115" type="carType2" from="gneE22" to="gneE8" begin="112" end="112" number="1"/>
<flow id="car116" type="carType0" from="bottomrightU" to="-gneE45" begin="112" end="112" number="1"/>
<flow id="car117" type="carType0" from="-gneE7" to="-gneE21" begin="114" end="114" number="1"/>
<flow id="car118" type="carType1" from="-gneE27" to="gneE9" begin="115" end="115" number="1"/>
<flow id="car119" type="carType2" from="gneE49" to="gneE42" begin="116" end="116" number="1"/>
<flow id="car120" type="carType0" from="-gneE28" to="gneE18" begin="116" end="116" number="1"/>
<flow id="car121" type="carType2" from="-gneE21" to="gneE35" begin="116" end="116" number="1"/>
<flow id="car122" type="carType0" from="gneE8" to="-gneE50" begin="117" end="117" number="1"/>
<flow id="car123" type="carType0" from="gneE22" to="-gneE48" begin="117" end="117" number="1"/>
<flow id="car124" type="carType0" from="-gneE44" to="-gneE37" begin="118" end="118" number="1"/>
<flow id="car125" type="carType1" from="gneE35" to="gneE21" begin="119" end="119" number="1"/>
<flow id="car126" type="carType0" from="gneE34" to="gneE49" begin="122" end="122" number="1"/>
<flow id="car127" type="carType0" from="-gneE50" to="-gneE49" begin="124" end="124" number="1"/>
<flow id="car128" type="carType0" from="gneE28" to="gneE43" begin="126" end="126" number="1"/>
<flow id="car129" type="carType1" from="gneE22" to="gneE8" begin="126" end="126" number="1"/>
<flow id="car130" type="carType0" from="gneE44" to="gneE29" begin="127" end="127" number="1"/>
<flow id="car131" type="carType2" from="bottomleftR" to="-gneE29" begin="129" end="129" number="1"/>
<flow id="car132" type="carType0" from="gneE45" to="gneE29" begin="129" end="129" number="1"/>
<flow id="car133" type="carType2" from="-gneE33" to="-gneE45" begin="131" end="131" number="1"/>
<flow id="car134" type="carType2" from="-gneE7" to="-gneE44" begin="132" end="132" number="1"/>
<flow id="car135" type="carType1" from="toprightL" to="gneE21" begin="134" end="134" number="1"/>
<flow id="car136" type="carType2" from="-gneE51" to="-gneE44" begin="134" end="134" number="1"/>
<flow id="car137" type="carType0" from="gneE48" to="toprightL" begin="135" end="135" number="1"/>
<flow id="car138" type="carType1" from="gneE44" to="toprightL" begin="139" end="139" number="1"/>
<flow id="car139" type="carType0" from="-gneE8" to="-gneE18" begin="141" end="141" number="1"/>
<flow id="car140" type="carType1" from="toprightL" to="-gneE37" begin="142" end="142" number="1"/>
<flow id="car141" type="carType2" from="gneE30" to="-gneE28" begin="142" end="142" number="1"/>
<flow id="car142" type="carType2" from="toprightL" to="-gneE48" begin="145" end="145" number="1"/>
<flow id="car143" type="carType2" from="bottomrightL" to="-gneE45" begin="145" end="145" number="1"/>
<flow id="car144" type="carType2" from="gneE27" to="gneE30" begin="145" end="145" number="1"/>
<flow id="car145" type="carType2" from="-gneE18" to="toprightD" begin="145" end="145" number="1"/>
<flow id="car146" type="carType0" from="toprightD" to="toprightL" begin="146" end="146" number="1"/>
<flow id="car147" type="carType2" from="-gneE51" to="-gneE51" begin="146" end="146" number="1"/>
<flow id="car148" type="carType2" from="gneE43" to="-gneE34" begin="146" end="146" number="1"/>
<flow id="car149" type="carType1" from="-gneE13" to="gneE49" begin="146" end="146" number="1"/>
<flow id="car150" type="carType2" from="-gneE18" to="toprightD" begin="150" end="150" number="1"/>
<flow id="car151" type="carType2" from="gneE43" to="gneE51" begin="151" end="151" number="1"/>
<flow id="car152" type="carType0" from="-gneE50" to="gneE51" begin="152" end="152" number="1"/>
<flow id="car153" type="carType0" from="topleftD" to="gneE30" begin="153" end="153" number="1"/>
<flow id="car154" type="carType2" from="-gneE18" to="-gneE34" begin="154" end="154" number="1"/>
<flow id="car155" type="carType2" from="gneE50" to="topleftR" begin="154" end="154" number="1"/>
<flow id="car156" type="carType0" from="gneE49" to="-gneE48" begin="154" end="154" number="1"/>
<flow id="car157" type="carType2" from="-gneE50" to="-gneE13" begin="156" end="156" number="1"/>
<flow id="car158" type="carType1" from="bottomrightU" to="bottomleftR" begin="156" end="156" number="1"/>
<flow id="car159" type="carType1" from="-gneE7" to="-gneE27" begin="158" end="158" number="1"/>
<flow id="car160" type="carType2" from="-gneE27" to="gneE50" begin="159" end="159" number="1"/>
<flow id="car161" type="carType1" from="gneE8" to="toprightL" begin="160" end="160" number="1"/>
<flow id="car162" type="carType1" from="-gneE33" to="bottomleftU" begin="161" end="161" number="1"/>
<flow id="car163" type="carType1" from="gneE49" to="-gneE48" begin="162" end="162" number="1"/>
<flow id="car164" type="carType0" from="bottomleftU" to="gneE45" begin="163" end="163" number="1"/>
<flow id="car165" type="carType0" from="-gneE27" to="gneE18" begin="164" end="164" number="1"/>
<flow id="car166" type="carType2" from="gneE27" to="gneE44" begin="167" end="167" number="1"/>
<flow id="car167" type="carType0" from="-gneE42" to="bottomleftU" begin="170" end="170" number="1"/>
<flow id="car168" type="carType1" from="-gneE13" to="toprightD" begin="171" end="171" number="1"/>
<flow id="car169" type="carType1" from="-gneE18" to="gneE42" begin="172" end="172" number="1"/>
<flow id="car170" type="carType1" from="bottomrightU" to="gneE35" begin="173" end="173" number="1"/>
<flow id="car171" type="carType1" from="gneE27" to="gneE48" begin="174" end="174" number="1"/>
<flow id="car172" type="carType0" from="gneE43" to="gneE29" begin="174" end="174" number="1"/>
<flow id="car173" type="carType1" from="gneE21" to="gneE34" begin="174" end="174" number="1"/>
<flow id="car174" type="carType0" from="-gneE8" to="-gneE48" begin="175" end="175" number="1"/>
<flow id="car175" type="carType1" from="gneE9" to="gneE28" begin="175" end="175" number="1"/>
<flow id="car176" type="carType0" from="toprightD" to="gneE22" begin="176" end="176" number="1"/>
<flow id="car177" type="carType0" from="-gneE21" to="gneE50" begin="177" end="177" number="1"/>
<flow id="car178" type="carType1" from="-gneE7" to="-gneE48" begin="177" end="177" number="1"/>
<flow id="car179" type="carType1" from="-gneE7" to="-gneE29" begin="178" end="178" number="1"/>
<flow id="car180" type="carType1" from="gneE18" to="toprightD" begin="178" end="178" number="1"/>
<flow id="car181" type="carType2" from="-gneE37" to="gneE22" begin="180" end="180" number="1"/>
<flow id="car182" type="carType1" from="-gneE49" to="-gneE48" begin="181" end="181" number="1"/>
<flow id="car183" type="carType0" from="gneE43" to="-gneE7" begin="181" end="181" number="1"/>
<flow id="car184" type="carType1" from="gneE29" to="gneE50" begin="182" end="182" number="1"/>
<flow id="car185" type="carType0" from="gneE8" to="gneE9" begin="184" end="184" number="1"/>
<flow id="car186" type="carType1" from="-gneE51" to="gneE43" begin="185" end="185" number="1"/>
<flow id="car187" type="carType1" from="-gneE50" to="-gneE28" begin="189" end="189" number="1"/>
<flow id="car188" type="carType2" from="gneE50" to="-gneE27" begin="189" end="189" number="1"/>
<flow id="car189" type="carType2" from="gneE51" to="gneE46" begin="189" end="189" number="1"/>
<flow id="car190" type="carType0" from="-gneE43" to="gneE44" begin="192" end="192" number="1"/>
<flow id="car191" type="carType0" from="-gneE42" to="-gneE28" begin="192" end="192" number="1"/>
<flow id="car192" type="carType2" from="-gneE29" to="-gneE29" begin="192" end="192" number="1"/>
<flow id="car193" type="carType0" from="-gneE37" to="topleftD" begin="192" end="192" number="1"/>
<flow id="car194" type="carType1" from="gneE30" to="gneE43" begin="195" end="195" number="1"/>
<flow id="car195" type="carType2" from="-gneE34" to="-gneE49" begin="196" end="196" number="1"/>
<flow id="car196" type="carType0" from="-gneE27" to="-gneE51" begin="196" end="196" number="1"/>
<flow id="car197" type="carType0" from="-gneE18" to="bottomrightL" begin="197" end="197" number="1"/>
<flow id="car198" type="carType0" from="gneE34" to="topleftD" begin="197" end="197" number="1"/>
<flow id="car199" type="carType2" from="gneE18" to="toprightL" begin="198" end="198" number="1"/>
</routes>
