<routes>
<vType id="carType0" length="3" maxSpeed="44.06" accel="2.88" decel="5.71" speedDev="0.2" sigma="0.16"/>
<vType id="carType1" length="6" maxSpeed="42.45" accel="2.54" decel="5.71" speedDev="0.2" sigma="0.2"/>
<vType id="carType2" length="8" maxSpeed="58.2" accel="2.22" decel="4.03" speedDev="0.2" sigma="0.22"/>
<flow id="car0" type="carType1" from="gneE18" to="-gneE49" begin="0" end="0" number="1"/>
<flow id="car1" type="carType1" from="bottomleftR" to="-gneE45" begin="2" end="2" number="1"/>
<flow id="car2" type="carType1" from="-gneE8" to="-gneE28" begin="2" end="2" number="1"/>
<flow id="car3" type="carType1" from="gneE9" to="topleftR" begin="6" end="6" number="1"/>
<flow id="car4" type="carType2" from="gneE50" to="-gneE8" begin="7" end="7" number="1"/>
<flow id="car5" type="carType2" from="gneE51" to="toprightD" begin="7" end="7" number="1"/>
<flow id="car6" type="carType1" from="gneE21" to="-gneE13" begin="7" end="7" number="1"/>
<flow id="car7" type="carType0" from="gneE43" to="-gneE51" begin="9" end="9" number="1"/>
<flow id="car8" type="carType0" from="gneE51" to="-gneE49" begin="10" end="10" number="1"/>
<flow id="car9" type="carType2" from="gneE46" to="gneE28" begin="10" end="10" number="1"/>
<flow id="car10" type="carType0" from="gneE21" to="-gneE43" begin="11" end="11" number="1"/>
<flow id="car11" type="carType1" from="-gneE27" to="bottomrightU" begin="11" end="11" number="1"/>
<flow id="car12" type="carType1" from="gneE18" to="gneE46" begin="12" end="12" number="1"/>
<flow id="car13" type="carType2" from="-gneE50" to="gneE51" begin="13" end="13" number="1"/>
<flow id="car14" type="carType2" from="-gneE21" to="topleftD" begin="14" end="14" number="1"/>
<flow id="car15" type="carType0" from="gneE51" to="gneE35" begin="15" end="15" number="1"/>
<flow id="car16" type="carType0" from="-gneE29" to="gneE49" begin="15" end="15" number="1"/>
<flow id="car17" type="carType2" from="-gneE33" to="-gneE8" begin="16" end="16" number="1"/>
<flow id="car18" type="carType0" from="-gneE51" to="gneE46" begin="17" end="17" number="1"/>
<flow id="car19" type="carType1" from="-gneE18" to="-gneE49" begin="17" end="17" number="1"/>
<flow id="car20" type="carType1" from="gneE30" to="gneE49" begin="17" end="17" number="1"/>
<flow id="car21" type="carType0" from="-gneE33" to="-gneE27" begin="19" end="19" number="1"/>
<flow id="car22" type="carType2" from="gneE34" to="bottomleftU" begin="19" end="19" number="1"/>
<flow id="car23" type="carType1" from="-gneE34" to="gneE48" begin="22" end="22" number="1"/>
<flow id="car24" type="carType2" from="topleftR" to="gneE42" begin="23" end="23" number="1"/>
<flow id="car25" type="carType1" from="-gneE18" to="-gneE8" begin="23" end="23" number="1"/>
<flow id="car26" type="carType0" from="-gneE27" to="-gneE44" begin="24" end="24" number="1"/>
<flow id="car27" type="carType1" from="-gneE27" to="gneE43" begin="24" end="24" number="1"/>
<flow id="car28" type="carType2" from="-gneE7" to="gneE34" begin="25" end="25" number="1"/>
<flow id="car29" type="carType1" from="gneE18" to="-gneE50" begin="26" end="26" number="1"/>
<flow id="car30" type="carType1" from="topleftD" to="bottomleftU" begin="26" end="26" number="1"/>
<flow id="car31" type="carType1" from="-gneE18" to="bottomleftR" begin="28" end="28" number="1"/>
<flow id="car32" type="carType0" from="gneE46" to="toprightL" begin="29" end="29" number="1"/>
<flow id="car33" type="carType2" from="-gneE7" to="-gneE8" begin="30" end="30" number="1"/>
<flow id="car34" type="carType1" from="-gneE43" to="gneE21" begin="31" end="31" number="1"/>
<flow id="car35" type="carType0" from="-gneE18" to="topleftD" begin="31" end="31" number="1"/>
<flow id="car36" type="carType0" from="gneE45" to="-gneE37" begin="31" end="31" number="1"/>
<flow id="car37" type="carType2" from="gneE51" to="bottomleftR" begin="34" end="34" number="1"/>
<flow id="car38" type="carType1" from="gneE28" to="-gneE27" begin="36" end="36" number="1"/>
<flow id="car39" type="carType1" from="-gneE48" to="-gneE34" begin="37" end="37" number="1"/>
<flow id="car40" type="carType2" from="gneE50" to="gneE48" begin="38" end="38" number="1"/>
<flow id="car41" type="carType2" from="gneE43" to="-gneE37" begin="38" end="38" number="1"/>
<flow id="car42" type="carType0" from="-gneE21" to="gneE50" begin="39" end="39" number="1"/>
<flow id="car43" type="carType0" from="bottomleftU" to="toprightL" begin="39" end="39" number="1"/>
<flow id="car44" type="carType1" from="gneE51" to="-gneE13" begin="40" end="40" number="1"/>
<flow id="car45" type="carType2" from="gneE44" to="-gneE28" begin="40" end="40" number="1"/>
<flow id="car46" type="carType0" from="bottomrightU" to="-gneE28" begin="41" end="41" number="1"/>
<flow id="car47" type="carType1" from="-gneE33" to="bottomrightU" begin="43" end="43" number="1"/>
<flow id="car48" type="carType2" from="bottomleftU" to="-gneE8" begin="44" end="44" number="1"/>
<flow id="car49" type="carType0" from="gneE43" to="-gneE27" begin="44" end="44" number="1"/>
<flow id="car50" type="carType2" from="topleftR" to="gneE35" begin="45" end="45" number="1"/>
<flow id="car51" type="carType2" from="gneE35" to="gneE49" begin="45" end="45" number="1"/>
<flow id="car52" type="carType2" from="gneE42" to="-gneE34" begin="45" end="45" number="1"/>
<flow id="car53" type="carType1" from="-gneE7" to="gneE18" begin="45" end="45" number="1"/>
<flow id="car54" type="carType2" from="gneE50" to="-gneE18" begin="49" end="49" number="1"/>
<flow id="car55" type="carType0" from="-gneE13" to="gneE42" begin="50" end="50" number="1"/>
<flow id="car56" type="carType0" from="gneE44" to="-gneE29" begin="50" end="50" number="1"/>
<flow id="car57" type="carType0" from="gneE44" to="-gneE33" begin="51" end="51" number="1"/>
<flow id="car58" type="carType2" from="-gneE28" to="gneE18" begin="52" end="52" number="1"/>
<flow id="car59" type="carType0" from="gneE50" to="gneE50" begin="52" end="52" number="1"/>
<flow id="car60" type="carType2" from="gneE51" to="-gneE42" begin="54" end="54" number="1"/>
<flow id="car61" type="carType0" from="gneE48" to="gneE27" begin="56" end="56" number="1"/>
<flow id="car62" type="carType2" from="-gneE21" to="gneE27" begin="58" end="58" number="1"/>
<flow id="car63" type="carType0" from="bottomrightU" to="-gneE28" begin="58" end="58" number="1"/>
<flow id="car64" type="carType2" from="gneE35" to="gneE45" begin="58" end="58" number="1"/>
<flow id="car65" type="carType2" from="-gneE34" to="gneE45" begin="59" end="59" number="1"/>
<flow id="car66" type="carType0" from="toprightD" to="gneE44" begin="59" end="59" number="1"/>
<flow id="car67" type="carType1" from="-gneE29" to="topleftR" begin="61" end="61" number="1"/>
<flow id="car68" type="carType0" from="-gneE7" to="-gneE37" begin="62" end="62" number="1"/>
<flow id="car69" type="carType1" from="-gneE43" to="-gneE44" begin="62" end="62" number="1"/>
<flow id="car70" type="carType2" from="-gneE28" to="-gneE18" begin="64" end="64" number="1"/>
<flow id="car71" type="carType0" from="-gneE7" to="bottomleftU" begin="64" end="64" number="1"/>
<flow id="car72" type="carType2" from="-gneE21" to="-gneE50" begin="65" end="65" number="1"/>
<flow id="car73" type="carType0" from="gneE8" to="-gneE33" begin="65" end="65" number="1"/>
<flow id="car74" type="carType0" from="gneE27" to="gneE50" begin="65" end="65" number="1"/>
<flow id="car75" type="carType1" from="topleftD" to="-gneE29" begin="66" end="66" number="1"/>
<flow id="car76" type="carType1" from="gneE42" to="toprightD" begin="67" end="67" number="1"/>
<flow id="car77" type="carType0" from="gneE34" to="bottomrightL" begin="68" end="68" number="1"/>
<flow id="car78" type="carType0" from="gneE44" to="topleftR" begin="69" end="69" number="1"/>
<flow id="car79" type="carType0" from="gneE51" to="-gneE34" begin="70" end="70" number="1"/>
<flow id="car80" type="carType2" from="gneE42" to="-gneE29" begin="71" end="71" number="1"/>
<flow id="car81" type="carType0" from="topleftD" to="gneE28" begin="71" end="71" number="1"/>
<flow id="car82" type="carType1" from="gneE35" to="gneE50" begin="71" end="71" number="1"/>
<flow id="car83" type="carType0" from="-gneE33" to="-gneE37" begin="72" end="72" number="1"/>
<flow id="car84" type="carType1" from="-gneE28" to="-gneE28" begin="75" end="75" number="1"/>
<flow id="car85" type="carType1" from="-gneE42" to="gneE34" begin="75" end="75" number="1"/>
<flow id="car86" type="carType1" from="bottomleftR" to="-gneE51" begin="75" end="75" number="1"/>
<flow id="car87" type="carType2" from="gneE42" to="gneE44" begin="77" end="77" number="1"/>
<flow id="car88" type="carType0" from="-gneE28" to="-gneE28" begin="77" end="77" number="1"/>
<flow id="car89" type="carType1" from="bottomleftU" to="gneE35" begin="78" end="78" number="1"/>
<flow id="car90" type="carType0" from="toprightL" to="gneE48" begin="80" end="80" number="1"/>
<flow id="car91" type="carType2" from="gneE21" to="gneE42" begin="82" end="82" number="1"/>
<flow id="car92" type="carType0" from="toprightD" to="toprightD" begin="85" end="85" number="1"/>
<flow id="car93" type="carType2" from="bottomleftU" to="toprightL" begin="86" end="86" number="1"/>
<flow id="car94" type="carType1" from="topleftD" to="topleftR" begin="87" end="87" number="1"/>
<flow id="car95" type="carType0" from="gneE48" to="gneE42" begin="91" end="91" number="1"/>
<flow id="car96" type="carType2" from="-gneE48" to="gneE29" begin="92" end="92" number="1"/>
<flow id="car97" type="carType1" from="-gneE33" to="gneE35" begin="92" end="92" number="1"/>
<flow id="car98" type="carType1" from="gneE37" to="gneE37" begin="93" end="93" number="1"/>
<flow id="car99" type="carType0" from="-gneE51" to="-gneE34" begin="94" end="94" number="1"/>
<flow id="car100" type="carType2" from="-gneE21" to="-gneE21" begin="94" end="94" number="1"/>
<flow id="car101" type="carType0" from="gneE34" to="gneE22" begin="94" end="94" number="1"/>
<flow id="car102" type="carType2" from="-gneE27" to="gneE43" begin="95" end="95" number="1"/>
<flow id="car103" type="carType2" from="-gneE51" to="-gneE51" begin="95" end="95" number="1"/>
<flow id="car104" type="carType2" from="gneE18" to="gneE30" begin="96" end="96" number="1"/>
<flow id="car105" type="carType2" from="-gneE51" to="gneE43" begin="97" end="97" number="1"/>
<flow id="car106" type="carType2" from="-gneE7" to="gneE44" begin="98" end="98" number="1"/>
<flow id="car107" type="carType2" from="bottomrightL" to="bottomrightU" begin="98" end="98" number="1"/>
<flow id="car108" type="carType2" from="-gneE7" to="gneE45" begin="99" end="99" number="1"/>
<flow id="car109" type="carType0" from="gneE29" to="gneE9" begin="101" end="101" number="1"/>
<flow id="car110" type="carType2" from="gneE46" to="-gneE51" begin="105" end="105" number="1"/>
<flow id="car111" type="carType1" from="gneE46" to="-gneE33" begin="105" end="105" number="1"/>
<flow id="car112" type="carType2" from="-gneE28" to="gneE29" begin="105" end="105" number="1"/>
<flow id="car113" type="carType1" from="bottomleftU" to="gneE48" begin="107" end="107" number="1"/>
<flow id="car114" type="carType0" from="-gneE27" to="-gneE7" begin="110" end="110" number="1"/>
<flow id="car115" type="carType1" from="gneE9" to="-gneE50" begin="110" end="110" number="1"/>
<flow id="car116" type="carType0" from="gneE35" to="gneE49" begin="111" end="111" number="1"/>
<flow id="car117" type="carType0" from="-gneE44" to="-gneE45" begin="111" end="111" number="1"/>
<flow id="car118" type="carType0" from="-gneE27" to="gneE42" begin="113" end="113" number="1"/>
<flow id="car119" type="carType2" from="bottomleftR" to="-gneE45" begin="114" end="114" number="1"/>
<flow id="car120" type="carType2" from="-gneE44" to="gneE29" begin="117" end="117" number="1"/>
<flow id="car121" type="carType2" from="-gneE49" to="gneE8" begin="121" end="121" number="1"/>
<flow id="car122" type="carType1" from="-gneE28" to="gneE48" begin="121" end="121" number="1"/>
<flow id="car123" type="carType0" from="gneE37" to="bottomrightL" begin="123" end="123" number="1"/>
<flow id="car124" type="carType0" from="-gneE43" to="gneE35" begin="124" end="124" number="1"/>
<flow id="car125" type="carType0" from="gneE22" to="gneE18" begin="124" end="124" number="1"/>
<flow id="car126" type="carType0" from="toprightD" to="bottomrightU" begin="125" end="125" number="1"/>
<flow id="car127" type="carType0" from="-gneE37" to="-gneE13" begin="127" end="127" number="1"/>
<flow id="car128" type="carType2" from="gneE8" to="gneE43" begin="127" end="127" number="1"/>
<flow id="car129" type="carType0" from="-gneE8" to="gneE28" begin="128" end="128" number="1"/>
<flow id="car130" type="carType0" from="-gneE51" to="toprightD" begin="129" end="129" number="1"/>
<flow id="car131" type="carType1" from="-gneE49" to="-gneE7" begin="131" end="131" number="1"/>
<flow id="car132" type="carType0" from="gneE46" to="gneE50" begin="132" end="132" number="1"/>
<flow id="car133" type="carType1" from="bottomleftR" to="gneE43" begin="133" end="133" number="1"/>
<flow id="car134" type="carType2" from="gneE22" to="gneE29" begin="135" end="135" number="1"/>
<flow id="car135" type="carType1" from="-gneE27" to="gneE30" begin="135" end="135" number="1"/>
<flow id="car136" type="carType2" from="bottomleftR" to="-gneE45" begin="135" end="135" number="1"/>
<flow id="car137" type="carType2" from="gneE50" to="gneE49" begin="136" end="136" number="1"/>
<flow id="car138" type="carType2" from="gneE30" to="gneE43" begin="138" end="138" number="1"/>
<flow id="car139" type="carType0" from="gneE35" to="-gneE29" begin="139" end="139" number="1"/>
<flow id="car140" type="carType1" from="-gneE29" to="gneE34" begin="142" end="142" number="1"/>
<flow id="car141" type="carType2" from="gneE29" to="gneE28" begin="143" end="143" number="1"/>
<flow id="car142" type="carType1" from="gneE51" to="gneE21" begin="144" end="144" number="1"/>
<flow id="car143" type="carType2" from="bottomrightL" to="-gneE29" begin="144" end="144" number="1"/>
<flow id="car144" type="carType2" from="-gneE45" to="gneE9" begin="146" end="146" number="1"/>
<flow id="car145" type="carType0" from="-gneE18" to="gneE21" begin="147" end="147" number="1"/>
<flow id="car146" type="carType2" from="gneE22" to="toprightL" begin="147" end="147" number="1"/>
<flow id="car147" type="carType2" from="-gneE42" to="gneE28" begin="148" end="148" number="1"/>
<flow id="car148" type="carType0" from="gneE22" to="-gneE45" begin="149" end="149" number="1"/>
<flow id="car149" type="carType2" from="-gneE44" to="gneE50" begin="151" end="151" number="1"/>
<flow id="car150" type="carType1" from="toprightD" to="-gneE7" begin="152" end="152" number="1"/>
<flow id="car151" type="carType1" from="-gneE50" to="-gneE49" begin="152" end="152" number="1"/>
<flow id="car152" type="carType1" from="gneE46" to="gneE50" begin="152" end="152" number="1"/>
<flow id="car153" type="carType0" from="-gneE28" to="gneE46" begin="153" end="153" number="1"/>
<flow id="car154" type="carType2" from="gneE28" to="toprightL" begin="156" end="156" number="1"/>
<flow id="car155" type="carType0" from="-gneE27" to="toprightD" begin="156" end="156" number="1"/>
<flow id="car156" type="carType0" from="gneE22" to="gneE9" begin="157" end="157" number="1"/>
<flow id="car157" type="carType2" from="-gneE49" to="gneE34" begin="157" end="157" number="1"/>
<flow id="car158" type="carType1" from="-gneE29" to="topleftD" begin="158" end="158" number="1"/>
<flow id="car159" type="carType1" from="-gneE49" to="-gneE44" begin="158" end="158" number="1"/>
<flow id="car160" type="carType2" from="toprightD" to="-gneE34" begin="158" end="158" number="1"/>
<flow id="car161" type="carType0" from="-gneE37" to="-gneE34" begin="160" end="160" number="1"/>
<flow id="car162" type="carType0" from="bottomleftR" to="-gneE43" begin="160" end="160" number="1"/>
<flow id="car163" type="carType0" from="bottomleftU" to="-gneE27" begin="160" end="160" number="1"/>
<flow id="car164" type="carType2" from="gneE9" to="-gneE7" begin="161" end="161" number="1"/>
<flow id="car165" type="carType1" from="-gneE44" to="gneE34" begin="162" end="162" number="1"/>
<flow id="car166" type="carType2" from="-gneE50" to="-gneE33" begin="164" end="164" number="1"/>
<flow id="car167" type="carType0" from="-gneE21" to="gneE51" begin="164" end="164" number="1"/>
<flow id="car168" type="carType1" from="gneE48" to="-gneE51" begin="165" end="165" number="1"/>
<flow id="car169" type="carType0" from="gneE8" to="gneE46" begin="166" end="166" number="1"/>
<flow id="car170" type="carType2" from="-gneE50" to="gneE18" begin="168" end="168" number="1"/>
<flow id="car171" type="carType2" from="bottomleftR" to="gneE29" begin="170" end="170" number="1"/>
<flow id="car172" type="carType2" from="toprightD" to="-gneE45" begin="170" end="170" number="1"/>
<flow id="car173" type="carType2" from="gneE27" to="-gneE29" begin="170" end="170" number="1"/>
<flow id="car174" type="carType0" from="gneE44" to="gneE18" begin="170" end="170" number="1"/>
<flow id="car175" type="carType2" from="-gneE45" to="-gneE51" begin="172" end="172" number="1"/>
<flow id="car176" type="carType2" from="gneE18" to="gneE44" begin="172" end="172" number="1"/>
<flow id="car177" type="carType1" from="-gneE28" to="-gneE42" begin="172" end="172" number="1"/>
<flow id="car178" type="carType2" from="toprightD" to="-gneE27" begin="175" end="175" number="1"/>
<flow id="car179" type="carType1" from="-gneE33" to="-gneE8" begin="175" end="175" number="1"/>
<flow id="car180" type="carType1" from="-gneE45" to="gneE43" begin="176" end="176" number="1"/>
<flow id="car181" type="carType0" from="bottomleftR" to="gneE27" begin="176" end="176" number="1"/>
<flow id="car182" type="carType2" from="bottomleftR" to="gneE9" begin="179" end="179" number="1"/>
<flow id="car183" type="carType0" from="-gneE33" to="gneE37" begin="180" end="180" number="1"/>
<flow id="car184" type="carType2" from="gneE35" to="bottomleftU" begin="181" end="181" number="1"/>
<flow id="car185" type="carType0" from="-gneE7" to="gneE51" begin="186" end="186" number="1"/>
<flow id="car186" type="carType2" from="gneE27" to="gneE8" begin="188" end="188" number="1"/>
<flow id="car187" type="carType1" from="-gneE34" to="gneE27" begin="188" end="188" number="1"/>
<flow id="car188" type="carType0" from="gneE27" to="gneE22" begin="188" end="188" number="1"/>
<flow id="car189" type="carType0" from="topleftD" to="gneE45" begin="188" end="188" number="1"/>
<flow id="car190" type="carType1" from="gneE21" to="gneE48" begin="189" end="189" number="1"/>
<flow id="car191" type="carType2" from="-gneE27" to="gneE48" begin="191" end="191" number="1"/>
<flow id="car192" type="carType2" from="toprightD" to="-gneE29" begin="194" end="194" number="1"/>
<flow id="car193" type="carType2" from="bottomleftR" to="-gneE34" begin="195" end="195" number="1"/>
<flow id="car194" type="carType1" from="-gneE50" to="-gneE50" begin="197" end="197" number="1"/>
<flow id="car195" type="carType0" from="gneE9" to="-gneE37" begin="197" end="197" number="1"/>
<flow id="car196" type="carType2" from="gneE51" to="-gneE49" begin="198" end="198" number="1"/>
<flow id="car197" type="carType0" from="-gneE27" to="gneE34" begin="198" end="198" number="1"/>
<flow id="car198" type="carType0" from="gneE44" to="-gneE37" begin="199" end="199" number="1"/>
<flow id="car199" type="carType1" from="gneE44" to="gneE28" begin="199" end="199" number="1"/>
</routes>
