<routes>
<vType id="carType0" length="9" maxSpeed="50.62" accel="2.63" decel="5.33" speedDev="0.2" sigma="0.11"/>
<vType id="carType1" length="4" maxSpeed="58.99" accel="2.82" decel="5.47" speedDev="0.2" sigma="0.16"/>
<vType id="carType2" length="7" maxSpeed="48.99" accel="2.38" decel="5.94" speedDev="0.2" sigma="0.29"/>
<flow id="car0" type="carType0" from="-gneE29" to="gneE34" begin="1" end="1" number="1"/>
<flow id="car1" type="carType2" from="gneE37" to="-gneE42" begin="3" end="3" number="1"/>
<flow id="car2" type="carType1" from="-gneE44" to="topleftD" begin="4" end="4" number="1"/>
<flow id="car3" type="carType1" from="-gneE44" to="gneE34" begin="4" end="4" number="1"/>
<flow id="car4" type="carType2" from="bottomleftR" to="gneE28" begin="4" end="4" number="1"/>
<flow id="car5" type="carType2" from="-gneE8" to="-gneE28" begin="4" end="4" number="1"/>
<flow id="car6" type="carType1" from="gneE50" to="gneE45" begin="6" end="6" number="1"/>
<flow id="car7" type="carType0" from="gneE22" to="-gneE51" begin="10" end="10" number="1"/>
<flow id="car8" type="carType0" from="-gneE13" to="-gneE8" begin="10" end="10" number="1"/>
<flow id="car9" type="carType1" from="-gneE8" to="gneE27" begin="11" end="11" number="1"/>
<flow id="car10" type="carType0" from="bottomrightU" to="gneE29" begin="12" end="12" number="1"/>
<flow id="car11" type="carType2" from="-gneE27" to="gneE37" begin="12" end="12" number="1"/>
<flow id="car12" type="carType0" from="-gneE13" to="gneE35" begin="14" end="14" number="1"/>
<flow id="car13" type="carType1" from="bottomleftU" to="gneE43" begin="14" end="14" number="1"/>
<flow id="car14" type="carType0" from="-gneE48" to="gneE29" begin="14" end="14" number="1"/>
<flow id="car15" type="carType2" from="topleftD" to="-gneE37" begin="16" end="16" number="1"/>
<flow id="car16" type="carType1" from="bottomleftU" to="toprightD" begin="16" end="16" number="1"/>
<flow id="car17" type="carType0" from="topleftD" to="gneE51" begin="17" end="17" number="1"/>
<flow id="car18" type="carType0" from="gneE42" to="-gneE21" begin="19" end="19" number="1"/>
<flow id="car19" type="carType0" from="-gneE21" to="gneE8" begin="19" end="19" number="1"/>
<flow id="car20" type="carType2" from="-gneE13" to="gneE18" begin="20" end="20" number="1"/>
<flow id="car21" type="carType2" from="-gneE51" to="gneE45" begin="22" end="22" number="1"/>
<flow id="car22" type="carType2" from="gneE37" to="-gneE29" begin="23" end="23" number="1"/>
<flow id="car23" type="carType2" from="gneE22" to="gneE28" begin="25" end="25" number="1"/>
<flow id="car24" type="carType0" from="toprightL" to="-gneE8" begin="25" end="25" number="1"/>
<flow id="car25" type="carType0" from="-gneE7" to="gneE45" begin="30" end="30" number="1"/>
<flow id="car26" type="carType0" from="bottomleftU" to="gneE27" begin="32" end="32" number="1"/>
<flow id="car27" type="carType0" from="-gneE21" to="gneE43" begin="33" end="33" number="1"/>
<flow id="car28" type="carType0" from="-gneE37" to="bottomrightL" begin="33" end="33" number="1"/>
<flow id="car29" type="carType1" from="gneE35" to="-gneE49" begin="34" end="34" number="1"/>
<flow id="car30" type="carType0" from="-gneE8" to="-gneE18" begin="35" end="35" number="1"/>
<flow id="car31" type="carType0" from="gneE51" to="toprightL" begin="35" end="35" number="1"/>
<flow id="car32" type="carType2" from="bottomrightL" to="-gneE45" begin="39" end="39" number="1"/>
<flow id="car33" type="carType2" from="-gneE51" to="gneE18" begin="42" end="42" number="1"/>
<flow id="car34" type="carType0" from="bottomrightU" to="-gneE27" begin="43" end="43" number="1"/>
<flow id="car35" type="carType1" from="-gneE18" to="bottomleftR" begin="43" end="43" number="1"/>
<flow id="car36" type="carType2" from="gneE49" to="gneE42" begin="43" end="43" number="1"/>
<flow id="car37" type="carType0" from="-gneE49" to="topleftR" begin="43" end="43" number="1"/>
<flow id="car38" type="carType0" from="gneE30" to="-gneE48" begin="44" end="44" number="1"/>
<flow id="car39" type="carType2" from="gneE30" to="gneE30" begin="46" end="46" number="1"/>
<flow id="car40" type="carType0" from="-gneE28" to="-gneE45" begin="46" end="46" number="1"/>
<flow id="car41" type="carType2" from="gneE21" to="gneE34" begin="47" end="47" number="1"/>
<flow id="car42" type="carType0" from="gneE43" to="-gneE48" begin="47" end="47" number="1"/>
<flow id="car43" type="carType2" from="-gneE8" to="-gneE43" begin="47" end="47" number="1"/>
<flow id="car44" type="carType1" from="gneE49" to="-gneE49" begin="48" end="48" number="1"/>
<flow id="car45" type="carType1" from="-gneE33" to="gneE46" begin="49" end="49" number="1"/>
<flow id="car46" type="carType0" from="toprightD" to="gneE29" begin="50" end="50" number="1"/>
<flow id="car47" type="carType0" from="-gneE21" to="gneE22" begin="50" end="50" number="1"/>
<flow id="car48" type="carType1" from="gneE51" to="bottomrightL" begin="53" end="53" number="1"/>
<flow id="car49" type="carType1" from="topleftR" to="-gneE50" begin="53" end="53" number="1"/>
<flow id="car50" type="carType0" from="gneE43" to="gneE21" begin="54" end="54" number="1"/>
<flow id="car51" type="carType0" from="gneE50" to="gneE44" begin="55" end="55" number="1"/>
<flow id="car52" type="carType1" from="gneE34" to="-gneE34" begin="56" end="56" number="1"/>
<flow id="car53" type="carType2" from="gneE35" to="gneE43" begin="57" end="57" number="1"/>
<flow id="car54" type="carType1" from="-gneE49" to="toprightD" begin="58" end="58" number="1"/>
<flow id="car55" type="carType2" from="-gneE29" to="gneE8" begin="63" end="63" number="1"/>
<flow id="car56" type="carType0" from="gneE37" to="gneE42" begin="63" end="63" number="1"/>
<flow id="car57" type="carType1" from="-gneE18" to="gneE21" begin="64" end="64" number="1"/>
<flow id="car58" type="carType1" from="-gneE50" to="-gneE34" begin="64" end="64" number="1"/>
<flow id="car59" type="carType2" from="gneE27" to="gneE43" begin="65" end="65" number="1"/>
<flow id="car60" type="carType2" from="gneE34" to="toprightD" begin="65" end="65" number="1"/>
<flow id="car61" type="carType2" from="-gneE50" to="gneE22" begin="66" end="66" number="1"/>
<flow id="car62" type="carType2" from="gneE49" to="gneE27" begin="67" end="67" number="1"/>
<flow id="car63" type="carType2" from="gneE44" to="gneE46" begin="67" end="67" number="1"/>
<flow id="car64" type="carType2" from="bottomleftR" to="-gneE48" begin="70" end="70" number="1"/>
<flow id="car65" type="carType0" from="topleftR" to="-gneE33" begin="70" end="70" number="1"/>
<flow id="car66" type="carType1" from="-gneE21" to="-gneE18" begin="71" end="71" number="1"/>
<flow id="car67" type="carType1" from="gneE9" to="gneE9" begin="72" end="72" number="1"/>
<flow id="car68" type="carType0" from="gneE45" to="gneE27" begin="72" end="72" number="1"/>
<flow id="car69" type="carType1" from="bottomrightU" to="bottomrightU" begin="72" end="72" number="1"/>
<flow id="car70" type="carType0" from="-gneE45" to="toprightL" begin="73" end="73" number="1"/>
<flow id="car71" type="carType1" from="gneE9" to="toprightD" begin="73" end="73" number="1"/>
<flow id="car72" type="carType2" from="-gneE18" to="-gneE33" begin="73" end="73" number="1"/>
<flow id="car73" type="carType2" from="-gneE50" to="-gneE13" begin="74" end="74" number="1"/>
<flow id="car74" type="carType2" from="bottomleftU" to="gneE43" begin="76" end="76" number="1"/>
<flow id="car75" type="carType2" from="-gneE50" to="gneE35" begin="79" end="79" number="1"/>
<flow id="car76" type="carType1" from="gneE21" to="-gneE13" begin="81" end="81" number="1"/>
<flow id="car77" type="carType0" from="-gneE33" to="gneE27" begin="82" end="82" number="1"/>
<flow id="car78" type="carType1" from="-gneE49" to="-gneE21" begin="82" end="82" number="1"/>
<flow id="car79" type="carType0" from="-gneE21" to="gneE34" begin="84" end="84" number="1"/>
<flow id="car80" type="carType0" from="gneE44" to="gneE37" begin="85" end="85" number="1"/>
<flow id="car81" type="carType2" from="-gneE18" to="-gneE18" begin="86" end="86" number="1"/>
<flow id="car82" type="carType0" from="-gneE42" to="bottomleftR" begin="86" end="86" number="1"/>
<flow id="car83" type="carType1" from="-gneE48" to="toprightL" begin="86" end="86" number="1"/>
<flow id="car84" type="carType2" from="gneE27" to="-gneE51" begin="87" end="87" number="1"/>
<flow id="car85" type="carType1" from="bottomleftU" to="gneE42" begin="88" end="88" number="1"/>
<flow id="car86" type="carType2" from="-gneE49" to="-gneE7" begin="88" end="88" number="1"/>
<flow id="car87" type="carType2" from="toprightL" to="-gneE51" begin="88" end="88" number="1"/>
<flow id="car88" type="carType0" from="bottomrightU" to="bottomleftR" begin="89" end="89" number="1"/>
<flow id="car89" type="carType1" from="-gneE49" to="gneE43" begin="91" end="91" number="1"/>
<flow id="car90" type="carType2" from="bottomleftU" to="gneE50" begin="91" end="91" number="1"/>
<flow id="car91" type="carType2" from="-gneE37" to="-gneE43" begin="91" end="91" number="1"/>
<flow id="car92" type="carType0" from="gneE51" to="-gneE33" begin="92" end="92" number="1"/>
<flow id="car93" type="carType2" from="bottomleftR" to="gneE30" begin="93" end="93" number="1"/>
<flow id="car94" type="carType1" from="-gneE28" to="gneE51" begin="98" end="98" number="1"/>
<flow id="car95" type="carType0" from="gneE48" to="gneE9" begin="99" end="99" number="1"/>
<flow id="car96" type="carType0" from="-gneE27" to="topleftD" begin="99" end="99" number="1"/>
<flow id="car97" type="carType1" from="-gneE50" to="gneE34" begin="99" end="99" number="1"/>
<flow id="car98" type="carType1" from="gneE50" to="-gneE27" begin="99" end="99" number="1"/>
<flow id="car99" type="carType0" from="toprightL" to="gneE27" begin="100" end="100" number="1"/>
<flow id="car100" type="carType0" from="-gneE48" to="-gneE8" begin="100" end="100" number="1"/>
<flow id="car101" type="carType1" from="-gneE42" to="gneE27" begin="101" end="101" number="1"/>
<flow id="car102" type="carType2" from="gneE44" to="-gneE21" begin="101" end="101" number="1"/>
<flow id="car103" type="carType0" from="-gneE8" to="gneE35" begin="102" end="102" number="1"/>
<flow id="car104" type="carType1" from="gneE27" to="toprightL" begin="104" end="104" number="1"/>
<flow id="car105" type="carType1" from="-gneE29" to="-gneE50" begin="105" end="105" number="1"/>
<flow id="car106" type="carType1" from="bottomrightL" to="toprightL" begin="105" end="105" number="1"/>
<flow id="car107" type="carType1" from="-gneE27" to="-gneE18" begin="107" end="107" number="1"/>
<flow id="car108" type="carType2" from="gneE28" to="gneE37" begin="107" end="107" number="1"/>
<flow id="car109" type="carType2" from="-gneE33" to="topleftR" begin="108" end="108" number="1"/>
<flow id="car110" type="carType0" from="-gneE51" to="bottomleftR" begin="109" end="109" number="1"/>
<flow id="car111" type="carType1" from="-gneE27" to="-gneE37" begin="111" end="111" number="1"/>
<flow id="car112" type="carType1" from="bottomrightL" to="-gneE49" begin="112" end="112" number="1"/>
<flow id="car113" type="carType2" from="bottomrightL" to="topleftR" begin="113" end="113" number="1"/>
<flow id="car114" type="carType2" from="-gneE28" to="gneE45" begin="113" end="113" number="1"/>
<flow id="car115" type="carType0" from="gneE9" to="bottomrightL" begin="116" end="116" number="1"/>
<flow id="car116" type="carType2" from="gneE43" to="-gneE50" begin="116" end="116" number="1"/>
<flow id="car117" type="carType0" from="bottomleftU" to="gneE27" begin="117" end="117" number="1"/>
<flow id="car118" type="carType1" from="-gneE42" to="-gneE7" begin="117" end="117" number="1"/>
<flow id="car119" type="carType1" from="-gneE7" to="topleftD" begin="119" end="119" number="1"/>
<flow id="car120" type="carType0" from="topleftR" to="-gneE13" begin="120" end="120" number="1"/>
<flow id="car121" type="carType2" from="toprightD" to="-gneE28" begin="121" end="121" number="1"/>
<flow id="car122" type="carType1" from="topleftD" to="-gneE49" begin="121" end="121" number="1"/>
<flow id="car123" type="carType2" from="gneE42" to="-gneE43" begin="121" end="121" number="1"/>
<flow id="car124" type="carType0" from="-gneE27" to="gneE29" begin="122" end="122" number="1"/>
<flow id="car125" type="carType2" from="-gneE51" to="bottomleftR" begin="122" end="122" number="1"/>
<flow id="car126" type="carType2" from="gneE44" to="-gneE43" begin="122" end="122" number="1"/>
<flow id="car127" type="carType2" from="-gneE13" to="-gneE29" begin="122" end="122" number="1"/>
<flow id="car128" type="carType2" from="gneE35" to="bottomleftU" begin="124" end="124" number="1"/>
<flow id="car129" type="carType0" from="gneE35" to="gneE35" begin="124" end="124" number="1"/>
<flow id="car130" type="carType1" from="topleftD" to="-gneE34" begin="125" end="125" number="1"/>
<flow id="car131" type="carType0" from="-gneE27" to="gneE30" begin="125" end="125" number="1"/>
<flow id="car132" type="carType2" from="-gneE7" to="gneE46" begin="125" end="125" number="1"/>
<flow id="car133" type="carType1" from="-gneE33" to="topleftR" begin="125" end="125" number="1"/>
<flow id="car134" type="carType2" from="gneE18" to="bottomleftR" begin="126" end="126" number="1"/>
<flow id="car135" type="carType1" from="-gneE50" to="gneE28" begin="131" end="131" number="1"/>
<flow id="car136" type="carType2" from="gneE18" to="bottomleftU" begin="132" end="132" number="1"/>
<flow id="car137" type="carType2" from="-gneE42" to="gneE37" begin="133" end="133" number="1"/>
<flow id="car138" type="carType2" from="gneE18" to="bottomleftU" begin="134" end="134" number="1"/>
<flow id="car139" type="carType1" from="-gneE51" to="-gneE21" begin="134" end="134" number="1"/>
<flow id="car140" type="carType0" from="gneE46" to="gneE48" begin="135" end="135" number="1"/>
<flow id="car141" type="carType0" from="-gneE21" to="gneE45" begin="136" end="136" number="1"/>
<flow id="car142" type="carType2" from="bottomrightL" to="topleftR" begin="137" end="137" number="1"/>
<flow id="car143" type="carType0" from="gneE34" to="toprightD" begin="138" end="138" number="1"/>
<flow id="car144" type="carType0" from="gneE49" to="-gneE13" begin="138" end="138" number="1"/>
<flow id="car145" type="carType1" from="bottomleftR" to="gneE49" begin="139" end="139" number="1"/>
<flow id="car146" type="carType0" from="-gneE28" to="gneE22" begin="140" end="140" number="1"/>
<flow id="car147" type="carType2" from="-gneE21" to="-gneE8" begin="142" end="142" number="1"/>
<flow id="car148" type="carType2" from="topleftR" to="gneE46" begin="143" end="143" number="1"/>
<flow id="car149" type="carType1" from="-gneE49" to="-gneE44" begin="144" end="144" number="1"/>
<flow id="car150" type="carType2" from="gneE46" to="gneE8" begin="145" end="145" number="1"/>
<flow id="car151" type="carType0" from="topleftR" to="bottomleftU" begin="146" end="146" number="1"/>
<flow id="car152" type="carType1" from="gneE9" to="gneE42" begin="148" end="148" number="1"/>
<flow id="car153" type="carType2" from="-gneE21" to="-gneE21" begin="151" end="151" number="1"/>
<flow id="car154" type="carType0" from="bottomleftR" to="-gneE43" begin="152" end="152" number="1"/>
<flow id="car155" type="carType0" from="gneE42" to="gneE27" begin="154" end="154" number="1"/>
<flow id="car156" type="carType0" from="-gneE21" to="gneE9" begin="155" end="155" number="1"/>
<flow id="car157" type="carType0" from="gneE28" to="-gneE50" begin="155" end="155" number="1"/>
<flow id="car158" type="carType2" from="-gneE48" to="gneE46" begin="156" end="156" number="1"/>
<flow id="car159" type="carType2" from="-gneE50" to="topleftR" begin="156" end="156" number="1"/>
<flow id="car160" type="carType1" from="-gneE43" to="-gneE27" begin="160" end="160" number="1"/>
<flow id="car161" type="carType1" from="-gneE34" to="gneE35" begin="163" end="163" number="1"/>
<flow id="car162" type="carType1" from="-gneE8" to="-gneE7" begin="165" end="165" number="1"/>
<flow id="car163" type="carType1" from="gneE27" to="bottomleftU" begin="165" end="165" number="1"/>
<flow id="car164" type="carType0" from="gneE9" to="-gneE29" begin="165" end="165" number="1"/>
<flow id="car165" type="carType2" from="gneE35" to="-gneE8" begin="167" end="167" number="1"/>
<flow id="car166" type="carType2" from="topleftR" to="gneE50" begin="168" end="168" number="1"/>
<flow id="car167" type="carType2" from="gneE34" to="-gneE29" begin="168" end="168" number="1"/>
<flow id="car168" type="carType1" from="-gneE33" to="gneE27" begin="169" end="169" number="1"/>
<flow id="car169" type="carType1" from="gneE49" to="-gneE48" begin="169" end="169" number="1"/>
<flow id="car170" type="carType0" from="-gneE48" to="gneE21" begin="169" end="169" number="1"/>
<flow id="car171" type="carType1" from="-gneE50" to="gneE50" begin="170" end="170" number="1"/>
<flow id="car172" type="carType0" from="gneE30" to="gneE29" begin="170" end="170" number="1"/>
<flow id="car173" type="carType1" from="gneE8" to="gneE42" begin="170" end="170" number="1"/>
<flow id="car174" type="carType2" from="gneE50" to="gneE51" begin="171" end="171" number="1"/>
<flow id="car175" type="carType2" from="-gneE49" to="bottomleftU" begin="172" end="172" number="1"/>
<flow id="car176" type="carType2" from="topleftR" to="gneE44" begin="173" end="173" number="1"/>
<flow id="car177" type="carType1" from="gneE46" to="bottomrightU" begin="173" end="173" number="1"/>
<flow id="car178" type="carType1" from="-gneE18" to="-gneE27" begin="174" end="174" number="1"/>
<flow id="car179" type="carType2" from="gneE18" to="-gneE29" begin="177" end="177" number="1"/>
<flow id="car180" type="carType1" from="-gneE18" to="-gneE7" begin="178" end="178" number="1"/>
<flow id="car181" type="carType0" from="-gneE42" to="gneE44" begin="179" end="179" number="1"/>
<flow id="car182" type="carType0" from="-gneE45" to="-gneE13" begin="179" end="179" number="1"/>
<flow id="car183" type="carType0" from="-gneE45" to="topleftD" begin="180" end="180" number="1"/>
<flow id="car184" type="carType1" from="gneE34" to="-gneE37" begin="180" end="180" number="1"/>
<flow id="car185" type="carType2" from="gneE42" to="-gneE28" begin="181" end="181" number="1"/>
<flow id="car186" type="carType0" from="gneE21" to="gneE8" begin="181" end="181" number="1"/>
<flow id="car187" type="carType2" from="-gneE50" to="bottomleftU" begin="181" end="181" number="1"/>
<flow id="car188" type="carType1" from="gneE9" to="bottomleftR" begin="186" end="186" number="1"/>
<flow id="car189" type="carType0" from="toprightD" to="toprightD" begin="187" end="187" number="1"/>
<flow id="car190" type="carType1" from="toprightD" to="bottomrightL" begin="188" end="188" number="1"/>
<flow id="car191" type="carType2" from="gneE50" to="bottomrightU" begin="190" end="190" number="1"/>
<flow id="car192" type="carType1" from="gneE35" to="gneE27" begin="192" end="192" number="1"/>
<flow id="car193" type="carType1" from="gneE29" to="gneE46" begin="192" end="192" number="1"/>
<flow id="car194" type="carType1" from="gneE46" to="gneE45" begin="193" end="193" number="1"/>
<flow id="car195" type="carType0" from="-gneE49" to="-gneE7" begin="193" end="193" number="1"/>
<flow id="car196" type="carType0" from="-gneE45" to="gneE43" begin="196" end="196" number="1"/>
<flow id="car197" type="carType1" from="toprightL" to="gneE45" begin="197" end="197" number="1"/>
<flow id="car198" type="carType1" from="-gneE45" to="-gneE45" begin="197" end="197" number="1"/>
<flow id="car199" type="carType1" from="bottomleftU" to="-gneE8" begin="198" end="198" number="1"/>
</routes>
