<routes>
<vType id="carType0" length="8" maxSpeed="52.21" accel="2.84" decel="4.18" speedDev="0.2" sigma="0.11"/>
<vType id="carType1" length="4" maxSpeed="43.29" accel="2.55" decel="4.42" speedDev="0.2" sigma="0.19"/>
<vType id="carType2" length="6" maxSpeed="49.5" accel="2.13" decel="5.22" speedDev="0.2" sigma="0.18"/>
<flow id="car0" type="carType2" from="gneE21" to="gneE9" begin="0" end="0" number="1"/>
<flow id="car1" type="carType2" from="-gneE13" to="gneE30" begin="0" end="0" number="1"/>
<flow id="car2" type="carType2" from="topleftD" to="gneE30" begin="0" end="0" number="1"/>
<flow id="car3" type="carType0" from="-gneE8" to="topleftD" begin="4" end="4" number="1"/>
<flow id="car4" type="carType1" from="gneE44" to="gneE29" begin="4" end="4" number="1"/>
<flow id="car5" type="carType0" from="topleftR" to="-gneE8" begin="5" end="5" number="1"/>
<flow id="car6" type="carType1" from="bottomrightU" to="-gneE8" begin="8" end="8" number="1"/>
<flow id="car7" type="carType2" from="gneE51" to="-gneE48" begin="11" end="11" number="1"/>
<flow id="car8" type="carType1" from="-gneE28" to="-gneE42" begin="12" end="12" number="1"/>
<flow id="car9" type="carType0" from="-gneE43" to="-gneE44" begin="13" end="13" number="1"/>
<flow id="car10" type="carType0" from="-gneE43" to="gneE27" begin="14" end="14" number="1"/>
<flow id="car11" type="carType2" from="gneE37" to="gneE42" begin="16" end="16" number="1"/>
<flow id="car12" type="carType2" from="gneE50" to="toprightL" begin="18" end="18" number="1"/>
<flow id="car13" type="carType0" from="toprightL" to="gneE37" begin="19" end="19" number="1"/>
<flow id="car14" type="carType0" from="gneE29" to="gneE29" begin="21" end="21" number="1"/>
<flow id="car15" type="carType1" from="gneE46" to="-gneE13" begin="22" end="22" number="1"/>
<flow id="car16" type="carType1" from="-gneE42" to="-gneE8" begin="22" end="22" number="1"/>
<flow id="car17" type="carType1" from="gneE27" to="-gneE45" begin="23" end="23" number="1"/>
<flow id="car18" type="carType2" from="-gneE48" to="-gneE29" begin="23" end="23" number="1"/>
<flow id="car19" type="carType1" from="-gneE50" to="-gneE48" begin="25" end="25" number="1"/>
<flow id="car20" type="carType0" from="-gneE48" to="gneE9" begin="26" end="26" number="1"/>
<flow id="car21" type="carType0" from="gneE48" to="-gneE33" begin="28" end="28" number="1"/>
<flow id="car22" type="carType1" from="-gneE34" to="gneE34" begin="28" end="28" number="1"/>
<flow id="car23" type="carType1" from="-gneE28" to="bottomrightL" begin="28" end="28" number="1"/>
<flow id="car24" type="carType1" from="-gneE13" to="-gneE49" begin="32" end="32" number="1"/>
<flow id="car25" type="carType1" from="bottomleftR" to="-gneE44" begin="32" end="32" number="1"/>
<flow id="car26" type="carType0" from="bottomrightU" to="bottomrightL" begin="32" end="32" number="1"/>
<flow id="car27" type="carType2" from="gneE27" to="bottomleftU" begin="33" end="33" number="1"/>
<flow id="car28" type="carType2" from="-gneE33" to="-gneE7" begin="33" end="33" number="1"/>
<flow id="car29" type="carType0" from="-gneE34" to="gneE34" begin="34" end="34" number="1"/>
<flow id="car30" type="carType1" from="gneE43" to="gneE30" begin="35" end="35" number="1"/>
<flow id="car31" type="carType0" from="gneE8" to="bottomrightL" begin="36" end="36" number="1"/>
<flow id="car32" type="carType2" from="gneE43" to="gneE9" begin="36" end="36" number="1"/>
<flow id="car33" type="carType0" from="-gneE27" to="gneE43" begin="36" end="36" number="1"/>
<flow id="car34" type="carType2" from="-gneE37" to="gneE37" begin="37" end="37" number="1"/>
<flow id="car35" type="carType1" from="gneE44" to="-gneE37" begin="37" end="37" number="1"/>
<flow id="car36" type="carType0" from="-gneE42" to="gneE48" begin="38" end="38" number="1"/>
<flow id="car37" type="carType1" from="bottomrightL" to="bottomleftU" begin="39" end="39" number="1"/>
<flow id="car38" type="carType0" from="topleftR" to="gneE44" begin="40" end="40" number="1"/>
<flow id="car39" type="carType0" from="-gneE51" to="-gneE45" begin="43" end="43" number="1"/>
<flow id="car40" type="carType0" from="-gneE42" to="gneE43" begin="47" end="47" number="1"/>
<flow id="car41" type="carType0" from="gneE29" to="-gneE28" begin="48" end="48" number="1"/>
<flow id="car42" type="carType0" from="gneE30" to="-gneE29" begin="48" end="48" number="1"/>
<flow id="car43" type="carType1" from="gneE21" to="bottomleftR" begin="49" end="49" number="1"/>
<flow id="car44" type="carType2" from="gneE48" to="gneE37" begin="49" end="49" number="1"/>
<flow id="car45" type="carType2" from="-gneE8" to="gneE34" begin="49" end="49" number="1"/>
<flow id="car46" type="carType0" from="bottomleftR" to="-gneE29" begin="50" end="50" number="1"/>
<flow id="car47" type="carType0" from="gneE49" to="gneE22" begin="51" end="51" number="1"/>
<flow id="car48" type="carType2" from="gneE49" to="-gneE34" begin="51" end="51" number="1"/>
<flow id="car49" type="carType1" from="-gneE49" to="-gneE45" begin="52" end="52" number="1"/>
<flow id="car50" type="carType1" from="-gneE43" to="gneE28" begin="52" end="52" number="1"/>
<flow id="car51" type="carType0" from="-gneE7" to="gneE45" begin="53" end="53" number="1"/>
<flow id="car52" type="carType2" from="gneE21" to="gneE9" begin="54" end="54" number="1"/>
<flow id="car53" type="carType2" from="gneE27" to="toprightL" begin="55" end="55" number="1"/>
<flow id="car54" type="carType1" from="bottomleftU" to="gneE18" begin="56" end="56" number="1"/>
<flow id="car55" type="carType2" from="gneE37" to="gneE37" begin="56" end="56" number="1"/>
<flow id="car56" type="carType1" from="-gneE33" to="toprightD" begin="56" end="56" number="1"/>
<flow id="car57" type="carType0" from="-gneE44" to="gneE45" begin="57" end="57" number="1"/>
<flow id="car58" type="carType2" from="gneE30" to="bottomleftR" begin="57" end="57" number="1"/>
<flow id="car59" type="carType2" from="gneE30" to="gneE51" begin="58" end="58" number="1"/>
<flow id="car60" type="carType1" from="topleftR" to="-gneE18" begin="58" end="58" number="1"/>
<flow id="car61" type="carType1" from="-gneE51" to="gneE27" begin="58" end="58" number="1"/>
<flow id="car62" type="carType2" from="-gneE42" to="-gneE7" begin="59" end="59" number="1"/>
<flow id="car63" type="carType1" from="bottomleftU" to="-gneE50" begin="61" end="61" number="1"/>
<flow id="car64" type="carType2" from="toprightL" to="gneE49" begin="61" end="61" number="1"/>
<flow id="car65" type="carType2" from="topleftR" to="-gneE27" begin="61" end="61" number="1"/>
<flow id="car66" type="carType2" from="toprightD" to="gneE34" begin="63" end="63" number="1"/>
<flow id="car67" type="carType0" from="gneE48" to="gneE29" begin="66" end="66" number="1"/>
<flow id="car68" type="carType2" from="bottomleftR" to="-gneE34" begin="67" end="67" number="1"/>
<flow id="car69" type="carType1" from="-gneE29" to="-gneE8" begin="67" end="67" number="1"/>
<flow id="car70" type="carType0" from="-gneE34" to="gneE29" begin="68" end="68" number="1"/>
<flow id="car71" type="carType2" from="gneE43" to="-gneE27" begin="69" end="69" number="1"/>
<flow id="car72" type="carType2" from="-gneE48" to="gneE48" begin="70" end="70" number="1"/>
<flow id="car73" type="carType2" from="gneE48" to="-gneE34" begin="71" end="71" number="1"/>
<flow id="car74" type="carType2" from="bottomrightL" to="bottomleftU" begin="71" end="71" number="1"/>
<flow id="car75" type="carType1" from="gneE42" to="bottomleftU" begin="72" end="72" number="1"/>
<flow id="car76" type="carType2" from="gneE29" to="gneE51" begin="73" end="73" number="1"/>
<flow id="car77" type="carType1" from="-gneE51" to="gneE37" begin="73" end="73" number="1"/>
<flow id="car78" type="carType1" from="-gneE13" to="topleftD" begin="74" end="74" number="1"/>
<flow id="car79" type="carType1" from="gneE30" to="gneE30" begin="75" end="75" number="1"/>
<flow id="car80" type="carType0" from="gneE42" to="gneE44" begin="76" end="76" number="1"/>
<flow id="car81" type="carType0" from="gneE27" to="-gneE45" begin="77" end="77" number="1"/>
<flow id="car82" type="carType2" from="-gneE34" to="-gneE28" begin="78" end="78" number="1"/>
<flow id="car83" type="carType0" from="-gneE43" to="bottomleftR" begin="78" end="78" number="1"/>
<flow id="car84" type="carType2" from="-gneE28" to="gneE43" begin="80" end="80" number="1"/>
<flow id="car85" type="carType2" from="-gneE29" to="gneE44" begin="80" end="80" number="1"/>
<flow id="car86" type="carType2" from="gneE30" to="gneE27" begin="80" end="80" number="1"/>
<flow id="car87" type="carType2" from="-gneE33" to="bottomleftU" begin="81" end="81" number="1"/>
<flow id="car88" type="carType2" from="gneE43" to="gneE48" begin="82" end="82" number="1"/>
<flow id="car89" type="carType2" from="gneE49" to="-gneE7" begin="83" end="83" number="1"/>
<flow id="car90" type="carType1" from="-gneE37" to="gneE34" begin="83" end="83" number="1"/>
<flow id="car91" type="carType0" from="gneE42" to="toprightL" begin="85" end="85" number="1"/>
<flow id="car92" type="carType0" from="bottomleftR" to="-gneE7" begin="85" end="85" number="1"/>
<flow id="car93" type="carType0" from="gneE9" to="-gneE42" begin="86" end="86" number="1"/>
<flow id="car94" type="carType0" from="-gneE51" to="gneE34" begin="87" end="87" number="1"/>
<flow id="car95" type="carType0" from="gneE34" to="gneE51" begin="89" end="89" number="1"/>
<flow id="car96" type="carType2" from="bottomrightL" to="-gneE51" begin="91" end="91" number="1"/>
<flow id="car97" type="carType2" from="bottomrightL" to="-gneE50" begin="92" end="92" number="1"/>
<flow id="car98" type="carType0" from="topleftD" to="-gneE7" begin="92" end="92" number="1"/>
<flow id="car99" type="carType1" from="toprightD" to="topleftR" begin="92" end="92" number="1"/>
<flow id="car100" type="carType2" from="-gneE13" to="-gneE21" begin="94" end="94" number="1"/>
<flow id="car101" type="carType2" from="-gneE51" to="gneE29" begin="94" end="94" number="1"/>
<flow id="car102" type="carType0" from="-gneE51" to="gneE28" begin="97" end="97" number="1"/>
<flow id="car103" type="carType0" from="gneE51" to="gneE30" begin="97" end="97" number="1"/>
<flow id="car104" type="carType1" from="gneE8" to="-gneE42" begin="101" end="101" number="1"/>
<flow id="car105" type="carType1" from="-gneE8" to="gneE48" begin="104" end="104" number="1"/>
<flow id="car106" type="carType1" from="gneE22" to="-gneE33" begin="104" end="104" number="1"/>
<flow id="car107" type="carType1" from="gneE37" to="-gneE21" begin="107" end="107" number="1"/>
<flow id="car108" type="carType0" from="gneE9" to="-gneE27" begin="107" end="107" number="1"/>
<flow id="car109" type="carType1" from="gneE50" to="-gneE48" begin="108" end="108" number="1"/>
<flow id="car110" type="carType1" from="gneE50" to="-gneE50" begin="108" end="108" number="1"/>
<flow id="car111" type="carType2" from="gneE37" to="gneE35" begin="108" end="108" number="1"/>
<flow id="car112" type="carType0" from="topleftD" to="topleftR" begin="109" end="109" number="1"/>
<flow id="car113" type="carType1" from="-gneE42" to="-gneE8" begin="112" end="112" number="1"/>
<flow id="car114" type="carType2" from="gneE50" to="gneE44" begin="114" end="114" number="1"/>
<flow id="car115" type="carType0" from="gneE34" to="gneE28" begin="114" end="114" number="1"/>
<flow id="car116" type="carType0" from="gneE30" to="gneE48" begin="116" end="116" number="1"/>
<flow id="car117" type="carType0" from="-gneE13" to="gneE45" begin="119" end="119" number="1"/>
<flow id="car118" type="carType0" from="-gneE33" to="-gneE37" begin="119" end="119" number="1"/>
<flow id="car119" type="carType2" from="-gneE34" to="-gneE8" begin="121" end="121" number="1"/>
<flow id="car120" type="carType1" from="-gneE29" to="toprightL" begin="122" end="122" number="1"/>
<flow id="car121" type="carType2" from="gneE30" to="-gneE18" begin="122" end="122" number="1"/>
<flow id="car122" type="carType2" from="bottomrightL" to="-gneE50" begin="123" end="123" number="1"/>
<flow id="car123" type="carType0" from="-gneE51" to="-gneE37" begin="124" end="124" number="1"/>
<flow id="car124" type="carType1" from="gneE42" to="gneE22" begin="124" end="124" number="1"/>
<flow id="car125" type="carType0" from="gneE49" to="toprightL" begin="125" end="125" number="1"/>
<flow id="car126" type="carType2" from="bottomrightL" to="-gneE43" begin="126" end="126" number="1"/>
<flow id="car127" type="carType2" from="-gneE27" to="-gneE50" begin="126" end="126" number="1"/>
<flow id="car128" type="carType1" from="toprightL" to="-gneE50" begin="127" end="127" number="1"/>
<flow id="car129" type="carType2" from="gneE22" to="gneE37" begin="128" end="128" number="1"/>
<flow id="car130" type="carType2" from="gneE30" to="-gneE13" begin="128" end="128" number="1"/>
<flow id="car131" type="carType1" from="-gneE48" to="gneE46" begin="128" end="128" number="1"/>
<flow id="car132" type="carType2" from="-gneE49" to="-gneE37" begin="128" end="128" number="1"/>
<flow id="car133" type="carType0" from="-gneE44" to="-gneE7" begin="129" end="129" number="1"/>
<flow id="car134" type="carType0" from="toprightD" to="gneE48" begin="129" end="129" number="1"/>
<flow id="car135" type="carType1" from="-gneE43" to="gneE50" begin="129" end="129" number="1"/>
<flow id="car136" type="carType2" from="-gneE18" to="-gneE37" begin="130" end="130" number="1"/>
<flow id="car137" type="carType0" from="bottomrightL" to="gneE46" begin="132" end="132" number="1"/>
<flow id="car138" type="carType1" from="gneE22" to="-gneE51" begin="135" end="135" number="1"/>
<flow id="car139" type="carType0" from="-gneE50" to="-gneE27" begin="137" end="137" number="1"/>
<flow id="car140" type="carType1" from="-gneE7" to="gneE30" begin="138" end="138" number="1"/>
<flow id="car141" type="carType2" from="-gneE48" to="-gneE7" begin="143" end="143" number="1"/>
<flow id="car142" type="carType0" from="gneE34" to="-gneE28" begin="144" end="144" number="1"/>
<flow id="car143" type="carType2" from="gneE49" to="gneE9" begin="145" end="145" number="1"/>
<flow id="car144" type="carType2" from="-gneE44" to="gneE22" begin="146" end="146" number="1"/>
<flow id="car145" type="carType2" from="-gneE49" to="-gneE50" begin="148" end="148" number="1"/>
<flow id="car146" type="carType1" from="-gneE28" to="-gneE50" begin="150" end="150" number="1"/>
<flow id="car147" type="carType2" from="toprightD" to="toprightL" begin="150" end="150" number="1"/>
<flow id="car148" type="carType1" from="gneE28" to="toprightL" begin="151" end="151" number="1"/>
<flow id="car149" type="carType1" from="topleftD" to="gneE9" begin="153" end="153" number="1"/>
<flow id="car150" type="carType0" from="gneE34" to="-gneE33" begin="153" end="153" number="1"/>
<flow id="car151" type="carType0" from="gneE48" to="toprightD" begin="154" end="154" number="1"/>
<flow id="car152" type="carType0" from="gneE43" to="gneE22" begin="154" end="154" number="1"/>
<flow id="car153" type="carType1" from="-gneE27" to="gneE51" begin="155" end="155" number="1"/>
<flow id="car154" type="carType2" from="-gneE45" to="gneE35" begin="155" end="155" number="1"/>
<flow id="car155" type="carType1" from="-gneE8" to="-gneE7" begin="157" end="157" number="1"/>
<flow id="car156" type="carType1" from="bottomleftU" to="gneE42" begin="159" end="159" number="1"/>
<flow id="car157" type="carType0" from="-gneE42" to="gneE22" begin="159" end="159" number="1"/>
<flow id="car158" type="carType1" from="-gneE13" to="gneE22" begin="161" end="161" number="1"/>
<flow id="car159" type="carType2" from="gneE21" to="-gneE34" begin="162" end="162" number="1"/>
<flow id="car160" type="carType1" from="bottomleftR" to="gneE43" begin="163" end="163" number="1"/>
<flow id="car161" type="carType0" from="gneE22" to="-gneE33" begin="163" end="163" number="1"/>
<flow id="car162" type="carType1" from="gneE22" to="-gneE48" begin="164" end="164" number="1"/>
<flow id="car163" type="carType1" from="-gneE37" to="gneE28" begin="165" end="165" number="1"/>
<flow id="car164" type="carType0" from="gneE42" to="gneE9" begin="166" end="166" number="1"/>
<flow id="car165" type="carType1" from="gneE48" to="-gneE34" begin="166" end="166" number="1"/>
<flow id="car166" type="carType0" from="gneE9" to="-gneE50" begin="168" end="168" number="1"/>
<flow id="car167" type="carType2" from="gneE44" to="gneE43" begin="168" end="168" number="1"/>
<flow id="car168" type="carType0" from="-gneE18" to="bottomleftU" begin="169" end="169" number="1"/>
<flow id="car169" type="carType2" from="gneE28" to="bottomleftU" begin="170" end="170" number="1"/>
<flow id="car170" type="carType1" from="gneE29" to="gneE42" begin="171" end="171" number="1"/>
<flow id="car171" type="carType2" from="-gneE13" to="gneE44" begin="172" end="172" number="1"/>
<flow id="car172" type="carType1" from="-gneE48" to="gneE30" begin="173" end="173" number="1"/>
<flow id="car173" type="carType1" from="gneE28" to="gneE18" begin="173" end="173" number="1"/>
<flow id="car174" type="carType0" from="-gneE45" to="toprightL" begin="175" end="175" number="1"/>
<flow id="car175" type="carType2" from="-gneE48" to="gneE30" begin="175" end="175" number="1"/>
<flow id="car176" type="carType0" from="-gneE37" to="gneE29" begin="176" end="176" number="1"/>
<flow id="car177" type="carType0" from="gneE34" to="gneE18" begin="179" end="179" number="1"/>
<flow id="car178" type="carType2" from="topleftR" to="-gneE8" begin="180" end="180" number="1"/>
<flow id="car179" type="carType2" from="-gneE18" to="-gneE21" begin="181" end="181" number="1"/>
<flow id="car180" type="carType1" from="-gneE50" to="-gneE29" begin="182" end="182" number="1"/>
<flow id="car181" type="carType0" from="-gneE7" to="-gneE13" begin="183" end="183" number="1"/>
<flow id="car182" type="carType1" from="-gneE29" to="gneE18" begin="185" end="185" number="1"/>
<flow id="car183" type="carType0" from="gneE28" to="-gneE50" begin="185" end="185" number="1"/>
<flow id="car184" type="carType2" from="gneE48" to="gneE49" begin="185" end="185" number="1"/>
<flow id="car185" type="carType1" from="-gneE28" to="-gneE29" begin="186" end="186" number="1"/>
<flow id="car186" type="carType1" from="gneE44" to="-gneE42" begin="186" end="186" number="1"/>
<flow id="car187" type="carType2" from="gneE22" to="-gneE50" begin="188" end="188" number="1"/>
<flow id="car188" type="carType2" from="gneE9" to="topleftR" begin="190" end="190" number="1"/>
<flow id="car189" type="carType1" from="gneE34" to="-gneE43" begin="190" end="190" number="1"/>
<flow id="car190" type="carType0" from="gneE46" to="-gneE49" begin="191" end="191" number="1"/>
<flow id="car191" type="carType1" from="bottomleftU" to="gneE44" begin="192" end="192" number="1"/>
<flow id="car192" type="carType0" from="-gneE27" to="-gneE8" begin="192" end="192" number="1"/>
<flow id="car193" type="carType2" from="gneE27" to="gneE28" begin="194" end="194" number="1"/>
<flow id="car194" type="carType1" from="-gneE34" to="-gneE8" begin="194" end="194" number="1"/>
<flow id="car195" type="carType2" from="-gneE50" to="-gneE48" begin="194" end="194" number="1"/>
<flow id="car196" type="carType2" from="gneE45" to="gneE49" begin="194" end="194" number="1"/>
<flow id="car197" type="carType2" from="-gneE21" to="gneE28" begin="196" end="196" number="1"/>
<flow id="car198" type="carType1" from="gneE35" to="-gneE29" begin="198" end="198" number="1"/>
<flow id="car199" type="carType2" from="gneE35" to="-gneE34" begin="199" end="199" number="1"/>
</routes>
