<routes>
<vType id="carType0" length="9" maxSpeed="43.25" accel="2.9" decel="5.32" speedDev="0.2" sigma="0.28"/>
<vType id="carType1" length="6" maxSpeed="46.76" accel="2.02" decel="5.14" speedDev="0.2" sigma="0.13"/>
<vType id="carType2" length="4" maxSpeed="41.05" accel="2.52" decel="4.61" speedDev="0.2" sigma="0.11"/>
<flow id="car0" type="carType2" from="-gneE45" to="bottomrightL" begin="1" end="1" number="1"/>
<flow id="car1" type="carType2" from="bottomleftR" to="-gneE8" begin="5" end="5" number="1"/>
<flow id="car2" type="carType0" from="gneE49" to="gneE35" begin="6" end="6" number="1"/>
<flow id="car3" type="carType0" from="gneE48" to="gneE34" begin="6" end="6" number="1"/>
<flow id="car4" type="carType1" from="gneE29" to="-gneE28" begin="7" end="7" number="1"/>
<flow id="car5" type="carType1" from="-gneE29" to="-gneE34" begin="7" end="7" number="1"/>
<flow id="car6" type="carType2" from="-gneE45" to="-gneE49" begin="10" end="10" number="1"/>
<flow id="car7" type="carType2" from="-gneE42" to="gneE27" begin="12" end="12" number="1"/>
<flow id="car8" type="carType2" from="gneE21" to="-gneE29" begin="12" end="12" number="1"/>
<flow id="car9" type="carType0" from="topleftR" to="gneE34" begin="13" end="13" number="1"/>
<flow id="car10" type="carType2" from="-gneE29" to="gneE35" begin="14" end="14" number="1"/>
<flow id="car11" type="carType0" from="-gneE29" to="-gneE48" begin="14" end="14" number="1"/>
<flow id="car12" type="carType0" from="-gneE44" to="gneE29" begin="14" end="14" number="1"/>
<flow id="car13" type="carType1" from="gneE45" to="-gneE51" begin="14" end="14" number="1"/>
<flow id="car14" type="carType1" from="gneE48" to="gneE34" begin="15" end="15" number="1"/>
<flow id="car15" type="carType0" from="topleftR" to="-gneE29" begin="15" end="15" number="1"/>
<flow id="car16" type="carType2" from="bottomrightL" to="-gneE37" begin="15" end="15" number="1"/>
<flow id="car17" type="carType1" from="gneE34" to="-gneE7" begin="16" end="16" number="1"/>
<flow id="car18" type="carType2" from="-gneE45" to="-gneE13" begin="17" end="17" number="1"/>
<flow id="car19" type="carType1" from="gneE27" to="bottomleftR" begin="18" end="18" number="1"/>
<flow id="car20" type="carType0" from="gneE30" to="gneE50" begin="19" end="19" number="1"/>
<flow id="car21" type="carType2" from="-gneE49" to="bottomleftU" begin="20" end="20" number="1"/>
<flow id="car22" type="carType1" from="-gneE13" to="gneE46" begin="20" end="20" number="1"/>
<flow id="car23" type="carType1" from="gneE28" to="gneE46" begin="21" end="21" number="1"/>
<flow id="car24" type="carType2" from="topleftD" to="-gneE44" begin="21" end="21" number="1"/>
<flow id="car25" type="carType0" from="gneE27" to="gneE28" begin="22" end="22" number="1"/>
<flow id="car26" type="carType0" from="-gneE49" to="-gneE33" begin="24" end="24" number="1"/>
<flow id="car27" type="carType2" from="-gneE27" to="gneE43" begin="24" end="24" number="1"/>
<flow id="car28" type="carType1" from="-gneE51" to="-gneE51" begin="27" end="27" number="1"/>
<flow id="car29" type="carType0" from="-gneE51" to="-gneE33" begin="28" end="28" number="1"/>
<flow id="car30" type="carType2" from="gneE21" to="-gneE27" begin="29" end="29" number="1"/>
<flow id="car31" type="carType2" from="topleftD" to="gneE28" begin="31" end="31" number="1"/>
<flow id="car32" type="carType0" from="topleftR" to="-gneE43" begin="32" end="32" number="1"/>
<flow id="car33" type="carType0" from="-gneE33" to="toprightD" begin="33" end="33" number="1"/>
<flow id="car34" type="carType0" from="-gneE50" to="bottomrightL" begin="35" end="35" number="1"/>
<flow id="car35" type="carType1" from="gneE49" to="toprightL" begin="36" end="36" number="1"/>
<flow id="car36" type="carType2" from="gneE45" to="gneE28" begin="36" end="36" number="1"/>
<flow id="car37" type="carType2" from="-gneE18" to="bottomrightU" begin="37" end="37" number="1"/>
<flow id="car38" type="carType2" from="gneE46" to="gneE18" begin="37" end="37" number="1"/>
<flow id="car39" type="carType1" from="-gneE13" to="-gneE28" begin="38" end="38" number="1"/>
<flow id="car40" type="carType0" from="-gneE43" to="gneE49" begin="40" end="40" number="1"/>
<flow id="car41" type="carType2" from="gneE30" to="bottomrightU" begin="40" end="40" number="1"/>
<flow id="car42" type="carType2" from="-gneE37" to="bottomrightU" begin="41" end="41" number="1"/>
<flow id="car43" type="carType2" from="-gneE7" to="-gneE43" begin="41" end="41" number="1"/>
<flow id="car44" type="carType2" from="-gneE29" to="gneE22" begin="41" end="41" number="1"/>
<flow id="car45" type="carType1" from="-gneE29" to="gneE29" begin="42" end="42" number="1"/>
<flow id="car46" type="carType0" from="-gneE13" to="gneE42" begin="42" end="42" number="1"/>
<flow id="car47" type="carType0" from="gneE51" to="-gneE27" begin="42" end="42" number="1"/>
<flow id="car48" type="carType0" from="-gneE28" to="gneE42" begin="43" end="43" number="1"/>
<flow id="car49" type="carType1" from="-gneE37" to="gneE22" begin="44" end="44" number="1"/>
<flow id="car50" type="carType1" from="gneE49" to="-gneE44" begin="44" end="44" number="1"/>
<flow id="car51" type="carType0" from="gneE30" to="-gneE27" begin="46" end="46" number="1"/>
<flow id="car52" type="carType1" from="toprightL" to="gneE42" begin="47" end="47" number="1"/>
<flow id="car53" type="carType0" from="-gneE33" to="-gneE42" begin="48" end="48" number="1"/>
<flow id="car54" type="carType2" from="-gneE42" to="-gneE27" begin="49" end="49" number="1"/>
<flow id="car55" type="carType2" from="gneE28" to="topleftD" begin="49" end="49" number="1"/>
<flow id="car56" type="carType1" from="-gneE13" to="topleftR" begin="51" end="51" number="1"/>
<flow id="car57" type="carType1" from="gneE46" to="gneE29" begin="52" end="52" number="1"/>
<flow id="car58" type="carType2" from="gneE42" to="gneE28" begin="52" end="52" number="1"/>
<flow id="car59" type="carType0" from="-gneE13" to="gneE22" begin="53" end="53" number="1"/>
<flow id="car60" type="carType1" from="gneE21" to="gneE27" begin="55" end="55" number="1"/>
<flow id="car61" type="carType1" from="gneE8" to="bottomrightU" begin="55" end="55" number="1"/>
<flow id="car62" type="carType1" from="-gneE7" to="gneE37" begin="56" end="56" number="1"/>
<flow id="car63" type="carType1" from="-gneE28" to="-gneE51" begin="57" end="57" number="1"/>
<flow id="car64" type="carType1" from="toprightD" to="gneE21" begin="57" end="57" number="1"/>
<flow id="car65" type="carType0" from="-gneE50" to="topleftD" begin="57" end="57" number="1"/>
<flow id="car66" type="carType2" from="gneE9" to="bottomrightL" begin="59" end="59" number="1"/>
<flow id="car67" type="carType2" from="gneE51" to="gneE18" begin="59" end="59" number="1"/>
<flow id="car68" type="carType1" from="toprightD" to="-gneE27" begin="59" end="59" number="1"/>
<flow id="car69" type="carType0" from="topleftD" to="-gneE27" begin="60" end="60" number="1"/>
<flow id="car70" type="carType0" from="bottomrightU" to="-gneE33" begin="60" end="60" number="1"/>
<flow id="car71" type="carType1" from="bottomrightL" to="-gneE33" begin="61" end="61" number="1"/>
<flow id="car72" type="carType2" from="topleftR" to="gneE30" begin="63" end="63" number="1"/>
<flow id="car73" type="carType0" from="topleftD" to="-gneE13" begin="65" end="65" number="1"/>
<flow id="car74" type="carType1" from="bottomleftU" to="gneE30" begin="66" end="66" number="1"/>
<flow id="car75" type="carType2" from="-gneE49" to="gneE49" begin="68" end="68" number="1"/>
<flow id="car76" type="carType2" from="gneE46" to="-gneE34" begin="68" end="68" number="1"/>
<flow id="car77" type="carType2" from="gneE43" to="-gneE29" begin="69" end="69" number="1"/>
<flow id="car78" type="carType2" from="gneE42" to="-gneE13" begin="71" end="71" number="1"/>
<flow id="car79" type="carType1" from="bottomleftU" to="toprightL" begin="74" end="74" number="1"/>
<flow id="car80" type="carType1" from="-gneE7" to="gneE8" begin="74" end="74" number="1"/>
<flow id="car81" type="carType0" from="gneE42" to="gneE21" begin="75" end="75" number="1"/>
<flow id="car82" type="carType1" from="-gneE28" to="gneE49" begin="75" end="75" number="1"/>
<flow id="car83" type="carType0" from="-gneE13" to="-gneE50" begin="77" end="77" number="1"/>
<flow id="car84" type="carType0" from="toprightD" to="-gneE44" begin="77" end="77" number="1"/>
<flow id="car85" type="carType2" from="-gneE27" to="-gneE34" begin="79" end="79" number="1"/>
<flow id="car86" type="carType1" from="gneE51" to="-gneE44" begin="80" end="80" number="1"/>
<flow id="car87" type="carType1" from="-gneE7" to="gneE49" begin="80" end="80" number="1"/>
<flow id="car88" type="carType0" from="toprightL" to="gneE35" begin="88" end="88" number="1"/>
<flow id="car89" type="carType2" from="gneE46" to="gneE51" begin="90" end="90" number="1"/>
<flow id="car90" type="carType1" from="-gneE18" to="gneE46" begin="90" end="90" number="1"/>
<flow id="car91" type="carType1" from="-gneE21" to="-gneE18" begin="91" end="91" number="1"/>
<flow id="car92" type="carType0" from="gneE21" to="-gneE18" begin="92" end="92" number="1"/>
<flow id="car93" type="carType1" from="-gneE34" to="-gneE44" begin="93" end="93" number="1"/>
<flow id="car94" type="carType2" from="-gneE37" to="-gneE48" begin="93" end="93" number="1"/>
<flow id="car95" type="carType0" from="gneE9" to="gneE22" begin="93" end="93" number="1"/>
<flow id="car96" type="carType0" from="-gneE13" to="gneE43" begin="94" end="94" number="1"/>
<flow id="car97" type="carType1" from="gneE9" to="gneE34" begin="94" end="94" number="1"/>
<flow id="car98" type="carType1" from="bottomrightL" to="gneE28" begin="95" end="95" number="1"/>
<flow id="car99" type="carType1" from="gneE37" to="-gneE28" begin="95" end="95" number="1"/>
<flow id="car100" type="carType1" from="-gneE44" to="-gneE21" begin="96" end="96" number="1"/>
<flow id="car101" type="carType0" from="-gneE18" to="gneE28" begin="96" end="96" number="1"/>
<flow id="car102" type="carType2" from="gneE35" to="topleftR" begin="97" end="97" number="1"/>
<flow id="car103" type="carType0" from="-gneE37" to="gneE28" begin="101" end="101" number="1"/>
<flow id="car104" type="carType2" from="-gneE37" to="gneE42" begin="101" end="101" number="1"/>
<flow id="car105" type="carType1" from="-gneE33" to="gneE44" begin="102" end="102" number="1"/>
<flow id="car106" type="carType1" from="gneE28" to="toprightL" begin="102" end="102" number="1"/>
<flow id="car107" type="carType2" from="-gneE18" to="bottomrightL" begin="102" end="102" number="1"/>
<flow id="car108" type="carType1" from="gneE28" to="topleftR" begin="102" end="102" number="1"/>
<flow id="car109" type="carType2" from="-gneE8" to="-gneE51" begin="103" end="103" number="1"/>
<flow id="car110" type="carType1" from="topleftD" to="bottomleftR" begin="107" end="107" number="1"/>
<flow id="car111" type="carType1" from="-gneE45" to="gneE42" begin="107" end="107" number="1"/>
<flow id="car112" type="carType0" from="bottomleftR" to="-gneE18" begin="107" end="107" number="1"/>
<flow id="car113" type="carType0" from="-gneE37" to="-gneE28" begin="107" end="107" number="1"/>
<flow id="car114" type="carType0" from="gneE21" to="-gneE29" begin="108" end="108" number="1"/>
<flow id="car115" type="carType0" from="gneE8" to="gneE49" begin="109" end="109" number="1"/>
<flow id="car116" type="carType2" from="-gneE7" to="-gneE8" begin="110" end="110" number="1"/>
<flow id="car117" type="carType1" from="-gneE45" to="gneE30" begin="111" end="111" number="1"/>
<flow id="car118" type="carType1" from="bottomrightU" to="-gneE50" begin="111" end="111" number="1"/>
<flow id="car119" type="carType0" from="-gneE50" to="gneE50" begin="111" end="111" number="1"/>
<flow id="car120" type="carType2" from="-gneE28" to="-gneE29" begin="112" end="112" number="1"/>
<flow id="car121" type="carType2" from="gneE35" to="-gneE50" begin="112" end="112" number="1"/>
<flow id="car122" type="carType1" from="-gneE48" to="gneE44" begin="113" end="113" number="1"/>
<flow id="car123" type="carType2" from="-gneE43" to="bottomleftU" begin="117" end="117" number="1"/>
<flow id="car124" type="carType2" from="-gneE18" to="gneE21" begin="120" end="120" number="1"/>
<flow id="car125" type="carType2" from="gneE46" to="-gneE27" begin="120" end="120" number="1"/>
<flow id="car126" type="carType2" from="gneE22" to="-gneE33" begin="120" end="120" number="1"/>
<flow id="car127" type="carType2" from="gneE9" to="gneE27" begin="121" end="121" number="1"/>
<flow id="car128" type="carType2" from="gneE21" to="-gneE29" begin="122" end="122" number="1"/>
<flow id="car129" type="carType0" from="-gneE8" to="gneE28" begin="122" end="122" number="1"/>
<flow id="car130" type="carType2" from="gneE48" to="gneE35" begin="122" end="122" number="1"/>
<flow id="car131" type="carType0" from="gneE46" to="-gneE21" begin="125" end="125" number="1"/>
<flow id="car132" type="carType0" from="gneE18" to="toprightD" begin="128" end="128" number="1"/>
<flow id="car133" type="carType0" from="bottomrightL" to="-gneE7" begin="129" end="129" number="1"/>
<flow id="car134" type="carType2" from="-gneE13" to="-gneE29" begin="130" end="130" number="1"/>
<flow id="car135" type="carType2" from="gneE28" to="-gneE37" begin="132" end="132" number="1"/>
<flow id="car136" type="carType1" from="gneE37" to="gneE44" begin="133" end="133" number="1"/>
<flow id="car137" type="carType1" from="gneE35" to="-gneE29" begin="135" end="135" number="1"/>
<flow id="car138" type="carType0" from="-gneE43" to="-gneE13" begin="135" end="135" number="1"/>
<flow id="car139" type="carType2" from="gneE18" to="topleftR" begin="137" end="137" number="1"/>
<flow id="car140" type="carType1" from="-gneE43" to="gneE8" begin="137" end="137" number="1"/>
<flow id="car141" type="carType2" from="-gneE21" to="-gneE43" begin="139" end="139" number="1"/>
<flow id="car142" type="carType0" from="gneE29" to="gneE48" begin="140" end="140" number="1"/>
<flow id="car143" type="carType2" from="gneE8" to="gneE46" begin="141" end="141" number="1"/>
<flow id="car144" type="carType2" from="bottomrightU" to="-gneE50" begin="142" end="142" number="1"/>
<flow id="car145" type="carType2" from="gneE21" to="-gneE51" begin="143" end="143" number="1"/>
<flow id="car146" type="carType1" from="bottomleftU" to="gneE21" begin="143" end="143" number="1"/>
<flow id="car147" type="carType0" from="toprightD" to="topleftR" begin="149" end="149" number="1"/>
<flow id="car148" type="carType1" from="-gneE13" to="gneE8" begin="150" end="150" number="1"/>
<flow id="car149" type="carType1" from="-gneE37" to="-gneE42" begin="151" end="151" number="1"/>
<flow id="car150" type="carType2" from="topleftD" to="-gneE34" begin="152" end="152" number="1"/>
<flow id="car151" type="carType0" from="-gneE28" to="-gneE42" begin="154" end="154" number="1"/>
<flow id="car152" type="carType0" from="-gneE51" to="gneE46" begin="158" end="158" number="1"/>
<flow id="car153" type="carType2" from="bottomleftR" to="gneE34" begin="158" end="158" number="1"/>
<flow id="car154" type="carType2" from="-gneE29" to="-gneE51" begin="158" end="158" number="1"/>
<flow id="car155" type="carType2" from="gneE21" to="gneE8" begin="159" end="159" number="1"/>
<flow id="car156" type="carType1" from="gneE51" to="bottomrightU" begin="160" end="160" number="1"/>
<flow id="car157" type="carType1" from="gneE21" to="-gneE51" begin="161" end="161" number="1"/>
<flow id="car158" type="carType0" from="-gneE13" to="gneE35" begin="163" end="163" number="1"/>
<flow id="car159" type="carType0" from="gneE42" to="-gneE28" begin="166" end="166" number="1"/>
<flow id="car160" type="carType0" from="gneE22" to="-gneE7" begin="167" end="167" number="1"/>
<flow id="car161" type="carType2" from="bottomrightL" to="-gneE8" begin="168" end="168" number="1"/>
<flow id="car162" type="carType2" from="gneE18" to="gneE42" begin="168" end="168" number="1"/>
<flow id="car163" type="carType1" from="gneE29" to="-gneE48" begin="172" end="172" number="1"/>
<flow id="car164" type="carType0" from="bottomrightU" to="gneE27" begin="172" end="172" number="1"/>
<flow id="car165" type="carType2" from="bottomrightU" to="-gneE45" begin="172" end="172" number="1"/>
<flow id="car166" type="carType0" from="gneE43" to="gneE50" begin="173" end="173" number="1"/>
<flow id="car167" type="carType2" from="gneE30" to="gneE42" begin="174" end="174" number="1"/>
<flow id="car168" type="carType0" from="gneE8" to="gneE35" begin="176" end="176" number="1"/>
<flow id="car169" type="carType1" from="topleftD" to="-gneE45" begin="177" end="177" number="1"/>
<flow id="car170" type="carType1" from="gneE21" to="gneE49" begin="178" end="178" number="1"/>
<flow id="car171" type="carType1" from="-gneE28" to="gneE27" begin="178" end="178" number="1"/>
<flow id="car172" type="carType0" from="gneE51" to="-gneE49" begin="179" end="179" number="1"/>
<flow id="car173" type="carType2" from="gneE30" to="gneE42" begin="179" end="179" number="1"/>
<flow id="car174" type="carType2" from="-gneE33" to="-gneE43" begin="180" end="180" number="1"/>
<flow id="car175" type="carType1" from="bottomrightL" to="topleftR" begin="182" end="182" number="1"/>
<flow id="car176" type="carType2" from="-gneE28" to="gneE45" begin="182" end="182" number="1"/>
<flow id="car177" type="carType1" from="gneE34" to="-gneE45" begin="183" end="183" number="1"/>
<flow id="car178" type="carType2" from="-gneE7" to="bottomleftR" begin="183" end="183" number="1"/>
<flow id="car179" type="carType0" from="gneE9" to="gneE37" begin="184" end="184" number="1"/>
<flow id="car180" type="carType2" from="gneE30" to="bottomrightL" begin="184" end="184" number="1"/>
<flow id="car181" type="carType1" from="-gneE27" to="bottomleftU" begin="185" end="185" number="1"/>
<flow id="car182" type="carType0" from="gneE22" to="gneE37" begin="185" end="185" number="1"/>
<flow id="car183" type="carType0" from="gneE18" to="gneE43" begin="187" end="187" number="1"/>
<flow id="car184" type="carType0" from="-gneE43" to="gneE49" begin="188" end="188" number="1"/>
<flow id="car185" type="carType1" from="bottomrightU" to="-gneE13" begin="188" end="188" number="1"/>
<flow id="car186" type="carType1" from="-gneE21" to="toprightL" begin="189" end="189" number="1"/>
<flow id="car187" type="carType0" from="-gneE33" to="bottomleftR" begin="190" end="190" number="1"/>
<flow id="car188" type="carType1" from="gneE29" to="-gneE29" begin="191" end="191" number="1"/>
<flow id="car189" type="carType1" from="gneE18" to="-gneE42" begin="191" end="191" number="1"/>
<flow id="car190" type="carType2" from="-gneE48" to="-gneE7" begin="192" end="192" number="1"/>
<flow id="car191" type="carType2" from="-gneE45" to="toprightL" begin="193" end="193" number="1"/>
<flow id="car192" type="carType2" from="gneE50" to="topleftR" begin="194" end="194" number="1"/>
<flow id="car193" type="carType0" from="gneE21" to="bottomleftR" begin="194" end="194" number="1"/>
<flow id="car194" type="carType0" from="gneE29" to="-gneE43" begin="195" end="195" number="1"/>
<flow id="car195" type="carType2" from="-gneE21" to="bottomrightU" begin="196" end="196" number="1"/>
<flow id="car196" type="carType2" from="gneE34" to="-gneE49" begin="197" end="197" number="1"/>
<flow id="car197" type="carType0" from="gneE27" to="-gneE43" begin="198" end="198" number="1"/>
<flow id="car198" type="carType0" from="-gneE50" to="gneE22" begin="198" end="198" number="1"/>
<flow id="car199" type="carType1" from="-gneE34" to="-gneE13" begin="198" end="198" number="1"/>
</routes>
