<routes>
<vType id="carType0" length="4" maxSpeed="59.96" accel="2.32" decel="4.45" speedDev="0.2" sigma="0.2"/>
<vType id="carType1" length="3" maxSpeed="57.74" accel="2.44" decel="5.37" speedDev="0.2" sigma="0.22"/>
<vType id="carType2" length="8" maxSpeed="57.35" accel="2.5" decel="4.04" speedDev="0.2" sigma="0.18"/>
<flow id="car0" type="carType1" from="bottomrightU" to="bottomleftU" begin="0" end="0" number="1"/>
<flow id="car1" type="carType2" from="-gneE37" to="-gneE8" begin="1" end="1" number="1"/>
<flow id="car2" type="carType2" from="gneE48" to="gneE46" begin="1" end="1" number="1"/>
<flow id="car3" type="carType2" from="gneE42" to="gneE49" begin="2" end="2" number="1"/>
<flow id="car4" type="carType0" from="-gneE18" to="-gneE18" begin="2" end="2" number="1"/>
<flow id="car5" type="carType1" from="toprightL" to="gneE46" begin="2" end="2" number="1"/>
<flow id="car6" type="carType0" from="gneE42" to="gneE49" begin="2" end="2" number="1"/>
<flow id="car7" type="carType2" from="gneE51" to="-gneE50" begin="4" end="4" number="1"/>
<flow id="car8" type="carType1" from="-gneE7" to="gneE50" begin="5" end="5" number="1"/>
<flow id="car9" type="carType0" from="-gneE7" to="bottomrightU" begin="6" end="6" number="1"/>
<flow id="car10" type="carType0" from="gneE27" to="bottomrightU" begin="6" end="6" number="1"/>
<flow id="car11" type="carType1" from="gneE27" to="toprightL" begin="8" end="8" number="1"/>
<flow id="car12" type="carType2" from="gneE18" to="-gneE27" begin="10" end="10" number="1"/>
<flow id="car13" type="carType2" from="-gneE7" to="gneE49" begin="10" end="10" number="1"/>
<flow id="car14" type="carType2" from="bottomrightL" to="bottomrightL" begin="11" end="11" number="1"/>
<flow id="car15" type="carType2" from="gneE29" to="gneE45" begin="14" end="14" number="1"/>
<flow id="car16" type="carType0" from="-gneE48" to="gneE43" begin="14" end="14" number="1"/>
<flow id="car17" type="carType2" from="bottomleftU" to="-gneE43" begin="14" end="14" number="1"/>
<flow id="car18" type="carType1" from="-gneE18" to="-gneE51" begin="15" end="15" number="1"/>
<flow id="car19" type="carType2" from="bottomrightL" to="gneE51" begin="15" end="15" number="1"/>
<flow id="car20" type="carType2" from="-gneE13" to="gneE28" begin="17" end="17" number="1"/>
<flow id="car21" type="carType1" from="-gneE49" to="gneE42" begin="17" end="17" number="1"/>
<flow id="car22" type="carType0" from="-gneE49" to="gneE9" begin="17" end="17" number="1"/>
<flow id="car23" type="carType2" from="-gneE18" to="-gneE50" begin="18" end="18" number="1"/>
<flow id="car24" type="carType1" from="gneE29" to="bottomleftR" begin="18" end="18" number="1"/>
<flow id="car25" type="carType2" from="-gneE48" to="gneE28" begin="19" end="19" number="1"/>
<flow id="car26" type="carType0" from="gneE9" to="gneE51" begin="19" end="19" number="1"/>
<flow id="car27" type="carType0" from="gneE48" to="-gneE33" begin="20" end="20" number="1"/>
<flow id="car28" type="carType1" from="gneE48" to="-gneE42" begin="20" end="20" number="1"/>
<flow id="car29" type="carType0" from="gneE50" to="gneE35" begin="21" end="21" number="1"/>
<flow id="car30" type="carType2" from="-gneE21" to="-gneE50" begin="23" end="23" number="1"/>
<flow id="car31" type="carType0" from="-gneE45" to="gneE43" begin="25" end="25" number="1"/>
<flow id="car32" type="carType0" from="gneE30" to="bottomleftR" begin="25" end="25" number="1"/>
<flow id="car33" type="carType0" from="gneE37" to="gneE49" begin="26" end="26" number="1"/>
<flow id="car34" type="carType2" from="toprightD" to="gneE8" begin="26" end="26" number="1"/>
<flow id="car35" type="carType2" from="-gneE21" to="-gneE49" begin="29" end="29" number="1"/>
<flow id="car36" type="carType0" from="bottomleftR" to="gneE44" begin="31" end="31" number="1"/>
<flow id="car37" type="carType0" from="-gneE45" to="gneE27" begin="32" end="32" number="1"/>
<flow id="car38" type="carType2" from="-gneE50" to="gneE49" begin="33" end="33" number="1"/>
<flow id="car39" type="carType2" from="bottomrightU" to="-gneE28" begin="34" end="34" number="1"/>
<flow id="car40" type="carType1" from="bottomleftR" to="gneE45" begin="34" end="34" number="1"/>
<flow id="car41" type="carType2" from="gneE29" to="gneE28" begin="37" end="37" number="1"/>
<flow id="car42" type="carType0" from="-gneE51" to="gneE37" begin="37" end="37" number="1"/>
<flow id="car43" type="carType2" from="gneE27" to="-gneE34" begin="38" end="38" number="1"/>
<flow id="car44" type="carType2" from="-gneE51" to="-gneE13" begin="38" end="38" number="1"/>
<flow id="car45" type="carType1" from="topleftD" to="-gneE21" begin="38" end="38" number="1"/>
<flow id="car46" type="carType0" from="-gneE34" to="gneE8" begin="40" end="40" number="1"/>
<flow id="car47" type="carType1" from="topleftR" to="gneE51" begin="41" end="41" number="1"/>
<flow id="car48" type="carType1" from="gneE21" to="-gneE48" begin="47" end="47" number="1"/>
<flow id="car49" type="carType1" from="gneE35" to="gneE9" begin="48" end="48" number="1"/>
<flow id="car50" type="carType0" from="gneE46" to="-gneE45" begin="48" end="48" number="1"/>
<flow id="car51" type="carType0" from="bottomleftU" to="-gneE37" begin="49" end="49" number="1"/>
<flow id="car52" type="carType2" from="-gneE7" to="-gneE45" begin="49" end="49" number="1"/>
<flow id="car53" type="carType0" from="gneE9" to="-gneE27" begin="50" end="50" number="1"/>
<flow id="car54" type="carType2" from="-gneE50" to="gneE18" begin="51" end="51" number="1"/>
<flow id="car55" type="carType0" from="-gneE8" to="gneE27" begin="52" end="52" number="1"/>
<flow id="car56" type="carType2" from="gneE29" to="gneE46" begin="53" end="53" number="1"/>
<flow id="car57" type="carType1" from="-gneE34" to="gneE48" begin="54" end="54" number="1"/>
<flow id="car58" type="carType0" from="bottomleftR" to="topleftD" begin="54" end="54" number="1"/>
<flow id="car59" type="carType0" from="gneE51" to="-gneE34" begin="55" end="55" number="1"/>
<flow id="car60" type="carType1" from="gneE37" to="topleftD" begin="56" end="56" number="1"/>
<flow id="car61" type="carType2" from="toprightD" to="topleftD" begin="56" end="56" number="1"/>
<flow id="car62" type="carType2" from="-gneE49" to="-gneE44" begin="59" end="59" number="1"/>
<flow id="car63" type="carType0" from="gneE42" to="gneE44" begin="60" end="60" number="1"/>
<flow id="car64" type="carType2" from="gneE45" to="gneE8" begin="62" end="62" number="1"/>
<flow id="car65" type="carType1" from="gneE8" to="-gneE43" begin="63" end="63" number="1"/>
<flow id="car66" type="carType1" from="gneE44" to="toprightL" begin="65" end="65" number="1"/>
<flow id="car67" type="carType0" from="-gneE28" to="gneE49" begin="66" end="66" number="1"/>
<flow id="car68" type="carType1" from="-gneE42" to="-gneE28" begin="67" end="67" number="1"/>
<flow id="car69" type="carType2" from="bottomrightU" to="gneE29" begin="68" end="68" number="1"/>
<flow id="car70" type="carType1" from="bottomleftR" to="-gneE42" begin="69" end="69" number="1"/>
<flow id="car71" type="carType2" from="-gneE34" to="-gneE8" begin="70" end="70" number="1"/>
<flow id="car72" type="carType0" from="gneE51" to="bottomrightU" begin="71" end="71" number="1"/>
<flow id="car73" type="carType2" from="gneE49" to="toprightL" begin="74" end="74" number="1"/>
<flow id="car74" type="carType0" from="gneE18" to="-gneE42" begin="76" end="76" number="1"/>
<flow id="car75" type="carType2" from="bottomleftU" to="toprightL" begin="76" end="76" number="1"/>
<flow id="car76" type="carType0" from="gneE42" to="gneE30" begin="76" end="76" number="1"/>
<flow id="car77" type="carType0" from="gneE35" to="-gneE42" begin="79" end="79" number="1"/>
<flow id="car78" type="carType0" from="gneE29" to="gneE37" begin="79" end="79" number="1"/>
<flow id="car79" type="carType1" from="gneE44" to="-gneE27" begin="80" end="80" number="1"/>
<flow id="car80" type="carType2" from="gneE9" to="-gneE29" begin="81" end="81" number="1"/>
<flow id="car81" type="carType0" from="-gneE8" to="-gneE7" begin="82" end="82" number="1"/>
<flow id="car82" type="carType0" from="gneE28" to="-gneE7" begin="83" end="83" number="1"/>
<flow id="car83" type="carType0" from="-gneE51" to="-gneE49" begin="83" end="83" number="1"/>
<flow id="car84" type="carType0" from="-gneE43" to="gneE35" begin="84" end="84" number="1"/>
<flow id="car85" type="carType2" from="-gneE50" to="bottomleftR" begin="85" end="85" number="1"/>
<flow id="car86" type="carType2" from="toprightD" to="-gneE29" begin="86" end="86" number="1"/>
<flow id="car87" type="carType2" from="-gneE37" to="gneE51" begin="87" end="87" number="1"/>
<flow id="car88" type="carType0" from="toprightD" to="topleftR" begin="88" end="88" number="1"/>
<flow id="car89" type="carType0" from="toprightL" to="bottomrightL" begin="90" end="90" number="1"/>
<flow id="car90" type="carType0" from="gneE45" to="gneE8" begin="90" end="90" number="1"/>
<flow id="car91" type="carType2" from="gneE50" to="-gneE43" begin="91" end="91" number="1"/>
<flow id="car92" type="carType2" from="bottomleftU" to="gneE37" begin="93" end="93" number="1"/>
<flow id="car93" type="carType0" from="gneE46" to="gneE28" begin="93" end="93" number="1"/>
<flow id="car94" type="carType0" from="-gneE37" to="-gneE18" begin="94" end="94" number="1"/>
<flow id="car95" type="carType0" from="-gneE8" to="gneE30" begin="95" end="95" number="1"/>
<flow id="car96" type="carType2" from="gneE44" to="-gneE8" begin="95" end="95" number="1"/>
<flow id="car97" type="carType2" from="-gneE51" to="-gneE51" begin="97" end="97" number="1"/>
<flow id="car98" type="carType2" from="gneE29" to="toprightL" begin="97" end="97" number="1"/>
<flow id="car99" type="carType2" from="gneE49" to="-gneE45" begin="99" end="99" number="1"/>
<flow id="car100" type="carType0" from="bottomleftR" to="gneE50" begin="100" end="100" number="1"/>
<flow id="car101" type="carType0" from="-gneE28" to="-gneE8" begin="101" end="101" number="1"/>
<flow id="car102" type="carType1" from="gneE34" to="-gneE33" begin="101" end="101" number="1"/>
<flow id="car103" type="carType2" from="-gneE27" to="gneE49" begin="103" end="103" number="1"/>
<flow id="car104" type="carType2" from="gneE34" to="bottomrightU" begin="103" end="103" number="1"/>
<flow id="car105" type="carType2" from="-gneE42" to="-gneE8" begin="104" end="104" number="1"/>
<flow id="car106" type="carType1" from="-gneE21" to="gneE29" begin="104" end="104" number="1"/>
<flow id="car107" type="carType1" from="gneE44" to="gneE34" begin="107" end="107" number="1"/>
<flow id="car108" type="carType0" from="-gneE37" to="-gneE49" begin="107" end="107" number="1"/>
<flow id="car109" type="carType2" from="-gneE51" to="toprightL" begin="108" end="108" number="1"/>
<flow id="car110" type="carType2" from="-gneE37" to="bottomrightL" begin="109" end="109" number="1"/>
<flow id="car111" type="carType2" from="gneE27" to="-gneE28" begin="110" end="110" number="1"/>
<flow id="car112" type="carType0" from="gneE21" to="gneE49" begin="110" end="110" number="1"/>
<flow id="car113" type="carType1" from="bottomrightU" to="gneE48" begin="113" end="113" number="1"/>
<flow id="car114" type="carType0" from="-gneE8" to="gneE28" begin="114" end="114" number="1"/>
<flow id="car115" type="carType1" from="-gneE48" to="gneE21" begin="114" end="114" number="1"/>
<flow id="car116" type="carType1" from="-gneE43" to="gneE30" begin="114" end="114" number="1"/>
<flow id="car117" type="carType1" from="gneE34" to="gneE46" begin="116" end="116" number="1"/>
<flow id="car118" type="carType1" from="gneE45" to="gneE44" begin="117" end="117" number="1"/>
<flow id="car119" type="carType1" from="-gneE21" to="gneE21" begin="117" end="117" number="1"/>
<flow id="car120" type="carType1" from="-gneE48" to="-gneE7" begin="121" end="121" number="1"/>
<flow id="car121" type="carType0" from="-gneE49" to="bottomleftR" begin="121" end="121" number="1"/>
<flow id="car122" type="carType1" from="gneE8" to="gneE8" begin="122" end="122" number="1"/>
<flow id="car123" type="carType2" from="bottomleftU" to="topleftR" begin="123" end="123" number="1"/>
<flow id="car124" type="carType0" from="gneE48" to="gneE29" begin="123" end="123" number="1"/>
<flow id="car125" type="carType1" from="gneE35" to="-gneE27" begin="125" end="125" number="1"/>
<flow id="car126" type="carType0" from="gneE45" to="gneE46" begin="125" end="125" number="1"/>
<flow id="car127" type="carType2" from="gneE42" to="-gneE50" begin="127" end="127" number="1"/>
<flow id="car128" type="carType1" from="gneE50" to="-gneE33" begin="127" end="127" number="1"/>
<flow id="car129" type="carType1" from="-gneE51" to="topleftR" begin="127" end="127" number="1"/>
<flow id="car130" type="carType0" from="-gneE8" to="-gneE45" begin="128" end="128" number="1"/>
<flow id="car131" type="carType2" from="gneE18" to="gneE43" begin="130" end="130" number="1"/>
<flow id="car132" type="carType1" from="gneE44" to="-gneE42" begin="131" end="131" number="1"/>
<flow id="car133" type="carType2" from="-gneE48" to="topleftR" begin="132" end="132" number="1"/>
<flow id="car134" type="carType0" from="-gneE28" to="gneE30" begin="134" end="134" number="1"/>
<flow id="car135" type="carType1" from="gneE37" to="topleftR" begin="134" end="134" number="1"/>
<flow id="car136" type="carType0" from="topleftD" to="gneE50" begin="136" end="136" number="1"/>
<flow id="car137" type="carType0" from="gneE50" to="bottomrightL" begin="136" end="136" number="1"/>
<flow id="car138" type="carType2" from="-gneE27" to="gneE30" begin="137" end="137" number="1"/>
<flow id="car139" type="carType1" from="-gneE8" to="-gneE7" begin="139" end="139" number="1"/>
<flow id="car140" type="carType2" from="gneE48" to="-gneE21" begin="140" end="140" number="1"/>
<flow id="car141" type="carType2" from="gneE30" to="-gneE33" begin="141" end="141" number="1"/>
<flow id="car142" type="carType0" from="-gneE34" to="bottomrightU" begin="142" end="142" number="1"/>
<flow id="car143" type="carType2" from="gneE30" to="gneE49" begin="143" end="143" number="1"/>
<flow id="car144" type="carType1" from="gneE35" to="bottomleftU" begin="145" end="145" number="1"/>
<flow id="car145" type="carType0" from="gneE8" to="-gneE21" begin="145" end="145" number="1"/>
<flow id="car146" type="carType0" from="topleftD" to="-gneE51" begin="145" end="145" number="1"/>
<flow id="car147" type="carType0" from="-gneE34" to="bottomrightL" begin="145" end="145" number="1"/>
<flow id="car148" type="carType2" from="gneE8" to="gneE21" begin="145" end="145" number="1"/>
<flow id="car149" type="carType2" from="-gneE28" to="gneE43" begin="146" end="146" number="1"/>
<flow id="car150" type="carType1" from="toprightD" to="-gneE48" begin="148" end="148" number="1"/>
<flow id="car151" type="carType2" from="-gneE44" to="-gneE27" begin="149" end="149" number="1"/>
<flow id="car152" type="carType1" from="-gneE34" to="-gneE48" begin="149" end="149" number="1"/>
<flow id="car153" type="carType1" from="gneE43" to="gneE37" begin="152" end="152" number="1"/>
<flow id="car154" type="carType1" from="toprightD" to="gneE45" begin="153" end="153" number="1"/>
<flow id="car155" type="carType2" from="-gneE37" to="-gneE45" begin="153" end="153" number="1"/>
<flow id="car156" type="carType2" from="gneE43" to="gneE44" begin="154" end="154" number="1"/>
<flow id="car157" type="carType2" from="-gneE42" to="-gneE49" begin="155" end="155" number="1"/>
<flow id="car158" type="carType2" from="gneE30" to="toprightL" begin="155" end="155" number="1"/>
<flow id="car159" type="carType1" from="-gneE27" to="toprightL" begin="156" end="156" number="1"/>
<flow id="car160" type="carType0" from="-gneE13" to="-gneE37" begin="160" end="160" number="1"/>
<flow id="car161" type="carType1" from="gneE18" to="gneE18" begin="162" end="162" number="1"/>
<flow id="car162" type="carType1" from="toprightD" to="-gneE49" begin="163" end="163" number="1"/>
<flow id="car163" type="carType2" from="gneE9" to="-gneE50" begin="163" end="163" number="1"/>
<flow id="car164" type="carType0" from="-gneE21" to="gneE45" begin="163" end="163" number="1"/>
<flow id="car165" type="carType2" from="-gneE33" to="-gneE44" begin="163" end="163" number="1"/>
<flow id="car166" type="carType2" from="-gneE43" to="-gneE42" begin="163" end="163" number="1"/>
<flow id="car167" type="carType2" from="gneE30" to="bottomrightU" begin="164" end="164" number="1"/>
<flow id="car168" type="carType0" from="gneE21" to="topleftR" begin="165" end="165" number="1"/>
<flow id="car169" type="carType0" from="-gneE21" to="gneE30" begin="166" end="166" number="1"/>
<flow id="car170" type="carType1" from="gneE51" to="-gneE13" begin="167" end="167" number="1"/>
<flow id="car171" type="carType0" from="-gneE27" to="bottomrightL" begin="168" end="168" number="1"/>
<flow id="car172" type="carType2" from="gneE34" to="bottomleftU" begin="169" end="169" number="1"/>
<flow id="car173" type="carType1" from="gneE30" to="-gneE33" begin="169" end="169" number="1"/>
<flow id="car174" type="carType2" from="-gneE50" to="-gneE37" begin="170" end="170" number="1"/>
<flow id="car175" type="carType1" from="bottomleftR" to="gneE50" begin="171" end="171" number="1"/>
<flow id="car176" type="carType0" from="-gneE42" to="-gneE29" begin="173" end="173" number="1"/>
<flow id="car177" type="carType1" from="gneE42" to="gneE44" begin="174" end="174" number="1"/>
<flow id="car178" type="carType1" from="gneE49" to="gneE35" begin="175" end="175" number="1"/>
<flow id="car179" type="carType1" from="gneE28" to="-gneE48" begin="175" end="175" number="1"/>
<flow id="car180" type="carType1" from="bottomrightU" to="gneE50" begin="177" end="177" number="1"/>
<flow id="car181" type="carType0" from="gneE9" to="gneE29" begin="179" end="179" number="1"/>
<flow id="car182" type="carType2" from="gneE21" to="gneE30" begin="179" end="179" number="1"/>
<flow id="car183" type="carType1" from="-gneE49" to="topleftR" begin="179" end="179" number="1"/>
<flow id="car184" type="carType1" from="bottomleftU" to="topleftD" begin="182" end="182" number="1"/>
<flow id="car185" type="carType1" from="-gneE45" to="topleftR" begin="183" end="183" number="1"/>
<flow id="car186" type="carType1" from="-gneE33" to="gneE34" begin="185" end="185" number="1"/>
<flow id="car187" type="carType0" from="-gneE13" to="bottomrightL" begin="188" end="188" number="1"/>
<flow id="car188" type="carType2" from="gneE46" to="gneE50" begin="191" end="191" number="1"/>
<flow id="car189" type="carType0" from="gneE22" to="-gneE13" begin="191" end="191" number="1"/>
<flow id="car190" type="carType0" from="-gneE33" to="-gneE33" begin="191" end="191" number="1"/>
<flow id="car191" type="carType0" from="-gneE33" to="gneE8" begin="191" end="191" number="1"/>
<flow id="car192" type="carType1" from="gneE27" to="toprightL" begin="192" end="192" number="1"/>
<flow id="car193" type="carType1" from="toprightD" to="-gneE51" begin="194" end="194" number="1"/>
<flow id="car194" type="carType1" from="gneE22" to="-gneE13" begin="197" end="197" number="1"/>
<flow id="car195" type="carType1" from="gneE43" to="gneE29" begin="198" end="198" number="1"/>
<flow id="car196" type="carType2" from="gneE9" to="gneE37" begin="198" end="198" number="1"/>
<flow id="car197" type="carType1" from="topleftR" to="gneE29" begin="198" end="198" number="1"/>
<flow id="car198" type="carType0" from="gneE18" to="gneE48" begin="198" end="198" number="1"/>
<flow id="car199" type="carType1" from="topleftR" to="-gneE48" begin="199" end="199" number="1"/>
</routes>
