<routes>
<vType id="carType0" length="7" maxSpeed="51.44" accel="2.77" decel="4.6" speedDev="0.2" sigma="0.23"/>
<vType id="carType1" length="9" maxSpeed="49.58" accel="2.39" decel="4.64" speedDev="0.2" sigma="0.18"/>
<vType id="carType2" length="8" maxSpeed="43.83" accel="2.84" decel="5.21" speedDev="0.2" sigma="0.23"/>
<flow id="car0" type="carType2" from="gneE37" to="-gneE33" begin="1" end="1" number="1"/>
<flow id="car1" type="carType0" from="gneE8" to="bottomrightU" begin="1" end="1" number="1"/>
<flow id="car2" type="carType1" from="topleftD" to="bottomleftR" begin="1" end="1" number="1"/>
<flow id="car3" type="carType1" from="gneE48" to="bottomrightL" begin="2" end="2" number="1"/>
<flow id="car4" type="carType2" from="gneE29" to="-gneE42" begin="3" end="3" number="1"/>
<flow id="car5" type="carType0" from="gneE42" to="-gneE37" begin="3" end="3" number="1"/>
<flow id="car6" type="carType0" from="-gneE21" to="topleftD" begin="3" end="3" number="1"/>
<flow id="car7" type="carType2" from="-gneE37" to="gneE21" begin="4" end="4" number="1"/>
<flow id="car8" type="carType0" from="-gneE29" to="gneE27" begin="4" end="4" number="1"/>
<flow id="car9" type="carType0" from="-gneE7" to="-gneE45" begin="4" end="4" number="1"/>
<flow id="car10" type="carType2" from="bottomleftR" to="-gneE44" begin="5" end="5" number="1"/>
<flow id="car11" type="carType2" from="gneE43" to="gneE29" begin="9" end="9" number="1"/>
<flow id="car12" type="carType0" from="toprightD" to="bottomleftU" begin="10" end="10" number="1"/>
<flow id="car13" type="carType2" from="-gneE28" to="-gneE48" begin="10" end="10" number="1"/>
<flow id="car14" type="carType1" from="gneE51" to="gneE29" begin="12" end="12" number="1"/>
<flow id="car15" type="carType1" from="-gneE34" to="gneE43" begin="12" end="12" number="1"/>
<flow id="car16" type="carType1" from="gneE22" to="-gneE7" begin="12" end="12" number="1"/>
<flow id="car17" type="carType1" from="-gneE48" to="gneE51" begin="13" end="13" number="1"/>
<flow id="car18" type="carType1" from="-gneE18" to="gneE43" begin="14" end="14" number="1"/>
<flow id="car19" type="carType0" from="bottomrightL" to="gneE28" begin="14" end="14" number="1"/>
<flow id="car20" type="carType0" from="bottomleftR" to="toprightL" begin="15" end="15" number="1"/>
<flow id="car21" type="carType2" from="-gneE42" to="gneE45" begin="16" end="16" number="1"/>
<flow id="car22" type="carType1" from="-gneE8" to="-gneE48" begin="17" end="17" number="1"/>
<flow id="car23" type="carType2" from="gneE8" to="gneE35" begin="18" end="18" number="1"/>
<flow id="car24" type="carType0" from="gneE43" to="-gneE51" begin="19" end="19" number="1"/>
<flow id="car25" type="carType1" from="gneE43" to="gneE50" begin="19" end="19" number="1"/>
<flow id="car26" type="carType1" from="-gneE27" to="-gneE27" begin="19" end="19" number="1"/>
<flow id="car27" type="carType0" from="-gneE44" to="-gneE28" begin="21" end="21" number="1"/>
<flow id="car28" type="carType1" from="gneE9" to="gneE22" begin="22" end="22" number="1"/>
<flow id="car29" type="carType0" from="gneE34" to="gneE37" begin="23" end="23" number="1"/>
<flow id="car30" type="carType1" from="gneE35" to="-gneE33" begin="25" end="25" number="1"/>
<flow id="car31" type="carType2" from="gneE50" to="bottomleftR" begin="26" end="26" number="1"/>
<flow id="car32" type="carType1" from="gneE21" to="-gneE44" begin="27" end="27" number="1"/>
<flow id="car33" type="carType1" from="gneE51" to="-gneE45" begin="29" end="29" number="1"/>
<flow id="car34" type="carType1" from="gneE21" to="-gneE37" begin="30" end="30" number="1"/>
<flow id="car35" type="carType1" from="gneE34" to="-gneE42" begin="31" end="31" number="1"/>
<flow id="car36" type="carType2" from="gneE44" to="-gneE8" begin="31" end="31" number="1"/>
<flow id="car37" type="carType2" from="-gneE43" to="-gneE50" begin="31" end="31" number="1"/>
<flow id="car38" type="carType0" from="-gneE33" to="gneE29" begin="33" end="33" number="1"/>
<flow id="car39" type="carType2" from="-gneE34" to="-gneE29" begin="33" end="33" number="1"/>
<flow id="car40" type="carType0" from="-gneE49" to="-gneE34" begin="34" end="34" number="1"/>
<flow id="car41" type="carType2" from="gneE27" to="gneE45" begin="34" end="34" number="1"/>
<flow id="car42" type="carType0" from="gneE42" to="gneE18" begin="36" end="36" number="1"/>
<flow id="car43" type="carType2" from="gneE8" to="-gneE7" begin="39" end="39" number="1"/>
<flow id="car44" type="carType0" from="gneE9" to="-gneE27" begin="40" end="40" number="1"/>
<flow id="car45" type="carType1" from="gneE46" to="-gneE43" begin="43" end="43" number="1"/>
<flow id="car46" type="carType0" from="gneE21" to="gneE30" begin="44" end="44" number="1"/>
<flow id="car47" type="carType1" from="toprightL" to="-gneE50" begin="45" end="45" number="1"/>
<flow id="car48" type="carType2" from="gneE28" to="gneE18" begin="46" end="46" number="1"/>
<flow id="car49" type="carType0" from="-gneE48" to="-gneE27" begin="47" end="47" number="1"/>
<flow id="car50" type="carType2" from="gneE28" to="-gneE7" begin="48" end="48" number="1"/>
<flow id="car51" type="carType2" from="topleftD" to="-gneE34" begin="48" end="48" number="1"/>
<flow id="car52" type="carType2" from="-gneE42" to="gneE30" begin="49" end="49" number="1"/>
<flow id="car53" type="carType2" from="-gneE33" to="-gneE49" begin="51" end="51" number="1"/>
<flow id="car54" type="carType2" from="-gneE42" to="-gneE43" begin="52" end="52" number="1"/>
<flow id="car55" type="carType0" from="gneE21" to="-gneE49" begin="53" end="53" number="1"/>
<flow id="car56" type="carType1" from="toprightL" to="bottomrightU" begin="54" end="54" number="1"/>
<flow id="car57" type="carType2" from="gneE30" to="gneE50" begin="55" end="55" number="1"/>
<flow id="car58" type="carType1" from="bottomrightU" to="gneE28" begin="57" end="57" number="1"/>
<flow id="car59" type="carType2" from="bottomleftU" to="gneE18" begin="58" end="58" number="1"/>
<flow id="car60" type="carType2" from="gneE45" to="-gneE37" begin="60" end="60" number="1"/>
<flow id="car61" type="carType1" from="gneE18" to="-gneE18" begin="61" end="61" number="1"/>
<flow id="car62" type="carType0" from="gneE44" to="gneE37" begin="61" end="61" number="1"/>
<flow id="car63" type="carType2" from="-gneE18" to="gneE42" begin="63" end="63" number="1"/>
<flow id="car64" type="carType1" from="-gneE29" to="gneE45" begin="63" end="63" number="1"/>
<flow id="car65" type="carType1" from="gneE45" to="bottomleftU" begin="66" end="66" number="1"/>
<flow id="car66" type="carType2" from="-gneE18" to="-gneE8" begin="67" end="67" number="1"/>
<flow id="car67" type="carType2" from="-gneE27" to="topleftD" begin="67" end="67" number="1"/>
<flow id="car68" type="carType1" from="gneE28" to="gneE29" begin="67" end="67" number="1"/>
<flow id="car69" type="carType2" from="gneE22" to="gneE48" begin="67" end="67" number="1"/>
<flow id="car70" type="carType2" from="bottomleftU" to="-gneE29" begin="67" end="67" number="1"/>
<flow id="car71" type="carType2" from="gneE49" to="gneE45" begin="69" end="69" number="1"/>
<flow id="car72" type="carType2" from="gneE42" to="-gneE29" begin="70" end="70" number="1"/>
<flow id="car73" type="carType0" from="-gneE37" to="toprightD" begin="70" end="70" number="1"/>
<flow id="car74" type="carType2" from="-gneE8" to="-gneE45" begin="71" end="71" number="1"/>
<flow id="car75" type="carType2" from="gneE45" to="toprightL" begin="72" end="72" number="1"/>
<flow id="car76" type="carType2" from="gneE46" to="bottomrightU" begin="72" end="72" number="1"/>
<flow id="car77" type="carType1" from="gneE37" to="gneE8" begin="72" end="72" number="1"/>
<flow id="car78" type="carType0" from="gneE50" to="gneE44" begin="73" end="73" number="1"/>
<flow id="car79" type="carType0" from="-gneE28" to="gneE30" begin="73" end="73" number="1"/>
<flow id="car80" type="carType2" from="gneE9" to="-gneE7" begin="75" end="75" number="1"/>
<flow id="car81" type="carType1" from="-gneE45" to="-gneE21" begin="76" end="76" number="1"/>
<flow id="car82" type="carType1" from="bottomrightL" to="-gneE13" begin="76" end="76" number="1"/>
<flow id="car83" type="carType1" from="gneE9" to="gneE30" begin="76" end="76" number="1"/>
<flow id="car84" type="carType1" from="gneE49" to="gneE18" begin="77" end="77" number="1"/>
<flow id="car85" type="carType1" from="gneE49" to="gneE49" begin="79" end="79" number="1"/>
<flow id="car86" type="carType2" from="topleftR" to="-gneE42" begin="80" end="80" number="1"/>
<flow id="car87" type="carType2" from="gneE21" to="-gneE27" begin="81" end="81" number="1"/>
<flow id="car88" type="carType1" from="-gneE18" to="bottomrightL" begin="81" end="81" number="1"/>
<flow id="car89" type="carType2" from="-gneE21" to="-gneE43" begin="82" end="82" number="1"/>
<flow id="car90" type="carType0" from="gneE21" to="-gneE29" begin="82" end="82" number="1"/>
<flow id="car91" type="carType2" from="-gneE8" to="gneE49" begin="82" end="82" number="1"/>
<flow id="car92" type="carType1" from="-gneE45" to="-gneE8" begin="82" end="82" number="1"/>
<flow id="car93" type="carType1" from="-gneE8" to="-gneE33" begin="83" end="83" number="1"/>
<flow id="car94" type="carType0" from="-gneE7" to="-gneE45" begin="85" end="85" number="1"/>
<flow id="car95" type="carType1" from="-gneE29" to="gneE45" begin="85" end="85" number="1"/>
<flow id="car96" type="carType1" from="bottomrightL" to="gneE43" begin="85" end="85" number="1"/>
<flow id="car97" type="carType0" from="-gneE34" to="-gneE51" begin="85" end="85" number="1"/>
<flow id="car98" type="carType1" from="topleftD" to="gneE18" begin="86" end="86" number="1"/>
<flow id="car99" type="carType0" from="gneE9" to="toprightD" begin="87" end="87" number="1"/>
<flow id="car100" type="carType1" from="gneE35" to="-gneE42" begin="89" end="89" number="1"/>
<flow id="car101" type="carType2" from="-gneE44" to="gneE45" begin="90" end="90" number="1"/>
<flow id="car102" type="carType1" from="toprightL" to="-gneE33" begin="90" end="90" number="1"/>
<flow id="car103" type="carType1" from="gneE48" to="-gneE50" begin="91" end="91" number="1"/>
<flow id="car104" type="carType0" from="-gneE34" to="-gneE28" begin="91" end="91" number="1"/>
<flow id="car105" type="carType1" from="gneE48" to="gneE27" begin="91" end="91" number="1"/>
<flow id="car106" type="carType2" from="topleftD" to="gneE49" begin="92" end="92" number="1"/>
<flow id="car107" type="carType2" from="gneE8" to="topleftD" begin="93" end="93" number="1"/>
<flow id="car108" type="carType2" from="gneE49" to="-gneE34" begin="94" end="94" number="1"/>
<flow id="car109" type="carType2" from="-gneE13" to="gneE43" begin="94" end="94" number="1"/>
<flow id="car110" type="carType0" from="bottomrightU" to="-gneE48" begin="95" end="95" number="1"/>
<flow id="car111" type="carType1" from="-gneE8" to="-gneE45" begin="96" end="96" number="1"/>
<flow id="car112" type="carType1" from="-gneE37" to="gneE51" begin="98" end="98" number="1"/>
<flow id="car113" type="carType1" from="-gneE51" to="-gneE8" begin="100" end="100" number="1"/>
<flow id="car114" type="carType1" from="gneE42" to="bottomleftR" begin="102" end="102" number="1"/>
<flow id="car115" type="carType0" from="gneE22" to="-gneE34" begin="102" end="102" number="1"/>
<flow id="car116" type="carType1" from="gneE37" to="bottomleftU" begin="106" end="106" number="1"/>
<flow id="car117" type="carType1" from="-gneE13" to="-gneE7" begin="107" end="107" number="1"/>
<flow id="car118" type="carType1" from="toprightL" to="gneE44" begin="108" end="108" number="1"/>
<flow id="car119" type="carType1" from="gneE21" to="gneE29" begin="108" end="108" number="1"/>
<flow id="car120" type="carType1" from="gneE30" to="bottomleftR" begin="109" end="109" number="1"/>
<flow id="car121" type="carType2" from="gneE34" to="toprightD" begin="109" end="109" number="1"/>
<flow id="car122" type="carType1" from="gneE51" to="gneE44" begin="110" end="110" number="1"/>
<flow id="car123" type="carType1" from="gneE8" to="bottomleftU" begin="111" end="111" number="1"/>
<flow id="car124" type="carType1" from="-gneE7" to="toprightD" begin="111" end="111" number="1"/>
<flow id="car125" type="carType2" from="-gneE27" to="gneE46" begin="112" end="112" number="1"/>
<flow id="car126" type="carType0" from="-gneE18" to="topleftD" begin="113" end="113" number="1"/>
<flow id="car127" type="carType0" from="gneE42" to="gneE43" begin="116" end="116" number="1"/>
<flow id="car128" type="carType1" from="gneE45" to="gneE43" begin="116" end="116" number="1"/>
<flow id="car129" type="carType1" from="-gneE18" to="-gneE45" begin="116" end="116" number="1"/>
<flow id="car130" type="carType1" from="gneE50" to="-gneE45" begin="117" end="117" number="1"/>
<flow id="car131" type="carType0" from="bottomleftU" to="gneE43" begin="117" end="117" number="1"/>
<flow id="car132" type="carType1" from="gneE51" to="topleftR" begin="118" end="118" number="1"/>
<flow id="car133" type="carType1" from="-gneE28" to="gneE37" begin="119" end="119" number="1"/>
<flow id="car134" type="carType2" from="gneE35" to="gneE28" begin="122" end="122" number="1"/>
<flow id="car135" type="carType0" from="gneE49" to="gneE35" begin="125" end="125" number="1"/>
<flow id="car136" type="carType0" from="-gneE13" to="-gneE42" begin="128" end="128" number="1"/>
<flow id="car137" type="carType2" from="bottomrightU" to="gneE35" begin="128" end="128" number="1"/>
<flow id="car138" type="carType2" from="toprightD" to="gneE22" begin="128" end="128" number="1"/>
<flow id="car139" type="carType0" from="gneE50" to="gneE27" begin="128" end="128" number="1"/>
<flow id="car140" type="carType1" from="-gneE18" to="topleftR" begin="130" end="130" number="1"/>
<flow id="car141" type="carType0" from="gneE18" to="topleftD" begin="133" end="133" number="1"/>
<flow id="car142" type="carType1" from="gneE37" to="bottomrightL" begin="137" end="137" number="1"/>
<flow id="car143" type="carType2" from="-gneE34" to="gneE49" begin="137" end="137" number="1"/>
<flow id="car144" type="carType1" from="-gneE28" to="-gneE21" begin="137" end="137" number="1"/>
<flow id="car145" type="carType2" from="-gneE51" to="-gneE7" begin="137" end="137" number="1"/>
<flow id="car146" type="carType1" from="-gneE8" to="-gneE13" begin="137" end="137" number="1"/>
<flow id="car147" type="carType0" from="topleftD" to="-gneE13" begin="138" end="138" number="1"/>
<flow id="car148" type="carType0" from="-gneE42" to="-gneE18" begin="141" end="141" number="1"/>
<flow id="car149" type="carType0" from="-gneE21" to="gneE37" begin="142" end="142" number="1"/>
<flow id="car150" type="carType0" from="gneE45" to="topleftD" begin="142" end="142" number="1"/>
<flow id="car151" type="carType1" from="gneE8" to="-gneE48" begin="144" end="144" number="1"/>
<flow id="car152" type="carType2" from="gneE50" to="gneE21" begin="144" end="144" number="1"/>
<flow id="car153" type="carType0" from="gneE18" to="-gneE49" begin="144" end="144" number="1"/>
<flow id="car154" type="carType2" from="-gneE43" to="gneE22" begin="146" end="146" number="1"/>
<flow id="car155" type="carType1" from="gneE21" to="gneE30" begin="146" end="146" number="1"/>
<flow id="car156" type="carType0" from="-gneE13" to="gneE35" begin="147" end="147" number="1"/>
<flow id="car157" type="carType2" from="gneE8" to="-gneE45" begin="148" end="148" number="1"/>
<flow id="car158" type="carType2" from="gneE21" to="bottomrightL" begin="148" end="148" number="1"/>
<flow id="car159" type="carType1" from="-gneE45" to="gneE27" begin="148" end="148" number="1"/>
<flow id="car160" type="carType2" from="-gneE42" to="gneE50" begin="148" end="148" number="1"/>
<flow id="car161" type="carType2" from="topleftR" to="-gneE18" begin="150" end="150" number="1"/>
<flow id="car162" type="carType1" from="-gneE27" to="gneE44" begin="150" end="150" number="1"/>
<flow id="car163" type="carType2" from="topleftD" to="gneE21" begin="153" end="153" number="1"/>
<flow id="car164" type="carType1" from="-gneE45" to="gneE42" begin="153" end="153" number="1"/>
<flow id="car165" type="carType2" from="gneE27" to="-gneE44" begin="153" end="153" number="1"/>
<flow id="car166" type="carType0" from="-gneE34" to="gneE9" begin="157" end="157" number="1"/>
<flow id="car167" type="carType1" from="-gneE27" to="-gneE33" begin="158" end="158" number="1"/>
<flow id="car168" type="carType1" from="bottomleftU" to="-gneE27" begin="158" end="158" number="1"/>
<flow id="car169" type="carType0" from="bottomrightL" to="-gneE43" begin="160" end="160" number="1"/>
<flow id="car170" type="carType1" from="-gneE49" to="gneE34" begin="161" end="161" number="1"/>
<flow id="car171" type="carType0" from="gneE43" to="bottomleftR" begin="161" end="161" number="1"/>
<flow id="car172" type="carType2" from="gneE22" to="gneE9" begin="162" end="162" number="1"/>
<flow id="car173" type="carType0" from="toprightL" to="gneE51" begin="166" end="166" number="1"/>
<flow id="car174" type="carType1" from="-gneE28" to="gneE9" begin="168" end="168" number="1"/>
<flow id="car175" type="carType0" from="-gneE51" to="gneE42" begin="168" end="168" number="1"/>
<flow id="car176" type="carType0" from="bottomrightL" to="gneE51" begin="169" end="169" number="1"/>
<flow id="car177" type="carType1" from="-gneE13" to="-gneE51" begin="174" end="174" number="1"/>
<flow id="car178" type="carType0" from="gneE50" to="gneE48" begin="175" end="175" number="1"/>
<flow id="car179" type="carType1" from="-gneE29" to="-gneE48" begin="175" end="175" number="1"/>
<flow id="car180" type="carType1" from="bottomrightU" to="-gneE51" begin="176" end="176" number="1"/>
<flow id="car181" type="carType1" from="gneE18" to="topleftR" begin="176" end="176" number="1"/>
<flow id="car182" type="carType1" from="gneE22" to="-gneE44" begin="176" end="176" number="1"/>
<flow id="car183" type="carType0" from="gneE45" to="gneE22" begin="178" end="178" number="1"/>
<flow id="car184" type="carType2" from="gneE28" to="-gneE48" begin="181" end="181" number="1"/>
<flow id="car185" type="carType0" from="bottomleftR" to="gneE18" begin="181" end="181" number="1"/>
<flow id="car186" type="carType0" from="-gneE50" to="gneE18" begin="181" end="181" number="1"/>
<flow id="car187" type="carType2" from="gneE48" to="-gneE50" begin="184" end="184" number="1"/>
<flow id="car188" type="carType2" from="-gneE45" to="gneE50" begin="184" end="184" number="1"/>
<flow id="car189" type="carType2" from="gneE34" to="gneE43" begin="184" end="184" number="1"/>
<flow id="car190" type="carType2" from="-gneE29" to="-gneE49" begin="187" end="187" number="1"/>
<flow id="car191" type="carType0" from="gneE35" to="-gneE28" begin="187" end="187" number="1"/>
<flow id="car192" type="carType0" from="gneE21" to="gneE44" begin="188" end="188" number="1"/>
<flow id="car193" type="carType0" from="toprightD" to="-gneE45" begin="189" end="189" number="1"/>
<flow id="car194" type="carType0" from="-gneE7" to="gneE27" begin="194" end="194" number="1"/>
<flow id="car195" type="carType2" from="gneE48" to="gneE21" begin="194" end="194" number="1"/>
<flow id="car196" type="carType1" from="-gneE7" to="gneE30" begin="194" end="194" number="1"/>
<flow id="car197" type="carType0" from="bottomrightL" to="bottomleftU" begin="195" end="195" number="1"/>
<flow id="car198" type="carType0" from="gneE42" to="-gneE37" begin="196" end="196" number="1"/>
<flow id="car199" type="carType1" from="gneE30" to="gneE48" begin="197" end="197" number="1"/>
</routes>
