<routes>
<vType id="carType0" length="6" maxSpeed="49.86" accel="2.48" decel="5.64" speedDev="0.2" sigma="0.26"/>
<vType id="carType1" length="7" maxSpeed="59.85" accel="2.3" decel="4.56" speedDev="0.2" sigma="0.16"/>
<vType id="carType2" length="3" maxSpeed="40.29" accel="2.12" decel="5.49" speedDev="0.2" sigma="0.19"/>
<flow id="car0" type="carType1" from="gneE48" to="-gneE48" begin="0" end="0" number="1"/>
<flow id="car1" type="carType1" from="gneE30" to="-gneE34" begin="0" end="0" number="1"/>
<flow id="car2" type="carType0" from="-gneE49" to="bottomrightL" begin="1" end="1" number="1"/>
<flow id="car3" type="carType2" from="-gneE49" to="bottomrightU" begin="3" end="3" number="1"/>
<flow id="car4" type="carType2" from="topleftR" to="bottomleftU" begin="3" end="3" number="1"/>
<flow id="car5" type="carType0" from="-gneE8" to="bottomrightU" begin="4" end="4" number="1"/>
<flow id="car6" type="carType1" from="-gneE13" to="gneE49" begin="4" end="4" number="1"/>
<flow id="car7" type="carType2" from="gneE34" to="gneE8" begin="5" end="5" number="1"/>
<flow id="car8" type="carType0" from="topleftD" to="bottomleftR" begin="8" end="8" number="1"/>
<flow id="car9" type="carType2" from="gneE37" to="gneE18" begin="8" end="8" number="1"/>
<flow id="car10" type="carType2" from="gneE18" to="gneE30" begin="8" end="8" number="1"/>
<flow id="car11" type="carType0" from="bottomleftU" to="-gneE13" begin="9" end="9" number="1"/>
<flow id="car12" type="carType1" from="gneE46" to="-gneE33" begin="12" end="12" number="1"/>
<flow id="car13" type="carType0" from="-gneE50" to="-gneE42" begin="12" end="12" number="1"/>
<flow id="car14" type="carType2" from="-gneE49" to="gneE50" begin="12" end="12" number="1"/>
<flow id="car15" type="carType2" from="-gneE27" to="gneE18" begin="15" end="15" number="1"/>
<flow id="car16" type="carType2" from="-gneE21" to="gneE8" begin="17" end="17" number="1"/>
<flow id="car17" type="carType2" from="-gneE21" to="-gneE42" begin="18" end="18" number="1"/>
<flow id="car18" type="carType0" from="gneE18" to="-gneE34" begin="19" end="19" number="1"/>
<flow id="car19" type="carType1" from="gneE48" to="-gneE7" begin="21" end="21" number="1"/>
<flow id="car20" type="carType2" from="bottomleftR" to="-gneE37" begin="21" end="21" number="1"/>
<flow id="car21" type="carType2" from="gneE42" to="-gneE27" begin="22" end="22" number="1"/>
<flow id="car22" type="carType1" from="gneE37" to="bottomleftU" begin="22" end="22" number="1"/>
<flow id="car23" type="carType1" from="topleftD" to="-gneE33" begin="23" end="23" number="1"/>
<flow id="car24" type="carType0" from="-gneE48" to="gneE30" begin="26" end="26" number="1"/>
<flow id="car25" type="carType2" from="gneE18" to="bottomrightL" begin="28" end="28" number="1"/>
<flow id="car26" type="carType0" from="gneE28" to="toprightL" begin="28" end="28" number="1"/>
<flow id="car27" type="carType1" from="-gneE18" to="-gneE42" begin="28" end="28" number="1"/>
<flow id="car28" type="carType1" from="gneE50" to="gneE18" begin="30" end="30" number="1"/>
<flow id="car29" type="carType2" from="gneE48" to="gneE21" begin="30" end="30" number="1"/>
<flow id="car30" type="carType2" from="-gneE18" to="gneE37" begin="30" end="30" number="1"/>
<flow id="car31" type="carType1" from="-gneE48" to="-gneE44" begin="31" end="31" number="1"/>
<flow id="car32" type="carType2" from="gneE21" to="-gneE18" begin="31" end="31" number="1"/>
<flow id="car33" type="carType1" from="gneE18" to="bottomleftU" begin="31" end="31" number="1"/>
<flow id="car34" type="carType0" from="-gneE43" to="bottomleftU" begin="34" end="34" number="1"/>
<flow id="car35" type="carType2" from="bottomleftU" to="topleftR" begin="36" end="36" number="1"/>
<flow id="car36" type="carType2" from="gneE22" to="-gneE7" begin="38" end="38" number="1"/>
<flow id="car37" type="carType1" from="gneE34" to="-gneE45" begin="39" end="39" number="1"/>
<flow id="car38" type="carType2" from="bottomleftU" to="-gneE51" begin="41" end="41" number="1"/>
<flow id="car39" type="carType0" from="-gneE42" to="gneE51" begin="43" end="43" number="1"/>
<flow id="car40" type="carType1" from="gneE43" to="-gneE51" begin="44" end="44" number="1"/>
<flow id="car41" type="carType2" from="-gneE13" to="gneE51" begin="44" end="44" number="1"/>
<flow id="car42" type="carType2" from="gneE8" to="gneE22" begin="45" end="45" number="1"/>
<flow id="car43" type="carType1" from="gneE18" to="gneE18" begin="46" end="46" number="1"/>
<flow id="car44" type="carType2" from="bottomleftU" to="gneE42" begin="48" end="48" number="1"/>
<flow id="car45" type="carType2" from="gneE8" to="-gneE29" begin="49" end="49" number="1"/>
<flow id="car46" type="carType1" from="gneE35" to="gneE27" begin="49" end="49" number="1"/>
<flow id="car47" type="carType2" from="-gneE29" to="gneE35" begin="49" end="49" number="1"/>
<flow id="car48" type="carType1" from="toprightL" to="-gneE50" begin="50" end="50" number="1"/>
<flow id="car49" type="carType2" from="-gneE42" to="gneE8" begin="51" end="51" number="1"/>
<flow id="car50" type="carType2" from="gneE51" to="gneE8" begin="51" end="51" number="1"/>
<flow id="car51" type="carType2" from="toprightD" to="gneE29" begin="52" end="52" number="1"/>
<flow id="car52" type="carType2" from="topleftD" to="-gneE45" begin="54" end="54" number="1"/>
<flow id="car53" type="carType0" from="-gneE21" to="gneE27" begin="54" end="54" number="1"/>
<flow id="car54" type="carType1" from="gneE44" to="toprightD" begin="54" end="54" number="1"/>
<flow id="car55" type="carType2" from="-gneE18" to="gneE50" begin="55" end="55" number="1"/>
<flow id="car56" type="carType1" from="toprightL" to="-gneE48" begin="56" end="56" number="1"/>
<flow id="car57" type="carType2" from="-gneE50" to="gneE29" begin="58" end="58" number="1"/>
<flow id="car58" type="carType0" from="-gneE44" to="gneE51" begin="61" end="61" number="1"/>
<flow id="car59" type="carType1" from="gneE49" to="-gneE18" begin="62" end="62" number="1"/>
<flow id="car60" type="carType2" from="-gneE43" to="gneE22" begin="63" end="63" number="1"/>
<flow id="car61" type="carType0" from="-gneE34" to="gneE8" begin="65" end="65" number="1"/>
<flow id="car62" type="carType2" from="gneE42" to="-gneE21" begin="65" end="65" number="1"/>
<flow id="car63" type="carType2" from="-gneE45" to="gneE22" begin="65" end="65" number="1"/>
<flow id="car64" type="carType2" from="-gneE48" to="gneE27" begin="66" end="66" number="1"/>
<flow id="car65" type="carType0" from="gneE21" to="-gneE51" begin="66" end="66" number="1"/>
<flow id="car66" type="carType0" from="-gneE42" to="-gneE21" begin="67" end="67" number="1"/>
<flow id="car67" type="carType0" from="topleftR" to="-gneE37" begin="68" end="68" number="1"/>
<flow id="car68" type="carType1" from="gneE48" to="gneE35" begin="68" end="68" number="1"/>
<flow id="car69" type="carType0" from="gneE28" to="-gneE21" begin="70" end="70" number="1"/>
<flow id="car70" type="carType1" from="-gneE43" to="-gneE27" begin="70" end="70" number="1"/>
<flow id="car71" type="carType1" from="gneE30" to="bottomleftU" begin="72" end="72" number="1"/>
<flow id="car72" type="carType1" from="bottomrightU" to="gneE42" begin="73" end="73" number="1"/>
<flow id="car73" type="carType2" from="gneE30" to="gneE44" begin="75" end="75" number="1"/>
<flow id="car74" type="carType2" from="bottomrightL" to="topleftR" begin="75" end="75" number="1"/>
<flow id="car75" type="carType0" from="gneE30" to="-gneE44" begin="76" end="76" number="1"/>
<flow id="car76" type="carType1" from="-gneE13" to="toprightL" begin="79" end="79" number="1"/>
<flow id="car77" type="carType2" from="gneE30" to="gneE27" begin="80" end="80" number="1"/>
<flow id="car78" type="carType2" from="-gneE43" to="gneE29" begin="80" end="80" number="1"/>
<flow id="car79" type="carType0" from="-gneE37" to="topleftD" begin="81" end="81" number="1"/>
<flow id="car80" type="carType2" from="-gneE28" to="-gneE42" begin="81" end="81" number="1"/>
<flow id="car81" type="carType2" from="gneE35" to="gneE9" begin="83" end="83" number="1"/>
<flow id="car82" type="carType2" from="gneE18" to="gneE8" begin="83" end="83" number="1"/>
<flow id="car83" type="carType1" from="gneE43" to="-gneE33" begin="83" end="83" number="1"/>
<flow id="car84" type="carType0" from="-gneE7" to="gneE34" begin="88" end="88" number="1"/>
<flow id="car85" type="carType2" from="toprightD" to="toprightL" begin="88" end="88" number="1"/>
<flow id="car86" type="carType2" from="-gneE50" to="bottomrightL" begin="88" end="88" number="1"/>
<flow id="car87" type="carType0" from="gneE21" to="-gneE50" begin="90" end="90" number="1"/>
<flow id="car88" type="carType0" from="gneE35" to="-gneE43" begin="90" end="90" number="1"/>
<flow id="car89" type="carType0" from="bottomrightU" to="bottomleftR" begin="91" end="91" number="1"/>
<flow id="car90" type="carType1" from="-gneE37" to="gneE18" begin="91" end="91" number="1"/>
<flow id="car91" type="carType2" from="gneE45" to="-gneE13" begin="92" end="92" number="1"/>
<flow id="car92" type="carType2" from="toprightL" to="-gneE43" begin="93" end="93" number="1"/>
<flow id="car93" type="carType0" from="bottomleftR" to="bottomleftU" begin="94" end="94" number="1"/>
<flow id="car94" type="carType0" from="-gneE21" to="toprightL" begin="95" end="95" number="1"/>
<flow id="car95" type="carType1" from="-gneE33" to="gneE27" begin="97" end="97" number="1"/>
<flow id="car96" type="carType1" from="-gneE44" to="gneE22" begin="98" end="98" number="1"/>
<flow id="car97" type="carType1" from="-gneE48" to="gneE42" begin="98" end="98" number="1"/>
<flow id="car98" type="carType1" from="-gneE49" to="gneE34" begin="99" end="99" number="1"/>
<flow id="car99" type="carType0" from="gneE45" to="-gneE27" begin="100" end="100" number="1"/>
<flow id="car100" type="carType2" from="topleftR" to="-gneE42" begin="100" end="100" number="1"/>
<flow id="car101" type="carType1" from="gneE21" to="topleftD" begin="101" end="101" number="1"/>
<flow id="car102" type="carType1" from="-gneE48" to="gneE27" begin="104" end="104" number="1"/>
<flow id="car103" type="carType1" from="gneE21" to="gneE44" begin="106" end="106" number="1"/>
<flow id="car104" type="carType2" from="gneE21" to="-gneE18" begin="106" end="106" number="1"/>
<flow id="car105" type="carType2" from="topleftD" to="gneE50" begin="106" end="106" number="1"/>
<flow id="car106" type="carType2" from="gneE50" to="gneE51" begin="106" end="106" number="1"/>
<flow id="car107" type="carType1" from="toprightD" to="-gneE34" begin="108" end="108" number="1"/>
<flow id="car108" type="carType2" from="gneE34" to="-gneE29" begin="109" end="109" number="1"/>
<flow id="car109" type="carType0" from="gneE9" to="-gneE42" begin="110" end="110" number="1"/>
<flow id="car110" type="carType1" from="-gneE48" to="-gneE37" begin="111" end="111" number="1"/>
<flow id="car111" type="carType0" from="bottomrightU" to="-gneE49" begin="112" end="112" number="1"/>
<flow id="car112" type="carType1" from="topleftD" to="-gneE29" begin="113" end="113" number="1"/>
<flow id="car113" type="carType2" from="-gneE44" to="-gneE21" begin="114" end="114" number="1"/>
<flow id="car114" type="carType1" from="gneE34" to="gneE45" begin="114" end="114" number="1"/>
<flow id="car115" type="carType0" from="-gneE8" to="topleftD" begin="114" end="114" number="1"/>
<flow id="car116" type="carType2" from="gneE46" to="-gneE43" begin="116" end="116" number="1"/>
<flow id="car117" type="carType1" from="topleftR" to="gneE42" begin="116" end="116" number="1"/>
<flow id="car118" type="carType0" from="bottomleftU" to="gneE37" begin="117" end="117" number="1"/>
<flow id="car119" type="carType0" from="gneE46" to="-gneE7" begin="117" end="117" number="1"/>
<flow id="car120" type="carType2" from="-gneE43" to="gneE43" begin="117" end="117" number="1"/>
<flow id="car121" type="carType0" from="-gneE21" to="gneE48" begin="119" end="119" number="1"/>
<flow id="car122" type="carType0" from="topleftD" to="gneE37" begin="120" end="120" number="1"/>
<flow id="car123" type="carType2" from="-gneE48" to="gneE48" begin="122" end="122" number="1"/>
<flow id="car124" type="carType2" from="-gneE33" to="-gneE21" begin="123" end="123" number="1"/>
<flow id="car125" type="carType0" from="-gneE49" to="bottomrightU" begin="129" end="129" number="1"/>
<flow id="car126" type="carType0" from="-gneE51" to="gneE46" begin="129" end="129" number="1"/>
<flow id="car127" type="carType2" from="gneE29" to="gneE18" begin="129" end="129" number="1"/>
<flow id="car128" type="carType0" from="bottomleftU" to="topleftD" begin="129" end="129" number="1"/>
<flow id="car129" type="carType1" from="gneE37" to="-gneE37" begin="131" end="131" number="1"/>
<flow id="car130" type="carType1" from="bottomrightL" to="toprightL" begin="131" end="131" number="1"/>
<flow id="car131" type="carType0" from="gneE29" to="gneE44" begin="132" end="132" number="1"/>
<flow id="car132" type="carType0" from="-gneE44" to="gneE46" begin="137" end="137" number="1"/>
<flow id="car133" type="carType1" from="gneE29" to="-gneE48" begin="138" end="138" number="1"/>
<flow id="car134" type="carType1" from="gneE21" to="bottomrightU" begin="138" end="138" number="1"/>
<flow id="car135" type="carType1" from="gneE21" to="gneE35" begin="140" end="140" number="1"/>
<flow id="car136" type="carType2" from="gneE27" to="gneE44" begin="140" end="140" number="1"/>
<flow id="car137" type="carType2" from="gneE42" to="-gneE37" begin="141" end="141" number="1"/>
<flow id="car138" type="carType0" from="-gneE42" to="-gneE34" begin="141" end="141" number="1"/>
<flow id="car139" type="carType0" from="-gneE34" to="gneE50" begin="141" end="141" number="1"/>
<flow id="car140" type="carType0" from="-gneE27" to="topleftR" begin="143" end="143" number="1"/>
<flow id="car141" type="carType0" from="-gneE18" to="-gneE27" begin="143" end="143" number="1"/>
<flow id="car142" type="carType1" from="-gneE29" to="gneE27" begin="144" end="144" number="1"/>
<flow id="car143" type="carType2" from="bottomrightU" to="topleftR" begin="144" end="144" number="1"/>
<flow id="car144" type="carType1" from="gneE51" to="-gneE44" begin="145" end="145" number="1"/>
<flow id="car145" type="carType2" from="-gneE51" to="-gneE7" begin="145" end="145" number="1"/>
<flow id="car146" type="carType0" from="topleftR" to="gneE30" begin="146" end="146" number="1"/>
<flow id="car147" type="carType1" from="gneE34" to="gneE28" begin="147" end="147" number="1"/>
<flow id="car148" type="carType1" from="gneE27" to="gneE44" begin="147" end="147" number="1"/>
<flow id="car149" type="carType0" from="gneE18" to="gneE18" begin="148" end="148" number="1"/>
<flow id="car150" type="carType2" from="bottomrightU" to="gneE27" begin="149" end="149" number="1"/>
<flow id="car151" type="carType0" from="-gneE50" to="toprightL" begin="150" end="150" number="1"/>
<flow id="car152" type="carType2" from="gneE37" to="gneE51" begin="150" end="150" number="1"/>
<flow id="car153" type="carType1" from="bottomleftR" to="-gneE27" begin="150" end="150" number="1"/>
<flow id="car154" type="carType0" from="gneE27" to="toprightD" begin="151" end="151" number="1"/>
<flow id="car155" type="carType2" from="gneE35" to="bottomrightU" begin="151" end="151" number="1"/>
<flow id="car156" type="carType1" from="gneE45" to="gneE44" begin="151" end="151" number="1"/>
<flow id="car157" type="carType2" from="gneE50" to="-gneE37" begin="152" end="152" number="1"/>
<flow id="car158" type="carType2" from="-gneE28" to="toprightL" begin="154" end="154" number="1"/>
<flow id="car159" type="carType0" from="gneE8" to="gneE37" begin="154" end="154" number="1"/>
<flow id="car160" type="carType0" from="-gneE44" to="-gneE33" begin="154" end="154" number="1"/>
<flow id="car161" type="carType1" from="toprightD" to="bottomrightU" begin="158" end="158" number="1"/>
<flow id="car162" type="carType1" from="-gneE48" to="-gneE50" begin="158" end="158" number="1"/>
<flow id="car163" type="carType2" from="bottomrightU" to="gneE44" begin="160" end="160" number="1"/>
<flow id="car164" type="carType1" from="bottomrightL" to="-gneE37" begin="161" end="161" number="1"/>
<flow id="car165" type="carType1" from="-gneE45" to="gneE37" begin="161" end="161" number="1"/>
<flow id="car166" type="carType2" from="bottomleftU" to="bottomleftU" begin="161" end="161" number="1"/>
<flow id="car167" type="carType1" from="-gneE42" to="-gneE49" begin="162" end="162" number="1"/>
<flow id="car168" type="carType2" from="-gneE44" to="gneE21" begin="163" end="163" number="1"/>
<flow id="car169" type="carType1" from="bottomleftU" to="-gneE27" begin="163" end="163" number="1"/>
<flow id="car170" type="carType2" from="-gneE51" to="-gneE29" begin="165" end="165" number="1"/>
<flow id="car171" type="carType1" from="-gneE42" to="gneE35" begin="166" end="166" number="1"/>
<flow id="car172" type="carType0" from="-gneE45" to="gneE29" begin="166" end="166" number="1"/>
<flow id="car173" type="carType0" from="-gneE33" to="gneE9" begin="166" end="166" number="1"/>
<flow id="car174" type="carType2" from="-gneE28" to="-gneE13" begin="166" end="166" number="1"/>
<flow id="car175" type="carType0" from="-gneE13" to="gneE27" begin="166" end="166" number="1"/>
<flow id="car176" type="carType0" from="toprightD" to="gneE50" begin="169" end="169" number="1"/>
<flow id="car177" type="carType1" from="-gneE51" to="gneE49" begin="170" end="170" number="1"/>
<flow id="car178" type="carType0" from="gneE27" to="-gneE33" begin="170" end="170" number="1"/>
<flow id="car179" type="carType1" from="topleftR" to="-gneE45" begin="173" end="173" number="1"/>
<flow id="car180" type="carType1" from="-gneE44" to="-gneE51" begin="173" end="173" number="1"/>
<flow id="car181" type="carType2" from="-gneE50" to="gneE48" begin="177" end="177" number="1"/>
<flow id="car182" type="carType1" from="-gneE28" to="gneE30" begin="178" end="178" number="1"/>
<flow id="car183" type="carType0" from="gneE50" to="gneE8" begin="179" end="179" number="1"/>
<flow id="car184" type="carType1" from="gneE48" to="-gneE34" begin="179" end="179" number="1"/>
<flow id="car185" type="carType2" from="-gneE33" to="-gneE7" begin="180" end="180" number="1"/>
<flow id="car186" type="carType1" from="gneE46" to="gneE48" begin="180" end="180" number="1"/>
<flow id="car187" type="carType2" from="-gneE21" to="-gneE42" begin="181" end="181" number="1"/>
<flow id="car188" type="carType0" from="-gneE13" to="-gneE29" begin="182" end="182" number="1"/>
<flow id="car189" type="carType0" from="bottomleftU" to="gneE30" begin="185" end="185" number="1"/>
<flow id="car190" type="carType2" from="bottomrightL" to="topleftD" begin="186" end="186" number="1"/>
<flow id="car191" type="carType1" from="topleftD" to="gneE45" begin="187" end="187" number="1"/>
<flow id="car192" type="carType0" from="gneE28" to="-gneE27" begin="187" end="187" number="1"/>
<flow id="car193" type="carType0" from="-gneE33" to="-gneE8" begin="188" end="188" number="1"/>
<flow id="car194" type="carType2" from="-gneE37" to="gneE48" begin="193" end="193" number="1"/>
<flow id="car195" type="carType1" from="-gneE44" to="gneE51" begin="195" end="195" number="1"/>
<flow id="car196" type="carType1" from="gneE8" to="bottomrightL" begin="195" end="195" number="1"/>
<flow id="car197" type="carType0" from="gneE22" to="-gneE8" begin="196" end="196" number="1"/>
<flow id="car198" type="carType2" from="-gneE7" to="-gneE13" begin="196" end="196" number="1"/>
<flow id="car199" type="carType1" from="-gneE13" to="gneE46" begin="196" end="196" number="1"/>
</routes>
