<routes>
<vType id="carType0" length="7" maxSpeed="53.37" accel="2.81" decel="4.19" speedDev="0.2" sigma="0.13"/>
<vType id="carType1" length="5" maxSpeed="50.3" accel="2.17" decel="5.87" speedDev="0.2" sigma="0.24"/>
<vType id="carType2" length="7" maxSpeed="56.65" accel="2.03" decel="5.4" speedDev="0.2" sigma="0.1"/>
<flow id="car0" type="carType1" from="gneE29" to="-gneE44" begin="0" end="0" number="1"/>
<flow id="car1" type="carType0" from="-gneE48" to="-gneE48" begin="1" end="1" number="1"/>
<flow id="car2" type="carType2" from="-gneE50" to="gneE30" begin="1" end="1" number="1"/>
<flow id="car3" type="carType0" from="topleftD" to="-gneE48" begin="2" end="2" number="1"/>
<flow id="car4" type="carType2" from="-gneE48" to="bottomleftU" begin="3" end="3" number="1"/>
<flow id="car5" type="carType2" from="-gneE48" to="gneE50" begin="3" end="3" number="1"/>
<flow id="car6" type="carType1" from="gneE21" to="-gneE34" begin="3" end="3" number="1"/>
<flow id="car7" type="carType1" from="-gneE50" to="-gneE21" begin="4" end="4" number="1"/>
<flow id="car8" type="carType0" from="-gneE8" to="-gneE43" begin="7" end="7" number="1"/>
<flow id="car9" type="carType2" from="-gneE7" to="gneE35" begin="7" end="7" number="1"/>
<flow id="car10" type="carType2" from="-gneE45" to="gneE18" begin="8" end="8" number="1"/>
<flow id="car11" type="carType0" from="-gneE44" to="-gneE51" begin="10" end="10" number="1"/>
<flow id="car12" type="carType2" from="gneE48" to="gneE44" begin="11" end="11" number="1"/>
<flow id="car13" type="carType0" from="-gneE8" to="-gneE37" begin="12" end="12" number="1"/>
<flow id="car14" type="carType2" from="-gneE33" to="-gneE37" begin="12" end="12" number="1"/>
<flow id="car15" type="carType1" from="-gneE49" to="gneE45" begin="13" end="13" number="1"/>
<flow id="car16" type="carType1" from="-gneE33" to="-gneE28" begin="14" end="14" number="1"/>
<flow id="car17" type="carType0" from="gneE22" to="-gneE28" begin="16" end="16" number="1"/>
<flow id="car18" type="carType0" from="-gneE51" to="-gneE50" begin="16" end="16" number="1"/>
<flow id="car19" type="carType0" from="gneE49" to="-gneE21" begin="19" end="19" number="1"/>
<flow id="car20" type="carType0" from="-gneE45" to="gneE43" begin="19" end="19" number="1"/>
<flow id="car21" type="carType1" from="gneE45" to="toprightL" begin="20" end="20" number="1"/>
<flow id="car22" type="carType2" from="-gneE50" to="gneE48" begin="21" end="21" number="1"/>
<flow id="car23" type="carType1" from="gneE42" to="bottomrightU" begin="21" end="21" number="1"/>
<flow id="car24" type="carType1" from="toprightD" to="toprightL" begin="21" end="21" number="1"/>
<flow id="car25" type="carType1" from="bottomrightL" to="gneE50" begin="24" end="24" number="1"/>
<flow id="car26" type="carType2" from="-gneE34" to="bottomrightU" begin="25" end="25" number="1"/>
<flow id="car27" type="carType0" from="bottomleftU" to="gneE18" begin="27" end="27" number="1"/>
<flow id="car28" type="carType1" from="bottomleftR" to="-gneE49" begin="27" end="27" number="1"/>
<flow id="car29" type="carType2" from="bottomrightU" to="gneE43" begin="28" end="28" number="1"/>
<flow id="car30" type="carType1" from="gneE46" to="bottomleftR" begin="29" end="29" number="1"/>
<flow id="car31" type="carType0" from="gneE45" to="-gneE29" begin="29" end="29" number="1"/>
<flow id="car32" type="carType0" from="-gneE51" to="-gneE49" begin="30" end="30" number="1"/>
<flow id="car33" type="carType1" from="-gneE28" to="gneE21" begin="32" end="32" number="1"/>
<flow id="car34" type="carType0" from="gneE49" to="toprightD" begin="33" end="33" number="1"/>
<flow id="car35" type="carType0" from="gneE9" to="-gneE29" begin="33" end="33" number="1"/>
<flow id="car36" type="carType0" from="gneE49" to="gneE45" begin="34" end="34" number="1"/>
<flow id="car37" type="carType0" from="gneE35" to="-gneE18" begin="35" end="35" number="1"/>
<flow id="car38" type="carType1" from="gneE42" to="gneE49" begin="36" end="36" number="1"/>
<flow id="car39" type="carType1" from="-gneE49" to="gneE34" begin="41" end="41" number="1"/>
<flow id="car40" type="carType1" from="gneE45" to="gneE27" begin="42" end="42" number="1"/>
<flow id="car41" type="carType0" from="-gneE44" to="gneE51" begin="42" end="42" number="1"/>
<flow id="car42" type="carType1" from="-gneE28" to="-gneE42" begin="44" end="44" number="1"/>
<flow id="car43" type="carType2" from="-gneE45" to="-gneE27" begin="45" end="45" number="1"/>
<flow id="car44" type="carType0" from="gneE45" to="-gneE37" begin="45" end="45" number="1"/>
<flow id="car45" type="carType1" from="gneE9" to="-gneE51" begin="47" end="47" number="1"/>
<flow id="car46" type="carType1" from="-gneE51" to="gneE37" begin="49" end="49" number="1"/>
<flow id="car47" type="carType1" from="-gneE45" to="gneE30" begin="51" end="51" number="1"/>
<flow id="car48" type="carType2" from="gneE18" to="gneE37" begin="52" end="52" number="1"/>
<flow id="car49" type="carType1" from="gneE42" to="-gneE27" begin="52" end="52" number="1"/>
<flow id="car50" type="carType0" from="topleftD" to="bottomrightL" begin="54" end="54" number="1"/>
<flow id="car51" type="carType1" from="gneE45" to="-gneE13" begin="55" end="55" number="1"/>
<flow id="car52" type="carType0" from="bottomrightL" to="-gneE45" begin="58" end="58" number="1"/>
<flow id="car53" type="carType0" from="gneE44" to="gneE49" begin="59" end="59" number="1"/>
<flow id="car54" type="carType1" from="gneE49" to="-gneE48" begin="60" end="60" number="1"/>
<flow id="car55" type="carType2" from="-gneE21" to="gneE34" begin="62" end="62" number="1"/>
<flow id="car56" type="carType2" from="gneE30" to="-gneE21" begin="62" end="62" number="1"/>
<flow id="car57" type="carType2" from="gneE18" to="-gneE13" begin="62" end="62" number="1"/>
<flow id="car58" type="carType1" from="gneE50" to="-gneE7" begin="63" end="63" number="1"/>
<flow id="car59" type="carType0" from="gneE43" to="gneE35" begin="65" end="65" number="1"/>
<flow id="car60" type="carType2" from="-gneE43" to="gneE27" begin="65" end="65" number="1"/>
<flow id="car61" type="carType1" from="gneE9" to="gneE44" begin="67" end="67" number="1"/>
<flow id="car62" type="carType1" from="bottomleftR" to="-gneE42" begin="68" end="68" number="1"/>
<flow id="car63" type="carType1" from="gneE34" to="gneE28" begin="69" end="69" number="1"/>
<flow id="car64" type="carType1" from="-gneE21" to="-gneE43" begin="70" end="70" number="1"/>
<flow id="car65" type="carType1" from="toprightL" to="topleftR" begin="71" end="71" number="1"/>
<flow id="car66" type="carType2" from="bottomleftR" to="gneE49" begin="71" end="71" number="1"/>
<flow id="car67" type="carType1" from="gneE42" to="gneE29" begin="72" end="72" number="1"/>
<flow id="car68" type="carType2" from="gneE9" to="bottomleftR" begin="73" end="73" number="1"/>
<flow id="car69" type="carType0" from="gneE8" to="gneE44" begin="77" end="77" number="1"/>
<flow id="car70" type="carType2" from="-gneE49" to="-gneE33" begin="78" end="78" number="1"/>
<flow id="car71" type="carType2" from="gneE48" to="gneE9" begin="80" end="80" number="1"/>
<flow id="car72" type="carType1" from="-gneE45" to="gneE45" begin="81" end="81" number="1"/>
<flow id="car73" type="carType0" from="bottomleftU" to="gneE29" begin="82" end="82" number="1"/>
<flow id="car74" type="carType2" from="toprightD" to="gneE49" begin="84" end="84" number="1"/>
<flow id="car75" type="carType1" from="gneE48" to="toprightL" begin="84" end="84" number="1"/>
<flow id="car76" type="carType2" from="-gneE33" to="-gneE45" begin="85" end="85" number="1"/>
<flow id="car77" type="carType1" from="gneE46" to="-gneE27" begin="85" end="85" number="1"/>
<flow id="car78" type="carType2" from="-gneE28" to="-gneE28" begin="86" end="86" number="1"/>
<flow id="car79" type="carType1" from="-gneE42" to="-gneE43" begin="87" end="87" number="1"/>
<flow id="car80" type="carType2" from="gneE42" to="gneE43" begin="87" end="87" number="1"/>
<flow id="car81" type="carType2" from="-gneE42" to="topleftR" begin="87" end="87" number="1"/>
<flow id="car82" type="carType2" from="gneE35" to="-gneE51" begin="87" end="87" number="1"/>
<flow id="car83" type="carType2" from="gneE28" to="bottomleftR" begin="90" end="90" number="1"/>
<flow id="car84" type="carType0" from="gneE21" to="gneE50" begin="90" end="90" number="1"/>
<flow id="car85" type="carType0" from="gneE45" to="bottomleftR" begin="91" end="91" number="1"/>
<flow id="car86" type="carType0" from="gneE22" to="-gneE28" begin="92" end="92" number="1"/>
<flow id="car87" type="carType1" from="topleftR" to="toprightL" begin="93" end="93" number="1"/>
<flow id="car88" type="carType1" from="-gneE37" to="-gneE28" begin="93" end="93" number="1"/>
<flow id="car89" type="carType1" from="gneE48" to="gneE34" begin="94" end="94" number="1"/>
<flow id="car90" type="carType1" from="bottomrightL" to="-gneE37" begin="97" end="97" number="1"/>
<flow id="car91" type="carType1" from="gneE44" to="gneE9" begin="97" end="97" number="1"/>
<flow id="car92" type="carType2" from="gneE37" to="-gneE34" begin="98" end="98" number="1"/>
<flow id="car93" type="carType2" from="gneE43" to="gneE49" begin="99" end="99" number="1"/>
<flow id="car94" type="carType0" from="gneE37" to="-gneE28" begin="99" end="99" number="1"/>
<flow id="car95" type="carType1" from="toprightL" to="bottomleftU" begin="99" end="99" number="1"/>
<flow id="car96" type="carType2" from="gneE28" to="-gneE28" begin="99" end="99" number="1"/>
<flow id="car97" type="carType2" from="gneE43" to="-gneE42" begin="101" end="101" number="1"/>
<flow id="car98" type="carType1" from="-gneE18" to="gneE21" begin="102" end="102" number="1"/>
<flow id="car99" type="carType0" from="-gneE34" to="-gneE28" begin="103" end="103" number="1"/>
<flow id="car100" type="carType2" from="gneE50" to="gneE9" begin="104" end="104" number="1"/>
<flow id="car101" type="carType1" from="toprightD" to="gneE30" begin="105" end="105" number="1"/>
<flow id="car102" type="carType0" from="gneE28" to="-gneE49" begin="106" end="106" number="1"/>
<flow id="car103" type="carType0" from="-gneE50" to="-gneE13" begin="107" end="107" number="1"/>
<flow id="car104" type="carType2" from="-gneE33" to="gneE9" begin="111" end="111" number="1"/>
<flow id="car105" type="carType1" from="-gneE21" to="-gneE7" begin="111" end="111" number="1"/>
<flow id="car106" type="carType2" from="gneE46" to="-gneE45" begin="111" end="111" number="1"/>
<flow id="car107" type="carType2" from="gneE35" to="gneE45" begin="113" end="113" number="1"/>
<flow id="car108" type="carType2" from="-gneE50" to="-gneE37" begin="114" end="114" number="1"/>
<flow id="car109" type="carType2" from="topleftR" to="bottomleftR" begin="116" end="116" number="1"/>
<flow id="car110" type="carType2" from="gneE30" to="-gneE28" begin="116" end="116" number="1"/>
<flow id="car111" type="carType1" from="gneE46" to="-gneE44" begin="117" end="117" number="1"/>
<flow id="car112" type="carType0" from="gneE49" to="gneE46" begin="118" end="118" number="1"/>
<flow id="car113" type="carType0" from="gneE35" to="gneE28" begin="119" end="119" number="1"/>
<flow id="car114" type="carType1" from="topleftD" to="-gneE21" begin="120" end="120" number="1"/>
<flow id="car115" type="carType2" from="-gneE18" to="-gneE29" begin="120" end="120" number="1"/>
<flow id="car116" type="carType2" from="gneE8" to="gneE35" begin="121" end="121" number="1"/>
<flow id="car117" type="carType0" from="topleftD" to="gneE35" begin="122" end="122" number="1"/>
<flow id="car118" type="carType2" from="-gneE7" to="bottomrightU" begin="125" end="125" number="1"/>
<flow id="car119" type="carType0" from="gneE21" to="topleftD" begin="126" end="126" number="1"/>
<flow id="car120" type="carType0" from="-gneE42" to="toprightL" begin="128" end="128" number="1"/>
<flow id="car121" type="carType2" from="gneE28" to="gneE29" begin="128" end="128" number="1"/>
<flow id="car122" type="carType2" from="gneE51" to="bottomleftR" begin="130" end="130" number="1"/>
<flow id="car123" type="carType0" from="gneE30" to="-gneE50" begin="131" end="131" number="1"/>
<flow id="car124" type="carType0" from="gneE22" to="-gneE27" begin="132" end="132" number="1"/>
<flow id="car125" type="carType0" from="gneE46" to="-gneE34" begin="132" end="132" number="1"/>
<flow id="car126" type="carType1" from="-gneE8" to="gneE21" begin="133" end="133" number="1"/>
<flow id="car127" type="carType1" from="topleftD" to="gneE34" begin="134" end="134" number="1"/>
<flow id="car128" type="carType1" from="-gneE18" to="-gneE13" begin="134" end="134" number="1"/>
<flow id="car129" type="carType1" from="gneE27" to="gneE9" begin="136" end="136" number="1"/>
<flow id="car130" type="carType2" from="gneE51" to="gneE37" begin="138" end="138" number="1"/>
<flow id="car131" type="carType1" from="-gneE43" to="gneE48" begin="139" end="139" number="1"/>
<flow id="car132" type="carType2" from="gneE21" to="gneE28" begin="139" end="139" number="1"/>
<flow id="car133" type="carType1" from="-gneE8" to="-gneE34" begin="140" end="140" number="1"/>
<flow id="car134" type="carType1" from="gneE8" to="-gneE37" begin="141" end="141" number="1"/>
<flow id="car135" type="carType2" from="topleftR" to="bottomrightL" begin="141" end="141" number="1"/>
<flow id="car136" type="carType0" from="gneE48" to="bottomrightL" begin="142" end="142" number="1"/>
<flow id="car137" type="carType1" from="topleftD" to="topleftD" begin="142" end="142" number="1"/>
<flow id="car138" type="carType2" from="-gneE48" to="gneE43" begin="142" end="142" number="1"/>
<flow id="car139" type="carType1" from="gneE27" to="-gneE34" begin="143" end="143" number="1"/>
<flow id="car140" type="carType0" from="gneE42" to="gneE18" begin="145" end="145" number="1"/>
<flow id="car141" type="carType0" from="topleftD" to="topleftR" begin="147" end="147" number="1"/>
<flow id="car142" type="carType1" from="gneE30" to="gneE44" begin="149" end="149" number="1"/>
<flow id="car143" type="carType2" from="gneE42" to="-gneE21" begin="151" end="151" number="1"/>
<flow id="car144" type="carType1" from="-gneE51" to="bottomrightL" begin="151" end="151" number="1"/>
<flow id="car145" type="carType0" from="gneE46" to="gneE35" begin="151" end="151" number="1"/>
<flow id="car146" type="carType0" from="-gneE29" to="-gneE49" begin="154" end="154" number="1"/>
<flow id="car147" type="carType1" from="gneE43" to="bottomrightL" begin="154" end="154" number="1"/>
<flow id="car148" type="carType1" from="-gneE45" to="-gneE8" begin="155" end="155" number="1"/>
<flow id="car149" type="carType0" from="topleftD" to="gneE50" begin="159" end="159" number="1"/>
<flow id="car150" type="carType2" from="gneE27" to="gneE44" begin="159" end="159" number="1"/>
<flow id="car151" type="carType2" from="gneE21" to="-gneE50" begin="160" end="160" number="1"/>
<flow id="car152" type="carType0" from="gneE49" to="gneE46" begin="161" end="161" number="1"/>
<flow id="car153" type="carType1" from="bottomrightL" to="-gneE7" begin="162" end="162" number="1"/>
<flow id="car154" type="carType0" from="gneE46" to="bottomrightL" begin="162" end="162" number="1"/>
<flow id="car155" type="carType0" from="-gneE27" to="-gneE51" begin="162" end="162" number="1"/>
<flow id="car156" type="carType0" from="-gneE13" to="gneE50" begin="162" end="162" number="1"/>
<flow id="car157" type="carType1" from="-gneE21" to="gneE21" begin="162" end="162" number="1"/>
<flow id="car158" type="carType2" from="gneE43" to="-gneE43" begin="164" end="164" number="1"/>
<flow id="car159" type="carType2" from="gneE46" to="topleftR" begin="164" end="164" number="1"/>
<flow id="car160" type="carType1" from="-gneE13" to="gneE37" begin="165" end="165" number="1"/>
<flow id="car161" type="carType0" from="-gneE51" to="gneE29" begin="167" end="167" number="1"/>
<flow id="car162" type="carType2" from="-gneE44" to="-gneE43" begin="167" end="167" number="1"/>
<flow id="car163" type="carType2" from="-gneE33" to="-gneE7" begin="167" end="167" number="1"/>
<flow id="car164" type="carType2" from="-gneE44" to="bottomrightL" begin="167" end="167" number="1"/>
<flow id="car165" type="carType1" from="gneE45" to="-gneE8" begin="171" end="171" number="1"/>
<flow id="car166" type="carType2" from="-gneE34" to="-gneE43" begin="172" end="172" number="1"/>
<flow id="car167" type="carType0" from="-gneE44" to="-gneE48" begin="172" end="172" number="1"/>
<flow id="car168" type="carType1" from="gneE50" to="gneE34" begin="173" end="173" number="1"/>
<flow id="car169" type="carType1" from="-gneE50" to="topleftD" begin="176" end="176" number="1"/>
<flow id="car170" type="carType1" from="gneE8" to="toprightD" begin="178" end="178" number="1"/>
<flow id="car171" type="carType2" from="-gneE45" to="gneE29" begin="178" end="178" number="1"/>
<flow id="car172" type="carType1" from="-gneE44" to="-gneE27" begin="179" end="179" number="1"/>
<flow id="car173" type="carType1" from="bottomleftU" to="gneE29" begin="180" end="180" number="1"/>
<flow id="car174" type="carType1" from="gneE18" to="gneE50" begin="180" end="180" number="1"/>
<flow id="car175" type="carType0" from="gneE44" to="-gneE18" begin="181" end="181" number="1"/>
<flow id="car176" type="carType1" from="-gneE29" to="-gneE18" begin="181" end="181" number="1"/>
<flow id="car177" type="carType0" from="-gneE33" to="toprightL" begin="181" end="181" number="1"/>
<flow id="car178" type="carType2" from="bottomleftU" to="gneE45" begin="182" end="182" number="1"/>
<flow id="car179" type="carType1" from="gneE51" to="gneE48" begin="182" end="182" number="1"/>
<flow id="car180" type="carType2" from="bottomrightL" to="-gneE37" begin="184" end="184" number="1"/>
<flow id="car181" type="carType1" from="-gneE28" to="gneE29" begin="184" end="184" number="1"/>
<flow id="car182" type="carType1" from="bottomleftR" to="-gneE34" begin="184" end="184" number="1"/>
<flow id="car183" type="carType1" from="gneE18" to="gneE9" begin="184" end="184" number="1"/>
<flow id="car184" type="carType1" from="gneE42" to="gneE30" begin="186" end="186" number="1"/>
<flow id="car185" type="carType0" from="bottomleftR" to="-gneE44" begin="187" end="187" number="1"/>
<flow id="car186" type="carType0" from="gneE46" to="-gneE33" begin="187" end="187" number="1"/>
<flow id="car187" type="carType2" from="-gneE28" to="gneE30" begin="189" end="189" number="1"/>
<flow id="car188" type="carType0" from="gneE28" to="gneE28" begin="189" end="189" number="1"/>
<flow id="car189" type="carType0" from="bottomleftR" to="-gneE29" begin="190" end="190" number="1"/>
<flow id="car190" type="carType1" from="-gneE34" to="-gneE42" begin="192" end="192" number="1"/>
<flow id="car191" type="carType0" from="-gneE18" to="-gneE13" begin="194" end="194" number="1"/>
<flow id="car192" type="carType2" from="-gneE49" to="gneE44" begin="194" end="194" number="1"/>
<flow id="car193" type="carType0" from="toprightD" to="-gneE8" begin="197" end="197" number="1"/>
<flow id="car194" type="carType0" from="gneE9" to="gneE51" begin="197" end="197" number="1"/>
<flow id="car195" type="carType0" from="gneE22" to="toprightL" begin="197" end="197" number="1"/>
<flow id="car196" type="carType2" from="toprightL" to="gneE30" begin="198" end="198" number="1"/>
<flow id="car197" type="carType1" from="gneE51" to="-gneE21" begin="198" end="198" number="1"/>
<flow id="car198" type="carType2" from="bottomrightL" to="-gneE48" begin="199" end="199" number="1"/>
<flow id="car199" type="carType2" from="gneE28" to="-gneE45" begin="199" end="199" number="1"/>
</routes>
