<routes>
<vType id="carType0" length="6" maxSpeed="45.82" accel="2.72" decel="4.2" speedDev="0.2" sigma="0.27"/>
<vType id="carType1" length="6" maxSpeed="53.53" accel="2.29" decel="4.78" speedDev="0.2" sigma="0.14"/>
<vType id="carType2" length="3" maxSpeed="42.75" accel="2.78" decel="4.22" speedDev="0.2" sigma="0.21"/>
<flow id="car0" type="carType1" from="-gneE43" to="gneE50" begin="1" end="1" number="1"/>
<flow id="car1" type="carType1" from="gneE22" to="gneE35" begin="1" end="1" number="1"/>
<flow id="car2" type="carType1" from="bottomleftR" to="topleftD" begin="1" end="1" number="1"/>
<flow id="car3" type="carType0" from="-gneE18" to="-gneE7" begin="1" end="1" number="1"/>
<flow id="car4" type="carType1" from="-gneE45" to="-gneE13" begin="1" end="1" number="1"/>
<flow id="car5" type="carType0" from="-gneE18" to="toprightD" begin="2" end="2" number="1"/>
<flow id="car6" type="carType2" from="gneE22" to="-gneE48" begin="2" end="2" number="1"/>
<flow id="car7" type="carType1" from="gneE29" to="gneE46" begin="2" end="2" number="1"/>
<flow id="car8" type="carType1" from="gneE51" to="topleftR" begin="2" end="2" number="1"/>
<flow id="car9" type="carType2" from="-gneE50" to="gneE46" begin="4" end="4" number="1"/>
<flow id="car10" type="carType1" from="gneE37" to="gneE44" begin="5" end="5" number="1"/>
<flow id="car11" type="carType0" from="-gneE18" to="gneE27" begin="5" end="5" number="1"/>
<flow id="car12" type="carType1" from="-gneE51" to="gneE48" begin="5" end="5" number="1"/>
<flow id="car13" type="carType2" from="-gneE18" to="-gneE50" begin="6" end="6" number="1"/>
<flow id="car14" type="carType2" from="-gneE44" to="topleftR" begin="6" end="6" number="1"/>
<flow id="car15" type="carType2" from="-gneE49" to="-gneE50" begin="6" end="6" number="1"/>
<flow id="car16" type="carType2" from="gneE42" to="gneE28" begin="6" end="6" number="1"/>
<flow id="car17" type="carType0" from="gneE43" to="-gneE18" begin="7" end="7" number="1"/>
<flow id="car18" type="carType1" from="gneE50" to="-gneE50" begin="9" end="9" number="1"/>
<flow id="car19" type="carType0" from="-gneE51" to="toprightD" begin="11" end="11" number="1"/>
<flow id="car20" type="carType1" from="topleftD" to="-gneE21" begin="12" end="12" number="1"/>
<flow id="car21" type="carType0" from="-gneE50" to="toprightD" begin="12" end="12" number="1"/>
<flow id="car22" type="carType2" from="toprightL" to="gneE30" begin="12" end="12" number="1"/>
<flow id="car23" type="carType2" from="-gneE13" to="gneE34" begin="13" end="13" number="1"/>
<flow id="car24" type="carType0" from="gneE34" to="gneE45" begin="13" end="13" number="1"/>
<flow id="car25" type="carType2" from="-gneE34" to="gneE8" begin="14" end="14" number="1"/>
<flow id="car26" type="carType1" from="-gneE44" to="gneE37" begin="14" end="14" number="1"/>
<flow id="car27" type="carType0" from="gneE44" to="bottomleftU" begin="14" end="14" number="1"/>
<flow id="car28" type="carType2" from="-gneE51" to="-gneE28" begin="15" end="15" number="1"/>
<flow id="car29" type="carType1" from="-gneE28" to="gneE27" begin="18" end="18" number="1"/>
<flow id="car30" type="carType0" from="gneE35" to="gneE43" begin="19" end="19" number="1"/>
<flow id="car31" type="carType0" from="-gneE50" to="-gneE34" begin="19" end="19" number="1"/>
<flow id="car32" type="carType2" from="-gneE34" to="gneE27" begin="19" end="19" number="1"/>
<flow id="car33" type="carType2" from="-gneE45" to="gneE28" begin="20" end="20" number="1"/>
<flow id="car34" type="carType0" from="-gneE37" to="gneE46" begin="20" end="20" number="1"/>
<flow id="car35" type="carType2" from="-gneE45" to="-gneE34" begin="22" end="22" number="1"/>
<flow id="car36" type="carType2" from="bottomleftU" to="gneE49" begin="24" end="24" number="1"/>
<flow id="car37" type="carType2" from="gneE18" to="gneE35" begin="24" end="24" number="1"/>
<flow id="car38" type="carType2" from="-gneE34" to="bottomleftU" begin="28" end="28" number="1"/>
<flow id="car39" type="carType2" from="-gneE29" to="-gneE7" begin="28" end="28" number="1"/>
<flow id="car40" type="carType1" from="-gneE7" to="gneE22" begin="31" end="31" number="1"/>
<flow id="car41" type="carType2" from="gneE43" to="gneE49" begin="33" end="33" number="1"/>
<flow id="car42" type="carType2" from="gneE22" to="-gneE51" begin="33" end="33" number="1"/>
<flow id="car43" type="carType1" from="gneE22" to="gneE46" begin="39" end="39" number="1"/>
<flow id="car44" type="carType0" from="-gneE44" to="gneE51" begin="39" end="39" number="1"/>
<flow id="car45" type="carType2" from="-gneE28" to="-gneE28" begin="40" end="40" number="1"/>
<flow id="car46" type="carType2" from="-gneE18" to="gneE49" begin="41" end="41" number="1"/>
<flow id="car47" type="carType1" from="-gneE8" to="topleftR" begin="48" end="48" number="1"/>
<flow id="car48" type="carType0" from="gneE35" to="gneE9" begin="48" end="48" number="1"/>
<flow id="car49" type="carType0" from="gneE50" to="gneE51" begin="49" end="49" number="1"/>
<flow id="car50" type="carType0" from="bottomrightU" to="-gneE33" begin="50" end="50" number="1"/>
<flow id="car51" type="carType0" from="topleftD" to="gneE35" begin="50" end="50" number="1"/>
<flow id="car52" type="carType2" from="-gneE8" to="-gneE21" begin="51" end="51" number="1"/>
<flow id="car53" type="carType2" from="-gneE13" to="gneE9" begin="52" end="52" number="1"/>
<flow id="car54" type="carType0" from="gneE9" to="gneE44" begin="52" end="52" number="1"/>
<flow id="car55" type="carType1" from="-gneE29" to="gneE42" begin="52" end="52" number="1"/>
<flow id="car56" type="carType0" from="gneE30" to="topleftD" begin="53" end="53" number="1"/>
<flow id="car57" type="carType0" from="-gneE29" to="gneE43" begin="53" end="53" number="1"/>
<flow id="car58" type="carType1" from="-gneE7" to="-gneE33" begin="54" end="54" number="1"/>
<flow id="car59" type="carType2" from="-gneE49" to="-gneE37" begin="54" end="54" number="1"/>
<flow id="car60" type="carType0" from="bottomrightU" to="gneE42" begin="54" end="54" number="1"/>
<flow id="car61" type="carType0" from="gneE51" to="gneE28" begin="55" end="55" number="1"/>
<flow id="car62" type="carType2" from="toprightD" to="gneE35" begin="55" end="55" number="1"/>
<flow id="car63" type="carType0" from="-gneE49" to="gneE44" begin="56" end="56" number="1"/>
<flow id="car64" type="carType1" from="toprightD" to="-gneE8" begin="57" end="57" number="1"/>
<flow id="car65" type="carType2" from="-gneE8" to="-gneE27" begin="57" end="57" number="1"/>
<flow id="car66" type="carType0" from="gneE46" to="gneE22" begin="59" end="59" number="1"/>
<flow id="car67" type="carType1" from="gneE9" to="gneE37" begin="59" end="59" number="1"/>
<flow id="car68" type="carType1" from="gneE28" to="gneE43" begin="59" end="59" number="1"/>
<flow id="car69" type="carType1" from="bottomrightL" to="toprightD" begin="60" end="60" number="1"/>
<flow id="car70" type="carType1" from="gneE22" to="gneE28" begin="61" end="61" number="1"/>
<flow id="car71" type="carType0" from="gneE50" to="gneE51" begin="63" end="63" number="1"/>
<flow id="car72" type="carType2" from="gneE34" to="-gneE50" begin="65" end="65" number="1"/>
<flow id="car73" type="carType0" from="bottomrightL" to="-gneE28" begin="65" end="65" number="1"/>
<flow id="car74" type="carType0" from="gneE29" to="-gneE48" begin="65" end="65" number="1"/>
<flow id="car75" type="carType0" from="gneE35" to="gneE49" begin="65" end="65" number="1"/>
<flow id="car76" type="carType1" from="-gneE48" to="gneE42" begin="67" end="67" number="1"/>
<flow id="car77" type="carType2" from="-gneE51" to="-gneE51" begin="67" end="67" number="1"/>
<flow id="car78" type="carType2" from="-gneE45" to="gneE49" begin="68" end="68" number="1"/>
<flow id="car79" type="carType2" from="-gneE48" to="gneE22" begin="68" end="68" number="1"/>
<flow id="car80" type="carType0" from="gneE18" to="gneE42" begin="71" end="71" number="1"/>
<flow id="car81" type="carType2" from="gneE35" to="gneE22" begin="75" end="75" number="1"/>
<flow id="car82" type="carType1" from="bottomleftR" to="gneE21" begin="75" end="75" number="1"/>
<flow id="car83" type="carType1" from="-gneE34" to="gneE29" begin="76" end="76" number="1"/>
<flow id="car84" type="carType2" from="gneE29" to="-gneE13" begin="76" end="76" number="1"/>
<flow id="car85" type="carType2" from="gneE50" to="gneE45" begin="79" end="79" number="1"/>
<flow id="car86" type="carType0" from="gneE27" to="gneE8" begin="79" end="79" number="1"/>
<flow id="car87" type="carType0" from="gneE50" to="-gneE27" begin="79" end="79" number="1"/>
<flow id="car88" type="carType0" from="bottomrightL" to="-gneE49" begin="80" end="80" number="1"/>
<flow id="car89" type="carType2" from="gneE29" to="gneE37" begin="81" end="81" number="1"/>
<flow id="car90" type="carType0" from="gneE34" to="gneE18" begin="82" end="82" number="1"/>
<flow id="car91" type="carType2" from="gneE42" to="topleftD" begin="82" end="82" number="1"/>
<flow id="car92" type="carType2" from="gneE9" to="gneE18" begin="82" end="82" number="1"/>
<flow id="car93" type="carType2" from="gneE21" to="gneE22" begin="82" end="82" number="1"/>
<flow id="car94" type="carType0" from="bottomrightU" to="gneE45" begin="85" end="85" number="1"/>
<flow id="car95" type="carType0" from="gneE45" to="-gneE21" begin="85" end="85" number="1"/>
<flow id="car96" type="carType0" from="-gneE50" to="gneE22" begin="86" end="86" number="1"/>
<flow id="car97" type="carType1" from="-gneE48" to="-gneE13" begin="86" end="86" number="1"/>
<flow id="car98" type="carType1" from="gneE30" to="-gneE45" begin="87" end="87" number="1"/>
<flow id="car99" type="carType0" from="gneE18" to="bottomrightL" begin="88" end="88" number="1"/>
<flow id="car100" type="carType1" from="-gneE34" to="-gneE8" begin="88" end="88" number="1"/>
<flow id="car101" type="carType2" from="gneE29" to="-gneE51" begin="88" end="88" number="1"/>
<flow id="car102" type="carType0" from="toprightL" to="gneE35" begin="90" end="90" number="1"/>
<flow id="car103" type="carType1" from="gneE48" to="-gneE27" begin="91" end="91" number="1"/>
<flow id="car104" type="carType1" from="-gneE7" to="-gneE42" begin="92" end="92" number="1"/>
<flow id="car105" type="carType2" from="gneE28" to="gneE28" begin="93" end="93" number="1"/>
<flow id="car106" type="carType1" from="gneE43" to="gneE29" begin="95" end="95" number="1"/>
<flow id="car107" type="carType0" from="bottomleftR" to="gneE45" begin="96" end="96" number="1"/>
<flow id="car108" type="carType2" from="gneE18" to="-gneE7" begin="100" end="100" number="1"/>
<flow id="car109" type="carType1" from="-gneE45" to="-gneE8" begin="101" end="101" number="1"/>
<flow id="car110" type="carType1" from="gneE48" to="-gneE27" begin="102" end="102" number="1"/>
<flow id="car111" type="carType2" from="-gneE48" to="-gneE42" begin="102" end="102" number="1"/>
<flow id="car112" type="carType1" from="gneE22" to="bottomleftR" begin="107" end="107" number="1"/>
<flow id="car113" type="carType1" from="gneE18" to="-gneE28" begin="108" end="108" number="1"/>
<flow id="car114" type="carType1" from="gneE44" to="-gneE28" begin="110" end="110" number="1"/>
<flow id="car115" type="carType0" from="-gneE49" to="-gneE43" begin="115" end="115" number="1"/>
<flow id="car116" type="carType0" from="gneE37" to="-gneE50" begin="115" end="115" number="1"/>
<flow id="car117" type="carType2" from="-gneE33" to="-gneE33" begin="116" end="116" number="1"/>
<flow id="car118" type="carType0" from="gneE50" to="-gneE44" begin="116" end="116" number="1"/>
<flow id="car119" type="carType2" from="gneE9" to="gneE45" begin="119" end="119" number="1"/>
<flow id="car120" type="carType2" from="-gneE43" to="toprightD" begin="120" end="120" number="1"/>
<flow id="car121" type="carType1" from="-gneE50" to="topleftR" begin="120" end="120" number="1"/>
<flow id="car122" type="carType1" from="gneE27" to="gneE51" begin="120" end="120" number="1"/>
<flow id="car123" type="carType2" from="-gneE18" to="gneE21" begin="120" end="120" number="1"/>
<flow id="car124" type="carType1" from="gneE37" to="toprightD" begin="120" end="120" number="1"/>
<flow id="car125" type="carType1" from="-gneE18" to="-gneE29" begin="122" end="122" number="1"/>
<flow id="car126" type="carType0" from="-gneE28" to="-gneE43" begin="122" end="122" number="1"/>
<flow id="car127" type="carType0" from="gneE51" to="gneE29" begin="122" end="122" number="1"/>
<flow id="car128" type="carType0" from="-gneE18" to="gneE29" begin="123" end="123" number="1"/>
<flow id="car129" type="carType0" from="-gneE43" to="topleftR" begin="124" end="124" number="1"/>
<flow id="car130" type="carType2" from="gneE51" to="-gneE49" begin="124" end="124" number="1"/>
<flow id="car131" type="carType2" from="-gneE8" to="gneE28" begin="124" end="124" number="1"/>
<flow id="car132" type="carType1" from="toprightL" to="gneE28" begin="126" end="126" number="1"/>
<flow id="car133" type="carType0" from="gneE34" to="-gneE18" begin="127" end="127" number="1"/>
<flow id="car134" type="carType0" from="topleftD" to="-gneE50" begin="129" end="129" number="1"/>
<flow id="car135" type="carType1" from="topleftD" to="gneE48" begin="130" end="130" number="1"/>
<flow id="car136" type="carType0" from="gneE37" to="-gneE43" begin="132" end="132" number="1"/>
<flow id="car137" type="carType0" from="gneE44" to="gneE18" begin="132" end="132" number="1"/>
<flow id="car138" type="carType0" from="gneE48" to="-gneE34" begin="132" end="132" number="1"/>
<flow id="car139" type="carType1" from="gneE8" to="gneE21" begin="135" end="135" number="1"/>
<flow id="car140" type="carType2" from="topleftD" to="gneE50" begin="136" end="136" number="1"/>
<flow id="car141" type="carType0" from="-gneE21" to="gneE46" begin="137" end="137" number="1"/>
<flow id="car142" type="carType1" from="-gneE49" to="-gneE42" begin="137" end="137" number="1"/>
<flow id="car143" type="carType0" from="bottomrightU" to="toprightL" begin="138" end="138" number="1"/>
<flow id="car144" type="carType2" from="-gneE7" to="toprightL" begin="139" end="139" number="1"/>
<flow id="car145" type="carType0" from="gneE18" to="-gneE45" begin="140" end="140" number="1"/>
<flow id="car146" type="carType0" from="toprightL" to="gneE50" begin="141" end="141" number="1"/>
<flow id="car147" type="carType0" from="-gneE7" to="toprightL" begin="142" end="142" number="1"/>
<flow id="car148" type="carType0" from="gneE45" to="-gneE18" begin="143" end="143" number="1"/>
<flow id="car149" type="carType2" from="gneE49" to="gneE50" begin="143" end="143" number="1"/>
<flow id="car150" type="carType2" from="gneE34" to="gneE30" begin="143" end="143" number="1"/>
<flow id="car151" type="carType1" from="gneE27" to="gneE43" begin="146" end="146" number="1"/>
<flow id="car152" type="carType2" from="-gneE50" to="gneE44" begin="148" end="148" number="1"/>
<flow id="car153" type="carType1" from="-gneE43" to="topleftR" begin="149" end="149" number="1"/>
<flow id="car154" type="carType2" from="-gneE21" to="gneE44" begin="149" end="149" number="1"/>
<flow id="car155" type="carType0" from="-gneE29" to="-gneE29" begin="150" end="150" number="1"/>
<flow id="car156" type="carType0" from="-gneE29" to="-gneE51" begin="150" end="150" number="1"/>
<flow id="car157" type="carType1" from="bottomleftR" to="-gneE44" begin="151" end="151" number="1"/>
<flow id="car158" type="carType2" from="gneE28" to="-gneE45" begin="151" end="151" number="1"/>
<flow id="car159" type="carType2" from="gneE9" to="gneE27" begin="151" end="151" number="1"/>
<flow id="car160" type="carType1" from="gneE45" to="gneE9" begin="152" end="152" number="1"/>
<flow id="car161" type="carType2" from="-gneE18" to="bottomrightU" begin="153" end="153" number="1"/>
<flow id="car162" type="carType1" from="gneE45" to="bottomleftR" begin="153" end="153" number="1"/>
<flow id="car163" type="carType1" from="gneE28" to="-gneE51" begin="154" end="154" number="1"/>
<flow id="car164" type="carType0" from="bottomrightU" to="-gneE43" begin="155" end="155" number="1"/>
<flow id="car165" type="carType1" from="bottomleftU" to="gneE48" begin="159" end="159" number="1"/>
<flow id="car166" type="carType0" from="-gneE48" to="bottomrightL" begin="159" end="159" number="1"/>
<flow id="car167" type="carType1" from="gneE35" to="gneE18" begin="160" end="160" number="1"/>
<flow id="car168" type="carType1" from="-gneE37" to="gneE45" begin="162" end="162" number="1"/>
<flow id="car169" type="carType2" from="-gneE49" to="gneE35" begin="165" end="165" number="1"/>
<flow id="car170" type="carType1" from="-gneE8" to="bottomrightU" begin="165" end="165" number="1"/>
<flow id="car171" type="carType0" from="-gneE13" to="gneE21" begin="167" end="167" number="1"/>
<flow id="car172" type="carType1" from="-gneE50" to="-gneE44" begin="167" end="167" number="1"/>
<flow id="car173" type="carType0" from="gneE50" to="gneE51" begin="168" end="168" number="1"/>
<flow id="car174" type="carType2" from="gneE50" to="toprightD" begin="171" end="171" number="1"/>
<flow id="car175" type="carType2" from="-gneE49" to="-gneE48" begin="173" end="173" number="1"/>
<flow id="car176" type="carType0" from="bottomrightU" to="gneE50" begin="174" end="174" number="1"/>
<flow id="car177" type="carType1" from="bottomleftR" to="gneE22" begin="174" end="174" number="1"/>
<flow id="car178" type="carType2" from="gneE9" to="-gneE18" begin="174" end="174" number="1"/>
<flow id="car179" type="carType1" from="gneE30" to="-gneE13" begin="180" end="180" number="1"/>
<flow id="car180" type="carType2" from="gneE34" to="-gneE45" begin="181" end="181" number="1"/>
<flow id="car181" type="carType0" from="gneE27" to="gneE8" begin="183" end="183" number="1"/>
<flow id="car182" type="carType1" from="bottomrightL" to="gneE42" begin="184" end="184" number="1"/>
<flow id="car183" type="carType0" from="-gneE8" to="gneE48" begin="184" end="184" number="1"/>
<flow id="car184" type="carType2" from="-gneE50" to="-gneE43" begin="184" end="184" number="1"/>
<flow id="car185" type="carType1" from="topleftD" to="-gneE48" begin="185" end="185" number="1"/>
<flow id="car186" type="carType1" from="-gneE37" to="gneE28" begin="185" end="185" number="1"/>
<flow id="car187" type="carType2" from="topleftD" to="gneE50" begin="185" end="185" number="1"/>
<flow id="car188" type="carType2" from="-gneE50" to="-gneE7" begin="185" end="185" number="1"/>
<flow id="car189" type="carType1" from="-gneE27" to="-gneE27" begin="186" end="186" number="1"/>
<flow id="car190" type="carType0" from="gneE51" to="gneE46" begin="187" end="187" number="1"/>
<flow id="car191" type="carType0" from="gneE29" to="gneE37" begin="189" end="189" number="1"/>
<flow id="car192" type="carType0" from="gneE49" to="-gneE8" begin="189" end="189" number="1"/>
<flow id="car193" type="carType0" from="gneE27" to="gneE48" begin="194" end="194" number="1"/>
<flow id="car194" type="carType1" from="gneE30" to="gneE9" begin="194" end="194" number="1"/>
<flow id="car195" type="carType0" from="gneE27" to="-gneE13" begin="196" end="196" number="1"/>
<flow id="car196" type="carType1" from="gneE50" to="gneE21" begin="197" end="197" number="1"/>
<flow id="car197" type="carType2" from="gneE9" to="-gneE51" begin="197" end="197" number="1"/>
<flow id="car198" type="carType1" from="gneE43" to="-gneE50" begin="197" end="197" number="1"/>
<flow id="car199" type="carType1" from="bottomrightL" to="gneE48" begin="197" end="197" number="1"/>
</routes>
