<routes>
<vType id="carType0" length="7" maxSpeed="51.49" accel="2.82" decel="5.04" speedDev="0.2" sigma="0.13"/>
<vType id="carType1" length="4" maxSpeed="56.98" accel="2.82" decel="4.27" speedDev="0.2" sigma="0.26"/>
<vType id="carType2" length="8" maxSpeed="51.06" accel="2.4" decel="4.28" speedDev="0.2" sigma="0.17"/>
<flow id="car0" type="carType0" from="-gneE51" to="-gneE49" begin="0" end="0" number="1"/>
<flow id="car1" type="carType2" from="toprightL" to="-gneE43" begin="1" end="1" number="1"/>
<flow id="car2" type="carType0" from="toprightD" to="-gneE44" begin="2" end="2" number="1"/>
<flow id="car3" type="carType0" from="topleftD" to="topleftR" begin="2" end="2" number="1"/>
<flow id="car4" type="carType2" from="gneE27" to="gneE51" begin="3" end="3" number="1"/>
<flow id="car5" type="carType2" from="-gneE44" to="bottomleftR" begin="3" end="3" number="1"/>
<flow id="car6" type="carType1" from="-gneE33" to="-gneE7" begin="8" end="8" number="1"/>
<flow id="car7" type="carType1" from="-gneE29" to="toprightD" begin="8" end="8" number="1"/>
<flow id="car8" type="carType2" from="topleftR" to="gneE46" begin="8" end="8" number="1"/>
<flow id="car9" type="carType1" from="toprightD" to="gneE21" begin="9" end="9" number="1"/>
<flow id="car10" type="carType0" from="-gneE29" to="gneE29" begin="10" end="10" number="1"/>
<flow id="car11" type="carType2" from="-gneE18" to="-gneE49" begin="13" end="13" number="1"/>
<flow id="car12" type="carType1" from="-gneE33" to="gneE45" begin="15" end="15" number="1"/>
<flow id="car13" type="carType2" from="gneE29" to="gneE42" begin="16" end="16" number="1"/>
<flow id="car14" type="carType2" from="-gneE21" to="-gneE18" begin="17" end="17" number="1"/>
<flow id="car15" type="carType2" from="-gneE8" to="bottomleftU" begin="17" end="17" number="1"/>
<flow id="car16" type="carType0" from="gneE8" to="-gneE51" begin="20" end="20" number="1"/>
<flow id="car17" type="carType1" from="-gneE33" to="gneE30" begin="24" end="24" number="1"/>
<flow id="car18" type="carType1" from="topleftD" to="-gneE50" begin="25" end="25" number="1"/>
<flow id="car19" type="carType2" from="-gneE21" to="gneE49" begin="25" end="25" number="1"/>
<flow id="car20" type="carType2" from="gneE21" to="gneE28" begin="26" end="26" number="1"/>
<flow id="car21" type="carType2" from="-gneE18" to="gneE50" begin="27" end="27" number="1"/>
<flow id="car22" type="carType1" from="toprightD" to="-gneE48" begin="29" end="29" number="1"/>
<flow id="car23" type="carType2" from="gneE45" to="bottomleftU" begin="31" end="31" number="1"/>
<flow id="car24" type="carType2" from="gneE44" to="-gneE42" begin="32" end="32" number="1"/>
<flow id="car25" type="carType0" from="-gneE43" to="-gneE45" begin="36" end="36" number="1"/>
<flow id="car26" type="carType2" from="bottomrightL" to="gneE28" begin="36" end="36" number="1"/>
<flow id="car27" type="carType1" from="bottomrightU" to="-gneE51" begin="37" end="37" number="1"/>
<flow id="car28" type="carType0" from="gneE27" to="-gneE44" begin="37" end="37" number="1"/>
<flow id="car29" type="carType1" from="bottomleftR" to="gneE27" begin="39" end="39" number="1"/>
<flow id="car30" type="carType0" from="-gneE51" to="toprightL" begin="39" end="39" number="1"/>
<flow id="car31" type="carType0" from="toprightL" to="gneE28" begin="40" end="40" number="1"/>
<flow id="car32" type="carType2" from="-gneE37" to="-gneE33" begin="40" end="40" number="1"/>
<flow id="car33" type="carType2" from="bottomrightL" to="gneE45" begin="41" end="41" number="1"/>
<flow id="car34" type="carType0" from="-gneE37" to="-gneE29" begin="42" end="42" number="1"/>
<flow id="car35" type="carType0" from="-gneE7" to="gneE35" begin="45" end="45" number="1"/>
<flow id="car36" type="carType1" from="toprightL" to="-gneE45" begin="47" end="47" number="1"/>
<flow id="car37" type="carType1" from="-gneE8" to="bottomrightL" begin="49" end="49" number="1"/>
<flow id="car38" type="carType1" from="-gneE7" to="gneE28" begin="49" end="49" number="1"/>
<flow id="car39" type="carType0" from="-gneE13" to="-gneE50" begin="50" end="50" number="1"/>
<flow id="car40" type="carType0" from="gneE37" to="-gneE44" begin="50" end="50" number="1"/>
<flow id="car41" type="carType2" from="-gneE45" to="gneE43" begin="52" end="52" number="1"/>
<flow id="car42" type="carType2" from="gneE30" to="topleftR" begin="53" end="53" number="1"/>
<flow id="car43" type="carType2" from="-gneE45" to="gneE45" begin="53" end="53" number="1"/>
<flow id="car44" type="carType1" from="toprightL" to="-gneE44" begin="53" end="53" number="1"/>
<flow id="car45" type="carType2" from="-gneE34" to="-gneE45" begin="53" end="53" number="1"/>
<flow id="car46" type="carType0" from="-gneE8" to="topleftD" begin="58" end="58" number="1"/>
<flow id="car47" type="carType2" from="gneE43" to="-gneE29" begin="59" end="59" number="1"/>
<flow id="car48" type="carType2" from="bottomrightU" to="gneE9" begin="59" end="59" number="1"/>
<flow id="car49" type="carType0" from="-gneE27" to="gneE8" begin="59" end="59" number="1"/>
<flow id="car50" type="carType0" from="-gneE42" to="-gneE28" begin="59" end="59" number="1"/>
<flow id="car51" type="carType2" from="gneE29" to="gneE37" begin="61" end="61" number="1"/>
<flow id="car52" type="carType0" from="gneE28" to="gneE27" begin="62" end="62" number="1"/>
<flow id="car53" type="carType0" from="-gneE48" to="toprightL" begin="62" end="62" number="1"/>
<flow id="car54" type="carType1" from="gneE44" to="gneE43" begin="62" end="62" number="1"/>
<flow id="car55" type="carType1" from="gneE46" to="gneE34" begin="63" end="63" number="1"/>
<flow id="car56" type="carType0" from="gneE9" to="-gneE45" begin="63" end="63" number="1"/>
<flow id="car57" type="carType0" from="-gneE37" to="-gneE33" begin="64" end="64" number="1"/>
<flow id="car58" type="carType0" from="gneE44" to="gneE50" begin="67" end="67" number="1"/>
<flow id="car59" type="carType0" from="gneE18" to="gneE37" begin="67" end="67" number="1"/>
<flow id="car60" type="carType0" from="gneE42" to="-gneE50" begin="68" end="68" number="1"/>
<flow id="car61" type="carType0" from="gneE35" to="gneE28" begin="68" end="68" number="1"/>
<flow id="car62" type="carType0" from="gneE37" to="gneE29" begin="68" end="68" number="1"/>
<flow id="car63" type="carType1" from="bottomleftR" to="gneE22" begin="69" end="69" number="1"/>
<flow id="car64" type="carType0" from="-gneE49" to="gneE48" begin="70" end="70" number="1"/>
<flow id="car65" type="carType2" from="gneE46" to="-gneE18" begin="75" end="75" number="1"/>
<flow id="car66" type="carType0" from="gneE48" to="-gneE8" begin="77" end="77" number="1"/>
<flow id="car67" type="carType2" from="-gneE8" to="-gneE7" begin="77" end="77" number="1"/>
<flow id="car68" type="carType1" from="topleftR" to="gneE21" begin="77" end="77" number="1"/>
<flow id="car69" type="carType0" from="-gneE48" to="gneE50" begin="78" end="78" number="1"/>
<flow id="car70" type="carType1" from="bottomrightL" to="gneE43" begin="78" end="78" number="1"/>
<flow id="car71" type="carType2" from="-gneE37" to="bottomrightU" begin="78" end="78" number="1"/>
<flow id="car72" type="carType2" from="gneE45" to="gneE8" begin="78" end="78" number="1"/>
<flow id="car73" type="carType2" from="toprightL" to="gneE22" begin="81" end="81" number="1"/>
<flow id="car74" type="carType0" from="-gneE33" to="bottomrightU" begin="82" end="82" number="1"/>
<flow id="car75" type="carType1" from="-gneE13" to="gneE37" begin="82" end="82" number="1"/>
<flow id="car76" type="carType1" from="gneE34" to="bottomrightL" begin="82" end="82" number="1"/>
<flow id="car77" type="carType2" from="-gneE43" to="gneE29" begin="83" end="83" number="1"/>
<flow id="car78" type="carType1" from="-gneE8" to="gneE18" begin="84" end="84" number="1"/>
<flow id="car79" type="carType2" from="-gneE7" to="-gneE33" begin="85" end="85" number="1"/>
<flow id="car80" type="carType0" from="topleftD" to="bottomrightL" begin="87" end="87" number="1"/>
<flow id="car81" type="carType0" from="bottomleftU" to="gneE46" begin="87" end="87" number="1"/>
<flow id="car82" type="carType1" from="gneE42" to="-gneE43" begin="87" end="87" number="1"/>
<flow id="car83" type="carType1" from="toprightD" to="gneE34" begin="88" end="88" number="1"/>
<flow id="car84" type="carType2" from="-gneE42" to="gneE30" begin="89" end="89" number="1"/>
<flow id="car85" type="carType2" from="gneE35" to="gneE35" begin="90" end="90" number="1"/>
<flow id="car86" type="carType1" from="gneE34" to="gneE43" begin="90" end="90" number="1"/>
<flow id="car87" type="carType1" from="gneE46" to="gneE46" begin="91" end="91" number="1"/>
<flow id="car88" type="carType2" from="gneE22" to="gneE42" begin="92" end="92" number="1"/>
<flow id="car89" type="carType1" from="gneE28" to="-gneE48" begin="93" end="93" number="1"/>
<flow id="car90" type="carType0" from="-gneE13" to="-gneE48" begin="93" end="93" number="1"/>
<flow id="car91" type="carType0" from="-gneE42" to="gneE45" begin="94" end="94" number="1"/>
<flow id="car92" type="carType1" from="-gneE51" to="-gneE27" begin="95" end="95" number="1"/>
<flow id="car93" type="carType0" from="gneE35" to="-gneE37" begin="95" end="95" number="1"/>
<flow id="car94" type="carType0" from="gneE43" to="gneE35" begin="95" end="95" number="1"/>
<flow id="car95" type="carType2" from="gneE34" to="-gneE27" begin="96" end="96" number="1"/>
<flow id="car96" type="carType1" from="-gneE43" to="gneE18" begin="97" end="97" number="1"/>
<flow id="car97" type="carType1" from="-gneE51" to="-gneE45" begin="100" end="100" number="1"/>
<flow id="car98" type="carType1" from="gneE18" to="-gneE8" begin="100" end="100" number="1"/>
<flow id="car99" type="carType0" from="gneE37" to="-gneE28" begin="102" end="102" number="1"/>
<flow id="car100" type="carType2" from="gneE45" to="-gneE43" begin="104" end="104" number="1"/>
<flow id="car101" type="carType1" from="-gneE34" to="bottomrightL" begin="107" end="107" number="1"/>
<flow id="car102" type="carType1" from="-gneE45" to="-gneE7" begin="107" end="107" number="1"/>
<flow id="car103" type="carType0" from="gneE43" to="bottomrightU" begin="111" end="111" number="1"/>
<flow id="car104" type="carType2" from="-gneE51" to="gneE29" begin="112" end="112" number="1"/>
<flow id="car105" type="carType1" from="gneE50" to="-gneE34" begin="112" end="112" number="1"/>
<flow id="car106" type="carType0" from="-gneE50" to="gneE34" begin="113" end="113" number="1"/>
<flow id="car107" type="carType2" from="bottomleftU" to="bottomrightU" begin="113" end="113" number="1"/>
<flow id="car108" type="carType0" from="toprightD" to="bottomrightU" begin="114" end="114" number="1"/>
<flow id="car109" type="carType1" from="gneE35" to="gneE9" begin="114" end="114" number="1"/>
<flow id="car110" type="carType0" from="-gneE34" to="bottomleftU" begin="116" end="116" number="1"/>
<flow id="car111" type="carType1" from="gneE34" to="gneE22" begin="117" end="117" number="1"/>
<flow id="car112" type="carType2" from="-gneE48" to="gneE29" begin="120" end="120" number="1"/>
<flow id="car113" type="carType1" from="gneE43" to="gneE30" begin="121" end="121" number="1"/>
<flow id="car114" type="carType0" from="toprightL" to="-gneE28" begin="123" end="123" number="1"/>
<flow id="car115" type="carType0" from="-gneE48" to="-gneE37" begin="124" end="124" number="1"/>
<flow id="car116" type="carType1" from="-gneE18" to="-gneE37" begin="124" end="124" number="1"/>
<flow id="car117" type="carType0" from="gneE28" to="gneE49" begin="124" end="124" number="1"/>
<flow id="car118" type="carType1" from="gneE35" to="-gneE28" begin="125" end="125" number="1"/>
<flow id="car119" type="carType2" from="gneE27" to="-gneE13" begin="126" end="126" number="1"/>
<flow id="car120" type="carType2" from="gneE42" to="gneE9" begin="128" end="128" number="1"/>
<flow id="car121" type="carType0" from="bottomleftR" to="-gneE7" begin="129" end="129" number="1"/>
<flow id="car122" type="carType0" from="gneE22" to="toprightD" begin="131" end="131" number="1"/>
<flow id="car123" type="carType2" from="-gneE18" to="-gneE7" begin="134" end="134" number="1"/>
<flow id="car124" type="carType2" from="gneE45" to="-gneE29" begin="134" end="134" number="1"/>
<flow id="car125" type="carType1" from="gneE50" to="bottomleftU" begin="136" end="136" number="1"/>
<flow id="car126" type="carType1" from="topleftD" to="-gneE44" begin="136" end="136" number="1"/>
<flow id="car127" type="carType2" from="gneE51" to="-gneE18" begin="137" end="137" number="1"/>
<flow id="car128" type="carType2" from="-gneE7" to="gneE21" begin="138" end="138" number="1"/>
<flow id="car129" type="carType2" from="gneE34" to="-gneE45" begin="139" end="139" number="1"/>
<flow id="car130" type="carType1" from="bottomleftR" to="-gneE43" begin="139" end="139" number="1"/>
<flow id="car131" type="carType0" from="gneE50" to="-gneE8" begin="141" end="141" number="1"/>
<flow id="car132" type="carType0" from="-gneE45" to="gneE51" begin="141" end="141" number="1"/>
<flow id="car133" type="carType1" from="-gneE45" to="-gneE28" begin="141" end="141" number="1"/>
<flow id="car134" type="carType2" from="-gneE21" to="gneE21" begin="142" end="142" number="1"/>
<flow id="car135" type="carType1" from="-gneE8" to="-gneE33" begin="143" end="143" number="1"/>
<flow id="car136" type="carType2" from="gneE49" to="gneE45" begin="143" end="143" number="1"/>
<flow id="car137" type="carType0" from="-gneE50" to="-gneE27" begin="144" end="144" number="1"/>
<flow id="car138" type="carType0" from="-gneE37" to="gneE43" begin="147" end="147" number="1"/>
<flow id="car139" type="carType1" from="bottomrightU" to="-gneE33" begin="147" end="147" number="1"/>
<flow id="car140" type="carType2" from="-gneE28" to="-gneE49" begin="147" end="147" number="1"/>
<flow id="car141" type="carType1" from="gneE18" to="gneE48" begin="148" end="148" number="1"/>
<flow id="car142" type="carType2" from="-gneE33" to="gneE21" begin="148" end="148" number="1"/>
<flow id="car143" type="carType1" from="gneE48" to="gneE46" begin="149" end="149" number="1"/>
<flow id="car144" type="carType0" from="gneE21" to="-gneE21" begin="153" end="153" number="1"/>
<flow id="car145" type="carType2" from="-gneE44" to="topleftD" begin="153" end="153" number="1"/>
<flow id="car146" type="carType2" from="-gneE34" to="bottomleftR" begin="154" end="154" number="1"/>
<flow id="car147" type="carType2" from="gneE42" to="-gneE34" begin="155" end="155" number="1"/>
<flow id="car148" type="carType1" from="bottomrightU" to="-gneE48" begin="157" end="157" number="1"/>
<flow id="car149" type="carType2" from="bottomrightU" to="-gneE44" begin="157" end="157" number="1"/>
<flow id="car150" type="carType2" from="gneE28" to="-gneE27" begin="157" end="157" number="1"/>
<flow id="car151" type="carType0" from="gneE46" to="-gneE7" begin="159" end="159" number="1"/>
<flow id="car152" type="carType1" from="gneE49" to="gneE35" begin="160" end="160" number="1"/>
<flow id="car153" type="carType2" from="gneE9" to="gneE45" begin="160" end="160" number="1"/>
<flow id="car154" type="carType2" from="-gneE37" to="gneE29" begin="160" end="160" number="1"/>
<flow id="car155" type="carType2" from="gneE51" to="-gneE50" begin="160" end="160" number="1"/>
<flow id="car156" type="carType1" from="gneE46" to="-gneE50" begin="161" end="161" number="1"/>
<flow id="car157" type="carType2" from="gneE45" to="bottomleftR" begin="162" end="162" number="1"/>
<flow id="car158" type="carType1" from="-gneE42" to="gneE34" begin="163" end="163" number="1"/>
<flow id="car159" type="carType2" from="gneE29" to="gneE27" begin="164" end="164" number="1"/>
<flow id="car160" type="carType0" from="gneE29" to="bottomleftR" begin="164" end="164" number="1"/>
<flow id="car161" type="carType1" from="-gneE49" to="topleftD" begin="166" end="166" number="1"/>
<flow id="car162" type="carType2" from="-gneE7" to="gneE29" begin="166" end="166" number="1"/>
<flow id="car163" type="carType0" from="topleftD" to="gneE43" begin="166" end="166" number="1"/>
<flow id="car164" type="carType0" from="bottomrightL" to="gneE18" begin="167" end="167" number="1"/>
<flow id="car165" type="carType2" from="bottomrightL" to="-gneE21" begin="168" end="168" number="1"/>
<flow id="car166" type="carType0" from="gneE9" to="-gneE51" begin="169" end="169" number="1"/>
<flow id="car167" type="carType0" from="-gneE50" to="gneE43" begin="169" end="169" number="1"/>
<flow id="car168" type="carType1" from="-gneE48" to="gneE34" begin="172" end="172" number="1"/>
<flow id="car169" type="carType0" from="-gneE18" to="gneE29" begin="172" end="172" number="1"/>
<flow id="car170" type="carType2" from="-gneE33" to="bottomleftU" begin="172" end="172" number="1"/>
<flow id="car171" type="carType2" from="gneE51" to="bottomleftU" begin="172" end="172" number="1"/>
<flow id="car172" type="carType0" from="-gneE50" to="gneE37" begin="173" end="173" number="1"/>
<flow id="car173" type="carType2" from="bottomrightL" to="bottomleftR" begin="174" end="174" number="1"/>
<flow id="car174" type="carType2" from="gneE42" to="-gneE21" begin="175" end="175" number="1"/>
<flow id="car175" type="carType2" from="gneE43" to="bottomrightU" begin="175" end="175" number="1"/>
<flow id="car176" type="carType2" from="gneE27" to="-gneE48" begin="176" end="176" number="1"/>
<flow id="car177" type="carType0" from="gneE30" to="gneE35" begin="178" end="178" number="1"/>
<flow id="car178" type="carType0" from="-gneE43" to="gneE28" begin="178" end="178" number="1"/>
<flow id="car179" type="carType1" from="gneE48" to="gneE46" begin="179" end="179" number="1"/>
<flow id="car180" type="carType1" from="gneE30" to="gneE51" begin="180" end="180" number="1"/>
<flow id="car181" type="carType0" from="gneE34" to="gneE28" begin="180" end="180" number="1"/>
<flow id="car182" type="carType2" from="-gneE42" to="gneE18" begin="181" end="181" number="1"/>
<flow id="car183" type="carType1" from="toprightL" to="gneE27" begin="182" end="182" number="1"/>
<flow id="car184" type="carType0" from="-gneE18" to="-gneE27" begin="182" end="182" number="1"/>
<flow id="car185" type="carType1" from="gneE51" to="gneE43" begin="184" end="184" number="1"/>
<flow id="car186" type="carType0" from="bottomleftU" to="gneE9" begin="185" end="185" number="1"/>
<flow id="car187" type="carType0" from="-gneE43" to="-gneE43" begin="185" end="185" number="1"/>
<flow id="car188" type="carType1" from="topleftR" to="gneE37" begin="186" end="186" number="1"/>
<flow id="car189" type="carType0" from="gneE51" to="toprightL" begin="187" end="187" number="1"/>
<flow id="car190" type="carType1" from="gneE42" to="gneE22" begin="187" end="187" number="1"/>
<flow id="car191" type="carType1" from="gneE27" to="-gneE8" begin="189" end="189" number="1"/>
<flow id="car192" type="carType0" from="gneE37" to="gneE22" begin="190" end="190" number="1"/>
<flow id="car193" type="carType1" from="gneE9" to="-gneE34" begin="191" end="191" number="1"/>
<flow id="car194" type="carType1" from="gneE51" to="-gneE21" begin="191" end="191" number="1"/>
<flow id="car195" type="carType0" from="-gneE21" to="topleftR" begin="194" end="194" number="1"/>
<flow id="car196" type="carType1" from="toprightD" to="-gneE8" begin="194" end="194" number="1"/>
<flow id="car197" type="carType1" from="-gneE48" to="-gneE7" begin="196" end="196" number="1"/>
<flow id="car198" type="carType2" from="gneE45" to="-gneE13" begin="197" end="197" number="1"/>
<flow id="car199" type="carType2" from="-gneE49" to="-gneE33" begin="198" end="198" number="1"/>
</routes>
