<routes>
<vType id="carType0" length="5" maxSpeed="42" accel="2.05" decel="5.88" speedDev="0.2" sigma="0.21"/>
<vType id="carType1" length="7" maxSpeed="48.76" accel="2.98" decel="4.02" speedDev="0.2" sigma="0.21"/>
<vType id="carType2" length="5" maxSpeed="50.11" accel="2.23" decel="4.14" speedDev="0.2" sigma="0.29"/>
<flow id="car0" type="carType0" from="-gneE28" to="-gneE49" begin="1" end="1" number="1"/>
<flow id="car1" type="carType2" from="gneE27" to="topleftR" begin="2" end="2" number="1"/>
<flow id="car2" type="carType2" from="toprightD" to="gneE43" begin="3" end="3" number="1"/>
<flow id="car3" type="carType1" from="-gneE18" to="-gneE8" begin="3" end="3" number="1"/>
<flow id="car4" type="carType2" from="-gneE18" to="gneE43" begin="3" end="3" number="1"/>
<flow id="car5" type="carType1" from="gneE29" to="-gneE34" begin="4" end="4" number="1"/>
<flow id="car6" type="carType1" from="-gneE42" to="toprightL" begin="5" end="5" number="1"/>
<flow id="car7" type="carType1" from="-gneE45" to="-gneE18" begin="6" end="6" number="1"/>
<flow id="car8" type="carType2" from="gneE37" to="gneE48" begin="7" end="7" number="1"/>
<flow id="car9" type="carType2" from="gneE46" to="gneE21" begin="7" end="7" number="1"/>
<flow id="car10" type="carType0" from="-gneE33" to="-gneE27" begin="9" end="9" number="1"/>
<flow id="car11" type="carType2" from="-gneE21" to="-gneE37" begin="10" end="10" number="1"/>
<flow id="car12" type="carType0" from="gneE28" to="gneE48" begin="13" end="13" number="1"/>
<flow id="car13" type="carType1" from="gneE8" to="-gneE42" begin="13" end="13" number="1"/>
<flow id="car14" type="carType2" from="-gneE33" to="-gneE18" begin="13" end="13" number="1"/>
<flow id="car15" type="carType1" from="gneE18" to="gneE8" begin="15" end="15" number="1"/>
<flow id="car16" type="carType2" from="-gneE13" to="gneE21" begin="15" end="15" number="1"/>
<flow id="car17" type="carType0" from="gneE21" to="-gneE48" begin="16" end="16" number="1"/>
<flow id="car18" type="carType0" from="-gneE29" to="gneE50" begin="16" end="16" number="1"/>
<flow id="car19" type="carType1" from="-gneE37" to="-gneE43" begin="18" end="18" number="1"/>
<flow id="car20" type="carType2" from="bottomleftR" to="gneE43" begin="21" end="21" number="1"/>
<flow id="car21" type="carType2" from="-gneE27" to="gneE43" begin="22" end="22" number="1"/>
<flow id="car22" type="carType0" from="gneE37" to="-gneE7" begin="22" end="22" number="1"/>
<flow id="car23" type="carType0" from="-gneE44" to="gneE44" begin="22" end="22" number="1"/>
<flow id="car24" type="carType0" from="topleftR" to="gneE51" begin="23" end="23" number="1"/>
<flow id="car25" type="carType1" from="gneE28" to="gneE35" begin="24" end="24" number="1"/>
<flow id="car26" type="carType0" from="-gneE13" to="-gneE28" begin="24" end="24" number="1"/>
<flow id="car27" type="carType1" from="bottomleftR" to="gneE34" begin="25" end="25" number="1"/>
<flow id="car28" type="carType2" from="toprightL" to="-gneE28" begin="26" end="26" number="1"/>
<flow id="car29" type="carType1" from="gneE9" to="gneE35" begin="26" end="26" number="1"/>
<flow id="car30" type="carType0" from="-gneE50" to="-gneE37" begin="27" end="27" number="1"/>
<flow id="car31" type="carType2" from="gneE43" to="-gneE27" begin="36" end="36" number="1"/>
<flow id="car32" type="carType0" from="gneE42" to="gneE27" begin="37" end="37" number="1"/>
<flow id="car33" type="carType0" from="-gneE34" to="toprightD" begin="37" end="37" number="1"/>
<flow id="car34" type="carType2" from="-gneE37" to="gneE44" begin="38" end="38" number="1"/>
<flow id="car35" type="carType0" from="gneE45" to="-gneE43" begin="39" end="39" number="1"/>
<flow id="car36" type="carType2" from="gneE48" to="gneE21" begin="41" end="41" number="1"/>
<flow id="car37" type="carType2" from="bottomrightU" to="-gneE43" begin="43" end="43" number="1"/>
<flow id="car38" type="carType2" from="-gneE44" to="-gneE50" begin="43" end="43" number="1"/>
<flow id="car39" type="carType0" from="toprightD" to="gneE9" begin="44" end="44" number="1"/>
<flow id="car40" type="carType1" from="bottomleftR" to="gneE8" begin="44" end="44" number="1"/>
<flow id="car41" type="carType2" from="-gneE8" to="-gneE28" begin="45" end="45" number="1"/>
<flow id="car42" type="carType0" from="toprightD" to="-gneE50" begin="49" end="49" number="1"/>
<flow id="car43" type="carType1" from="gneE35" to="gneE42" begin="49" end="49" number="1"/>
<flow id="car44" type="carType2" from="gneE44" to="-gneE48" begin="51" end="51" number="1"/>
<flow id="car45" type="carType1" from="gneE21" to="bottomrightU" begin="51" end="51" number="1"/>
<flow id="car46" type="carType0" from="gneE37" to="gneE44" begin="52" end="52" number="1"/>
<flow id="car47" type="carType1" from="gneE46" to="gneE27" begin="52" end="52" number="1"/>
<flow id="car48" type="carType1" from="-gneE42" to="-gneE29" begin="53" end="53" number="1"/>
<flow id="car49" type="carType2" from="bottomleftU" to="gneE50" begin="53" end="53" number="1"/>
<flow id="car50" type="carType1" from="gneE49" to="-gneE37" begin="53" end="53" number="1"/>
<flow id="car51" type="carType2" from="bottomleftR" to="-gneE51" begin="56" end="56" number="1"/>
<flow id="car52" type="carType1" from="-gneE50" to="bottomleftU" begin="56" end="56" number="1"/>
<flow id="car53" type="carType1" from="-gneE7" to="gneE42" begin="58" end="58" number="1"/>
<flow id="car54" type="carType2" from="-gneE37" to="gneE21" begin="59" end="59" number="1"/>
<flow id="car55" type="carType1" from="gneE27" to="-gneE29" begin="62" end="62" number="1"/>
<flow id="car56" type="carType0" from="gneE21" to="-gneE48" begin="64" end="64" number="1"/>
<flow id="car57" type="carType0" from="gneE34" to="topleftR" begin="65" end="65" number="1"/>
<flow id="car58" type="carType0" from="gneE34" to="gneE8" begin="65" end="65" number="1"/>
<flow id="car59" type="carType0" from="bottomleftU" to="-gneE27" begin="65" end="65" number="1"/>
<flow id="car60" type="carType0" from="gneE29" to="gneE34" begin="67" end="67" number="1"/>
<flow id="car61" type="carType1" from="bottomrightU" to="gneE51" begin="67" end="67" number="1"/>
<flow id="car62" type="carType0" from="gneE18" to="gneE48" begin="69" end="69" number="1"/>
<flow id="car63" type="carType0" from="-gneE27" to="-gneE13" begin="69" end="69" number="1"/>
<flow id="car64" type="carType0" from="bottomleftU" to="-gneE49" begin="69" end="69" number="1"/>
<flow id="car65" type="carType1" from="toprightD" to="bottomrightU" begin="69" end="69" number="1"/>
<flow id="car66" type="carType0" from="gneE43" to="topleftD" begin="70" end="70" number="1"/>
<flow id="car67" type="carType2" from="toprightL" to="gneE46" begin="70" end="70" number="1"/>
<flow id="car68" type="carType0" from="gneE30" to="-gneE34" begin="70" end="70" number="1"/>
<flow id="car69" type="carType0" from="bottomleftR" to="gneE42" begin="71" end="71" number="1"/>
<flow id="car70" type="carType0" from="gneE43" to="toprightL" begin="72" end="72" number="1"/>
<flow id="car71" type="carType1" from="gneE28" to="-gneE28" begin="72" end="72" number="1"/>
<flow id="car72" type="carType1" from="-gneE8" to="gneE43" begin="74" end="74" number="1"/>
<flow id="car73" type="carType1" from="-gneE13" to="gneE51" begin="74" end="74" number="1"/>
<flow id="car74" type="carType0" from="topleftR" to="gneE50" begin="75" end="75" number="1"/>
<flow id="car75" type="carType1" from="gneE22" to="-gneE34" begin="75" end="75" number="1"/>
<flow id="car76" type="carType0" from="-gneE50" to="-gneE7" begin="77" end="77" number="1"/>
<flow id="car77" type="carType1" from="-gneE45" to="-gneE48" begin="78" end="78" number="1"/>
<flow id="car78" type="carType1" from="-gneE48" to="-gneE50" begin="78" end="78" number="1"/>
<flow id="car79" type="carType2" from="gneE27" to="gneE45" begin="79" end="79" number="1"/>
<flow id="car80" type="carType0" from="-gneE45" to="-gneE34" begin="81" end="81" number="1"/>
<flow id="car81" type="carType1" from="toprightL" to="-gneE29" begin="81" end="81" number="1"/>
<flow id="car82" type="carType1" from="bottomleftU" to="-gneE33" begin="82" end="82" number="1"/>
<flow id="car83" type="carType1" from="-gneE29" to="-gneE33" begin="83" end="83" number="1"/>
<flow id="car84" type="carType1" from="-gneE27" to="topleftD" begin="83" end="83" number="1"/>
<flow id="car85" type="carType0" from="gneE21" to="gneE9" begin="85" end="85" number="1"/>
<flow id="car86" type="carType0" from="gneE28" to="gneE8" begin="85" end="85" number="1"/>
<flow id="car87" type="carType0" from="-gneE45" to="gneE46" begin="88" end="88" number="1"/>
<flow id="car88" type="carType0" from="-gneE34" to="gneE43" begin="89" end="89" number="1"/>
<flow id="car89" type="carType2" from="gneE18" to="-gneE29" begin="90" end="90" number="1"/>
<flow id="car90" type="carType1" from="-gneE18" to="gneE21" begin="90" end="90" number="1"/>
<flow id="car91" type="carType0" from="gneE51" to="topleftR" begin="92" end="92" number="1"/>
<flow id="car92" type="carType0" from="gneE51" to="gneE50" begin="92" end="92" number="1"/>
<flow id="car93" type="carType0" from="topleftD" to="gneE9" begin="92" end="92" number="1"/>
<flow id="car94" type="carType1" from="gneE35" to="gneE50" begin="93" end="93" number="1"/>
<flow id="car95" type="carType1" from="gneE21" to="-gneE21" begin="94" end="94" number="1"/>
<flow id="car96" type="carType2" from="gneE9" to="bottomrightU" begin="95" end="95" number="1"/>
<flow id="car97" type="carType0" from="gneE21" to="gneE43" begin="96" end="96" number="1"/>
<flow id="car98" type="carType1" from="-gneE49" to="gneE35" begin="97" end="97" number="1"/>
<flow id="car99" type="carType1" from="toprightL" to="gneE35" begin="98" end="98" number="1"/>
<flow id="car100" type="carType2" from="-gneE48" to="gneE43" begin="98" end="98" number="1"/>
<flow id="car101" type="carType2" from="toprightL" to="-gneE21" begin="98" end="98" number="1"/>
<flow id="car102" type="carType1" from="gneE48" to="-gneE43" begin="99" end="99" number="1"/>
<flow id="car103" type="carType0" from="topleftD" to="gneE34" begin="100" end="100" number="1"/>
<flow id="car104" type="carType1" from="-gneE21" to="gneE28" begin="101" end="101" number="1"/>
<flow id="car105" type="carType0" from="gneE45" to="gneE18" begin="103" end="103" number="1"/>
<flow id="car106" type="carType1" from="gneE44" to="bottomrightL" begin="104" end="104" number="1"/>
<flow id="car107" type="carType1" from="gneE35" to="-gneE43" begin="105" end="105" number="1"/>
<flow id="car108" type="carType2" from="-gneE28" to="gneE27" begin="105" end="105" number="1"/>
<flow id="car109" type="carType0" from="-gneE8" to="gneE18" begin="105" end="105" number="1"/>
<flow id="car110" type="carType2" from="gneE50" to="gneE8" begin="106" end="106" number="1"/>
<flow id="car111" type="carType1" from="-gneE42" to="-gneE21" begin="107" end="107" number="1"/>
<flow id="car112" type="carType0" from="gneE37" to="-gneE29" begin="108" end="108" number="1"/>
<flow id="car113" type="carType0" from="-gneE21" to="gneE8" begin="109" end="109" number="1"/>
<flow id="car114" type="carType0" from="toprightD" to="gneE28" begin="109" end="109" number="1"/>
<flow id="car115" type="carType2" from="-gneE43" to="toprightL" begin="110" end="110" number="1"/>
<flow id="car116" type="carType1" from="gneE43" to="gneE42" begin="113" end="113" number="1"/>
<flow id="car117" type="carType2" from="-gneE21" to="gneE50" begin="116" end="116" number="1"/>
<flow id="car118" type="carType0" from="topleftR" to="toprightL" begin="117" end="117" number="1"/>
<flow id="car119" type="carType0" from="gneE44" to="bottomrightU" begin="119" end="119" number="1"/>
<flow id="car120" type="carType0" from="-gneE13" to="-gneE43" begin="119" end="119" number="1"/>
<flow id="car121" type="carType2" from="-gneE51" to="topleftD" begin="120" end="120" number="1"/>
<flow id="car122" type="carType1" from="gneE8" to="gneE42" begin="121" end="121" number="1"/>
<flow id="car123" type="carType1" from="-gneE43" to="bottomleftR" begin="122" end="122" number="1"/>
<flow id="car124" type="carType0" from="-gneE21" to="gneE43" begin="122" end="122" number="1"/>
<flow id="car125" type="carType0" from="-gneE51" to="-gneE48" begin="123" end="123" number="1"/>
<flow id="car126" type="carType0" from="-gneE49" to="topleftD" begin="124" end="124" number="1"/>
<flow id="car127" type="carType1" from="bottomrightL" to="gneE8" begin="125" end="125" number="1"/>
<flow id="car128" type="carType1" from="gneE45" to="bottomrightU" begin="125" end="125" number="1"/>
<flow id="car129" type="carType0" from="-gneE44" to="bottomrightU" begin="125" end="125" number="1"/>
<flow id="car130" type="carType0" from="-gneE51" to="bottomrightL" begin="126" end="126" number="1"/>
<flow id="car131" type="carType0" from="gneE50" to="gneE9" begin="126" end="126" number="1"/>
<flow id="car132" type="carType1" from="bottomrightU" to="gneE43" begin="126" end="126" number="1"/>
<flow id="car133" type="carType0" from="gneE22" to="-gneE51" begin="131" end="131" number="1"/>
<flow id="car134" type="carType0" from="-gneE48" to="-gneE21" begin="133" end="133" number="1"/>
<flow id="car135" type="carType0" from="gneE29" to="bottomrightL" begin="133" end="133" number="1"/>
<flow id="car136" type="carType0" from="-gneE7" to="-gneE37" begin="135" end="135" number="1"/>
<flow id="car137" type="carType2" from="-gneE44" to="topleftD" begin="136" end="136" number="1"/>
<flow id="car138" type="carType1" from="-gneE29" to="gneE8" begin="137" end="137" number="1"/>
<flow id="car139" type="carType2" from="-gneE42" to="gneE44" begin="138" end="138" number="1"/>
<flow id="car140" type="carType0" from="-gneE48" to="gneE49" begin="138" end="138" number="1"/>
<flow id="car141" type="carType2" from="-gneE27" to="bottomleftR" begin="138" end="138" number="1"/>
<flow id="car142" type="carType2" from="gneE51" to="-gneE28" begin="139" end="139" number="1"/>
<flow id="car143" type="carType1" from="topleftD" to="gneE42" begin="141" end="141" number="1"/>
<flow id="car144" type="carType0" from="gneE46" to="-gneE34" begin="142" end="142" number="1"/>
<flow id="car145" type="carType2" from="gneE27" to="-gneE8" begin="142" end="142" number="1"/>
<flow id="car146" type="carType0" from="-gneE28" to="-gneE28" begin="143" end="143" number="1"/>
<flow id="car147" type="carType1" from="gneE22" to="-gneE34" begin="147" end="147" number="1"/>
<flow id="car148" type="carType1" from="gneE9" to="-gneE44" begin="147" end="147" number="1"/>
<flow id="car149" type="carType2" from="-gneE13" to="toprightD" begin="147" end="147" number="1"/>
<flow id="car150" type="carType0" from="gneE43" to="-gneE18" begin="148" end="148" number="1"/>
<flow id="car151" type="carType1" from="gneE44" to="gneE50" begin="151" end="151" number="1"/>
<flow id="car152" type="carType1" from="-gneE49" to="gneE37" begin="154" end="154" number="1"/>
<flow id="car153" type="carType2" from="gneE37" to="-gneE27" begin="155" end="155" number="1"/>
<flow id="car154" type="carType1" from="gneE43" to="-gneE51" begin="157" end="157" number="1"/>
<flow id="car155" type="carType0" from="-gneE45" to="bottomleftR" begin="159" end="159" number="1"/>
<flow id="car156" type="carType2" from="-gneE43" to="-gneE48" begin="160" end="160" number="1"/>
<flow id="car157" type="carType1" from="gneE22" to="gneE28" begin="160" end="160" number="1"/>
<flow id="car158" type="carType2" from="-gneE28" to="gneE34" begin="160" end="160" number="1"/>
<flow id="car159" type="carType0" from="-gneE28" to="bottomrightL" begin="160" end="160" number="1"/>
<flow id="car160" type="carType0" from="-gneE42" to="gneE28" begin="161" end="161" number="1"/>
<flow id="car161" type="carType1" from="-gneE21" to="gneE51" begin="162" end="162" number="1"/>
<flow id="car162" type="carType0" from="bottomrightL" to="-gneE13" begin="163" end="163" number="1"/>
<flow id="car163" type="carType0" from="gneE22" to="-gneE28" begin="164" end="164" number="1"/>
<flow id="car164" type="carType0" from="-gneE18" to="-gneE8" begin="165" end="165" number="1"/>
<flow id="car165" type="carType0" from="-gneE13" to="-gneE49" begin="165" end="165" number="1"/>
<flow id="car166" type="carType0" from="gneE46" to="-gneE51" begin="166" end="166" number="1"/>
<flow id="car167" type="carType1" from="topleftD" to="gneE9" begin="166" end="166" number="1"/>
<flow id="car168" type="carType1" from="gneE37" to="-gneE50" begin="166" end="166" number="1"/>
<flow id="car169" type="carType0" from="-gneE7" to="-gneE50" begin="167" end="167" number="1"/>
<flow id="car170" type="carType1" from="gneE42" to="-gneE43" begin="169" end="169" number="1"/>
<flow id="car171" type="carType0" from="-gneE7" to="-gneE45" begin="169" end="169" number="1"/>
<flow id="car172" type="carType1" from="gneE44" to="gneE48" begin="169" end="169" number="1"/>
<flow id="car173" type="carType1" from="-gneE18" to="-gneE8" begin="170" end="170" number="1"/>
<flow id="car174" type="carType1" from="-gneE27" to="gneE29" begin="171" end="171" number="1"/>
<flow id="car175" type="carType1" from="-gneE28" to="-gneE33" begin="172" end="172" number="1"/>
<flow id="car176" type="carType2" from="gneE22" to="gneE46" begin="172" end="172" number="1"/>
<flow id="car177" type="carType1" from="-gneE13" to="-gneE50" begin="172" end="172" number="1"/>
<flow id="car178" type="carType0" from="-gneE21" to="gneE22" begin="172" end="172" number="1"/>
<flow id="car179" type="carType2" from="gneE50" to="gneE51" begin="173" end="173" number="1"/>
<flow id="car180" type="carType0" from="gneE9" to="topleftR" begin="173" end="173" number="1"/>
<flow id="car181" type="carType1" from="-gneE33" to="gneE34" begin="174" end="174" number="1"/>
<flow id="car182" type="carType2" from="gneE30" to="-gneE50" begin="175" end="175" number="1"/>
<flow id="car183" type="carType2" from="gneE46" to="bottomrightL" begin="175" end="175" number="1"/>
<flow id="car184" type="carType1" from="-gneE8" to="-gneE51" begin="179" end="179" number="1"/>
<flow id="car185" type="carType1" from="toprightL" to="gneE44" begin="180" end="180" number="1"/>
<flow id="car186" type="carType1" from="bottomrightL" to="-gneE18" begin="180" end="180" number="1"/>
<flow id="car187" type="carType2" from="-gneE13" to="-gneE43" begin="184" end="184" number="1"/>
<flow id="car188" type="carType0" from="bottomrightU" to="gneE35" begin="185" end="185" number="1"/>
<flow id="car189" type="carType0" from="gneE43" to="toprightL" begin="185" end="185" number="1"/>
<flow id="car190" type="carType2" from="topleftD" to="gneE49" begin="191" end="191" number="1"/>
<flow id="car191" type="carType1" from="-gneE18" to="gneE8" begin="191" end="191" number="1"/>
<flow id="car192" type="carType0" from="gneE30" to="-gneE7" begin="191" end="191" number="1"/>
<flow id="car193" type="carType0" from="gneE22" to="topleftD" begin="192" end="192" number="1"/>
<flow id="car194" type="carType2" from="-gneE49" to="-gneE51" begin="193" end="193" number="1"/>
<flow id="car195" type="carType2" from="toprightD" to="-gneE27" begin="195" end="195" number="1"/>
<flow id="car196" type="carType2" from="gneE43" to="toprightL" begin="196" end="196" number="1"/>
<flow id="car197" type="carType1" from="gneE29" to="gneE21" begin="197" end="197" number="1"/>
<flow id="car198" type="carType2" from="-gneE34" to="-gneE27" begin="198" end="198" number="1"/>
<flow id="car199" type="carType1" from="-gneE33" to="bottomrightU" begin="199" end="199" number="1"/>
</routes>
