<routes>
<vType id="carType0" length="7" maxSpeed="52.63" accel="2.82" decel="5.22" speedDev="0.2" sigma="0.21"/>
<vType id="carType1" length="7" maxSpeed="55.35" accel="2.98" decel="5.47" speedDev="0.2" sigma="0.25"/>
<vType id="carType2" length="7" maxSpeed="51.49" accel="2.15" decel="4.22" speedDev="0.2" sigma="0.28"/>
<flow id="car0" type="carType2" from="-gneE29" to="topleftR" begin="0" end="0" number="1"/>
<flow id="car1" type="carType1" from="-gneE50" to="gneE43" begin="2" end="2" number="1"/>
<flow id="car2" type="carType1" from="-gneE48" to="-gneE50" begin="2" end="2" number="1"/>
<flow id="car3" type="carType1" from="-gneE28" to="gneE51" begin="5" end="5" number="1"/>
<flow id="car4" type="carType2" from="toprightD" to="-gneE13" begin="7" end="7" number="1"/>
<flow id="car5" type="carType1" from="toprightL" to="-gneE49" begin="8" end="8" number="1"/>
<flow id="car6" type="carType0" from="-gneE44" to="-gneE13" begin="9" end="9" number="1"/>
<flow id="car7" type="carType2" from="-gneE51" to="-gneE13" begin="10" end="10" number="1"/>
<flow id="car8" type="carType2" from="-gneE18" to="gneE35" begin="13" end="13" number="1"/>
<flow id="car9" type="carType2" from="-gneE27" to="-gneE28" begin="14" end="14" number="1"/>
<flow id="car10" type="carType1" from="gneE29" to="toprightL" begin="15" end="15" number="1"/>
<flow id="car11" type="carType0" from="gneE50" to="-gneE28" begin="16" end="16" number="1"/>
<flow id="car12" type="carType1" from="-gneE27" to="gneE22" begin="17" end="17" number="1"/>
<flow id="car13" type="carType0" from="gneE51" to="gneE29" begin="18" end="18" number="1"/>
<flow id="car14" type="carType2" from="-gneE13" to="-gneE37" begin="23" end="23" number="1"/>
<flow id="car15" type="carType2" from="-gneE33" to="-gneE33" begin="24" end="24" number="1"/>
<flow id="car16" type="carType0" from="gneE46" to="gneE51" begin="25" end="25" number="1"/>
<flow id="car17" type="carType1" from="gneE9" to="gneE8" begin="28" end="28" number="1"/>
<flow id="car18" type="carType0" from="gneE34" to="gneE37" begin="30" end="30" number="1"/>
<flow id="car19" type="carType1" from="gneE50" to="-gneE13" begin="32" end="32" number="1"/>
<flow id="car20" type="carType2" from="gneE9" to="bottomleftU" begin="34" end="34" number="1"/>
<flow id="car21" type="carType1" from="gneE18" to="toprightL" begin="35" end="35" number="1"/>
<flow id="car22" type="carType1" from="-gneE21" to="gneE27" begin="38" end="38" number="1"/>
<flow id="car23" type="carType0" from="-gneE42" to="-gneE33" begin="39" end="39" number="1"/>
<flow id="car24" type="carType2" from="gneE49" to="-gneE29" begin="39" end="39" number="1"/>
<flow id="car25" type="carType0" from="gneE37" to="-gneE28" begin="40" end="40" number="1"/>
<flow id="car26" type="carType2" from="gneE8" to="-gneE7" begin="40" end="40" number="1"/>
<flow id="car27" type="carType2" from="gneE37" to="gneE50" begin="41" end="41" number="1"/>
<flow id="car28" type="carType1" from="gneE30" to="gneE45" begin="41" end="41" number="1"/>
<flow id="car29" type="carType1" from="-gneE27" to="-gneE8" begin="42" end="42" number="1"/>
<flow id="car30" type="carType1" from="gneE50" to="-gneE49" begin="42" end="42" number="1"/>
<flow id="car31" type="carType0" from="gneE18" to="-gneE49" begin="43" end="43" number="1"/>
<flow id="car32" type="carType2" from="-gneE50" to="-gneE45" begin="43" end="43" number="1"/>
<flow id="car33" type="carType1" from="-gneE18" to="gneE37" begin="43" end="43" number="1"/>
<flow id="car34" type="carType1" from="gneE28" to="gneE43" begin="43" end="43" number="1"/>
<flow id="car35" type="carType0" from="gneE27" to="gneE27" begin="44" end="44" number="1"/>
<flow id="car36" type="carType0" from="-gneE34" to="bottomrightU" begin="47" end="47" number="1"/>
<flow id="car37" type="carType2" from="-gneE7" to="-gneE45" begin="48" end="48" number="1"/>
<flow id="car38" type="carType1" from="-gneE21" to="gneE9" begin="48" end="48" number="1"/>
<flow id="car39" type="carType0" from="gneE29" to="-gneE50" begin="49" end="49" number="1"/>
<flow id="car40" type="carType1" from="bottomleftR" to="gneE48" begin="49" end="49" number="1"/>
<flow id="car41" type="carType0" from="gneE43" to="-gneE43" begin="49" end="49" number="1"/>
<flow id="car42" type="carType1" from="toprightD" to="-gneE44" begin="50" end="50" number="1"/>
<flow id="car43" type="carType2" from="-gneE48" to="-gneE7" begin="52" end="52" number="1"/>
<flow id="car44" type="carType0" from="bottomrightU" to="-gneE49" begin="52" end="52" number="1"/>
<flow id="car45" type="carType1" from="-gneE34" to="gneE34" begin="53" end="53" number="1"/>
<flow id="car46" type="carType1" from="-gneE45" to="toprightL" begin="54" end="54" number="1"/>
<flow id="car47" type="carType1" from="-gneE18" to="bottomleftU" begin="54" end="54" number="1"/>
<flow id="car48" type="carType0" from="-gneE29" to="gneE42" begin="54" end="54" number="1"/>
<flow id="car49" type="carType1" from="-gneE28" to="-gneE33" begin="54" end="54" number="1"/>
<flow id="car50" type="carType2" from="gneE42" to="-gneE44" begin="54" end="54" number="1"/>
<flow id="car51" type="carType0" from="gneE27" to="-gneE45" begin="55" end="55" number="1"/>
<flow id="car52" type="carType2" from="gneE43" to="gneE44" begin="55" end="55" number="1"/>
<flow id="car53" type="carType0" from="-gneE21" to="gneE29" begin="55" end="55" number="1"/>
<flow id="car54" type="carType2" from="gneE42" to="-gneE42" begin="55" end="55" number="1"/>
<flow id="car55" type="carType2" from="gneE37" to="gneE51" begin="55" end="55" number="1"/>
<flow id="car56" type="carType1" from="bottomleftU" to="gneE50" begin="57" end="57" number="1"/>
<flow id="car57" type="carType2" from="bottomleftU" to="gneE9" begin="57" end="57" number="1"/>
<flow id="car58" type="carType0" from="-gneE28" to="gneE22" begin="58" end="58" number="1"/>
<flow id="car59" type="carType1" from="-gneE42" to="bottomleftR" begin="59" end="59" number="1"/>
<flow id="car60" type="carType1" from="gneE27" to="bottomleftR" begin="59" end="59" number="1"/>
<flow id="car61" type="carType0" from="-gneE28" to="-gneE45" begin="59" end="59" number="1"/>
<flow id="car62" type="carType1" from="-gneE48" to="gneE48" begin="59" end="59" number="1"/>
<flow id="car63" type="carType1" from="gneE34" to="topleftR" begin="59" end="59" number="1"/>
<flow id="car64" type="carType2" from="bottomleftR" to="gneE34" begin="60" end="60" number="1"/>
<flow id="car65" type="carType0" from="gneE21" to="toprightL" begin="60" end="60" number="1"/>
<flow id="car66" type="carType1" from="-gneE27" to="-gneE8" begin="61" end="61" number="1"/>
<flow id="car67" type="carType2" from="gneE48" to="gneE37" begin="61" end="61" number="1"/>
<flow id="car68" type="carType1" from="gneE8" to="gneE34" begin="62" end="62" number="1"/>
<flow id="car69" type="carType0" from="-gneE45" to="gneE18" begin="62" end="62" number="1"/>
<flow id="car70" type="carType1" from="gneE9" to="-gneE33" begin="64" end="64" number="1"/>
<flow id="car71" type="carType0" from="gneE46" to="gneE28" begin="68" end="68" number="1"/>
<flow id="car72" type="carType0" from="-gneE49" to="gneE8" begin="69" end="69" number="1"/>
<flow id="car73" type="carType1" from="gneE46" to="gneE48" begin="69" end="69" number="1"/>
<flow id="car74" type="carType2" from="gneE21" to="gneE49" begin="69" end="69" number="1"/>
<flow id="car75" type="carType1" from="-gneE45" to="-gneE34" begin="70" end="70" number="1"/>
<flow id="car76" type="carType0" from="bottomrightL" to="gneE28" begin="72" end="72" number="1"/>
<flow id="car77" type="carType1" from="gneE22" to="-gneE33" begin="74" end="74" number="1"/>
<flow id="car78" type="carType0" from="-gneE18" to="bottomrightU" begin="75" end="75" number="1"/>
<flow id="car79" type="carType0" from="-gneE8" to="-gneE43" begin="76" end="76" number="1"/>
<flow id="car80" type="carType1" from="-gneE51" to="gneE28" begin="76" end="76" number="1"/>
<flow id="car81" type="carType2" from="gneE35" to="gneE30" begin="77" end="77" number="1"/>
<flow id="car82" type="carType2" from="-gneE28" to="-gneE50" begin="77" end="77" number="1"/>
<flow id="car83" type="carType2" from="-gneE51" to="-gneE8" begin="78" end="78" number="1"/>
<flow id="car84" type="carType2" from="-gneE44" to="gneE46" begin="79" end="79" number="1"/>
<flow id="car85" type="carType2" from="gneE27" to="gneE21" begin="80" end="80" number="1"/>
<flow id="car86" type="carType0" from="-gneE37" to="gneE49" begin="80" end="80" number="1"/>
<flow id="car87" type="carType2" from="bottomleftU" to="gneE34" begin="81" end="81" number="1"/>
<flow id="car88" type="carType2" from="-gneE37" to="-gneE33" begin="82" end="82" number="1"/>
<flow id="car89" type="carType2" from="-gneE48" to="gneE42" begin="84" end="84" number="1"/>
<flow id="car90" type="carType2" from="-gneE37" to="-gneE51" begin="86" end="86" number="1"/>
<flow id="car91" type="carType0" from="-gneE37" to="gneE43" begin="86" end="86" number="1"/>
<flow id="car92" type="carType1" from="gneE21" to="bottomrightU" begin="87" end="87" number="1"/>
<flow id="car93" type="carType2" from="-gneE50" to="-gneE8" begin="87" end="87" number="1"/>
<flow id="car94" type="carType0" from="bottomleftU" to="gneE27" begin="88" end="88" number="1"/>
<flow id="car95" type="carType2" from="gneE50" to="gneE49" begin="90" end="90" number="1"/>
<flow id="car96" type="carType1" from="-gneE44" to="gneE28" begin="90" end="90" number="1"/>
<flow id="car97" type="carType2" from="topleftR" to="gneE43" begin="92" end="92" number="1"/>
<flow id="car98" type="carType2" from="-gneE51" to="-gneE45" begin="92" end="92" number="1"/>
<flow id="car99" type="carType1" from="gneE27" to="-gneE50" begin="93" end="93" number="1"/>
<flow id="car100" type="carType1" from="-gneE50" to="-gneE7" begin="96" end="96" number="1"/>
<flow id="car101" type="carType1" from="gneE35" to="gneE34" begin="96" end="96" number="1"/>
<flow id="car102" type="carType0" from="-gneE37" to="-gneE33" begin="97" end="97" number="1"/>
<flow id="car103" type="carType0" from="-gneE34" to="gneE21" begin="104" end="104" number="1"/>
<flow id="car104" type="carType2" from="-gneE27" to="gneE34" begin="104" end="104" number="1"/>
<flow id="car105" type="carType2" from="gneE43" to="-gneE42" begin="104" end="104" number="1"/>
<flow id="car106" type="carType0" from="-gneE27" to="-gneE42" begin="105" end="105" number="1"/>
<flow id="car107" type="carType0" from="gneE44" to="-gneE18" begin="105" end="105" number="1"/>
<flow id="car108" type="carType0" from="gneE9" to="bottomrightU" begin="106" end="106" number="1"/>
<flow id="car109" type="carType1" from="-gneE18" to="-gneE29" begin="106" end="106" number="1"/>
<flow id="car110" type="carType0" from="topleftR" to="bottomrightL" begin="107" end="107" number="1"/>
<flow id="car111" type="carType1" from="gneE48" to="-gneE8" begin="108" end="108" number="1"/>
<flow id="car112" type="carType2" from="-gneE29" to="bottomrightU" begin="109" end="109" number="1"/>
<flow id="car113" type="carType0" from="gneE50" to="bottomleftR" begin="109" end="109" number="1"/>
<flow id="car114" type="carType0" from="topleftR" to="topleftR" begin="109" end="109" number="1"/>
<flow id="car115" type="carType2" from="gneE37" to="topleftR" begin="111" end="111" number="1"/>
<flow id="car116" type="carType1" from="gneE37" to="-gneE42" begin="111" end="111" number="1"/>
<flow id="car117" type="carType1" from="-gneE34" to="bottomrightL" begin="111" end="111" number="1"/>
<flow id="car118" type="carType1" from="-gneE37" to="-gneE42" begin="112" end="112" number="1"/>
<flow id="car119" type="carType2" from="bottomrightU" to="gneE43" begin="112" end="112" number="1"/>
<flow id="car120" type="carType0" from="-gneE27" to="topleftR" begin="112" end="112" number="1"/>
<flow id="car121" type="carType0" from="gneE37" to="gneE44" begin="113" end="113" number="1"/>
<flow id="car122" type="carType0" from="gneE44" to="-gneE8" begin="114" end="114" number="1"/>
<flow id="car123" type="carType1" from="-gneE45" to="gneE49" begin="117" end="117" number="1"/>
<flow id="car124" type="carType2" from="gneE49" to="-gneE18" begin="117" end="117" number="1"/>
<flow id="car125" type="carType0" from="gneE37" to="-gneE33" begin="118" end="118" number="1"/>
<flow id="car126" type="carType1" from="-gneE50" to="gneE45" begin="120" end="120" number="1"/>
<flow id="car127" type="carType1" from="gneE43" to="-gneE37" begin="120" end="120" number="1"/>
<flow id="car128" type="carType2" from="-gneE37" to="-gneE50" begin="121" end="121" number="1"/>
<flow id="car129" type="carType1" from="bottomrightU" to="gneE44" begin="124" end="124" number="1"/>
<flow id="car130" type="carType1" from="gneE43" to="-gneE18" begin="124" end="124" number="1"/>
<flow id="car131" type="carType1" from="gneE22" to="-gneE51" begin="127" end="127" number="1"/>
<flow id="car132" type="carType2" from="-gneE13" to="gneE48" begin="127" end="127" number="1"/>
<flow id="car133" type="carType1" from="-gneE50" to="gneE44" begin="128" end="128" number="1"/>
<flow id="car134" type="carType0" from="gneE35" to="gneE22" begin="131" end="131" number="1"/>
<flow id="car135" type="carType0" from="gneE34" to="gneE29" begin="132" end="132" number="1"/>
<flow id="car136" type="carType2" from="toprightD" to="gneE30" begin="133" end="133" number="1"/>
<flow id="car137" type="carType0" from="topleftD" to="gneE49" begin="133" end="133" number="1"/>
<flow id="car138" type="carType0" from="bottomleftR" to="-gneE34" begin="134" end="134" number="1"/>
<flow id="car139" type="carType0" from="gneE22" to="-gneE33" begin="136" end="136" number="1"/>
<flow id="car140" type="carType0" from="gneE49" to="-gneE21" begin="137" end="137" number="1"/>
<flow id="car141" type="carType2" from="-gneE51" to="gneE8" begin="138" end="138" number="1"/>
<flow id="car142" type="carType1" from="-gneE48" to="gneE8" begin="139" end="139" number="1"/>
<flow id="car143" type="carType2" from="gneE48" to="bottomrightL" begin="140" end="140" number="1"/>
<flow id="car144" type="carType2" from="-gneE45" to="gneE45" begin="140" end="140" number="1"/>
<flow id="car145" type="carType1" from="-gneE45" to="-gneE37" begin="142" end="142" number="1"/>
<flow id="car146" type="carType0" from="gneE29" to="gneE35" begin="142" end="142" number="1"/>
<flow id="car147" type="carType0" from="-gneE43" to="-gneE44" begin="142" end="142" number="1"/>
<flow id="car148" type="carType1" from="gneE50" to="gneE45" begin="142" end="142" number="1"/>
<flow id="car149" type="carType0" from="gneE51" to="-gneE8" begin="142" end="142" number="1"/>
<flow id="car150" type="carType0" from="gneE46" to="-gneE33" begin="144" end="144" number="1"/>
<flow id="car151" type="carType2" from="gneE30" to="gneE28" begin="145" end="145" number="1"/>
<flow id="car152" type="carType2" from="-gneE21" to="gneE46" begin="146" end="146" number="1"/>
<flow id="car153" type="carType2" from="-gneE33" to="gneE44" begin="147" end="147" number="1"/>
<flow id="car154" type="carType1" from="gneE34" to="gneE51" begin="147" end="147" number="1"/>
<flow id="car155" type="carType0" from="gneE9" to="gneE30" begin="149" end="149" number="1"/>
<flow id="car156" type="carType1" from="topleftD" to="gneE51" begin="150" end="150" number="1"/>
<flow id="car157" type="carType0" from="gneE35" to="gneE44" begin="151" end="151" number="1"/>
<flow id="car158" type="carType1" from="gneE46" to="gneE18" begin="151" end="151" number="1"/>
<flow id="car159" type="carType1" from="gneE42" to="topleftD" begin="151" end="151" number="1"/>
<flow id="car160" type="carType2" from="-gneE13" to="gneE50" begin="153" end="153" number="1"/>
<flow id="car161" type="carType2" from="gneE29" to="toprightL" begin="155" end="155" number="1"/>
<flow id="car162" type="carType0" from="-gneE51" to="toprightD" begin="157" end="157" number="1"/>
<flow id="car163" type="carType2" from="gneE44" to="bottomrightL" begin="162" end="162" number="1"/>
<flow id="car164" type="carType0" from="gneE49" to="-gneE42" begin="163" end="163" number="1"/>
<flow id="car165" type="carType2" from="-gneE28" to="-gneE51" begin="165" end="165" number="1"/>
<flow id="car166" type="carType1" from="bottomleftR" to="gneE34" begin="166" end="166" number="1"/>
<flow id="car167" type="carType1" from="bottomrightU" to="-gneE37" begin="166" end="166" number="1"/>
<flow id="car168" type="carType2" from="-gneE21" to="gneE44" begin="168" end="168" number="1"/>
<flow id="car169" type="carType0" from="-gneE33" to="gneE42" begin="169" end="169" number="1"/>
<flow id="car170" type="carType2" from="gneE21" to="gneE46" begin="169" end="169" number="1"/>
<flow id="car171" type="carType0" from="bottomleftU" to="-gneE28" begin="170" end="170" number="1"/>
<flow id="car172" type="carType1" from="-gneE8" to="gneE21" begin="171" end="171" number="1"/>
<flow id="car173" type="carType1" from="-gneE48" to="-gneE50" begin="173" end="173" number="1"/>
<flow id="car174" type="carType1" from="-gneE27" to="-gneE29" begin="173" end="173" number="1"/>
<flow id="car175" type="carType1" from="-gneE45" to="gneE34" begin="173" end="173" number="1"/>
<flow id="car176" type="carType1" from="-gneE42" to="topleftR" begin="174" end="174" number="1"/>
<flow id="car177" type="carType2" from="-gneE7" to="-gneE37" begin="175" end="175" number="1"/>
<flow id="car178" type="carType0" from="-gneE33" to="-gneE51" begin="176" end="176" number="1"/>
<flow id="car179" type="carType0" from="gneE45" to="topleftD" begin="178" end="178" number="1"/>
<flow id="car180" type="carType1" from="-gneE33" to="-gneE37" begin="178" end="178" number="1"/>
<flow id="car181" type="carType1" from="gneE35" to="gneE42" begin="178" end="178" number="1"/>
<flow id="car182" type="carType0" from="toprightD" to="-gneE13" begin="179" end="179" number="1"/>
<flow id="car183" type="carType0" from="gneE34" to="gneE42" begin="180" end="180" number="1"/>
<flow id="car184" type="carType2" from="gneE35" to="bottomrightU" begin="180" end="180" number="1"/>
<flow id="car185" type="carType0" from="-gneE45" to="gneE42" begin="181" end="181" number="1"/>
<flow id="car186" type="carType1" from="-gneE45" to="bottomrightL" begin="182" end="182" number="1"/>
<flow id="car187" type="carType1" from="gneE46" to="-gneE45" begin="183" end="183" number="1"/>
<flow id="car188" type="carType1" from="bottomleftU" to="-gneE37" begin="183" end="183" number="1"/>
<flow id="car189" type="carType0" from="gneE28" to="gneE43" begin="184" end="184" number="1"/>
<flow id="car190" type="carType0" from="bottomleftU" to="-gneE45" begin="185" end="185" number="1"/>
<flow id="car191" type="carType1" from="-gneE34" to="gneE30" begin="186" end="186" number="1"/>
<flow id="car192" type="carType2" from="-gneE13" to="gneE8" begin="186" end="186" number="1"/>
<flow id="car193" type="carType0" from="gneE28" to="gneE35" begin="189" end="189" number="1"/>
<flow id="car194" type="carType0" from="bottomrightL" to="-gneE29" begin="190" end="190" number="1"/>
<flow id="car195" type="carType0" from="-gneE18" to="gneE37" begin="191" end="191" number="1"/>
<flow id="car196" type="carType0" from="-gneE43" to="gneE50" begin="197" end="197" number="1"/>
<flow id="car197" type="carType0" from="gneE22" to="gneE34" begin="197" end="197" number="1"/>
<flow id="car198" type="carType2" from="-gneE28" to="gneE29" begin="198" end="198" number="1"/>
<flow id="car199" type="carType2" from="-gneE48" to="-gneE7" begin="199" end="199" number="1"/>
</routes>
