<routes>
<vType id="carType0" length="3" maxSpeed="59.12" accel="2.69" decel="5.83" speedDev="0.2" sigma="0.23"/>
<vType id="carType1" length="7" maxSpeed="44.07" accel="2.99" decel="4.47" speedDev="0.2" sigma="0.15"/>
<vType id="carType2" length="5" maxSpeed="57.4" accel="2.07" decel="5.34" speedDev="0.2" sigma="0.2"/>
<flow id="car0" type="carType2" from="gneE30" to="-gneE44" begin="2" end="2" number="1"/>
<flow id="car1" type="carType2" from="-gneE13" to="gneE22" begin="3" end="3" number="1"/>
<flow id="car2" type="carType2" from="gneE18" to="gneE8" begin="5" end="5" number="1"/>
<flow id="car3" type="carType2" from="gneE35" to="gneE27" begin="6" end="6" number="1"/>
<flow id="car4" type="carType1" from="bottomleftU" to="-gneE21" begin="7" end="7" number="1"/>
<flow id="car5" type="carType2" from="bottomleftU" to="bottomrightL" begin="8" end="8" number="1"/>
<flow id="car6" type="carType2" from="toprightL" to="-gneE33" begin="8" end="8" number="1"/>
<flow id="car7" type="carType2" from="gneE49" to="toprightD" begin="8" end="8" number="1"/>
<flow id="car8" type="carType2" from="gneE44" to="gneE27" begin="9" end="9" number="1"/>
<flow id="car9" type="carType2" from="gneE48" to="-gneE28" begin="9" end="9" number="1"/>
<flow id="car10" type="carType2" from="-gneE43" to="gneE45" begin="9" end="9" number="1"/>
<flow id="car11" type="carType1" from="gneE9" to="bottomrightU" begin="10" end="10" number="1"/>
<flow id="car12" type="carType1" from="bottomleftU" to="gneE30" begin="14" end="14" number="1"/>
<flow id="car13" type="carType2" from="bottomleftR" to="-gneE21" begin="15" end="15" number="1"/>
<flow id="car14" type="carType2" from="gneE42" to="gneE51" begin="15" end="15" number="1"/>
<flow id="car15" type="carType2" from="-gneE45" to="-gneE50" begin="16" end="16" number="1"/>
<flow id="car16" type="carType2" from="gneE44" to="gneE22" begin="17" end="17" number="1"/>
<flow id="car17" type="carType2" from="gneE28" to="gneE30" begin="17" end="17" number="1"/>
<flow id="car18" type="carType2" from="gneE30" to="gneE28" begin="18" end="18" number="1"/>
<flow id="car19" type="carType0" from="gneE9" to="gneE46" begin="18" end="18" number="1"/>
<flow id="car20" type="carType0" from="-gneE37" to="-gneE44" begin="19" end="19" number="1"/>
<flow id="car21" type="carType0" from="gneE50" to="-gneE18" begin="20" end="20" number="1"/>
<flow id="car22" type="carType0" from="gneE50" to="gneE35" begin="21" end="21" number="1"/>
<flow id="car23" type="carType1" from="-gneE34" to="-gneE42" begin="21" end="21" number="1"/>
<flow id="car24" type="carType2" from="gneE46" to="-gneE44" begin="23" end="23" number="1"/>
<flow id="car25" type="carType2" from="gneE30" to="gneE50" begin="24" end="24" number="1"/>
<flow id="car26" type="carType0" from="-gneE18" to="gneE45" begin="26" end="26" number="1"/>
<flow id="car27" type="carType0" from="-gneE18" to="gneE50" begin="27" end="27" number="1"/>
<flow id="car28" type="carType0" from="-gneE28" to="-gneE28" begin="27" end="27" number="1"/>
<flow id="car29" type="carType2" from="-gneE8" to="gneE34" begin="29" end="29" number="1"/>
<flow id="car30" type="carType2" from="bottomrightL" to="gneE22" begin="30" end="30" number="1"/>
<flow id="car31" type="carType1" from="topleftR" to="gneE21" begin="32" end="32" number="1"/>
<flow id="car32" type="carType0" from="-gneE21" to="-gneE27" begin="32" end="32" number="1"/>
<flow id="car33" type="carType2" from="-gneE44" to="bottomleftU" begin="33" end="33" number="1"/>
<flow id="car34" type="carType1" from="gneE43" to="gneE37" begin="33" end="33" number="1"/>
<flow id="car35" type="carType2" from="-gneE43" to="-gneE49" begin="34" end="34" number="1"/>
<flow id="car36" type="carType1" from="bottomrightU" to="gneE45" begin="35" end="35" number="1"/>
<flow id="car37" type="carType2" from="-gneE13" to="-gneE48" begin="36" end="36" number="1"/>
<flow id="car38" type="carType1" from="bottomrightL" to="-gneE21" begin="36" end="36" number="1"/>
<flow id="car39" type="carType0" from="gneE34" to="gneE22" begin="37" end="37" number="1"/>
<flow id="car40" type="carType2" from="gneE18" to="-gneE37" begin="38" end="38" number="1"/>
<flow id="car41" type="carType0" from="gneE21" to="gneE44" begin="40" end="40" number="1"/>
<flow id="car42" type="carType1" from="gneE21" to="gneE29" begin="40" end="40" number="1"/>
<flow id="car43" type="carType0" from="-gneE28" to="-gneE44" begin="40" end="40" number="1"/>
<flow id="car44" type="carType0" from="-gneE8" to="-gneE48" begin="41" end="41" number="1"/>
<flow id="car45" type="carType1" from="bottomrightU" to="-gneE50" begin="42" end="42" number="1"/>
<flow id="car46" type="carType2" from="gneE44" to="gneE51" begin="43" end="43" number="1"/>
<flow id="car47" type="carType2" from="topleftD" to="gneE50" begin="45" end="45" number="1"/>
<flow id="car48" type="carType1" from="gneE34" to="gneE48" begin="46" end="46" number="1"/>
<flow id="car49" type="carType2" from="gneE30" to="-gneE29" begin="47" end="47" number="1"/>
<flow id="car50" type="carType1" from="toprightL" to="gneE37" begin="48" end="48" number="1"/>
<flow id="car51" type="carType0" from="-gneE51" to="gneE29" begin="48" end="48" number="1"/>
<flow id="car52" type="carType1" from="-gneE48" to="gneE8" begin="49" end="49" number="1"/>
<flow id="car53" type="carType1" from="gneE37" to="-gneE27" begin="49" end="49" number="1"/>
<flow id="car54" type="carType0" from="gneE43" to="bottomrightU" begin="51" end="51" number="1"/>
<flow id="car55" type="carType1" from="gneE30" to="gneE49" begin="52" end="52" number="1"/>
<flow id="car56" type="carType2" from="gneE27" to="topleftR" begin="53" end="53" number="1"/>
<flow id="car57" type="carType1" from="gneE37" to="gneE34" begin="54" end="54" number="1"/>
<flow id="car58" type="carType0" from="-gneE50" to="-gneE13" begin="54" end="54" number="1"/>
<flow id="car59" type="carType1" from="gneE44" to="-gneE7" begin="55" end="55" number="1"/>
<flow id="car60" type="carType2" from="gneE44" to="gneE21" begin="56" end="56" number="1"/>
<flow id="car61" type="carType0" from="-gneE49" to="gneE29" begin="56" end="56" number="1"/>
<flow id="car62" type="carType2" from="bottomrightU" to="gneE51" begin="57" end="57" number="1"/>
<flow id="car63" type="carType2" from="gneE50" to="gneE21" begin="57" end="57" number="1"/>
<flow id="car64" type="carType2" from="gneE49" to="gneE42" begin="59" end="59" number="1"/>
<flow id="car65" type="carType2" from="gneE49" to="gneE44" begin="59" end="59" number="1"/>
<flow id="car66" type="carType2" from="bottomrightL" to="toprightL" begin="59" end="59" number="1"/>
<flow id="car67" type="carType2" from="bottomleftU" to="-gneE27" begin="60" end="60" number="1"/>
<flow id="car68" type="carType0" from="gneE35" to="gneE34" begin="60" end="60" number="1"/>
<flow id="car69" type="carType2" from="gneE9" to="gneE21" begin="60" end="60" number="1"/>
<flow id="car70" type="carType1" from="gneE51" to="-gneE33" begin="61" end="61" number="1"/>
<flow id="car71" type="carType1" from="gneE51" to="-gneE7" begin="62" end="62" number="1"/>
<flow id="car72" type="carType1" from="gneE49" to="gneE49" begin="62" end="62" number="1"/>
<flow id="car73" type="carType0" from="bottomleftR" to="-gneE44" begin="62" end="62" number="1"/>
<flow id="car74" type="carType1" from="-gneE28" to="gneE45" begin="63" end="63" number="1"/>
<flow id="car75" type="carType0" from="-gneE21" to="gneE45" begin="63" end="63" number="1"/>
<flow id="car76" type="carType2" from="bottomrightL" to="-gneE7" begin="64" end="64" number="1"/>
<flow id="car77" type="carType0" from="-gneE21" to="gneE18" begin="65" end="65" number="1"/>
<flow id="car78" type="carType2" from="-gneE7" to="gneE29" begin="65" end="65" number="1"/>
<flow id="car79" type="carType0" from="gneE29" to="gneE30" begin="67" end="67" number="1"/>
<flow id="car80" type="carType1" from="gneE8" to="-gneE28" begin="67" end="67" number="1"/>
<flow id="car81" type="carType0" from="gneE42" to="toprightD" begin="68" end="68" number="1"/>
<flow id="car82" type="carType1" from="gneE46" to="bottomleftR" begin="69" end="69" number="1"/>
<flow id="car83" type="carType0" from="-gneE34" to="gneE46" begin="70" end="70" number="1"/>
<flow id="car84" type="carType2" from="gneE9" to="bottomleftR" begin="70" end="70" number="1"/>
<flow id="car85" type="carType0" from="gneE35" to="bottomrightU" begin="72" end="72" number="1"/>
<flow id="car86" type="carType1" from="gneE43" to="-gneE43" begin="74" end="74" number="1"/>
<flow id="car87" type="carType0" from="topleftD" to="-gneE28" begin="74" end="74" number="1"/>
<flow id="car88" type="carType1" from="-gneE27" to="-gneE18" begin="75" end="75" number="1"/>
<flow id="car89" type="carType0" from="gneE42" to="gneE28" begin="77" end="77" number="1"/>
<flow id="car90" type="carType0" from="-gneE34" to="gneE35" begin="77" end="77" number="1"/>
<flow id="car91" type="carType1" from="gneE30" to="-gneE21" begin="79" end="79" number="1"/>
<flow id="car92" type="carType1" from="gneE51" to="bottomleftU" begin="84" end="84" number="1"/>
<flow id="car93" type="carType2" from="gneE46" to="-gneE50" begin="84" end="84" number="1"/>
<flow id="car94" type="carType0" from="-gneE49" to="bottomleftU" begin="84" end="84" number="1"/>
<flow id="car95" type="carType2" from="-gneE33" to="-gneE51" begin="85" end="85" number="1"/>
<flow id="car96" type="carType1" from="-gneE48" to="-gneE50" begin="88" end="88" number="1"/>
<flow id="car97" type="carType1" from="gneE51" to="gneE30" begin="90" end="90" number="1"/>
<flow id="car98" type="carType1" from="gneE49" to="bottomrightU" begin="93" end="93" number="1"/>
<flow id="car99" type="carType1" from="topleftR" to="-gneE48" begin="93" end="93" number="1"/>
<flow id="car100" type="carType0" from="gneE45" to="gneE18" begin="95" end="95" number="1"/>
<flow id="car101" type="carType2" from="-gneE43" to="gneE45" begin="96" end="96" number="1"/>
<flow id="car102" type="carType1" from="-gneE33" to="gneE43" begin="96" end="96" number="1"/>
<flow id="car103" type="carType0" from="topleftR" to="-gneE18" begin="98" end="98" number="1"/>
<flow id="car104" type="carType2" from="-gneE29" to="gneE50" begin="99" end="99" number="1"/>
<flow id="car105" type="carType0" from="gneE51" to="topleftR" begin="102" end="102" number="1"/>
<flow id="car106" type="carType1" from="-gneE33" to="gneE28" begin="103" end="103" number="1"/>
<flow id="car107" type="carType2" from="-gneE49" to="-gneE37" begin="103" end="103" number="1"/>
<flow id="car108" type="carType1" from="gneE46" to="-gneE51" begin="103" end="103" number="1"/>
<flow id="car109" type="carType0" from="-gneE7" to="gneE27" begin="104" end="104" number="1"/>
<flow id="car110" type="carType0" from="gneE30" to="-gneE34" begin="106" end="106" number="1"/>
<flow id="car111" type="carType2" from="-gneE49" to="toprightL" begin="108" end="108" number="1"/>
<flow id="car112" type="carType2" from="gneE22" to="gneE8" begin="109" end="109" number="1"/>
<flow id="car113" type="carType2" from="gneE35" to="gneE28" begin="109" end="109" number="1"/>
<flow id="car114" type="carType1" from="-gneE27" to="bottomrightL" begin="109" end="109" number="1"/>
<flow id="car115" type="carType1" from="gneE22" to="-gneE42" begin="109" end="109" number="1"/>
<flow id="car116" type="carType1" from="gneE44" to="gneE51" begin="110" end="110" number="1"/>
<flow id="car117" type="carType2" from="gneE49" to="gneE35" begin="112" end="112" number="1"/>
<flow id="car118" type="carType1" from="gneE22" to="bottomleftU" begin="113" end="113" number="1"/>
<flow id="car119" type="carType2" from="gneE49" to="-gneE51" begin="114" end="114" number="1"/>
<flow id="car120" type="carType1" from="-gneE51" to="gneE8" begin="114" end="114" number="1"/>
<flow id="car121" type="carType0" from="-gneE37" to="gneE49" begin="115" end="115" number="1"/>
<flow id="car122" type="carType1" from="-gneE42" to="gneE18" begin="118" end="118" number="1"/>
<flow id="car123" type="carType0" from="gneE44" to="gneE9" begin="119" end="119" number="1"/>
<flow id="car124" type="carType0" from="-gneE13" to="-gneE33" begin="119" end="119" number="1"/>
<flow id="car125" type="carType0" from="gneE21" to="gneE27" begin="121" end="121" number="1"/>
<flow id="car126" type="carType1" from="-gneE18" to="gneE48" begin="122" end="122" number="1"/>
<flow id="car127" type="carType0" from="-gneE29" to="gneE50" begin="123" end="123" number="1"/>
<flow id="car128" type="carType2" from="-gneE7" to="-gneE48" begin="123" end="123" number="1"/>
<flow id="car129" type="carType0" from="-gneE45" to="bottomleftU" begin="126" end="126" number="1"/>
<flow id="car130" type="carType0" from="-gneE44" to="-gneE37" begin="131" end="131" number="1"/>
<flow id="car131" type="carType1" from="-gneE43" to="gneE46" begin="133" end="133" number="1"/>
<flow id="car132" type="carType1" from="-gneE45" to="-gneE49" begin="134" end="134" number="1"/>
<flow id="car133" type="carType1" from="-gneE49" to="-gneE7" begin="135" end="135" number="1"/>
<flow id="car134" type="carType2" from="gneE21" to="-gneE28" begin="136" end="136" number="1"/>
<flow id="car135" type="carType2" from="-gneE49" to="gneE8" begin="136" end="136" number="1"/>
<flow id="car136" type="carType2" from="topleftD" to="bottomleftR" begin="136" end="136" number="1"/>
<flow id="car137" type="carType0" from="gneE18" to="bottomleftR" begin="138" end="138" number="1"/>
<flow id="car138" type="carType2" from="toprightL" to="-gneE50" begin="140" end="140" number="1"/>
<flow id="car139" type="carType1" from="-gneE51" to="topleftD" begin="140" end="140" number="1"/>
<flow id="car140" type="carType2" from="-gneE33" to="gneE22" begin="142" end="142" number="1"/>
<flow id="car141" type="carType1" from="-gneE37" to="-gneE8" begin="143" end="143" number="1"/>
<flow id="car142" type="carType0" from="-gneE34" to="gneE9" begin="143" end="143" number="1"/>
<flow id="car143" type="carType1" from="-gneE51" to="gneE51" begin="144" end="144" number="1"/>
<flow id="car144" type="carType2" from="-gneE34" to="gneE9" begin="146" end="146" number="1"/>
<flow id="car145" type="carType2" from="-gneE51" to="bottomrightL" begin="147" end="147" number="1"/>
<flow id="car146" type="carType0" from="-gneE48" to="gneE28" begin="148" end="148" number="1"/>
<flow id="car147" type="carType0" from="bottomrightU" to="-gneE27" begin="151" end="151" number="1"/>
<flow id="car148" type="carType1" from="gneE28" to="-gneE18" begin="152" end="152" number="1"/>
<flow id="car149" type="carType0" from="gneE49" to="-gneE51" begin="152" end="152" number="1"/>
<flow id="car150" type="carType0" from="gneE45" to="toprightD" begin="153" end="153" number="1"/>
<flow id="car151" type="carType1" from="-gneE43" to="gneE49" begin="154" end="154" number="1"/>
<flow id="car152" type="carType1" from="gneE37" to="gneE51" begin="154" end="154" number="1"/>
<flow id="car153" type="carType2" from="gneE30" to="-gneE28" begin="155" end="155" number="1"/>
<flow id="car154" type="carType1" from="-gneE44" to="-gneE8" begin="156" end="156" number="1"/>
<flow id="car155" type="carType1" from="gneE21" to="gneE18" begin="157" end="157" number="1"/>
<flow id="car156" type="carType1" from="-gneE18" to="gneE44" begin="159" end="159" number="1"/>
<flow id="car157" type="carType1" from="-gneE43" to="-gneE18" begin="159" end="159" number="1"/>
<flow id="car158" type="carType0" from="gneE50" to="bottomrightL" begin="159" end="159" number="1"/>
<flow id="car159" type="carType2" from="gneE30" to="-gneE51" begin="160" end="160" number="1"/>
<flow id="car160" type="carType1" from="gneE34" to="gneE48" begin="162" end="162" number="1"/>
<flow id="car161" type="carType0" from="gneE51" to="-gneE8" begin="164" end="164" number="1"/>
<flow id="car162" type="carType0" from="gneE27" to="-gneE48" begin="167" end="167" number="1"/>
<flow id="car163" type="carType1" from="-gneE51" to="bottomrightU" begin="167" end="167" number="1"/>
<flow id="car164" type="carType2" from="bottomleftU" to="gneE42" begin="168" end="168" number="1"/>
<flow id="car165" type="carType1" from="gneE29" to="toprightD" begin="168" end="168" number="1"/>
<flow id="car166" type="carType0" from="gneE46" to="gneE9" begin="169" end="169" number="1"/>
<flow id="car167" type="carType0" from="-gneE43" to="gneE34" begin="169" end="169" number="1"/>
<flow id="car168" type="carType2" from="gneE8" to="gneE18" begin="174" end="174" number="1"/>
<flow id="car169" type="carType0" from="bottomrightU" to="-gneE50" begin="174" end="174" number="1"/>
<flow id="car170" type="carType2" from="gneE8" to="gneE42" begin="175" end="175" number="1"/>
<flow id="car171" type="carType0" from="gneE46" to="gneE37" begin="177" end="177" number="1"/>
<flow id="car172" type="carType0" from="gneE9" to="gneE45" begin="177" end="177" number="1"/>
<flow id="car173" type="carType2" from="-gneE43" to="-gneE49" begin="177" end="177" number="1"/>
<flow id="car174" type="carType0" from="gneE27" to="gneE21" begin="177" end="177" number="1"/>
<flow id="car175" type="carType0" from="-gneE21" to="gneE29" begin="180" end="180" number="1"/>
<flow id="car176" type="carType2" from="gneE29" to="-gneE43" begin="181" end="181" number="1"/>
<flow id="car177" type="carType1" from="-gneE43" to="gneE42" begin="181" end="181" number="1"/>
<flow id="car178" type="carType1" from="-gneE34" to="-gneE7" begin="182" end="182" number="1"/>
<flow id="car179" type="carType0" from="gneE44" to="gneE43" begin="182" end="182" number="1"/>
<flow id="car180" type="carType2" from="topleftD" to="-gneE42" begin="183" end="183" number="1"/>
<flow id="car181" type="carType0" from="-gneE44" to="gneE37" begin="183" end="183" number="1"/>
<flow id="car182" type="carType0" from="gneE48" to="gneE46" begin="184" end="184" number="1"/>
<flow id="car183" type="carType2" from="bottomleftU" to="-gneE51" begin="186" end="186" number="1"/>
<flow id="car184" type="carType1" from="gneE27" to="gneE48" begin="186" end="186" number="1"/>
<flow id="car185" type="carType2" from="-gneE7" to="bottomrightL" begin="187" end="187" number="1"/>
<flow id="car186" type="carType0" from="-gneE28" to="gneE43" begin="188" end="188" number="1"/>
<flow id="car187" type="carType2" from="toprightL" to="-gneE13" begin="188" end="188" number="1"/>
<flow id="car188" type="carType0" from="-gneE8" to="gneE22" begin="189" end="189" number="1"/>
<flow id="car189" type="carType2" from="gneE35" to="gneE42" begin="189" end="189" number="1"/>
<flow id="car190" type="carType1" from="-gneE13" to="-gneE37" begin="190" end="190" number="1"/>
<flow id="car191" type="carType0" from="gneE28" to="-gneE44" begin="191" end="191" number="1"/>
<flow id="car192" type="carType2" from="gneE34" to="-gneE8" begin="192" end="192" number="1"/>
<flow id="car193" type="carType0" from="-gneE21" to="gneE42" begin="192" end="192" number="1"/>
<flow id="car194" type="carType1" from="gneE28" to="-gneE34" begin="194" end="194" number="1"/>
<flow id="car195" type="carType0" from="gneE50" to="-gneE49" begin="195" end="195" number="1"/>
<flow id="car196" type="carType2" from="-gneE7" to="-gneE48" begin="196" end="196" number="1"/>
<flow id="car197" type="carType0" from="gneE51" to="-gneE21" begin="198" end="198" number="1"/>
<flow id="car198" type="carType0" from="topleftR" to="gneE8" begin="199" end="199" number="1"/>
<flow id="car199" type="carType1" from="-gneE33" to="toprightL" begin="199" end="199" number="1"/>
</routes>
