<routes>
<vType id="carType0" length="4" maxSpeed="56.23" accel="2.11" decel="5.46" speedDev="0.2" sigma="0.12"/>
<vType id="carType1" length="6" maxSpeed="59.98" accel="2.16" decel="5.77" speedDev="0.2" sigma="0.14"/>
<vType id="carType2" length="8" maxSpeed="48.2" accel="2.97" decel="4.83" speedDev="0.2" sigma="0.25"/>
<flow id="car0" type="carType0" from="gneE44" to="-gneE45" begin="0" end="0" number="1"/>
<flow id="car1" type="carType0" from="-gneE50" to="topleftD" begin="0" end="0" number="1"/>
<flow id="car2" type="carType0" from="bottomleftR" to="-gneE51" begin="1" end="1" number="1"/>
<flow id="car3" type="carType0" from="gneE35" to="gneE22" begin="3" end="3" number="1"/>
<flow id="car4" type="carType2" from="-gneE18" to="bottomleftR" begin="5" end="5" number="1"/>
<flow id="car5" type="carType1" from="gneE34" to="toprightD" begin="5" end="5" number="1"/>
<flow id="car6" type="carType0" from="gneE29" to="gneE48" begin="8" end="8" number="1"/>
<flow id="car7" type="carType0" from="-gneE51" to="toprightL" begin="11" end="11" number="1"/>
<flow id="car8" type="carType2" from="gneE48" to="topleftR" begin="13" end="13" number="1"/>
<flow id="car9" type="carType2" from="-gneE43" to="-gneE28" begin="13" end="13" number="1"/>
<flow id="car10" type="carType0" from="topleftR" to="gneE43" begin="16" end="16" number="1"/>
<flow id="car11" type="carType0" from="-gneE34" to="gneE49" begin="16" end="16" number="1"/>
<flow id="car12" type="carType2" from="topleftD" to="gneE29" begin="18" end="18" number="1"/>
<flow id="car13" type="carType2" from="-gneE37" to="-gneE7" begin="18" end="18" number="1"/>
<flow id="car14" type="carType0" from="-gneE34" to="-gneE43" begin="18" end="18" number="1"/>
<flow id="car15" type="carType0" from="gneE35" to="-gneE43" begin="19" end="19" number="1"/>
<flow id="car16" type="carType2" from="-gneE8" to="-gneE27" begin="19" end="19" number="1"/>
<flow id="car17" type="carType1" from="-gneE48" to="toprightD" begin="20" end="20" number="1"/>
<flow id="car18" type="carType0" from="gneE34" to="-gneE18" begin="21" end="21" number="1"/>
<flow id="car19" type="carType2" from="-gneE34" to="topleftR" begin="21" end="21" number="1"/>
<flow id="car20" type="carType0" from="-gneE49" to="-gneE28" begin="22" end="22" number="1"/>
<flow id="car21" type="carType2" from="gneE18" to="gneE50" begin="22" end="22" number="1"/>
<flow id="car22" type="carType1" from="gneE43" to="gneE9" begin="23" end="23" number="1"/>
<flow id="car23" type="carType1" from="-gneE13" to="-gneE18" begin="23" end="23" number="1"/>
<flow id="car24" type="carType1" from="gneE44" to="-gneE18" begin="24" end="24" number="1"/>
<flow id="car25" type="carType1" from="gneE22" to="-gneE51" begin="26" end="26" number="1"/>
<flow id="car26" type="carType0" from="bottomrightU" to="-gneE37" begin="27" end="27" number="1"/>
<flow id="car27" type="carType1" from="-gneE43" to="-gneE48" begin="27" end="27" number="1"/>
<flow id="car28" type="carType0" from="-gneE43" to="bottomrightU" begin="28" end="28" number="1"/>
<flow id="car29" type="carType1" from="-gneE48" to="gneE42" begin="29" end="29" number="1"/>
<flow id="car30" type="carType2" from="gneE42" to="-gneE51" begin="30" end="30" number="1"/>
<flow id="car31" type="carType0" from="gneE35" to="gneE28" begin="31" end="31" number="1"/>
<flow id="car32" type="carType0" from="-gneE29" to="gneE50" begin="32" end="32" number="1"/>
<flow id="car33" type="carType0" from="gneE45" to="-gneE48" begin="32" end="32" number="1"/>
<flow id="car34" type="carType0" from="gneE48" to="bottomleftR" begin="33" end="33" number="1"/>
<flow id="car35" type="carType2" from="gneE37" to="-gneE43" begin="34" end="34" number="1"/>
<flow id="car36" type="carType1" from="-gneE33" to="-gneE49" begin="35" end="35" number="1"/>
<flow id="car37" type="carType1" from="gneE34" to="toprightD" begin="38" end="38" number="1"/>
<flow id="car38" type="carType1" from="gneE22" to="topleftR" begin="41" end="41" number="1"/>
<flow id="car39" type="carType0" from="gneE49" to="gneE51" begin="41" end="41" number="1"/>
<flow id="car40" type="carType1" from="bottomleftR" to="-gneE27" begin="42" end="42" number="1"/>
<flow id="car41" type="carType2" from="gneE48" to="gneE18" begin="42" end="42" number="1"/>
<flow id="car42" type="carType2" from="gneE21" to="gneE34" begin="43" end="43" number="1"/>
<flow id="car43" type="carType2" from="gneE30" to="-gneE8" begin="44" end="44" number="1"/>
<flow id="car44" type="carType0" from="bottomrightL" to="gneE18" begin="44" end="44" number="1"/>
<flow id="car45" type="carType0" from="gneE43" to="-gneE42" begin="44" end="44" number="1"/>
<flow id="car46" type="carType2" from="gneE29" to="gneE35" begin="47" end="47" number="1"/>
<flow id="car47" type="carType0" from="-gneE37" to="-gneE8" begin="48" end="48" number="1"/>
<flow id="car48" type="carType2" from="-gneE49" to="toprightL" begin="48" end="48" number="1"/>
<flow id="car49" type="carType0" from="-gneE48" to="toprightL" begin="49" end="49" number="1"/>
<flow id="car50" type="carType1" from="-gneE34" to="gneE43" begin="51" end="51" number="1"/>
<flow id="car51" type="carType0" from="gneE48" to="gneE48" begin="52" end="52" number="1"/>
<flow id="car52" type="carType0" from="gneE45" to="gneE22" begin="54" end="54" number="1"/>
<flow id="car53" type="carType1" from="gneE8" to="bottomleftU" begin="57" end="57" number="1"/>
<flow id="car54" type="carType2" from="gneE48" to="gneE28" begin="58" end="58" number="1"/>
<flow id="car55" type="carType2" from="-gneE28" to="-gneE7" begin="58" end="58" number="1"/>
<flow id="car56" type="carType2" from="toprightL" to="gneE30" begin="60" end="60" number="1"/>
<flow id="car57" type="carType2" from="-gneE18" to="gneE27" begin="61" end="61" number="1"/>
<flow id="car58" type="carType1" from="gneE27" to="-gneE42" begin="65" end="65" number="1"/>
<flow id="car59" type="carType0" from="toprightL" to="gneE30" begin="65" end="65" number="1"/>
<flow id="car60" type="carType0" from="gneE29" to="-gneE42" begin="66" end="66" number="1"/>
<flow id="car61" type="carType2" from="gneE9" to="gneE8" begin="67" end="67" number="1"/>
<flow id="car62" type="carType0" from="gneE30" to="gneE49" begin="67" end="67" number="1"/>
<flow id="car63" type="carType0" from="-gneE28" to="gneE43" begin="69" end="69" number="1"/>
<flow id="car64" type="carType1" from="-gneE50" to="-gneE21" begin="69" end="69" number="1"/>
<flow id="car65" type="carType0" from="-gneE27" to="gneE18" begin="70" end="70" number="1"/>
<flow id="car66" type="carType2" from="bottomrightU" to="-gneE29" begin="70" end="70" number="1"/>
<flow id="car67" type="carType1" from="toprightD" to="gneE49" begin="70" end="70" number="1"/>
<flow id="car68" type="carType2" from="gneE34" to="gneE22" begin="73" end="73" number="1"/>
<flow id="car69" type="carType2" from="-gneE44" to="toprightL" begin="73" end="73" number="1"/>
<flow id="car70" type="carType2" from="gneE43" to="-gneE44" begin="75" end="75" number="1"/>
<flow id="car71" type="carType2" from="gneE45" to="toprightD" begin="76" end="76" number="1"/>
<flow id="car72" type="carType2" from="-gneE44" to="-gneE18" begin="78" end="78" number="1"/>
<flow id="car73" type="carType1" from="-gneE49" to="bottomleftU" begin="78" end="78" number="1"/>
<flow id="car74" type="carType0" from="-gneE8" to="gneE49" begin="80" end="80" number="1"/>
<flow id="car75" type="carType2" from="-gneE45" to="-gneE45" begin="83" end="83" number="1"/>
<flow id="car76" type="carType0" from="-gneE18" to="gneE21" begin="84" end="84" number="1"/>
<flow id="car77" type="carType0" from="toprightL" to="-gneE37" begin="85" end="85" number="1"/>
<flow id="car78" type="carType1" from="-gneE28" to="-gneE29" begin="88" end="88" number="1"/>
<flow id="car79" type="carType1" from="-gneE43" to="toprightD" begin="90" end="90" number="1"/>
<flow id="car80" type="carType1" from="gneE35" to="gneE46" begin="92" end="92" number="1"/>
<flow id="car81" type="carType1" from="-gneE49" to="gneE22" begin="92" end="92" number="1"/>
<flow id="car82" type="carType2" from="gneE51" to="toprightD" begin="92" end="92" number="1"/>
<flow id="car83" type="carType2" from="-gneE51" to="gneE9" begin="93" end="93" number="1"/>
<flow id="car84" type="carType1" from="-gneE34" to="gneE48" begin="93" end="93" number="1"/>
<flow id="car85" type="carType0" from="gneE29" to="-gneE34" begin="94" end="94" number="1"/>
<flow id="car86" type="carType1" from="-gneE43" to="gneE46" begin="95" end="95" number="1"/>
<flow id="car87" type="carType1" from="gneE29" to="topleftR" begin="98" end="98" number="1"/>
<flow id="car88" type="carType2" from="gneE48" to="gneE45" begin="98" end="98" number="1"/>
<flow id="car89" type="carType2" from="-gneE37" to="-gneE50" begin="98" end="98" number="1"/>
<flow id="car90" type="carType2" from="gneE27" to="-gneE50" begin="98" end="98" number="1"/>
<flow id="car91" type="carType1" from="-gneE21" to="toprightL" begin="98" end="98" number="1"/>
<flow id="car92" type="carType2" from="toprightL" to="bottomrightU" begin="100" end="100" number="1"/>
<flow id="car93" type="carType2" from="gneE34" to="-gneE28" begin="100" end="100" number="1"/>
<flow id="car94" type="carType2" from="-gneE44" to="gneE45" begin="100" end="100" number="1"/>
<flow id="car95" type="carType1" from="-gneE33" to="-gneE50" begin="100" end="100" number="1"/>
<flow id="car96" type="carType1" from="gneE34" to="gneE45" begin="100" end="100" number="1"/>
<flow id="car97" type="carType2" from="topleftR" to="gneE46" begin="101" end="101" number="1"/>
<flow id="car98" type="carType1" from="-gneE21" to="-gneE27" begin="102" end="102" number="1"/>
<flow id="car99" type="carType2" from="gneE30" to="gneE51" begin="102" end="102" number="1"/>
<flow id="car100" type="carType0" from="-gneE50" to="gneE27" begin="104" end="104" number="1"/>
<flow id="car101" type="carType1" from="toprightL" to="toprightD" begin="106" end="106" number="1"/>
<flow id="car102" type="carType1" from="-gneE34" to="gneE28" begin="107" end="107" number="1"/>
<flow id="car103" type="carType0" from="-gneE44" to="gneE46" begin="107" end="107" number="1"/>
<flow id="car104" type="carType2" from="-gneE8" to="gneE27" begin="108" end="108" number="1"/>
<flow id="car105" type="carType2" from="gneE37" to="topleftR" begin="109" end="109" number="1"/>
<flow id="car106" type="carType2" from="-gneE42" to="-gneE33" begin="111" end="111" number="1"/>
<flow id="car107" type="carType0" from="-gneE7" to="-gneE44" begin="111" end="111" number="1"/>
<flow id="car108" type="carType2" from="-gneE18" to="-gneE7" begin="112" end="112" number="1"/>
<flow id="car109" type="carType1" from="gneE27" to="toprightD" begin="114" end="114" number="1"/>
<flow id="car110" type="carType1" from="-gneE44" to="gneE9" begin="114" end="114" number="1"/>
<flow id="car111" type="carType2" from="topleftR" to="gneE50" begin="115" end="115" number="1"/>
<flow id="car112" type="carType2" from="-gneE8" to="-gneE43" begin="117" end="117" number="1"/>
<flow id="car113" type="carType0" from="-gneE50" to="gneE45" begin="118" end="118" number="1"/>
<flow id="car114" type="carType2" from="-gneE28" to="topleftD" begin="119" end="119" number="1"/>
<flow id="car115" type="carType2" from="gneE51" to="bottomleftU" begin="121" end="121" number="1"/>
<flow id="car116" type="carType0" from="-gneE21" to="gneE28" begin="121" end="121" number="1"/>
<flow id="car117" type="carType0" from="-gneE50" to="gneE30" begin="121" end="121" number="1"/>
<flow id="car118" type="carType1" from="bottomleftR" to="gneE8" begin="123" end="123" number="1"/>
<flow id="car119" type="carType0" from="-gneE29" to="-gneE21" begin="124" end="124" number="1"/>
<flow id="car120" type="carType2" from="-gneE43" to="gneE42" begin="125" end="125" number="1"/>
<flow id="car121" type="carType0" from="toprightD" to="topleftR" begin="125" end="125" number="1"/>
<flow id="car122" type="carType1" from="gneE35" to="gneE50" begin="127" end="127" number="1"/>
<flow id="car123" type="carType1" from="gneE43" to="-gneE21" begin="127" end="127" number="1"/>
<flow id="car124" type="carType2" from="-gneE50" to="gneE35" begin="127" end="127" number="1"/>
<flow id="car125" type="carType1" from="gneE46" to="gneE28" begin="132" end="132" number="1"/>
<flow id="car126" type="carType1" from="-gneE33" to="-gneE50" begin="135" end="135" number="1"/>
<flow id="car127" type="carType2" from="gneE30" to="bottomleftR" begin="136" end="136" number="1"/>
<flow id="car128" type="carType0" from="-gneE50" to="toprightL" begin="136" end="136" number="1"/>
<flow id="car129" type="carType2" from="-gneE13" to="gneE27" begin="138" end="138" number="1"/>
<flow id="car130" type="carType1" from="-gneE7" to="-gneE42" begin="138" end="138" number="1"/>
<flow id="car131" type="carType1" from="-gneE7" to="-gneE28" begin="139" end="139" number="1"/>
<flow id="car132" type="carType1" from="-gneE37" to="gneE29" begin="141" end="141" number="1"/>
<flow id="car133" type="carType1" from="gneE42" to="toprightL" begin="142" end="142" number="1"/>
<flow id="car134" type="carType2" from="-gneE8" to="gneE45" begin="144" end="144" number="1"/>
<flow id="car135" type="carType1" from="-gneE45" to="gneE8" begin="145" end="145" number="1"/>
<flow id="car136" type="carType1" from="gneE34" to="-gneE13" begin="146" end="146" number="1"/>
<flow id="car137" type="carType2" from="gneE49" to="gneE18" begin="146" end="146" number="1"/>
<flow id="car138" type="carType0" from="gneE50" to="-gneE33" begin="147" end="147" number="1"/>
<flow id="car139" type="carType0" from="gneE27" to="-gneE27" begin="148" end="148" number="1"/>
<flow id="car140" type="carType2" from="-gneE49" to="bottomleftU" begin="148" end="148" number="1"/>
<flow id="car141" type="carType2" from="-gneE8" to="gneE18" begin="149" end="149" number="1"/>
<flow id="car142" type="carType0" from="gneE30" to="gneE37" begin="150" end="150" number="1"/>
<flow id="car143" type="carType2" from="gneE21" to="gneE51" begin="150" end="150" number="1"/>
<flow id="car144" type="carType2" from="-gneE29" to="gneE27" begin="151" end="151" number="1"/>
<flow id="car145" type="carType0" from="-gneE49" to="gneE43" begin="152" end="152" number="1"/>
<flow id="car146" type="carType1" from="gneE45" to="-gneE50" begin="153" end="153" number="1"/>
<flow id="car147" type="carType0" from="gneE22" to="gneE50" begin="154" end="154" number="1"/>
<flow id="car148" type="carType1" from="gneE22" to="gneE49" begin="155" end="155" number="1"/>
<flow id="car149" type="carType0" from="-gneE43" to="bottomleftU" begin="157" end="157" number="1"/>
<flow id="car150" type="carType0" from="gneE46" to="-gneE33" begin="158" end="158" number="1"/>
<flow id="car151" type="carType0" from="gneE48" to="-gneE37" begin="159" end="159" number="1"/>
<flow id="car152" type="carType1" from="gneE45" to="toprightD" begin="159" end="159" number="1"/>
<flow id="car153" type="carType1" from="gneE49" to="bottomrightU" begin="159" end="159" number="1"/>
<flow id="car154" type="carType0" from="gneE42" to="bottomrightL" begin="162" end="162" number="1"/>
<flow id="car155" type="carType0" from="gneE37" to="-gneE50" begin="166" end="166" number="1"/>
<flow id="car156" type="carType0" from="-gneE18" to="gneE35" begin="167" end="167" number="1"/>
<flow id="car157" type="carType2" from="topleftD" to="-gneE33" begin="167" end="167" number="1"/>
<flow id="car158" type="carType1" from="-gneE7" to="-gneE37" begin="167" end="167" number="1"/>
<flow id="car159" type="carType2" from="-gneE44" to="-gneE49" begin="168" end="168" number="1"/>
<flow id="car160" type="carType1" from="-gneE51" to="-gneE42" begin="169" end="169" number="1"/>
<flow id="car161" type="carType1" from="gneE46" to="gneE49" begin="170" end="170" number="1"/>
<flow id="car162" type="carType1" from="-gneE49" to="-gneE34" begin="170" end="170" number="1"/>
<flow id="car163" type="carType1" from="gneE28" to="-gneE44" begin="170" end="170" number="1"/>
<flow id="car164" type="carType1" from="-gneE43" to="-gneE21" begin="170" end="170" number="1"/>
<flow id="car165" type="carType2" from="gneE22" to="gneE45" begin="170" end="170" number="1"/>
<flow id="car166" type="carType0" from="gneE50" to="topleftR" begin="171" end="171" number="1"/>
<flow id="car167" type="carType2" from="-gneE37" to="topleftR" begin="173" end="173" number="1"/>
<flow id="car168" type="carType2" from="gneE49" to="-gneE29" begin="173" end="173" number="1"/>
<flow id="car169" type="carType0" from="gneE50" to="-gneE29" begin="174" end="174" number="1"/>
<flow id="car170" type="carType2" from="gneE8" to="-gneE37" begin="174" end="174" number="1"/>
<flow id="car171" type="carType2" from="gneE28" to="gneE49" begin="174" end="174" number="1"/>
<flow id="car172" type="carType0" from="-gneE51" to="gneE37" begin="175" end="175" number="1"/>
<flow id="car173" type="carType2" from="gneE50" to="bottomrightL" begin="175" end="175" number="1"/>
<flow id="car174" type="carType1" from="gneE34" to="gneE35" begin="176" end="176" number="1"/>
<flow id="car175" type="carType1" from="gneE45" to="gneE50" begin="177" end="177" number="1"/>
<flow id="car176" type="carType2" from="-gneE8" to="-gneE37" begin="177" end="177" number="1"/>
<flow id="car177" type="carType2" from="gneE42" to="gneE44" begin="179" end="179" number="1"/>
<flow id="car178" type="carType1" from="-gneE44" to="gneE46" begin="179" end="179" number="1"/>
<flow id="car179" type="carType1" from="gneE49" to="-gneE49" begin="181" end="181" number="1"/>
<flow id="car180" type="carType0" from="bottomrightU" to="gneE42" begin="182" end="182" number="1"/>
<flow id="car181" type="carType0" from="-gneE44" to="gneE46" begin="184" end="184" number="1"/>
<flow id="car182" type="carType0" from="gneE8" to="-gneE33" begin="186" end="186" number="1"/>
<flow id="car183" type="carType2" from="-gneE45" to="gneE44" begin="186" end="186" number="1"/>
<flow id="car184" type="carType0" from="-gneE27" to="gneE50" begin="188" end="188" number="1"/>
<flow id="car185" type="carType0" from="-gneE45" to="-gneE27" begin="189" end="189" number="1"/>
<flow id="car186" type="carType1" from="gneE51" to="gneE37" begin="190" end="190" number="1"/>
<flow id="car187" type="carType0" from="gneE34" to="gneE42" begin="191" end="191" number="1"/>
<flow id="car188" type="carType0" from="gneE42" to="gneE44" begin="192" end="192" number="1"/>
<flow id="car189" type="carType0" from="gneE8" to="-gneE50" begin="192" end="192" number="1"/>
<flow id="car190" type="carType1" from="-gneE49" to="-gneE28" begin="193" end="193" number="1"/>
<flow id="car191" type="carType2" from="-gneE13" to="toprightD" begin="194" end="194" number="1"/>
<flow id="car192" type="carType0" from="toprightD" to="-gneE50" begin="196" end="196" number="1"/>
<flow id="car193" type="carType0" from="-gneE50" to="-gneE34" begin="196" end="196" number="1"/>
<flow id="car194" type="carType0" from="bottomleftU" to="topleftD" begin="196" end="196" number="1"/>
<flow id="car195" type="carType1" from="gneE34" to="gneE8" begin="197" end="197" number="1"/>
<flow id="car196" type="carType1" from="gneE51" to="-gneE29" begin="197" end="197" number="1"/>
<flow id="car197" type="carType1" from="gneE29" to="-gneE7" begin="197" end="197" number="1"/>
<flow id="car198" type="carType1" from="gneE44" to="gneE34" begin="197" end="197" number="1"/>
<flow id="car199" type="carType0" from="gneE42" to="gneE34" begin="199" end="199" number="1"/>
</routes>
