<routes>
<vType id="carType0" length="8" maxSpeed="42.83" accel="2.37" decel="4.38" speedDev="0.2" sigma="0.2"/>
<vType id="carType1" length="6" maxSpeed="57.94" accel="2.72" decel="4.64" speedDev="0.2" sigma="0.21"/>
<vType id="carType2" length="3" maxSpeed="47.93" accel="2.98" decel="4.79" speedDev="0.2" sigma="0.27"/>
<flow id="car0" type="carType2" from="gneE29" to="-gneE27" begin="0" end="0" number="1"/>
<flow id="car1" type="carType0" from="-gneE37" to="-gneE28" begin="2" end="2" number="1"/>
<flow id="car2" type="carType0" from="topleftR" to="gneE18" begin="2" end="2" number="1"/>
<flow id="car3" type="carType2" from="-gneE45" to="gneE18" begin="3" end="3" number="1"/>
<flow id="car4" type="carType1" from="gneE48" to="gneE48" begin="3" end="3" number="1"/>
<flow id="car5" type="carType1" from="-gneE27" to="toprightL" begin="4" end="4" number="1"/>
<flow id="car6" type="carType1" from="-gneE13" to="-gneE50" begin="4" end="4" number="1"/>
<flow id="car7" type="carType0" from="gneE8" to="-gneE48" begin="5" end="5" number="1"/>
<flow id="car8" type="carType1" from="-gneE45" to="-gneE50" begin="6" end="6" number="1"/>
<flow id="car9" type="carType0" from="bottomleftR" to="toprightL" begin="6" end="6" number="1"/>
<flow id="car10" type="carType1" from="gneE46" to="-gneE45" begin="7" end="7" number="1"/>
<flow id="car11" type="carType2" from="-gneE33" to="gneE21" begin="9" end="9" number="1"/>
<flow id="car12" type="carType0" from="-gneE28" to="gneE28" begin="10" end="10" number="1"/>
<flow id="car13" type="carType0" from="-gneE43" to="-gneE49" begin="10" end="10" number="1"/>
<flow id="car14" type="carType0" from="bottomrightU" to="-gneE28" begin="10" end="10" number="1"/>
<flow id="car15" type="carType0" from="toprightL" to="gneE46" begin="10" end="10" number="1"/>
<flow id="car16" type="carType0" from="gneE49" to="-gneE51" begin="11" end="11" number="1"/>
<flow id="car17" type="carType2" from="toprightL" to="bottomleftR" begin="11" end="11" number="1"/>
<flow id="car18" type="carType0" from="-gneE49" to="-gneE27" begin="11" end="11" number="1"/>
<flow id="car19" type="carType0" from="-gneE29" to="-gneE49" begin="12" end="12" number="1"/>
<flow id="car20" type="carType2" from="gneE50" to="toprightD" begin="12" end="12" number="1"/>
<flow id="car21" type="carType0" from="-gneE34" to="topleftD" begin="12" end="12" number="1"/>
<flow id="car22" type="carType0" from="gneE45" to="-gneE8" begin="15" end="15" number="1"/>
<flow id="car23" type="carType2" from="-gneE8" to="-gneE18" begin="17" end="17" number="1"/>
<flow id="car24" type="carType2" from="gneE49" to="gneE43" begin="18" end="18" number="1"/>
<flow id="car25" type="carType0" from="gneE35" to="-gneE18" begin="21" end="21" number="1"/>
<flow id="car26" type="carType1" from="-gneE51" to="-gneE49" begin="21" end="21" number="1"/>
<flow id="car27" type="carType0" from="gneE8" to="gneE29" begin="22" end="22" number="1"/>
<flow id="car28" type="carType2" from="-gneE34" to="-gneE18" begin="22" end="22" number="1"/>
<flow id="car29" type="carType1" from="gneE37" to="gneE27" begin="23" end="23" number="1"/>
<flow id="car30" type="carType2" from="gneE30" to="-gneE13" begin="24" end="24" number="1"/>
<flow id="car31" type="carType0" from="gneE27" to="-gneE21" begin="24" end="24" number="1"/>
<flow id="car32" type="carType1" from="-gneE51" to="gneE18" begin="26" end="26" number="1"/>
<flow id="car33" type="carType2" from="-gneE44" to="-gneE45" begin="26" end="26" number="1"/>
<flow id="car34" type="carType2" from="gneE30" to="-gneE42" begin="27" end="27" number="1"/>
<flow id="car35" type="carType1" from="-gneE42" to="-gneE37" begin="27" end="27" number="1"/>
<flow id="car36" type="carType1" from="-gneE18" to="-gneE49" begin="28" end="28" number="1"/>
<flow id="car37" type="carType2" from="bottomleftR" to="-gneE49" begin="31" end="31" number="1"/>
<flow id="car38" type="carType1" from="gneE37" to="-gneE28" begin="32" end="32" number="1"/>
<flow id="car39" type="carType1" from="gneE42" to="-gneE7" begin="32" end="32" number="1"/>
<flow id="car40" type="carType0" from="toprightD" to="gneE42" begin="32" end="32" number="1"/>
<flow id="car41" type="carType0" from="gneE8" to="-gneE51" begin="33" end="33" number="1"/>
<flow id="car42" type="carType2" from="gneE8" to="gneE29" begin="35" end="35" number="1"/>
<flow id="car43" type="carType1" from="-gneE43" to="-gneE48" begin="37" end="37" number="1"/>
<flow id="car44" type="carType2" from="gneE46" to="-gneE37" begin="38" end="38" number="1"/>
<flow id="car45" type="carType0" from="gneE30" to="toprightD" begin="38" end="38" number="1"/>
<flow id="car46" type="carType1" from="gneE37" to="bottomrightU" begin="39" end="39" number="1"/>
<flow id="car47" type="carType1" from="gneE43" to="topleftR" begin="39" end="39" number="1"/>
<flow id="car48" type="carType2" from="-gneE33" to="gneE37" begin="40" end="40" number="1"/>
<flow id="car49" type="carType2" from="bottomrightU" to="-gneE45" begin="40" end="40" number="1"/>
<flow id="car50" type="carType1" from="gneE48" to="-gneE49" begin="44" end="44" number="1"/>
<flow id="car51" type="carType0" from="gneE50" to="-gneE13" begin="44" end="44" number="1"/>
<flow id="car52" type="carType0" from="gneE28" to="-gneE37" begin="45" end="45" number="1"/>
<flow id="car53" type="carType0" from="-gneE37" to="gneE21" begin="45" end="45" number="1"/>
<flow id="car54" type="carType2" from="gneE28" to="gneE50" begin="46" end="46" number="1"/>
<flow id="car55" type="carType0" from="-gneE45" to="gneE30" begin="48" end="48" number="1"/>
<flow id="car56" type="carType0" from="gneE21" to="gneE50" begin="48" end="48" number="1"/>
<flow id="car57" type="carType1" from="gneE44" to="gneE34" begin="48" end="48" number="1"/>
<flow id="car58" type="carType2" from="toprightL" to="-gneE29" begin="50" end="50" number="1"/>
<flow id="car59" type="carType2" from="-gneE43" to="gneE21" begin="50" end="50" number="1"/>
<flow id="car60" type="carType0" from="bottomleftR" to="gneE45" begin="50" end="50" number="1"/>
<flow id="car61" type="carType0" from="gneE34" to="toprightL" begin="50" end="50" number="1"/>
<flow id="car62" type="carType1" from="gneE42" to="-gneE42" begin="51" end="51" number="1"/>
<flow id="car63" type="carType0" from="topleftR" to="gneE50" begin="55" end="55" number="1"/>
<flow id="car64" type="carType1" from="gneE30" to="gneE21" begin="58" end="58" number="1"/>
<flow id="car65" type="carType2" from="bottomleftR" to="-gneE28" begin="59" end="59" number="1"/>
<flow id="car66" type="carType2" from="toprightL" to="-gneE50" begin="60" end="60" number="1"/>
<flow id="car67" type="carType2" from="gneE51" to="gneE30" begin="60" end="60" number="1"/>
<flow id="car68" type="carType2" from="-gneE43" to="-gneE21" begin="62" end="62" number="1"/>
<flow id="car69" type="carType0" from="topleftD" to="-gneE18" begin="63" end="63" number="1"/>
<flow id="car70" type="carType2" from="-gneE7" to="-gneE27" begin="63" end="63" number="1"/>
<flow id="car71" type="carType2" from="gneE28" to="-gneE18" begin="64" end="64" number="1"/>
<flow id="car72" type="carType2" from="gneE34" to="-gneE13" begin="65" end="65" number="1"/>
<flow id="car73" type="carType1" from="-gneE37" to="gneE21" begin="67" end="67" number="1"/>
<flow id="car74" type="carType0" from="-gneE45" to="-gneE33" begin="67" end="67" number="1"/>
<flow id="car75" type="carType0" from="gneE21" to="-gneE43" begin="67" end="67" number="1"/>
<flow id="car76" type="carType2" from="gneE34" to="-gneE49" begin="69" end="69" number="1"/>
<flow id="car77" type="carType1" from="-gneE18" to="gneE34" begin="69" end="69" number="1"/>
<flow id="car78" type="carType0" from="gneE30" to="gneE46" begin="70" end="70" number="1"/>
<flow id="car79" type="carType0" from="-gneE42" to="bottomrightU" begin="70" end="70" number="1"/>
<flow id="car80" type="carType0" from="gneE49" to="gneE49" begin="71" end="71" number="1"/>
<flow id="car81" type="carType1" from="-gneE45" to="gneE51" begin="73" end="73" number="1"/>
<flow id="car82" type="carType0" from="-gneE18" to="-gneE43" begin="76" end="76" number="1"/>
<flow id="car83" type="carType0" from="-gneE29" to="bottomleftR" begin="79" end="79" number="1"/>
<flow id="car84" type="carType1" from="-gneE49" to="bottomleftR" begin="79" end="79" number="1"/>
<flow id="car85" type="carType1" from="gneE46" to="-gneE27" begin="80" end="80" number="1"/>
<flow id="car86" type="carType0" from="gneE45" to="-gneE28" begin="81" end="81" number="1"/>
<flow id="car87" type="carType2" from="topleftD" to="gneE46" begin="85" end="85" number="1"/>
<flow id="car88" type="carType1" from="gneE50" to="bottomrightU" begin="85" end="85" number="1"/>
<flow id="car89" type="carType0" from="gneE35" to="gneE29" begin="85" end="85" number="1"/>
<flow id="car90" type="carType2" from="gneE30" to="topleftD" begin="85" end="85" number="1"/>
<flow id="car91" type="carType2" from="gneE34" to="-gneE44" begin="86" end="86" number="1"/>
<flow id="car92" type="carType2" from="gneE8" to="gneE50" begin="87" end="87" number="1"/>
<flow id="car93" type="carType1" from="gneE46" to="-gneE44" begin="89" end="89" number="1"/>
<flow id="car94" type="carType0" from="gneE29" to="-gneE21" begin="90" end="90" number="1"/>
<flow id="car95" type="carType2" from="topleftD" to="-gneE51" begin="92" end="92" number="1"/>
<flow id="car96" type="carType2" from="-gneE50" to="-gneE33" begin="92" end="92" number="1"/>
<flow id="car97" type="carType1" from="-gneE28" to="-gneE48" begin="93" end="93" number="1"/>
<flow id="car98" type="carType1" from="gneE35" to="-gneE18" begin="93" end="93" number="1"/>
<flow id="car99" type="carType1" from="gneE28" to="-gneE21" begin="94" end="94" number="1"/>
<flow id="car100" type="carType0" from="gneE27" to="-gneE51" begin="96" end="96" number="1"/>
<flow id="car101" type="carType1" from="-gneE8" to="gneE9" begin="96" end="96" number="1"/>
<flow id="car102" type="carType1" from="-gneE49" to="bottomleftU" begin="97" end="97" number="1"/>
<flow id="car103" type="carType0" from="gneE9" to="-gneE50" begin="98" end="98" number="1"/>
<flow id="car104" type="carType1" from="-gneE42" to="gneE30" begin="98" end="98" number="1"/>
<flow id="car105" type="carType1" from="gneE29" to="-gneE33" begin="98" end="98" number="1"/>
<flow id="car106" type="carType2" from="toprightL" to="-gneE7" begin="98" end="98" number="1"/>
<flow id="car107" type="carType2" from="gneE29" to="gneE45" begin="99" end="99" number="1"/>
<flow id="car108" type="carType2" from="gneE22" to="gneE8" begin="100" end="100" number="1"/>
<flow id="car109" type="carType1" from="gneE43" to="bottomleftU" begin="100" end="100" number="1"/>
<flow id="car110" type="carType1" from="gneE35" to="gneE51" begin="101" end="101" number="1"/>
<flow id="car111" type="carType1" from="topleftD" to="-gneE21" begin="101" end="101" number="1"/>
<flow id="car112" type="carType0" from="-gneE45" to="bottomrightU" begin="101" end="101" number="1"/>
<flow id="car113" type="carType1" from="-gneE37" to="bottomrightL" begin="101" end="101" number="1"/>
<flow id="car114" type="carType2" from="gneE21" to="gneE51" begin="101" end="101" number="1"/>
<flow id="car115" type="carType1" from="-gneE45" to="topleftD" begin="103" end="103" number="1"/>
<flow id="car116" type="carType1" from="gneE34" to="-gneE49" begin="103" end="103" number="1"/>
<flow id="car117" type="carType0" from="-gneE42" to="-gneE43" begin="103" end="103" number="1"/>
<flow id="car118" type="carType1" from="-gneE27" to="-gneE48" begin="105" end="105" number="1"/>
<flow id="car119" type="carType1" from="bottomleftU" to="-gneE33" begin="106" end="106" number="1"/>
<flow id="car120" type="carType2" from="toprightD" to="-gneE21" begin="107" end="107" number="1"/>
<flow id="car121" type="carType0" from="toprightL" to="-gneE51" begin="108" end="108" number="1"/>
<flow id="car122" type="carType1" from="gneE45" to="-gneE28" begin="108" end="108" number="1"/>
<flow id="car123" type="carType1" from="gneE34" to="toprightL" begin="108" end="108" number="1"/>
<flow id="car124" type="carType2" from="gneE48" to="bottomleftU" begin="108" end="108" number="1"/>
<flow id="car125" type="carType2" from="-gneE21" to="gneE50" begin="109" end="109" number="1"/>
<flow id="car126" type="carType1" from="-gneE50" to="gneE37" begin="110" end="110" number="1"/>
<flow id="car127" type="carType0" from="gneE37" to="-gneE28" begin="111" end="111" number="1"/>
<flow id="car128" type="carType0" from="-gneE29" to="topleftD" begin="111" end="111" number="1"/>
<flow id="car129" type="carType0" from="-gneE34" to="-gneE13" begin="113" end="113" number="1"/>
<flow id="car130" type="carType2" from="-gneE43" to="-gneE37" begin="113" end="113" number="1"/>
<flow id="car131" type="carType0" from="gneE44" to="-gneE27" begin="115" end="115" number="1"/>
<flow id="car132" type="carType0" from="bottomleftR" to="gneE45" begin="116" end="116" number="1"/>
<flow id="car133" type="carType0" from="-gneE8" to="gneE9" begin="117" end="117" number="1"/>
<flow id="car134" type="carType2" from="gneE18" to="gneE46" begin="117" end="117" number="1"/>
<flow id="car135" type="carType2" from="gneE30" to="-gneE29" begin="118" end="118" number="1"/>
<flow id="car136" type="carType2" from="toprightD" to="-gneE27" begin="118" end="118" number="1"/>
<flow id="car137" type="carType1" from="gneE28" to="gneE22" begin="118" end="118" number="1"/>
<flow id="car138" type="carType1" from="bottomleftU" to="-gneE18" begin="119" end="119" number="1"/>
<flow id="car139" type="carType2" from="-gneE29" to="gneE50" begin="122" end="122" number="1"/>
<flow id="car140" type="carType2" from="-gneE18" to="-gneE27" begin="122" end="122" number="1"/>
<flow id="car141" type="carType0" from="-gneE43" to="-gneE7" begin="123" end="123" number="1"/>
<flow id="car142" type="carType1" from="-gneE8" to="-gneE44" begin="126" end="126" number="1"/>
<flow id="car143" type="carType0" from="-gneE18" to="bottomleftR" begin="128" end="128" number="1"/>
<flow id="car144" type="carType1" from="gneE27" to="bottomrightU" begin="129" end="129" number="1"/>
<flow id="car145" type="carType1" from="-gneE18" to="-gneE13" begin="130" end="130" number="1"/>
<flow id="car146" type="carType2" from="-gneE44" to="-gneE37" begin="132" end="132" number="1"/>
<flow id="car147" type="carType2" from="gneE37" to="gneE45" begin="134" end="134" number="1"/>
<flow id="car148" type="carType0" from="topleftD" to="toprightL" begin="135" end="135" number="1"/>
<flow id="car149" type="carType0" from="gneE45" to="topleftD" begin="136" end="136" number="1"/>
<flow id="car150" type="carType2" from="-gneE13" to="-gneE50" begin="136" end="136" number="1"/>
<flow id="car151" type="carType1" from="-gneE27" to="gneE28" begin="137" end="137" number="1"/>
<flow id="car152" type="carType0" from="-gneE7" to="gneE35" begin="140" end="140" number="1"/>
<flow id="car153" type="carType0" from="-gneE29" to="bottomrightL" begin="140" end="140" number="1"/>
<flow id="car154" type="carType1" from="gneE9" to="-gneE48" begin="144" end="144" number="1"/>
<flow id="car155" type="carType1" from="gneE18" to="-gneE8" begin="144" end="144" number="1"/>
<flow id="car156" type="carType2" from="-gneE37" to="-gneE44" begin="145" end="145" number="1"/>
<flow id="car157" type="carType2" from="gneE30" to="gneE48" begin="146" end="146" number="1"/>
<flow id="car158" type="carType2" from="gneE35" to="gneE21" begin="152" end="152" number="1"/>
<flow id="car159" type="carType2" from="-gneE7" to="gneE43" begin="152" end="152" number="1"/>
<flow id="car160" type="carType2" from="gneE51" to="gneE21" begin="153" end="153" number="1"/>
<flow id="car161" type="carType2" from="gneE42" to="gneE44" begin="154" end="154" number="1"/>
<flow id="car162" type="carType2" from="toprightL" to="gneE49" begin="157" end="157" number="1"/>
<flow id="car163" type="carType0" from="-gneE8" to="toprightD" begin="159" end="159" number="1"/>
<flow id="car164" type="carType1" from="gneE27" to="gneE44" begin="159" end="159" number="1"/>
<flow id="car165" type="carType2" from="gneE34" to="gneE21" begin="160" end="160" number="1"/>
<flow id="car166" type="carType0" from="-gneE43" to="bottomrightL" begin="160" end="160" number="1"/>
<flow id="car167" type="carType2" from="gneE44" to="-gneE8" begin="160" end="160" number="1"/>
<flow id="car168" type="carType0" from="toprightD" to="gneE9" begin="161" end="161" number="1"/>
<flow id="car169" type="carType2" from="topleftD" to="bottomleftU" begin="161" end="161" number="1"/>
<flow id="car170" type="carType1" from="toprightD" to="-gneE21" begin="164" end="164" number="1"/>
<flow id="car171" type="carType1" from="-gneE8" to="gneE44" begin="166" end="166" number="1"/>
<flow id="car172" type="carType0" from="gneE30" to="gneE21" begin="167" end="167" number="1"/>
<flow id="car173" type="carType2" from="-gneE27" to="topleftR" begin="168" end="168" number="1"/>
<flow id="car174" type="carType1" from="gneE51" to="toprightD" begin="169" end="169" number="1"/>
<flow id="car175" type="carType2" from="-gneE8" to="-gneE13" begin="170" end="170" number="1"/>
<flow id="car176" type="carType2" from="gneE46" to="-gneE33" begin="171" end="171" number="1"/>
<flow id="car177" type="carType0" from="bottomrightU" to="-gneE21" begin="174" end="174" number="1"/>
<flow id="car178" type="carType1" from="gneE8" to="-gneE37" begin="176" end="176" number="1"/>
<flow id="car179" type="carType1" from="gneE49" to="-gneE43" begin="177" end="177" number="1"/>
<flow id="car180" type="carType1" from="gneE45" to="-gneE27" begin="177" end="177" number="1"/>
<flow id="car181" type="carType1" from="-gneE43" to="-gneE7" begin="177" end="177" number="1"/>
<flow id="car182" type="carType0" from="gneE30" to="gneE8" begin="177" end="177" number="1"/>
<flow id="car183" type="carType1" from="topleftR" to="-gneE45" begin="177" end="177" number="1"/>
<flow id="car184" type="carType0" from="-gneE7" to="bottomrightL" begin="177" end="177" number="1"/>
<flow id="car185" type="carType1" from="-gneE18" to="gneE28" begin="178" end="178" number="1"/>
<flow id="car186" type="carType2" from="-gneE33" to="-gneE51" begin="178" end="178" number="1"/>
<flow id="car187" type="carType0" from="topleftD" to="gneE30" begin="179" end="179" number="1"/>
<flow id="car188" type="carType0" from="gneE8" to="-gneE18" begin="180" end="180" number="1"/>
<flow id="car189" type="carType2" from="gneE44" to="gneE45" begin="180" end="180" number="1"/>
<flow id="car190" type="carType1" from="gneE43" to="-gneE13" begin="180" end="180" number="1"/>
<flow id="car191" type="carType0" from="-gneE29" to="gneE30" begin="182" end="182" number="1"/>
<flow id="car192" type="carType1" from="-gneE8" to="gneE18" begin="183" end="183" number="1"/>
<flow id="car193" type="carType2" from="-gneE21" to="gneE48" begin="185" end="185" number="1"/>
<flow id="car194" type="carType1" from="gneE45" to="-gneE44" begin="187" end="187" number="1"/>
<flow id="car195" type="carType0" from="topleftD" to="gneE28" begin="195" end="195" number="1"/>
<flow id="car196" type="carType2" from="gneE51" to="-gneE33" begin="195" end="195" number="1"/>
<flow id="car197" type="carType0" from="gneE34" to="-gneE27" begin="196" end="196" number="1"/>
<flow id="car198" type="carType2" from="-gneE18" to="-gneE29" begin="198" end="198" number="1"/>
<flow id="car199" type="carType1" from="-gneE45" to="-gneE33" begin="198" end="198" number="1"/>
</routes>
