<routes>
<vType id="carType0" length="7" maxSpeed="52.82" accel="2.14" decel="4.19" speedDev="0.2" sigma="0.13"/>
<vType id="carType1" length="6" maxSpeed="59.77" accel="2.75" decel="5.95" speedDev="0.2" sigma="0.28"/>
<vType id="carType2" length="3" maxSpeed="58.48" accel="2.37" decel="5.07" speedDev="0.2" sigma="0.13"/>
<flow id="car0" type="carType0" from="gneE30" to="gneE30" begin="0" end="0" number="1"/>
<flow id="car1" type="carType0" from="gneE9" to="topleftR" begin="1" end="1" number="1"/>
<flow id="car2" type="carType1" from="gneE28" to="bottomrightU" begin="2" end="2" number="1"/>
<flow id="car3" type="carType1" from="-gneE18" to="gneE50" begin="4" end="4" number="1"/>
<flow id="car4" type="carType2" from="-gneE44" to="gneE35" begin="4" end="4" number="1"/>
<flow id="car5" type="carType1" from="bottomrightL" to="gneE42" begin="4" end="4" number="1"/>
<flow id="car6" type="carType0" from="gneE27" to="gneE18" begin="5" end="5" number="1"/>
<flow id="car7" type="carType0" from="-gneE49" to="gneE37" begin="6" end="6" number="1"/>
<flow id="car8" type="carType1" from="toprightL" to="-gneE33" begin="6" end="6" number="1"/>
<flow id="car9" type="carType0" from="gneE43" to="-gneE21" begin="8" end="8" number="1"/>
<flow id="car10" type="carType0" from="topleftD" to="-gneE44" begin="8" end="8" number="1"/>
<flow id="car11" type="carType2" from="-gneE8" to="-gneE43" begin="9" end="9" number="1"/>
<flow id="car12" type="carType2" from="-gneE21" to="gneE42" begin="11" end="11" number="1"/>
<flow id="car13" type="carType2" from="gneE28" to="bottomrightU" begin="12" end="12" number="1"/>
<flow id="car14" type="carType0" from="toprightL" to="bottomleftU" begin="12" end="12" number="1"/>
<flow id="car15" type="carType2" from="gneE8" to="gneE29" begin="13" end="13" number="1"/>
<flow id="car16" type="carType2" from="-gneE21" to="bottomrightU" begin="14" end="14" number="1"/>
<flow id="car17" type="carType0" from="-gneE51" to="gneE29" begin="14" end="14" number="1"/>
<flow id="car18" type="carType1" from="-gneE34" to="toprightL" begin="16" end="16" number="1"/>
<flow id="car19" type="carType1" from="-gneE13" to="-gneE50" begin="17" end="17" number="1"/>
<flow id="car20" type="carType1" from="-gneE13" to="gneE50" begin="17" end="17" number="1"/>
<flow id="car21" type="carType0" from="gneE29" to="gneE27" begin="18" end="18" number="1"/>
<flow id="car22" type="carType0" from="bottomrightU" to="gneE22" begin="20" end="20" number="1"/>
<flow id="car23" type="carType1" from="topleftR" to="-gneE8" begin="20" end="20" number="1"/>
<flow id="car24" type="carType1" from="-gneE42" to="gneE50" begin="21" end="21" number="1"/>
<flow id="car25" type="carType0" from="-gneE28" to="-gneE21" begin="22" end="22" number="1"/>
<flow id="car26" type="carType2" from="-gneE42" to="-gneE28" begin="23" end="23" number="1"/>
<flow id="car27" type="carType2" from="gneE45" to="-gneE43" begin="25" end="25" number="1"/>
<flow id="car28" type="carType2" from="gneE35" to="gneE29" begin="25" end="25" number="1"/>
<flow id="car29" type="carType0" from="gneE49" to="-gneE50" begin="26" end="26" number="1"/>
<flow id="car30" type="carType1" from="gneE27" to="gneE50" begin="26" end="26" number="1"/>
<flow id="car31" type="carType0" from="gneE44" to="-gneE34" begin="26" end="26" number="1"/>
<flow id="car32" type="carType0" from="-gneE34" to="gneE49" begin="28" end="28" number="1"/>
<flow id="car33" type="carType0" from="gneE51" to="gneE8" begin="30" end="30" number="1"/>
<flow id="car34" type="carType0" from="gneE45" to="gneE49" begin="30" end="30" number="1"/>
<flow id="car35" type="carType2" from="-gneE51" to="-gneE44" begin="30" end="30" number="1"/>
<flow id="car36" type="carType2" from="gneE49" to="-gneE33" begin="31" end="31" number="1"/>
<flow id="car37" type="carType2" from="-gneE27" to="topleftR" begin="31" end="31" number="1"/>
<flow id="car38" type="carType0" from="-gneE51" to="bottomrightL" begin="31" end="31" number="1"/>
<flow id="car39" type="carType1" from="-gneE21" to="topleftR" begin="32" end="32" number="1"/>
<flow id="car40" type="carType2" from="gneE35" to="gneE46" begin="33" end="33" number="1"/>
<flow id="car41" type="carType1" from="gneE28" to="bottomleftR" begin="35" end="35" number="1"/>
<flow id="car42" type="carType2" from="gneE46" to="bottomrightL" begin="36" end="36" number="1"/>
<flow id="car43" type="carType2" from="gneE21" to="-gneE27" begin="40" end="40" number="1"/>
<flow id="car44" type="carType0" from="gneE37" to="gneE48" begin="40" end="40" number="1"/>
<flow id="car45" type="carType2" from="gneE8" to="topleftR" begin="42" end="42" number="1"/>
<flow id="car46" type="carType0" from="-gneE37" to="gneE51" begin="44" end="44" number="1"/>
<flow id="car47" type="carType0" from="gneE46" to="-gneE29" begin="45" end="45" number="1"/>
<flow id="car48" type="carType1" from="gneE34" to="-gneE43" begin="46" end="46" number="1"/>
<flow id="car49" type="carType1" from="-gneE51" to="gneE22" begin="47" end="47" number="1"/>
<flow id="car50" type="carType1" from="-gneE50" to="gneE42" begin="48" end="48" number="1"/>
<flow id="car51" type="carType0" from="gneE44" to="gneE9" begin="49" end="49" number="1"/>
<flow id="car52" type="carType1" from="-gneE7" to="-gneE28" begin="49" end="49" number="1"/>
<flow id="car53" type="carType1" from="-gneE29" to="-gneE45" begin="51" end="51" number="1"/>
<flow id="car54" type="carType0" from="-gneE33" to="gneE28" begin="53" end="53" number="1"/>
<flow id="car55" type="carType1" from="-gneE43" to="-gneE44" begin="54" end="54" number="1"/>
<flow id="car56" type="carType1" from="-gneE43" to="-gneE8" begin="56" end="56" number="1"/>
<flow id="car57" type="carType2" from="gneE27" to="gneE37" begin="56" end="56" number="1"/>
<flow id="car58" type="carType1" from="-gneE42" to="-gneE33" begin="56" end="56" number="1"/>
<flow id="car59" type="carType2" from="-gneE28" to="bottomrightL" begin="58" end="58" number="1"/>
<flow id="car60" type="carType0" from="-gneE33" to="bottomleftR" begin="58" end="58" number="1"/>
<flow id="car61" type="carType2" from="gneE29" to="toprightD" begin="59" end="59" number="1"/>
<flow id="car62" type="carType1" from="gneE9" to="bottomrightL" begin="60" end="60" number="1"/>
<flow id="car63" type="carType0" from="gneE51" to="-gneE28" begin="60" end="60" number="1"/>
<flow id="car64" type="carType1" from="gneE35" to="toprightL" begin="60" end="60" number="1"/>
<flow id="car65" type="carType0" from="gneE9" to="gneE35" begin="60" end="60" number="1"/>
<flow id="car66" type="carType0" from="topleftD" to="bottomleftR" begin="61" end="61" number="1"/>
<flow id="car67" type="carType0" from="bottomrightU" to="topleftR" begin="61" end="61" number="1"/>
<flow id="car68" type="carType1" from="gneE18" to="-gneE48" begin="62" end="62" number="1"/>
<flow id="car69" type="carType2" from="-gneE21" to="-gneE28" begin="63" end="63" number="1"/>
<flow id="car70" type="carType0" from="-gneE50" to="bottomrightL" begin="63" end="63" number="1"/>
<flow id="car71" type="carType0" from="topleftD" to="-gneE21" begin="63" end="63" number="1"/>
<flow id="car72" type="carType0" from="gneE8" to="bottomrightU" begin="64" end="64" number="1"/>
<flow id="car73" type="carType2" from="bottomleftR" to="gneE42" begin="65" end="65" number="1"/>
<flow id="car74" type="carType1" from="-gneE13" to="topleftR" begin="65" end="65" number="1"/>
<flow id="car75" type="carType0" from="-gneE37" to="gneE22" begin="68" end="68" number="1"/>
<flow id="car76" type="carType2" from="gneE27" to="-gneE18" begin="70" end="70" number="1"/>
<flow id="car77" type="carType1" from="gneE30" to="gneE48" begin="70" end="70" number="1"/>
<flow id="car78" type="carType1" from="-gneE29" to="topleftD" begin="71" end="71" number="1"/>
<flow id="car79" type="carType1" from="-gneE21" to="bottomrightU" begin="75" end="75" number="1"/>
<flow id="car80" type="carType0" from="-gneE27" to="gneE43" begin="77" end="77" number="1"/>
<flow id="car81" type="carType0" from="-gneE43" to="-gneE45" begin="78" end="78" number="1"/>
<flow id="car82" type="carType0" from="-gneE34" to="-gneE37" begin="79" end="79" number="1"/>
<flow id="car83" type="carType1" from="bottomleftR" to="gneE51" begin="80" end="80" number="1"/>
<flow id="car84" type="carType0" from="gneE43" to="-gneE37" begin="81" end="81" number="1"/>
<flow id="car85" type="carType0" from="-gneE42" to="bottomrightL" begin="81" end="81" number="1"/>
<flow id="car86" type="carType0" from="-gneE50" to="-gneE43" begin="82" end="82" number="1"/>
<flow id="car87" type="carType2" from="gneE8" to="topleftD" begin="82" end="82" number="1"/>
<flow id="car88" type="carType1" from="-gneE49" to="-gneE8" begin="83" end="83" number="1"/>
<flow id="car89" type="carType1" from="-gneE34" to="-gneE28" begin="84" end="84" number="1"/>
<flow id="car90" type="carType0" from="-gneE13" to="gneE28" begin="85" end="85" number="1"/>
<flow id="car91" type="carType0" from="-gneE29" to="gneE9" begin="86" end="86" number="1"/>
<flow id="car92" type="carType0" from="-gneE28" to="gneE46" begin="87" end="87" number="1"/>
<flow id="car93" type="carType2" from="bottomrightL" to="gneE28" begin="87" end="87" number="1"/>
<flow id="car94" type="carType0" from="-gneE21" to="topleftD" begin="88" end="88" number="1"/>
<flow id="car95" type="carType0" from="-gneE49" to="gneE50" begin="89" end="89" number="1"/>
<flow id="car96" type="carType0" from="-gneE51" to="toprightD" begin="89" end="89" number="1"/>
<flow id="car97" type="carType0" from="bottomrightU" to="gneE44" begin="89" end="89" number="1"/>
<flow id="car98" type="carType2" from="-gneE33" to="-gneE49" begin="89" end="89" number="1"/>
<flow id="car99" type="carType0" from="gneE51" to="bottomleftR" begin="92" end="92" number="1"/>
<flow id="car100" type="carType2" from="gneE43" to="gneE9" begin="93" end="93" number="1"/>
<flow id="car101" type="carType0" from="-gneE29" to="bottomrightL" begin="94" end="94" number="1"/>
<flow id="car102" type="carType2" from="-gneE44" to="gneE51" begin="95" end="95" number="1"/>
<flow id="car103" type="carType2" from="-gneE50" to="bottomrightU" begin="96" end="96" number="1"/>
<flow id="car104" type="carType1" from="bottomrightL" to="gneE46" begin="97" end="97" number="1"/>
<flow id="car105" type="carType0" from="gneE35" to="gneE43" begin="98" end="98" number="1"/>
<flow id="car106" type="carType0" from="gneE45" to="gneE51" begin="98" end="98" number="1"/>
<flow id="car107" type="carType0" from="topleftR" to="gneE51" begin="99" end="99" number="1"/>
<flow id="car108" type="carType0" from="-gneE42" to="toprightL" begin="102" end="102" number="1"/>
<flow id="car109" type="carType1" from="gneE50" to="gneE28" begin="107" end="107" number="1"/>
<flow id="car110" type="carType2" from="gneE22" to="gneE9" begin="107" end="107" number="1"/>
<flow id="car111" type="carType1" from="topleftD" to="gneE51" begin="107" end="107" number="1"/>
<flow id="car112" type="carType1" from="-gneE42" to="-gneE37" begin="107" end="107" number="1"/>
<flow id="car113" type="carType2" from="-gneE50" to="gneE22" begin="109" end="109" number="1"/>
<flow id="car114" type="carType2" from="bottomleftU" to="-gneE45" begin="110" end="110" number="1"/>
<flow id="car115" type="carType0" from="gneE48" to="-gneE44" begin="112" end="112" number="1"/>
<flow id="car116" type="carType0" from="gneE49" to="gneE49" begin="114" end="114" number="1"/>
<flow id="car117" type="carType2" from="-gneE8" to="-gneE51" begin="116" end="116" number="1"/>
<flow id="car118" type="carType1" from="-gneE42" to="-gneE8" begin="118" end="118" number="1"/>
<flow id="car119" type="carType2" from="-gneE29" to="toprightL" begin="118" end="118" number="1"/>
<flow id="car120" type="carType0" from="gneE9" to="gneE45" begin="119" end="119" number="1"/>
<flow id="car121" type="carType1" from="gneE34" to="gneE30" begin="122" end="122" number="1"/>
<flow id="car122" type="carType2" from="-gneE51" to="gneE34" begin="123" end="123" number="1"/>
<flow id="car123" type="carType1" from="bottomrightL" to="bottomleftU" begin="123" end="123" number="1"/>
<flow id="car124" type="carType1" from="gneE50" to="-gneE33" begin="123" end="123" number="1"/>
<flow id="car125" type="carType1" from="gneE30" to="-gneE45" begin="123" end="123" number="1"/>
<flow id="car126" type="carType0" from="gneE44" to="-gneE18" begin="124" end="124" number="1"/>
<flow id="car127" type="carType0" from="gneE43" to="-gneE7" begin="125" end="125" number="1"/>
<flow id="car128" type="carType0" from="-gneE51" to="gneE29" begin="128" end="128" number="1"/>
<flow id="car129" type="carType0" from="-gneE33" to="gneE45" begin="128" end="128" number="1"/>
<flow id="car130" type="carType1" from="gneE29" to="-gneE8" begin="128" end="128" number="1"/>
<flow id="car131" type="carType1" from="bottomrightL" to="-gneE34" begin="129" end="129" number="1"/>
<flow id="car132" type="carType2" from="-gneE50" to="bottomleftU" begin="131" end="131" number="1"/>
<flow id="car133" type="carType2" from="gneE49" to="-gneE51" begin="131" end="131" number="1"/>
<flow id="car134" type="carType2" from="-gneE50" to="-gneE51" begin="132" end="132" number="1"/>
<flow id="car135" type="carType0" from="gneE28" to="-gneE27" begin="132" end="132" number="1"/>
<flow id="car136" type="carType1" from="gneE35" to="gneE43" begin="133" end="133" number="1"/>
<flow id="car137" type="carType1" from="bottomrightU" to="gneE34" begin="135" end="135" number="1"/>
<flow id="car138" type="carType2" from="-gneE13" to="gneE22" begin="136" end="136" number="1"/>
<flow id="car139" type="carType2" from="-gneE44" to="gneE30" begin="136" end="136" number="1"/>
<flow id="car140" type="carType0" from="gneE45" to="gneE50" begin="137" end="137" number="1"/>
<flow id="car141" type="carType0" from="gneE9" to="-gneE29" begin="137" end="137" number="1"/>
<flow id="car142" type="carType2" from="gneE49" to="gneE42" begin="137" end="137" number="1"/>
<flow id="car143" type="carType0" from="toprightD" to="gneE49" begin="140" end="140" number="1"/>
<flow id="car144" type="carType1" from="gneE8" to="gneE18" begin="140" end="140" number="1"/>
<flow id="car145" type="carType2" from="gneE35" to="gneE28" begin="141" end="141" number="1"/>
<flow id="car146" type="carType0" from="-gneE43" to="gneE50" begin="141" end="141" number="1"/>
<flow id="car147" type="carType2" from="gneE22" to="gneE18" begin="144" end="144" number="1"/>
<flow id="car148" type="carType2" from="gneE34" to="gneE49" begin="145" end="145" number="1"/>
<flow id="car149" type="carType0" from="-gneE21" to="-gneE51" begin="147" end="147" number="1"/>
<flow id="car150" type="carType2" from="-gneE50" to="-gneE29" begin="148" end="148" number="1"/>
<flow id="car151" type="carType1" from="gneE42" to="topleftD" begin="148" end="148" number="1"/>
<flow id="car152" type="carType1" from="gneE51" to="-gneE27" begin="157" end="157" number="1"/>
<flow id="car153" type="carType1" from="gneE34" to="-gneE13" begin="157" end="157" number="1"/>
<flow id="car154" type="carType1" from="-gneE42" to="-gneE33" begin="158" end="158" number="1"/>
<flow id="car155" type="carType2" from="-gneE44" to="bottomrightU" begin="159" end="159" number="1"/>
<flow id="car156" type="carType2" from="bottomleftU" to="gneE45" begin="161" end="161" number="1"/>
<flow id="car157" type="carType2" from="-gneE27" to="gneE18" begin="162" end="162" number="1"/>
<flow id="car158" type="carType0" from="gneE28" to="topleftD" begin="162" end="162" number="1"/>
<flow id="car159" type="carType2" from="gneE37" to="-gneE43" begin="162" end="162" number="1"/>
<flow id="car160" type="carType1" from="-gneE48" to="gneE42" begin="163" end="163" number="1"/>
<flow id="car161" type="carType1" from="gneE43" to="-gneE43" begin="163" end="163" number="1"/>
<flow id="car162" type="carType0" from="gneE50" to="-gneE27" begin="164" end="164" number="1"/>
<flow id="car163" type="carType0" from="gneE48" to="-gneE7" begin="164" end="164" number="1"/>
<flow id="car164" type="carType1" from="-gneE18" to="-gneE13" begin="164" end="164" number="1"/>
<flow id="car165" type="carType0" from="gneE27" to="-gneE50" begin="165" end="165" number="1"/>
<flow id="car166" type="carType0" from="-gneE48" to="-gneE27" begin="166" end="166" number="1"/>
<flow id="car167" type="carType1" from="gneE45" to="-gneE34" begin="168" end="168" number="1"/>
<flow id="car168" type="carType2" from="gneE35" to="-gneE8" begin="169" end="169" number="1"/>
<flow id="car169" type="carType0" from="toprightD" to="gneE48" begin="170" end="170" number="1"/>
<flow id="car170" type="carType0" from="-gneE45" to="gneE42" begin="171" end="171" number="1"/>
<flow id="car171" type="carType1" from="gneE28" to="gneE34" begin="172" end="172" number="1"/>
<flow id="car172" type="carType0" from="gneE27" to="-gneE13" begin="172" end="172" number="1"/>
<flow id="car173" type="carType2" from="-gneE28" to="gneE21" begin="172" end="172" number="1"/>
<flow id="car174" type="carType1" from="gneE37" to="-gneE7" begin="172" end="172" number="1"/>
<flow id="car175" type="carType2" from="gneE51" to="gneE50" begin="172" end="172" number="1"/>
<flow id="car176" type="carType0" from="gneE27" to="-gneE49" begin="172" end="172" number="1"/>
<flow id="car177" type="carType2" from="-gneE45" to="gneE42" begin="173" end="173" number="1"/>
<flow id="car178" type="carType2" from="-gneE37" to="bottomrightL" begin="174" end="174" number="1"/>
<flow id="car179" type="carType0" from="-gneE18" to="-gneE27" begin="175" end="175" number="1"/>
<flow id="car180" type="carType1" from="bottomleftU" to="-gneE51" begin="179" end="179" number="1"/>
<flow id="car181" type="carType2" from="-gneE44" to="gneE21" begin="180" end="180" number="1"/>
<flow id="car182" type="carType2" from="gneE9" to="gneE18" begin="181" end="181" number="1"/>
<flow id="car183" type="carType2" from="gneE35" to="gneE28" begin="182" end="182" number="1"/>
<flow id="car184" type="carType0" from="-gneE21" to="-gneE42" begin="183" end="183" number="1"/>
<flow id="car185" type="carType1" from="-gneE8" to="gneE51" begin="184" end="184" number="1"/>
<flow id="car186" type="carType2" from="-gneE27" to="gneE29" begin="186" end="186" number="1"/>
<flow id="car187" type="carType0" from="-gneE18" to="-gneE48" begin="187" end="187" number="1"/>
<flow id="car188" type="carType0" from="gneE29" to="-gneE45" begin="187" end="187" number="1"/>
<flow id="car189" type="carType0" from="gneE34" to="-gneE43" begin="188" end="188" number="1"/>
<flow id="car190" type="carType2" from="toprightD" to="-gneE50" begin="189" end="189" number="1"/>
<flow id="car191" type="carType0" from="gneE50" to="bottomrightU" begin="190" end="190" number="1"/>
<flow id="car192" type="carType2" from="gneE42" to="-gneE7" begin="190" end="190" number="1"/>
<flow id="car193" type="carType2" from="-gneE51" to="gneE51" begin="192" end="192" number="1"/>
<flow id="car194" type="carType2" from="gneE27" to="gneE37" begin="193" end="193" number="1"/>
<flow id="car195" type="carType0" from="topleftD" to="-gneE13" begin="194" end="194" number="1"/>
<flow id="car196" type="carType0" from="gneE21" to="-gneE34" begin="197" end="197" number="1"/>
<flow id="car197" type="carType2" from="-gneE34" to="-gneE50" begin="197" end="197" number="1"/>
<flow id="car198" type="carType0" from="toprightL" to="gneE30" begin="198" end="198" number="1"/>
<flow id="car199" type="carType1" from="gneE44" to="gneE37" begin="199" end="199" number="1"/>
</routes>
