<routes>
<vType id="carType0" length="8" maxSpeed="59.58" accel="2.84" decel="4.25" speedDev="0.2" sigma="0.11"/>
<vType id="carType1" length="3" maxSpeed="57.78" accel="2" decel="5.46" speedDev="0.2" sigma="0.2"/>
<vType id="carType2" length="7" maxSpeed="40.98" accel="2.15" decel="4.14" speedDev="0.2" sigma="0.17"/>
<flow id="car0" type="carType0" from="gneE42" to="-gneE13" begin="3" end="3" number="1"/>
<flow id="car1" type="carType1" from="-gneE29" to="gneE48" begin="3" end="3" number="1"/>
<flow id="car2" type="carType1" from="gneE45" to="-gneE33" begin="6" end="6" number="1"/>
<flow id="car3" type="carType2" from="gneE37" to="gneE34" begin="6" end="6" number="1"/>
<flow id="car4" type="carType2" from="-gneE7" to="-gneE50" begin="6" end="6" number="1"/>
<flow id="car5" type="carType0" from="-gneE43" to="gneE34" begin="8" end="8" number="1"/>
<flow id="car6" type="carType2" from="-gneE8" to="gneE51" begin="8" end="8" number="1"/>
<flow id="car7" type="carType0" from="-gneE7" to="gneE44" begin="9" end="9" number="1"/>
<flow id="car8" type="carType1" from="gneE51" to="gneE45" begin="9" end="9" number="1"/>
<flow id="car9" type="carType0" from="-gneE29" to="-gneE21" begin="11" end="11" number="1"/>
<flow id="car10" type="carType1" from="-gneE7" to="gneE44" begin="11" end="11" number="1"/>
<flow id="car11" type="carType2" from="gneE51" to="toprightL" begin="12" end="12" number="1"/>
<flow id="car12" type="carType0" from="gneE45" to="gneE9" begin="13" end="13" number="1"/>
<flow id="car13" type="carType0" from="bottomleftR" to="-gneE21" begin="15" end="15" number="1"/>
<flow id="car14" type="carType1" from="gneE46" to="-gneE48" begin="16" end="16" number="1"/>
<flow id="car15" type="carType0" from="gneE50" to="-gneE49" begin="17" end="17" number="1"/>
<flow id="car16" type="carType2" from="-gneE45" to="-gneE44" begin="17" end="17" number="1"/>
<flow id="car17" type="carType1" from="gneE43" to="topleftR" begin="17" end="17" number="1"/>
<flow id="car18" type="carType0" from="-gneE45" to="bottomleftU" begin="19" end="19" number="1"/>
<flow id="car19" type="carType1" from="gneE27" to="gneE44" begin="19" end="19" number="1"/>
<flow id="car20" type="carType1" from="gneE45" to="gneE43" begin="20" end="20" number="1"/>
<flow id="car21" type="carType1" from="topleftD" to="-gneE28" begin="21" end="21" number="1"/>
<flow id="car22" type="carType2" from="-gneE45" to="gneE30" begin="21" end="21" number="1"/>
<flow id="car23" type="carType2" from="-gneE7" to="-gneE51" begin="21" end="21" number="1"/>
<flow id="car24" type="carType2" from="gneE50" to="-gneE7" begin="22" end="22" number="1"/>
<flow id="car25" type="carType0" from="gneE42" to="bottomleftR" begin="22" end="22" number="1"/>
<flow id="car26" type="carType0" from="gneE42" to="-gneE33" begin="23" end="23" number="1"/>
<flow id="car27" type="carType2" from="gneE34" to="gneE51" begin="23" end="23" number="1"/>
<flow id="car28" type="carType1" from="gneE51" to="gneE46" begin="23" end="23" number="1"/>
<flow id="car29" type="carType0" from="-gneE7" to="gneE46" begin="24" end="24" number="1"/>
<flow id="car30" type="carType1" from="bottomrightL" to="gneE37" begin="25" end="25" number="1"/>
<flow id="car31" type="carType2" from="gneE30" to="gneE29" begin="25" end="25" number="1"/>
<flow id="car32" type="carType1" from="-gneE27" to="-gneE33" begin="25" end="25" number="1"/>
<flow id="car33" type="carType0" from="gneE8" to="gneE30" begin="26" end="26" number="1"/>
<flow id="car34" type="carType0" from="gneE45" to="-gneE13" begin="26" end="26" number="1"/>
<flow id="car35" type="carType2" from="-gneE51" to="-gneE7" begin="26" end="26" number="1"/>
<flow id="car36" type="carType2" from="-gneE34" to="-gneE13" begin="28" end="28" number="1"/>
<flow id="car37" type="carType1" from="gneE27" to="bottomleftR" begin="29" end="29" number="1"/>
<flow id="car38" type="carType1" from="-gneE34" to="bottomrightL" begin="29" end="29" number="1"/>
<flow id="car39" type="carType0" from="-gneE28" to="gneE29" begin="29" end="29" number="1"/>
<flow id="car40" type="carType0" from="-gneE43" to="gneE37" begin="29" end="29" number="1"/>
<flow id="car41" type="carType1" from="topleftD" to="gneE8" begin="31" end="31" number="1"/>
<flow id="car42" type="carType1" from="gneE27" to="gneE34" begin="31" end="31" number="1"/>
<flow id="car43" type="carType0" from="bottomrightL" to="gneE18" begin="31" end="31" number="1"/>
<flow id="car44" type="carType1" from="-gneE33" to="-gneE44" begin="32" end="32" number="1"/>
<flow id="car45" type="carType2" from="gneE42" to="gneE43" begin="32" end="32" number="1"/>
<flow id="car46" type="carType2" from="-gneE29" to="-gneE44" begin="33" end="33" number="1"/>
<flow id="car47" type="carType2" from="gneE22" to="-gneE8" begin="37" end="37" number="1"/>
<flow id="car48" type="carType2" from="toprightD" to="-gneE13" begin="38" end="38" number="1"/>
<flow id="car49" type="carType2" from="toprightD" to="-gneE42" begin="38" end="38" number="1"/>
<flow id="car50" type="carType2" from="gneE50" to="topleftR" begin="40" end="40" number="1"/>
<flow id="car51" type="carType2" from="-gneE49" to="gneE43" begin="41" end="41" number="1"/>
<flow id="car52" type="carType2" from="gneE29" to="-gneE34" begin="43" end="43" number="1"/>
<flow id="car53" type="carType0" from="-gneE50" to="gneE9" begin="43" end="43" number="1"/>
<flow id="car54" type="carType2" from="-gneE34" to="gneE44" begin="44" end="44" number="1"/>
<flow id="car55" type="carType2" from="gneE46" to="bottomleftR" begin="45" end="45" number="1"/>
<flow id="car56" type="carType2" from="gneE50" to="gneE9" begin="45" end="45" number="1"/>
<flow id="car57" type="carType2" from="-gneE34" to="-gneE44" begin="47" end="47" number="1"/>
<flow id="car58" type="carType1" from="bottomleftU" to="bottomrightU" begin="48" end="48" number="1"/>
<flow id="car59" type="carType0" from="gneE21" to="gneE43" begin="49" end="49" number="1"/>
<flow id="car60" type="carType1" from="gneE21" to="gneE18" begin="53" end="53" number="1"/>
<flow id="car61" type="carType2" from="bottomleftU" to="-gneE48" begin="54" end="54" number="1"/>
<flow id="car62" type="carType0" from="gneE44" to="gneE45" begin="55" end="55" number="1"/>
<flow id="car63" type="carType0" from="gneE49" to="-gneE48" begin="55" end="55" number="1"/>
<flow id="car64" type="carType0" from="gneE21" to="bottomrightU" begin="56" end="56" number="1"/>
<flow id="car65" type="carType0" from="topleftR" to="gneE29" begin="60" end="60" number="1"/>
<flow id="car66" type="carType0" from="-gneE28" to="gneE9" begin="62" end="62" number="1"/>
<flow id="car67" type="carType1" from="topleftD" to="-gneE44" begin="62" end="62" number="1"/>
<flow id="car68" type="carType1" from="-gneE28" to="-gneE13" begin="63" end="63" number="1"/>
<flow id="car69" type="carType2" from="gneE50" to="bottomleftR" begin="67" end="67" number="1"/>
<flow id="car70" type="carType0" from="toprightL" to="gneE29" begin="67" end="67" number="1"/>
<flow id="car71" type="carType2" from="gneE49" to="-gneE43" begin="69" end="69" number="1"/>
<flow id="car72" type="carType2" from="-gneE33" to="-gneE29" begin="71" end="71" number="1"/>
<flow id="car73" type="carType0" from="-gneE8" to="-gneE49" begin="71" end="71" number="1"/>
<flow id="car74" type="carType0" from="gneE42" to="gneE49" begin="72" end="72" number="1"/>
<flow id="car75" type="carType0" from="-gneE50" to="gneE46" begin="74" end="74" number="1"/>
<flow id="car76" type="carType1" from="bottomleftR" to="-gneE48" begin="74" end="74" number="1"/>
<flow id="car77" type="carType0" from="-gneE42" to="gneE9" begin="76" end="76" number="1"/>
<flow id="car78" type="carType1" from="gneE42" to="gneE21" begin="77" end="77" number="1"/>
<flow id="car79" type="carType0" from="bottomrightL" to="gneE8" begin="78" end="78" number="1"/>
<flow id="car80" type="carType0" from="-gneE27" to="-gneE44" begin="78" end="78" number="1"/>
<flow id="car81" type="carType1" from="gneE8" to="gneE28" begin="80" end="80" number="1"/>
<flow id="car82" type="carType2" from="gneE29" to="gneE46" begin="81" end="81" number="1"/>
<flow id="car83" type="carType0" from="-gneE43" to="topleftR" begin="82" end="82" number="1"/>
<flow id="car84" type="carType2" from="topleftD" to="gneE35" begin="84" end="84" number="1"/>
<flow id="car85" type="carType1" from="gneE44" to="gneE21" begin="85" end="85" number="1"/>
<flow id="car86" type="carType1" from="-gneE37" to="bottomrightU" begin="87" end="87" number="1"/>
<flow id="car87" type="carType1" from="gneE35" to="gneE35" begin="90" end="90" number="1"/>
<flow id="car88" type="carType0" from="gneE51" to="-gneE44" begin="91" end="91" number="1"/>
<flow id="car89" type="carType0" from="-gneE37" to="-gneE42" begin="92" end="92" number="1"/>
<flow id="car90" type="carType0" from="gneE46" to="toprightD" begin="93" end="93" number="1"/>
<flow id="car91" type="carType1" from="gneE18" to="gneE46" begin="93" end="93" number="1"/>
<flow id="car92" type="carType2" from="toprightL" to="toprightL" begin="94" end="94" number="1"/>
<flow id="car93" type="carType1" from="gneE44" to="bottomleftU" begin="95" end="95" number="1"/>
<flow id="car94" type="carType1" from="-gneE7" to="gneE35" begin="95" end="95" number="1"/>
<flow id="car95" type="carType0" from="gneE27" to="gneE29" begin="95" end="95" number="1"/>
<flow id="car96" type="carType0" from="-gneE42" to="bottomleftU" begin="96" end="96" number="1"/>
<flow id="car97" type="carType2" from="gneE48" to="-gneE28" begin="96" end="96" number="1"/>
<flow id="car98" type="carType2" from="gneE44" to="gneE46" begin="97" end="97" number="1"/>
<flow id="car99" type="carType0" from="gneE27" to="gneE44" begin="98" end="98" number="1"/>
<flow id="car100" type="carType0" from="bottomrightU" to="gneE22" begin="98" end="98" number="1"/>
<flow id="car101" type="carType2" from="gneE9" to="gneE9" begin="100" end="100" number="1"/>
<flow id="car102" type="carType2" from="gneE27" to="gneE21" begin="100" end="100" number="1"/>
<flow id="car103" type="carType2" from="gneE21" to="-gneE42" begin="100" end="100" number="1"/>
<flow id="car104" type="carType2" from="-gneE49" to="gneE27" begin="101" end="101" number="1"/>
<flow id="car105" type="carType2" from="topleftD" to="gneE21" begin="102" end="102" number="1"/>
<flow id="car106" type="carType2" from="-gneE49" to="gneE49" begin="103" end="103" number="1"/>
<flow id="car107" type="carType1" from="bottomrightU" to="gneE8" begin="103" end="103" number="1"/>
<flow id="car108" type="carType1" from="gneE35" to="-gneE51" begin="105" end="105" number="1"/>
<flow id="car109" type="carType1" from="gneE34" to="gneE46" begin="107" end="107" number="1"/>
<flow id="car110" type="carType0" from="gneE35" to="-gneE13" begin="108" end="108" number="1"/>
<flow id="car111" type="carType1" from="gneE46" to="gneE48" begin="108" end="108" number="1"/>
<flow id="car112" type="carType2" from="topleftD" to="-gneE21" begin="109" end="109" number="1"/>
<flow id="car113" type="carType0" from="-gneE8" to="-gneE27" begin="109" end="109" number="1"/>
<flow id="car114" type="carType0" from="-gneE37" to="-gneE33" begin="110" end="110" number="1"/>
<flow id="car115" type="carType1" from="topleftR" to="bottomrightL" begin="110" end="110" number="1"/>
<flow id="car116" type="carType0" from="bottomrightL" to="bottomrightL" begin="111" end="111" number="1"/>
<flow id="car117" type="carType0" from="gneE50" to="-gneE44" begin="112" end="112" number="1"/>
<flow id="car118" type="carType2" from="-gneE13" to="gneE9" begin="113" end="113" number="1"/>
<flow id="car119" type="carType1" from="-gneE44" to="-gneE28" begin="115" end="115" number="1"/>
<flow id="car120" type="carType0" from="-gneE28" to="gneE44" begin="115" end="115" number="1"/>
<flow id="car121" type="carType2" from="-gneE37" to="-gneE8" begin="116" end="116" number="1"/>
<flow id="car122" type="carType1" from="-gneE43" to="gneE21" begin="117" end="117" number="1"/>
<flow id="car123" type="carType1" from="gneE42" to="-gneE8" begin="118" end="118" number="1"/>
<flow id="car124" type="carType1" from="-gneE45" to="-gneE21" begin="120" end="120" number="1"/>
<flow id="car125" type="carType1" from="gneE29" to="bottomleftR" begin="121" end="121" number="1"/>
<flow id="car126" type="carType1" from="-gneE50" to="-gneE42" begin="122" end="122" number="1"/>
<flow id="car127" type="carType2" from="-gneE42" to="topleftD" begin="125" end="125" number="1"/>
<flow id="car128" type="carType2" from="toprightD" to="gneE29" begin="126" end="126" number="1"/>
<flow id="car129" type="carType2" from="gneE22" to="topleftR" begin="127" end="127" number="1"/>
<flow id="car130" type="carType1" from="gneE30" to="gneE27" begin="127" end="127" number="1"/>
<flow id="car131" type="carType2" from="-gneE49" to="-gneE8" begin="127" end="127" number="1"/>
<flow id="car132" type="carType1" from="gneE44" to="-gneE42" begin="128" end="128" number="1"/>
<flow id="car133" type="carType2" from="-gneE34" to="gneE50" begin="129" end="129" number="1"/>
<flow id="car134" type="carType1" from="-gneE21" to="gneE37" begin="130" end="130" number="1"/>
<flow id="car135" type="carType1" from="-gneE7" to="-gneE49" begin="131" end="131" number="1"/>
<flow id="car136" type="carType2" from="-gneE43" to="-gneE21" begin="131" end="131" number="1"/>
<flow id="car137" type="carType2" from="-gneE18" to="-gneE51" begin="135" end="135" number="1"/>
<flow id="car138" type="carType1" from="bottomrightL" to="-gneE50" begin="138" end="138" number="1"/>
<flow id="car139" type="carType2" from="gneE29" to="gneE42" begin="138" end="138" number="1"/>
<flow id="car140" type="carType1" from="gneE44" to="bottomrightL" begin="140" end="140" number="1"/>
<flow id="car141" type="carType0" from="-gneE44" to="-gneE13" begin="140" end="140" number="1"/>
<flow id="car142" type="carType1" from="bottomrightU" to="bottomleftU" begin="140" end="140" number="1"/>
<flow id="car143" type="carType1" from="gneE43" to="-gneE8" begin="140" end="140" number="1"/>
<flow id="car144" type="carType2" from="gneE44" to="bottomrightL" begin="143" end="143" number="1"/>
<flow id="car145" type="carType0" from="gneE9" to="gneE43" begin="143" end="143" number="1"/>
<flow id="car146" type="carType2" from="bottomrightL" to="gneE43" begin="144" end="144" number="1"/>
<flow id="car147" type="carType0" from="-gneE37" to="gneE44" begin="146" end="146" number="1"/>
<flow id="car148" type="carType1" from="gneE45" to="gneE51" begin="148" end="148" number="1"/>
<flow id="car149" type="carType2" from="-gneE7" to="topleftR" begin="149" end="149" number="1"/>
<flow id="car150" type="carType0" from="gneE46" to="gneE50" begin="150" end="150" number="1"/>
<flow id="car151" type="carType2" from="gneE45" to="bottomleftR" begin="151" end="151" number="1"/>
<flow id="car152" type="carType1" from="-gneE18" to="-gneE21" begin="151" end="151" number="1"/>
<flow id="car153" type="carType0" from="-gneE27" to="-gneE37" begin="151" end="151" number="1"/>
<flow id="car154" type="carType0" from="-gneE43" to="gneE49" begin="152" end="152" number="1"/>
<flow id="car155" type="carType0" from="-gneE7" to="gneE22" begin="153" end="153" number="1"/>
<flow id="car156" type="carType2" from="-gneE33" to="bottomrightL" begin="154" end="154" number="1"/>
<flow id="car157" type="carType0" from="gneE18" to="gneE51" begin="154" end="154" number="1"/>
<flow id="car158" type="carType1" from="-gneE29" to="-gneE51" begin="154" end="154" number="1"/>
<flow id="car159" type="carType1" from="-gneE34" to="gneE50" begin="155" end="155" number="1"/>
<flow id="car160" type="carType2" from="-gneE45" to="gneE45" begin="155" end="155" number="1"/>
<flow id="car161" type="carType0" from="-gneE28" to="gneE45" begin="156" end="156" number="1"/>
<flow id="car162" type="carType1" from="gneE29" to="gneE42" begin="156" end="156" number="1"/>
<flow id="car163" type="carType0" from="gneE27" to="gneE27" begin="156" end="156" number="1"/>
<flow id="car164" type="carType2" from="toprightD" to="-gneE27" begin="157" end="157" number="1"/>
<flow id="car165" type="carType2" from="toprightD" to="topleftD" begin="160" end="160" number="1"/>
<flow id="car166" type="carType0" from="bottomleftU" to="bottomrightL" begin="160" end="160" number="1"/>
<flow id="car167" type="carType2" from="gneE9" to="-gneE27" begin="163" end="163" number="1"/>
<flow id="car168" type="carType2" from="-gneE34" to="gneE8" begin="166" end="166" number="1"/>
<flow id="car169" type="carType0" from="gneE8" to="toprightL" begin="166" end="166" number="1"/>
<flow id="car170" type="carType0" from="-gneE43" to="-gneE34" begin="167" end="167" number="1"/>
<flow id="car171" type="carType0" from="-gneE51" to="-gneE44" begin="170" end="170" number="1"/>
<flow id="car172" type="carType0" from="topleftD" to="-gneE37" begin="172" end="172" number="1"/>
<flow id="car173" type="carType1" from="gneE8" to="gneE34" begin="173" end="173" number="1"/>
<flow id="car174" type="carType2" from="bottomleftU" to="gneE27" begin="173" end="173" number="1"/>
<flow id="car175" type="carType1" from="bottomrightL" to="gneE9" begin="173" end="173" number="1"/>
<flow id="car176" type="carType2" from="gneE46" to="-gneE27" begin="173" end="173" number="1"/>
<flow id="car177" type="carType1" from="toprightL" to="gneE35" begin="173" end="173" number="1"/>
<flow id="car178" type="carType0" from="-gneE49" to="gneE46" begin="177" end="177" number="1"/>
<flow id="car179" type="carType0" from="gneE27" to="gneE21" begin="179" end="179" number="1"/>
<flow id="car180" type="carType2" from="gneE44" to="bottomleftR" begin="179" end="179" number="1"/>
<flow id="car181" type="carType2" from="-gneE27" to="gneE37" begin="180" end="180" number="1"/>
<flow id="car182" type="carType2" from="-gneE13" to="-gneE37" begin="181" end="181" number="1"/>
<flow id="car183" type="carType0" from="gneE34" to="gneE34" begin="182" end="182" number="1"/>
<flow id="car184" type="carType2" from="-gneE7" to="gneE28" begin="183" end="183" number="1"/>
<flow id="car185" type="carType1" from="-gneE45" to="-gneE51" begin="184" end="184" number="1"/>
<flow id="car186" type="carType0" from="-gneE49" to="topleftD" begin="187" end="187" number="1"/>
<flow id="car187" type="carType0" from="toprightL" to="-gneE49" begin="187" end="187" number="1"/>
<flow id="car188" type="carType1" from="gneE22" to="gneE45" begin="189" end="189" number="1"/>
<flow id="car189" type="carType0" from="gneE21" to="gneE34" begin="190" end="190" number="1"/>
<flow id="car190" type="carType1" from="-gneE50" to="gneE49" begin="191" end="191" number="1"/>
<flow id="car191" type="carType1" from="gneE34" to="gneE49" begin="192" end="192" number="1"/>
<flow id="car192" type="carType1" from="-gneE43" to="gneE34" begin="192" end="192" number="1"/>
<flow id="car193" type="carType1" from="gneE9" to="toprightL" begin="192" end="192" number="1"/>
<flow id="car194" type="carType0" from="gneE37" to="-gneE37" begin="195" end="195" number="1"/>
<flow id="car195" type="carType0" from="bottomleftU" to="gneE22" begin="196" end="196" number="1"/>
<flow id="car196" type="carType0" from="bottomleftU" to="gneE44" begin="197" end="197" number="1"/>
<flow id="car197" type="carType2" from="-gneE49" to="-gneE48" begin="198" end="198" number="1"/>
<flow id="car198" type="carType1" from="gneE48" to="gneE46" begin="199" end="199" number="1"/>
<flow id="car199" type="carType0" from="-gneE34" to="-gneE34" begin="199" end="199" number="1"/>
</routes>
