<routes>
<vType id="carType0" length="4" maxSpeed="48.35" accel="2.22" decel="4.1" speedDev="0.2" sigma="0.11"/>
<vType id="carType1" length="6" maxSpeed="43.73" accel="2.58" decel="4.1" speedDev="0.2" sigma="0.25"/>
<vType id="carType2" length="9" maxSpeed="43.22" accel="2.72" decel="5.73" speedDev="0.2" sigma="0.24"/>
<flow id="car0" type="carType0" from="bottomleftU" to="topleftR" begin="0" end="0" number="1"/>
<flow id="car1" type="carType2" from="bottomrightU" to="gneE51" begin="0" end="0" number="1"/>
<flow id="car2" type="carType2" from="gneE37" to="gneE49" begin="0" end="0" number="1"/>
<flow id="car3" type="carType2" from="-gneE44" to="bottomleftU" begin="2" end="2" number="1"/>
<flow id="car4" type="carType1" from="-gneE48" to="-gneE7" begin="4" end="4" number="1"/>
<flow id="car5" type="carType1" from="bottomleftU" to="-gneE49" begin="5" end="5" number="1"/>
<flow id="car6" type="carType0" from="gneE21" to="gneE42" begin="6" end="6" number="1"/>
<flow id="car7" type="carType1" from="gneE30" to="topleftR" begin="6" end="6" number="1"/>
<flow id="car8" type="carType2" from="gneE44" to="-gneE48" begin="6" end="6" number="1"/>
<flow id="car9" type="carType1" from="-gneE48" to="-gneE45" begin="7" end="7" number="1"/>
<flow id="car10" type="carType2" from="bottomleftU" to="-gneE37" begin="10" end="10" number="1"/>
<flow id="car11" type="carType2" from="gneE35" to="gneE27" begin="10" end="10" number="1"/>
<flow id="car12" type="carType0" from="gneE21" to="gneE50" begin="10" end="10" number="1"/>
<flow id="car13" type="carType1" from="-gneE49" to="-gneE8" begin="11" end="11" number="1"/>
<flow id="car14" type="carType1" from="topleftR" to="gneE28" begin="12" end="12" number="1"/>
<flow id="car15" type="carType2" from="-gneE44" to="gneE43" begin="12" end="12" number="1"/>
<flow id="car16" type="carType0" from="gneE46" to="bottomrightL" begin="13" end="13" number="1"/>
<flow id="car17" type="carType1" from="bottomrightU" to="gneE50" begin="13" end="13" number="1"/>
<flow id="car18" type="carType2" from="-gneE33" to="gneE30" begin="14" end="14" number="1"/>
<flow id="car19" type="carType0" from="-gneE29" to="gneE48" begin="14" end="14" number="1"/>
<flow id="car20" type="carType1" from="-gneE29" to="gneE9" begin="16" end="16" number="1"/>
<flow id="car21" type="carType2" from="gneE45" to="-gneE45" begin="17" end="17" number="1"/>
<flow id="car22" type="carType1" from="-gneE21" to="bottomleftU" begin="17" end="17" number="1"/>
<flow id="car23" type="carType1" from="-gneE49" to="-gneE13" begin="17" end="17" number="1"/>
<flow id="car24" type="carType0" from="gneE43" to="-gneE43" begin="19" end="19" number="1"/>
<flow id="car25" type="carType0" from="gneE34" to="gneE48" begin="21" end="21" number="1"/>
<flow id="car26" type="carType1" from="-gneE48" to="-gneE13" begin="21" end="21" number="1"/>
<flow id="car27" type="carType2" from="gneE51" to="gneE50" begin="25" end="25" number="1"/>
<flow id="car28" type="carType1" from="gneE35" to="gneE42" begin="28" end="28" number="1"/>
<flow id="car29" type="carType2" from="-gneE37" to="-gneE18" begin="29" end="29" number="1"/>
<flow id="car30" type="carType2" from="toprightL" to="-gneE45" begin="33" end="33" number="1"/>
<flow id="car31" type="carType1" from="-gneE29" to="gneE50" begin="37" end="37" number="1"/>
<flow id="car32" type="carType0" from="bottomrightU" to="-gneE37" begin="38" end="38" number="1"/>
<flow id="car33" type="carType2" from="gneE48" to="gneE43" begin="42" end="42" number="1"/>
<flow id="car34" type="carType1" from="gneE9" to="bottomrightU" begin="42" end="42" number="1"/>
<flow id="car35" type="carType1" from="gneE27" to="-gneE50" begin="42" end="42" number="1"/>
<flow id="car36" type="carType2" from="-gneE18" to="toprightL" begin="44" end="44" number="1"/>
<flow id="car37" type="carType1" from="-gneE43" to="gneE30" begin="44" end="44" number="1"/>
<flow id="car38" type="carType2" from="-gneE34" to="gneE43" begin="46" end="46" number="1"/>
<flow id="car39" type="carType0" from="-gneE49" to="topleftD" begin="46" end="46" number="1"/>
<flow id="car40" type="carType0" from="gneE51" to="gneE30" begin="46" end="46" number="1"/>
<flow id="car41" type="carType2" from="gneE42" to="gneE50" begin="48" end="48" number="1"/>
<flow id="car42" type="carType2" from="gneE22" to="toprightD" begin="48" end="48" number="1"/>
<flow id="car43" type="carType0" from="-gneE27" to="gneE44" begin="49" end="49" number="1"/>
<flow id="car44" type="carType1" from="-gneE33" to="-gneE13" begin="49" end="49" number="1"/>
<flow id="car45" type="carType0" from="-gneE34" to="-gneE8" begin="50" end="50" number="1"/>
<flow id="car46" type="carType0" from="gneE50" to="-gneE43" begin="52" end="52" number="1"/>
<flow id="car47" type="carType0" from="gneE51" to="-gneE28" begin="54" end="54" number="1"/>
<flow id="car48" type="carType2" from="gneE27" to="gneE46" begin="57" end="57" number="1"/>
<flow id="car49" type="carType0" from="-gneE7" to="gneE34" begin="59" end="59" number="1"/>
<flow id="car50" type="carType2" from="-gneE37" to="-gneE7" begin="59" end="59" number="1"/>
<flow id="car51" type="carType2" from="gneE35" to="-gneE50" begin="60" end="60" number="1"/>
<flow id="car52" type="carType2" from="-gneE28" to="gneE43" begin="61" end="61" number="1"/>
<flow id="car53" type="carType2" from="toprightL" to="topleftD" begin="61" end="61" number="1"/>
<flow id="car54" type="carType0" from="-gneE21" to="-gneE13" begin="62" end="62" number="1"/>
<flow id="car55" type="carType0" from="gneE50" to="gneE49" begin="62" end="62" number="1"/>
<flow id="car56" type="carType2" from="gneE45" to="-gneE8" begin="63" end="63" number="1"/>
<flow id="car57" type="carType2" from="gneE30" to="-gneE45" begin="64" end="64" number="1"/>
<flow id="car58" type="carType1" from="gneE18" to="-gneE51" begin="64" end="64" number="1"/>
<flow id="car59" type="carType1" from="gneE28" to="gneE46" begin="71" end="71" number="1"/>
<flow id="car60" type="carType0" from="gneE27" to="bottomleftR" begin="72" end="72" number="1"/>
<flow id="car61" type="carType2" from="gneE35" to="-gneE51" begin="72" end="72" number="1"/>
<flow id="car62" type="carType0" from="gneE43" to="bottomleftR" begin="74" end="74" number="1"/>
<flow id="car63" type="carType2" from="-gneE37" to="gneE46" begin="74" end="74" number="1"/>
<flow id="car64" type="carType1" from="gneE46" to="gneE28" begin="76" end="76" number="1"/>
<flow id="car65" type="carType2" from="bottomleftR" to="-gneE7" begin="77" end="77" number="1"/>
<flow id="car66" type="carType1" from="bottomrightU" to="gneE35" begin="77" end="77" number="1"/>
<flow id="car67" type="carType1" from="bottomrightU" to="bottomrightL" begin="78" end="78" number="1"/>
<flow id="car68" type="carType0" from="gneE46" to="-gneE33" begin="82" end="82" number="1"/>
<flow id="car69" type="carType1" from="-gneE33" to="-gneE7" begin="82" end="82" number="1"/>
<flow id="car70" type="carType1" from="gneE37" to="bottomleftR" begin="82" end="82" number="1"/>
<flow id="car71" type="carType1" from="-gneE7" to="gneE37" begin="82" end="82" number="1"/>
<flow id="car72" type="carType1" from="bottomleftR" to="gneE9" begin="83" end="83" number="1"/>
<flow id="car73" type="carType1" from="-gneE50" to="-gneE18" begin="84" end="84" number="1"/>
<flow id="car74" type="carType1" from="-gneE21" to="gneE21" begin="86" end="86" number="1"/>
<flow id="car75" type="carType1" from="gneE51" to="topleftD" begin="87" end="87" number="1"/>
<flow id="car76" type="carType1" from="-gneE48" to="gneE8" begin="88" end="88" number="1"/>
<flow id="car77" type="carType2" from="gneE35" to="-gneE44" begin="88" end="88" number="1"/>
<flow id="car78" type="carType0" from="-gneE18" to="gneE9" begin="89" end="89" number="1"/>
<flow id="car79" type="carType2" from="toprightL" to="gneE18" begin="89" end="89" number="1"/>
<flow id="car80" type="carType0" from="-gneE13" to="gneE50" begin="91" end="91" number="1"/>
<flow id="car81" type="carType1" from="bottomrightL" to="gneE46" begin="91" end="91" number="1"/>
<flow id="car82" type="carType1" from="bottomrightL" to="-gneE27" begin="92" end="92" number="1"/>
<flow id="car83" type="carType0" from="-gneE21" to="-gneE34" begin="93" end="93" number="1"/>
<flow id="car84" type="carType2" from="gneE42" to="-gneE13" begin="94" end="94" number="1"/>
<flow id="car85" type="carType1" from="-gneE29" to="gneE34" begin="94" end="94" number="1"/>
<flow id="car86" type="carType1" from="topleftD" to="gneE29" begin="95" end="95" number="1"/>
<flow id="car87" type="carType1" from="-gneE21" to="bottomrightU" begin="96" end="96" number="1"/>
<flow id="car88" type="carType0" from="toprightD" to="gneE43" begin="97" end="97" number="1"/>
<flow id="car89" type="carType1" from="-gneE49" to="gneE34" begin="97" end="97" number="1"/>
<flow id="car90" type="carType2" from="gneE51" to="gneE18" begin="102" end="102" number="1"/>
<flow id="car91" type="carType1" from="gneE43" to="-gneE7" begin="102" end="102" number="1"/>
<flow id="car92" type="carType0" from="-gneE43" to="-gneE34" begin="103" end="103" number="1"/>
<flow id="car93" type="carType1" from="gneE51" to="gneE21" begin="104" end="104" number="1"/>
<flow id="car94" type="carType0" from="gneE22" to="gneE50" begin="105" end="105" number="1"/>
<flow id="car95" type="carType0" from="-gneE49" to="bottomleftU" begin="106" end="106" number="1"/>
<flow id="car96" type="carType0" from="gneE18" to="gneE49" begin="109" end="109" number="1"/>
<flow id="car97" type="carType2" from="-gneE18" to="toprightD" begin="111" end="111" number="1"/>
<flow id="car98" type="carType2" from="bottomrightL" to="-gneE37" begin="112" end="112" number="1"/>
<flow id="car99" type="carType0" from="bottomrightU" to="-gneE28" begin="112" end="112" number="1"/>
<flow id="car100" type="carType2" from="gneE48" to="bottomleftU" begin="112" end="112" number="1"/>
<flow id="car101" type="carType0" from="gneE30" to="bottomrightU" begin="113" end="113" number="1"/>
<flow id="car102" type="carType0" from="bottomrightU" to="-gneE37" begin="114" end="114" number="1"/>
<flow id="car103" type="carType2" from="gneE9" to="-gneE8" begin="114" end="114" number="1"/>
<flow id="car104" type="carType1" from="gneE18" to="gneE35" begin="115" end="115" number="1"/>
<flow id="car105" type="carType2" from="gneE8" to="gneE44" begin="116" end="116" number="1"/>
<flow id="car106" type="carType1" from="gneE21" to="gneE43" begin="118" end="118" number="1"/>
<flow id="car107" type="carType1" from="gneE22" to="gneE22" begin="120" end="120" number="1"/>
<flow id="car108" type="carType0" from="gneE42" to="gneE34" begin="120" end="120" number="1"/>
<flow id="car109" type="carType1" from="gneE45" to="-gneE7" begin="120" end="120" number="1"/>
<flow id="car110" type="carType0" from="gneE22" to="-gneE43" begin="122" end="122" number="1"/>
<flow id="car111" type="carType0" from="-gneE44" to="bottomleftR" begin="122" end="122" number="1"/>
<flow id="car112" type="carType2" from="gneE9" to="gneE49" begin="122" end="122" number="1"/>
<flow id="car113" type="carType0" from="gneE51" to="-gneE48" begin="125" end="125" number="1"/>
<flow id="car114" type="carType2" from="gneE48" to="gneE8" begin="125" end="125" number="1"/>
<flow id="car115" type="carType1" from="gneE18" to="-gneE18" begin="128" end="128" number="1"/>
<flow id="car116" type="carType1" from="gneE18" to="-gneE18" begin="130" end="130" number="1"/>
<flow id="car117" type="carType1" from="gneE50" to="-gneE7" begin="130" end="130" number="1"/>
<flow id="car118" type="carType0" from="-gneE34" to="-gneE51" begin="131" end="131" number="1"/>
<flow id="car119" type="carType2" from="bottomleftR" to="-gneE45" begin="131" end="131" number="1"/>
<flow id="car120" type="carType2" from="gneE22" to="gneE44" begin="132" end="132" number="1"/>
<flow id="car121" type="carType2" from="-gneE48" to="gneE22" begin="132" end="132" number="1"/>
<flow id="car122" type="carType0" from="bottomrightU" to="-gneE50" begin="132" end="132" number="1"/>
<flow id="car123" type="carType2" from="-gneE27" to="-gneE45" begin="132" end="132" number="1"/>
<flow id="car124" type="carType1" from="-gneE43" to="gneE49" begin="132" end="132" number="1"/>
<flow id="car125" type="carType0" from="-gneE33" to="-gneE27" begin="133" end="133" number="1"/>
<flow id="car126" type="carType0" from="-gneE45" to="-gneE29" begin="134" end="134" number="1"/>
<flow id="car127" type="carType2" from="toprightD" to="gneE45" begin="135" end="135" number="1"/>
<flow id="car128" type="carType1" from="gneE37" to="-gneE34" begin="135" end="135" number="1"/>
<flow id="car129" type="carType2" from="gneE51" to="topleftD" begin="135" end="135" number="1"/>
<flow id="car130" type="carType0" from="gneE21" to="-gneE50" begin="136" end="136" number="1"/>
<flow id="car131" type="carType0" from="-gneE29" to="bottomleftU" begin="137" end="137" number="1"/>
<flow id="car132" type="carType1" from="-gneE8" to="bottomleftR" begin="138" end="138" number="1"/>
<flow id="car133" type="carType2" from="bottomrightU" to="-gneE7" begin="138" end="138" number="1"/>
<flow id="car134" type="carType2" from="gneE45" to="gneE37" begin="139" end="139" number="1"/>
<flow id="car135" type="carType2" from="bottomrightU" to="-gneE33" begin="140" end="140" number="1"/>
<flow id="car136" type="carType1" from="gneE46" to="gneE45" begin="140" end="140" number="1"/>
<flow id="car137" type="carType1" from="gneE45" to="gneE50" begin="140" end="140" number="1"/>
<flow id="car138" type="carType2" from="topleftD" to="-gneE42" begin="142" end="142" number="1"/>
<flow id="car139" type="carType0" from="-gneE27" to="-gneE44" begin="143" end="143" number="1"/>
<flow id="car140" type="carType1" from="gneE44" to="gneE28" begin="143" end="143" number="1"/>
<flow id="car141" type="carType2" from="topleftR" to="gneE50" begin="145" end="145" number="1"/>
<flow id="car142" type="carType1" from="-gneE45" to="gneE21" begin="146" end="146" number="1"/>
<flow id="car143" type="carType1" from="gneE9" to="bottomrightU" begin="147" end="147" number="1"/>
<flow id="car144" type="carType2" from="gneE49" to="gneE49" begin="147" end="147" number="1"/>
<flow id="car145" type="carType2" from="-gneE7" to="-gneE8" begin="148" end="148" number="1"/>
<flow id="car146" type="carType0" from="gneE27" to="-gneE21" begin="148" end="148" number="1"/>
<flow id="car147" type="carType0" from="-gneE29" to="gneE49" begin="148" end="148" number="1"/>
<flow id="car148" type="carType2" from="-gneE51" to="gneE34" begin="148" end="148" number="1"/>
<flow id="car149" type="carType1" from="gneE9" to="gneE45" begin="150" end="150" number="1"/>
<flow id="car150" type="carType0" from="gneE34" to="gneE37" begin="154" end="154" number="1"/>
<flow id="car151" type="carType2" from="-gneE29" to="-gneE44" begin="155" end="155" number="1"/>
<flow id="car152" type="carType1" from="gneE50" to="-gneE8" begin="156" end="156" number="1"/>
<flow id="car153" type="carType2" from="-gneE8" to="-gneE45" begin="156" end="156" number="1"/>
<flow id="car154" type="carType0" from="gneE43" to="gneE48" begin="157" end="157" number="1"/>
<flow id="car155" type="carType1" from="gneE51" to="-gneE34" begin="159" end="159" number="1"/>
<flow id="car156" type="carType2" from="-gneE18" to="-gneE42" begin="159" end="159" number="1"/>
<flow id="car157" type="carType1" from="bottomleftR" to="-gneE33" begin="159" end="159" number="1"/>
<flow id="car158" type="carType0" from="-gneE27" to="-gneE44" begin="159" end="159" number="1"/>
<flow id="car159" type="carType2" from="gneE34" to="-gneE48" begin="160" end="160" number="1"/>
<flow id="car160" type="carType2" from="gneE28" to="bottomrightU" begin="163" end="163" number="1"/>
<flow id="car161" type="carType1" from="gneE51" to="-gneE18" begin="163" end="163" number="1"/>
<flow id="car162" type="carType2" from="gneE37" to="gneE27" begin="163" end="163" number="1"/>
<flow id="car163" type="carType0" from="gneE44" to="-gneE49" begin="164" end="164" number="1"/>
<flow id="car164" type="carType0" from="gneE22" to="-gneE42" begin="164" end="164" number="1"/>
<flow id="car165" type="carType0" from="gneE35" to="gneE42" begin="164" end="164" number="1"/>
<flow id="car166" type="carType1" from="-gneE48" to="gneE46" begin="165" end="165" number="1"/>
<flow id="car167" type="carType1" from="-gneE51" to="toprightL" begin="165" end="165" number="1"/>
<flow id="car168" type="carType1" from="-gneE34" to="-gneE44" begin="165" end="165" number="1"/>
<flow id="car169" type="carType1" from="gneE50" to="gneE46" begin="166" end="166" number="1"/>
<flow id="car170" type="carType2" from="-gneE44" to="-gneE18" begin="166" end="166" number="1"/>
<flow id="car171" type="carType1" from="topleftD" to="-gneE42" begin="167" end="167" number="1"/>
<flow id="car172" type="carType2" from="gneE49" to="gneE29" begin="168" end="168" number="1"/>
<flow id="car173" type="carType0" from="gneE43" to="gneE42" begin="169" end="169" number="1"/>
<flow id="car174" type="carType0" from="gneE22" to="-gneE28" begin="169" end="169" number="1"/>
<flow id="car175" type="carType1" from="gneE22" to="bottomleftR" begin="171" end="171" number="1"/>
<flow id="car176" type="carType1" from="-gneE51" to="-gneE33" begin="172" end="172" number="1"/>
<flow id="car177" type="carType0" from="gneE49" to="-gneE18" begin="172" end="172" number="1"/>
<flow id="car178" type="carType0" from="gneE22" to="-gneE34" begin="172" end="172" number="1"/>
<flow id="car179" type="carType1" from="bottomrightL" to="-gneE29" begin="174" end="174" number="1"/>
<flow id="car180" type="carType0" from="gneE29" to="gneE43" begin="176" end="176" number="1"/>
<flow id="car181" type="carType0" from="gneE51" to="-gneE8" begin="177" end="177" number="1"/>
<flow id="car182" type="carType1" from="gneE18" to="gneE18" begin="181" end="181" number="1"/>
<flow id="car183" type="carType2" from="gneE51" to="bottomleftR" begin="182" end="182" number="1"/>
<flow id="car184" type="carType2" from="-gneE50" to="-gneE27" begin="182" end="182" number="1"/>
<flow id="car185" type="carType2" from="gneE45" to="-gneE33" begin="182" end="182" number="1"/>
<flow id="car186" type="carType0" from="-gneE44" to="-gneE50" begin="182" end="182" number="1"/>
<flow id="car187" type="carType2" from="-gneE33" to="topleftR" begin="184" end="184" number="1"/>
<flow id="car188" type="carType2" from="-gneE8" to="gneE37" begin="184" end="184" number="1"/>
<flow id="car189" type="carType2" from="gneE51" to="gneE21" begin="186" end="186" number="1"/>
<flow id="car190" type="carType2" from="-gneE45" to="toprightL" begin="187" end="187" number="1"/>
<flow id="car191" type="carType0" from="bottomleftR" to="bottomrightL" begin="187" end="187" number="1"/>
<flow id="car192" type="carType2" from="-gneE18" to="-gneE42" begin="192" end="192" number="1"/>
<flow id="car193" type="carType2" from="gneE18" to="gneE35" begin="192" end="192" number="1"/>
<flow id="car194" type="carType2" from="-gneE28" to="-gneE13" begin="193" end="193" number="1"/>
<flow id="car195" type="carType2" from="bottomrightL" to="-gneE44" begin="193" end="193" number="1"/>
<flow id="car196" type="carType2" from="gneE50" to="-gneE37" begin="194" end="194" number="1"/>
<flow id="car197" type="carType2" from="gneE8" to="gneE43" begin="194" end="194" number="1"/>
<flow id="car198" type="carType2" from="gneE28" to="-gneE34" begin="198" end="198" number="1"/>
<flow id="car199" type="carType2" from="gneE28" to="gneE49" begin="199" end="199" number="1"/>
</routes>
