<routes>
<vType id="carType0" length="8" maxSpeed="48.85" accel="2.98" decel="4.72" speedDev="0.2" sigma="0.16"/>
<vType id="carType1" length="8" maxSpeed="48.12" accel="2.83" decel="5.62" speedDev="0.2" sigma="0.18"/>
<vType id="carType2" length="5" maxSpeed="52.58" accel="2.6" decel="4.26" speedDev="0.2" sigma="0.16"/>
<flow id="car0" type="carType1" from="gneE48" to="gneE21" begin="1" end="1" number="1"/>
<flow id="car1" type="carType0" from="-gneE29" to="gneE51" begin="2" end="2" number="1"/>
<flow id="car2" type="carType2" from="gneE27" to="gneE51" begin="5" end="5" number="1"/>
<flow id="car3" type="carType2" from="bottomleftR" to="gneE35" begin="7" end="7" number="1"/>
<flow id="car4" type="carType0" from="bottomrightU" to="gneE9" begin="7" end="7" number="1"/>
<flow id="car5" type="carType1" from="-gneE49" to="-gneE29" begin="10" end="10" number="1"/>
<flow id="car6" type="carType0" from="-gneE33" to="-gneE44" begin="10" end="10" number="1"/>
<flow id="car7" type="carType0" from="-gneE44" to="gneE45" begin="10" end="10" number="1"/>
<flow id="car8" type="carType1" from="gneE43" to="gneE22" begin="13" end="13" number="1"/>
<flow id="car9" type="carType2" from="gneE49" to="bottomrightU" begin="13" end="13" number="1"/>
<flow id="car10" type="carType0" from="-gneE42" to="-gneE13" begin="13" end="13" number="1"/>
<flow id="car11" type="carType0" from="gneE8" to="-gneE34" begin="14" end="14" number="1"/>
<flow id="car12" type="carType2" from="bottomleftU" to="gneE35" begin="16" end="16" number="1"/>
<flow id="car13" type="carType1" from="gneE29" to="gneE43" begin="16" end="16" number="1"/>
<flow id="car14" type="carType2" from="gneE50" to="-gneE43" begin="16" end="16" number="1"/>
<flow id="car15" type="carType1" from="gneE22" to="-gneE27" begin="17" end="17" number="1"/>
<flow id="car16" type="carType1" from="gneE30" to="-gneE21" begin="17" end="17" number="1"/>
<flow id="car17" type="carType2" from="-gneE8" to="-gneE37" begin="18" end="18" number="1"/>
<flow id="car18" type="carType0" from="gneE43" to="gneE46" begin="18" end="18" number="1"/>
<flow id="car19" type="carType0" from="-gneE7" to="gneE9" begin="19" end="19" number="1"/>
<flow id="car20" type="carType0" from="gneE35" to="gneE46" begin="19" end="19" number="1"/>
<flow id="car21" type="carType0" from="-gneE37" to="bottomleftU" begin="23" end="23" number="1"/>
<flow id="car22" type="carType1" from="gneE22" to="gneE34" begin="23" end="23" number="1"/>
<flow id="car23" type="carType1" from="gneE29" to="gneE37" begin="24" end="24" number="1"/>
<flow id="car24" type="carType0" from="gneE27" to="bottomrightU" begin="24" end="24" number="1"/>
<flow id="car25" type="carType2" from="-gneE8" to="-gneE37" begin="24" end="24" number="1"/>
<flow id="car26" type="carType0" from="-gneE18" to="gneE50" begin="25" end="25" number="1"/>
<flow id="car27" type="carType2" from="-gneE18" to="gneE50" begin="27" end="27" number="1"/>
<flow id="car28" type="carType2" from="gneE35" to="gneE37" begin="29" end="29" number="1"/>
<flow id="car29" type="carType2" from="bottomrightL" to="bottomrightL" begin="29" end="29" number="1"/>
<flow id="car30" type="carType0" from="-gneE29" to="gneE37" begin="29" end="29" number="1"/>
<flow id="car31" type="carType0" from="gneE35" to="-gneE45" begin="29" end="29" number="1"/>
<flow id="car32" type="carType1" from="gneE22" to="-gneE29" begin="32" end="32" number="1"/>
<flow id="car33" type="carType2" from="-gneE37" to="gneE8" begin="35" end="35" number="1"/>
<flow id="car34" type="carType0" from="gneE22" to="-gneE43" begin="36" end="36" number="1"/>
<flow id="car35" type="carType1" from="-gneE44" to="topleftD" begin="37" end="37" number="1"/>
<flow id="car36" type="carType1" from="gneE48" to="topleftD" begin="38" end="38" number="1"/>
<flow id="car37" type="carType0" from="gneE37" to="-gneE7" begin="38" end="38" number="1"/>
<flow id="car38" type="carType0" from="bottomrightL" to="-gneE29" begin="41" end="41" number="1"/>
<flow id="car39" type="carType2" from="gneE8" to="gneE18" begin="42" end="42" number="1"/>
<flow id="car40" type="carType0" from="gneE43" to="toprightL" begin="42" end="42" number="1"/>
<flow id="car41" type="carType1" from="-gneE8" to="gneE22" begin="44" end="44" number="1"/>
<flow id="car42" type="carType1" from="topleftD" to="gneE48" begin="47" end="47" number="1"/>
<flow id="car43" type="carType2" from="gneE46" to="topleftD" begin="53" end="53" number="1"/>
<flow id="car44" type="carType0" from="-gneE13" to="gneE50" begin="56" end="56" number="1"/>
<flow id="car45" type="carType1" from="gneE22" to="bottomleftU" begin="57" end="57" number="1"/>
<flow id="car46" type="carType1" from="-gneE21" to="gneE37" begin="57" end="57" number="1"/>
<flow id="car47" type="carType2" from="gneE45" to="-gneE51" begin="58" end="58" number="1"/>
<flow id="car48" type="carType2" from="gneE30" to="toprightD" begin="58" end="58" number="1"/>
<flow id="car49" type="carType0" from="-gneE37" to="-gneE8" begin="58" end="58" number="1"/>
<flow id="car50" type="carType0" from="gneE48" to="-gneE43" begin="60" end="60" number="1"/>
<flow id="car51" type="carType0" from="gneE46" to="-gneE7" begin="60" end="60" number="1"/>
<flow id="car52" type="carType0" from="-gneE27" to="gneE9" begin="60" end="60" number="1"/>
<flow id="car53" type="carType1" from="gneE48" to="-gneE27" begin="61" end="61" number="1"/>
<flow id="car54" type="carType2" from="gneE29" to="-gneE33" begin="61" end="61" number="1"/>
<flow id="car55" type="carType1" from="-gneE49" to="gneE44" begin="62" end="62" number="1"/>
<flow id="car56" type="carType1" from="bottomleftR" to="-gneE8" begin="64" end="64" number="1"/>
<flow id="car57" type="carType2" from="bottomleftR" to="bottomleftU" begin="64" end="64" number="1"/>
<flow id="car58" type="carType2" from="gneE35" to="-gneE48" begin="66" end="66" number="1"/>
<flow id="car59" type="carType2" from="-gneE21" to="gneE29" begin="69" end="69" number="1"/>
<flow id="car60" type="carType0" from="toprightD" to="bottomleftR" begin="72" end="72" number="1"/>
<flow id="car61" type="carType1" from="gneE9" to="gneE28" begin="73" end="73" number="1"/>
<flow id="car62" type="carType2" from="-gneE33" to="topleftD" begin="74" end="74" number="1"/>
<flow id="car63" type="carType1" from="gneE22" to="-gneE28" begin="74" end="74" number="1"/>
<flow id="car64" type="carType2" from="-gneE7" to="-gneE33" begin="75" end="75" number="1"/>
<flow id="car65" type="carType0" from="-gneE28" to="gneE29" begin="75" end="75" number="1"/>
<flow id="car66" type="carType1" from="-gneE48" to="bottomrightU" begin="76" end="76" number="1"/>
<flow id="car67" type="carType1" from="gneE8" to="gneE9" begin="77" end="77" number="1"/>
<flow id="car68" type="carType2" from="gneE9" to="gneE49" begin="77" end="77" number="1"/>
<flow id="car69" type="carType1" from="gneE22" to="-gneE42" begin="77" end="77" number="1"/>
<flow id="car70" type="carType1" from="-gneE21" to="topleftD" begin="78" end="78" number="1"/>
<flow id="car71" type="carType1" from="-gneE28" to="-gneE51" begin="79" end="79" number="1"/>
<flow id="car72" type="carType2" from="gneE18" to="-gneE51" begin="83" end="83" number="1"/>
<flow id="car73" type="carType2" from="gneE42" to="-gneE29" begin="84" end="84" number="1"/>
<flow id="car74" type="carType1" from="gneE45" to="toprightD" begin="84" end="84" number="1"/>
<flow id="car75" type="carType1" from="-gneE33" to="gneE45" begin="86" end="86" number="1"/>
<flow id="car76" type="carType1" from="-gneE42" to="-gneE13" begin="86" end="86" number="1"/>
<flow id="car77" type="carType1" from="toprightL" to="gneE8" begin="87" end="87" number="1"/>
<flow id="car78" type="carType1" from="-gneE51" to="-gneE28" begin="87" end="87" number="1"/>
<flow id="car79" type="carType1" from="gneE45" to="topleftR" begin="87" end="87" number="1"/>
<flow id="car80" type="carType2" from="toprightL" to="gneE49" begin="88" end="88" number="1"/>
<flow id="car81" type="carType1" from="-gneE28" to="bottomrightL" begin="90" end="90" number="1"/>
<flow id="car82" type="carType2" from="-gneE43" to="gneE30" begin="90" end="90" number="1"/>
<flow id="car83" type="carType0" from="gneE9" to="gneE51" begin="90" end="90" number="1"/>
<flow id="car84" type="carType2" from="-gneE13" to="-gneE50" begin="91" end="91" number="1"/>
<flow id="car85" type="carType0" from="-gneE33" to="gneE42" begin="92" end="92" number="1"/>
<flow id="car86" type="carType2" from="-gneE37" to="gneE28" begin="92" end="92" number="1"/>
<flow id="car87" type="carType2" from="gneE45" to="-gneE43" begin="93" end="93" number="1"/>
<flow id="car88" type="carType2" from="-gneE28" to="gneE34" begin="94" end="94" number="1"/>
<flow id="car89" type="carType0" from="-gneE49" to="-gneE50" begin="97" end="97" number="1"/>
<flow id="car90" type="carType2" from="-gneE48" to="topleftR" begin="99" end="99" number="1"/>
<flow id="car91" type="carType2" from="gneE51" to="gneE37" begin="99" end="99" number="1"/>
<flow id="car92" type="carType0" from="-gneE13" to="gneE27" begin="100" end="100" number="1"/>
<flow id="car93" type="carType1" from="gneE50" to="gneE51" begin="100" end="100" number="1"/>
<flow id="car94" type="carType1" from="-gneE43" to="toprightD" begin="100" end="100" number="1"/>
<flow id="car95" type="carType2" from="toprightD" to="-gneE42" begin="101" end="101" number="1"/>
<flow id="car96" type="carType2" from="-gneE51" to="gneE49" begin="101" end="101" number="1"/>
<flow id="car97" type="carType1" from="gneE48" to="gneE29" begin="103" end="103" number="1"/>
<flow id="car98" type="carType2" from="topleftR" to="-gneE18" begin="103" end="103" number="1"/>
<flow id="car99" type="carType2" from="gneE51" to="-gneE18" begin="104" end="104" number="1"/>
<flow id="car100" type="carType0" from="gneE8" to="gneE8" begin="106" end="106" number="1"/>
<flow id="car101" type="carType1" from="bottomrightU" to="-gneE13" begin="106" end="106" number="1"/>
<flow id="car102" type="carType2" from="gneE45" to="gneE51" begin="108" end="108" number="1"/>
<flow id="car103" type="carType1" from="-gneE28" to="gneE48" begin="108" end="108" number="1"/>
<flow id="car104" type="carType1" from="bottomrightL" to="gneE18" begin="109" end="109" number="1"/>
<flow id="car105" type="carType2" from="-gneE49" to="toprightL" begin="109" end="109" number="1"/>
<flow id="car106" type="carType2" from="-gneE44" to="topleftR" begin="109" end="109" number="1"/>
<flow id="car107" type="carType2" from="-gneE18" to="-gneE29" begin="110" end="110" number="1"/>
<flow id="car108" type="carType2" from="-gneE34" to="-gneE37" begin="110" end="110" number="1"/>
<flow id="car109" type="carType0" from="bottomleftU" to="gneE21" begin="110" end="110" number="1"/>
<flow id="car110" type="carType2" from="-gneE51" to="gneE42" begin="111" end="111" number="1"/>
<flow id="car111" type="carType1" from="-gneE13" to="topleftD" begin="111" end="111" number="1"/>
<flow id="car112" type="carType0" from="-gneE48" to="-gneE49" begin="112" end="112" number="1"/>
<flow id="car113" type="carType1" from="gneE44" to="-gneE33" begin="113" end="113" number="1"/>
<flow id="car114" type="carType1" from="gneE51" to="gneE49" begin="114" end="114" number="1"/>
<flow id="car115" type="carType1" from="gneE30" to="-gneE49" begin="118" end="118" number="1"/>
<flow id="car116" type="carType0" from="gneE34" to="-gneE43" begin="119" end="119" number="1"/>
<flow id="car117" type="carType1" from="-gneE50" to="gneE21" begin="119" end="119" number="1"/>
<flow id="car118" type="carType2" from="-gneE7" to="topleftR" begin="119" end="119" number="1"/>
<flow id="car119" type="carType2" from="-gneE33" to="gneE42" begin="120" end="120" number="1"/>
<flow id="car120" type="carType1" from="-gneE49" to="-gneE34" begin="122" end="122" number="1"/>
<flow id="car121" type="carType2" from="gneE29" to="-gneE48" begin="122" end="122" number="1"/>
<flow id="car122" type="carType2" from="-gneE18" to="gneE30" begin="122" end="122" number="1"/>
<flow id="car123" type="carType1" from="topleftD" to="toprightD" begin="124" end="124" number="1"/>
<flow id="car124" type="carType0" from="gneE9" to="toprightL" begin="125" end="125" number="1"/>
<flow id="car125" type="carType0" from="gneE21" to="-gneE48" begin="125" end="125" number="1"/>
<flow id="car126" type="carType2" from="gneE42" to="toprightL" begin="126" end="126" number="1"/>
<flow id="car127" type="carType2" from="-gneE50" to="gneE44" begin="128" end="128" number="1"/>
<flow id="car128" type="carType0" from="bottomleftR" to="gneE42" begin="131" end="131" number="1"/>
<flow id="car129" type="carType1" from="gneE44" to="gneE45" begin="134" end="134" number="1"/>
<flow id="car130" type="carType2" from="gneE49" to="bottomleftR" begin="136" end="136" number="1"/>
<flow id="car131" type="carType1" from="gneE34" to="-gneE28" begin="137" end="137" number="1"/>
<flow id="car132" type="carType0" from="-gneE48" to="-gneE50" begin="138" end="138" number="1"/>
<flow id="car133" type="carType2" from="-gneE44" to="gneE30" begin="138" end="138" number="1"/>
<flow id="car134" type="carType0" from="gneE28" to="gneE21" begin="139" end="139" number="1"/>
<flow id="car135" type="carType2" from="gneE37" to="-gneE49" begin="145" end="145" number="1"/>
<flow id="car136" type="carType2" from="gneE18" to="-gneE27" begin="147" end="147" number="1"/>
<flow id="car137" type="carType1" from="gneE27" to="bottomrightL" begin="147" end="147" number="1"/>
<flow id="car138" type="carType2" from="-gneE44" to="-gneE29" begin="148" end="148" number="1"/>
<flow id="car139" type="carType0" from="topleftD" to="gneE42" begin="149" end="149" number="1"/>
<flow id="car140" type="carType1" from="-gneE18" to="gneE35" begin="149" end="149" number="1"/>
<flow id="car141" type="carType0" from="-gneE28" to="bottomleftR" begin="150" end="150" number="1"/>
<flow id="car142" type="carType2" from="topleftD" to="-gneE44" begin="151" end="151" number="1"/>
<flow id="car143" type="carType1" from="topleftR" to="topleftR" begin="151" end="151" number="1"/>
<flow id="car144" type="carType0" from="gneE9" to="topleftD" begin="151" end="151" number="1"/>
<flow id="car145" type="carType2" from="-gneE29" to="-gneE8" begin="152" end="152" number="1"/>
<flow id="car146" type="carType0" from="topleftR" to="gneE49" begin="153" end="153" number="1"/>
<flow id="car147" type="carType2" from="-gneE42" to="-gneE48" begin="154" end="154" number="1"/>
<flow id="car148" type="carType2" from="-gneE49" to="gneE45" begin="156" end="156" number="1"/>
<flow id="car149" type="carType1" from="gneE8" to="-gneE37" begin="156" end="156" number="1"/>
<flow id="car150" type="carType1" from="gneE51" to="gneE29" begin="156" end="156" number="1"/>
<flow id="car151" type="carType0" from="gneE22" to="-gneE29" begin="156" end="156" number="1"/>
<flow id="car152" type="carType1" from="gneE51" to="gneE48" begin="156" end="156" number="1"/>
<flow id="car153" type="carType1" from="gneE8" to="topleftD" begin="157" end="157" number="1"/>
<flow id="car154" type="carType2" from="bottomrightL" to="-gneE50" begin="158" end="158" number="1"/>
<flow id="car155" type="carType1" from="gneE48" to="-gneE45" begin="160" end="160" number="1"/>
<flow id="car156" type="carType0" from="-gneE34" to="gneE22" begin="164" end="164" number="1"/>
<flow id="car157" type="carType0" from="gneE9" to="gneE46" begin="164" end="164" number="1"/>
<flow id="car158" type="carType0" from="toprightD" to="gneE44" begin="164" end="164" number="1"/>
<flow id="car159" type="carType0" from="gneE34" to="-gneE37" begin="164" end="164" number="1"/>
<flow id="car160" type="carType2" from="-gneE28" to="bottomleftU" begin="164" end="164" number="1"/>
<flow id="car161" type="carType0" from="gneE49" to="toprightL" begin="165" end="165" number="1"/>
<flow id="car162" type="carType0" from="-gneE18" to="gneE8" begin="165" end="165" number="1"/>
<flow id="car163" type="carType1" from="gneE22" to="gneE43" begin="167" end="167" number="1"/>
<flow id="car164" type="carType2" from="gneE21" to="gneE43" begin="167" end="167" number="1"/>
<flow id="car165" type="carType2" from="-gneE51" to="-gneE48" begin="167" end="167" number="1"/>
<flow id="car166" type="carType2" from="toprightD" to="gneE28" begin="168" end="168" number="1"/>
<flow id="car167" type="carType0" from="-gneE34" to="bottomrightL" begin="169" end="169" number="1"/>
<flow id="car168" type="carType0" from="-gneE34" to="gneE28" begin="170" end="170" number="1"/>
<flow id="car169" type="carType0" from="gneE9" to="-gneE7" begin="171" end="171" number="1"/>
<flow id="car170" type="carType1" from="-gneE42" to="gneE21" begin="172" end="172" number="1"/>
<flow id="car171" type="carType0" from="gneE22" to="gneE34" begin="173" end="173" number="1"/>
<flow id="car172" type="carType2" from="gneE21" to="-gneE13" begin="173" end="173" number="1"/>
<flow id="car173" type="carType0" from="bottomrightL" to="gneE44" begin="174" end="174" number="1"/>
<flow id="car174" type="carType0" from="gneE42" to="gneE18" begin="177" end="177" number="1"/>
<flow id="car175" type="carType1" from="-gneE48" to="gneE28" begin="180" end="180" number="1"/>
<flow id="car176" type="carType2" from="gneE49" to="gneE45" begin="180" end="180" number="1"/>
<flow id="car177" type="carType2" from="topleftD" to="bottomleftU" begin="181" end="181" number="1"/>
<flow id="car178" type="carType1" from="gneE45" to="gneE43" begin="182" end="182" number="1"/>
<flow id="car179" type="carType2" from="-gneE51" to="-gneE49" begin="183" end="183" number="1"/>
<flow id="car180" type="carType2" from="gneE51" to="-gneE33" begin="183" end="183" number="1"/>
<flow id="car181" type="carType2" from="gneE22" to="toprightL" begin="183" end="183" number="1"/>
<flow id="car182" type="carType2" from="-gneE37" to="gneE44" begin="183" end="183" number="1"/>
<flow id="car183" type="carType2" from="-gneE13" to="-gneE45" begin="183" end="183" number="1"/>
<flow id="car184" type="carType1" from="-gneE27" to="-gneE29" begin="187" end="187" number="1"/>
<flow id="car185" type="carType1" from="gneE35" to="gneE45" begin="188" end="188" number="1"/>
<flow id="car186" type="carType0" from="gneE51" to="gneE51" begin="188" end="188" number="1"/>
<flow id="car187" type="carType0" from="-gneE51" to="topleftD" begin="190" end="190" number="1"/>
<flow id="car188" type="carType0" from="-gneE44" to="gneE22" begin="190" end="190" number="1"/>
<flow id="car189" type="carType1" from="bottomrightL" to="gneE48" begin="190" end="190" number="1"/>
<flow id="car190" type="carType2" from="-gneE27" to="gneE34" begin="191" end="191" number="1"/>
<flow id="car191" type="carType0" from="gneE8" to="-gneE37" begin="192" end="192" number="1"/>
<flow id="car192" type="carType0" from="-gneE18" to="-gneE13" begin="193" end="193" number="1"/>
<flow id="car193" type="carType0" from="gneE27" to="gneE28" begin="194" end="194" number="1"/>
<flow id="car194" type="carType1" from="gneE50" to="-gneE28" begin="194" end="194" number="1"/>
<flow id="car195" type="carType1" from="-gneE21" to="-gneE13" begin="194" end="194" number="1"/>
<flow id="car196" type="carType2" from="-gneE28" to="-gneE28" begin="195" end="195" number="1"/>
<flow id="car197" type="carType1" from="-gneE37" to="gneE43" begin="195" end="195" number="1"/>
<flow id="car198" type="carType1" from="bottomleftR" to="-gneE43" begin="198" end="198" number="1"/>
<flow id="car199" type="carType0" from="gneE44" to="-gneE8" begin="198" end="198" number="1"/>
</routes>
