<routes>
<vType id="carType0" length="4" maxSpeed="55.04" accel="2.02" decel="4.63" speedDev="0.2" sigma="0.27"/>
<vType id="carType1" length="3" maxSpeed="56.42" accel="2.11" decel="5.7" speedDev="0.2" sigma="0.17"/>
<vType id="carType2" length="8" maxSpeed="45.6" accel="2.26" decel="5.67" speedDev="0.2" sigma="0.11"/>
<flow id="car0" type="carType0" from="-gneE45" to="-gneE42" begin="0" end="0" number="1"/>
<flow id="car1" type="carType1" from="gneE35" to="gneE29" begin="7" end="7" number="1"/>
<flow id="car2" type="carType1" from="gneE21" to="gneE42" begin="7" end="7" number="1"/>
<flow id="car3" type="carType1" from="bottomrightL" to="gneE51" begin="7" end="7" number="1"/>
<flow id="car4" type="carType1" from="-gneE43" to="gneE49" begin="7" end="7" number="1"/>
<flow id="car5" type="carType0" from="gneE49" to="gneE22" begin="8" end="8" number="1"/>
<flow id="car6" type="carType2" from="gneE21" to="gneE51" begin="8" end="8" number="1"/>
<flow id="car7" type="carType2" from="-gneE29" to="gneE46" begin="8" end="8" number="1"/>
<flow id="car8" type="carType2" from="-gneE49" to="-gneE45" begin="9" end="9" number="1"/>
<flow id="car9" type="carType1" from="toprightL" to="gneE49" begin="9" end="9" number="1"/>
<flow id="car10" type="carType1" from="-gneE18" to="-gneE33" begin="9" end="9" number="1"/>
<flow id="car11" type="carType0" from="-gneE34" to="toprightD" begin="10" end="10" number="1"/>
<flow id="car12" type="carType2" from="-gneE51" to="gneE45" begin="10" end="10" number="1"/>
<flow id="car13" type="carType2" from="gneE45" to="topleftD" begin="11" end="11" number="1"/>
<flow id="car14" type="carType1" from="-gneE48" to="-gneE21" begin="12" end="12" number="1"/>
<flow id="car15" type="carType0" from="-gneE33" to="-gneE37" begin="13" end="13" number="1"/>
<flow id="car16" type="carType0" from="-gneE27" to="topleftD" begin="14" end="14" number="1"/>
<flow id="car17" type="carType2" from="gneE48" to="gneE51" begin="15" end="15" number="1"/>
<flow id="car18" type="carType1" from="-gneE13" to="topleftR" begin="15" end="15" number="1"/>
<flow id="car19" type="carType1" from="topleftD" to="-gneE49" begin="16" end="16" number="1"/>
<flow id="car20" type="carType2" from="gneE8" to="gneE18" begin="17" end="17" number="1"/>
<flow id="car21" type="carType0" from="gneE27" to="gneE50" begin="18" end="18" number="1"/>
<flow id="car22" type="carType2" from="gneE22" to="gneE45" begin="19" end="19" number="1"/>
<flow id="car23" type="carType0" from="gneE42" to="-gneE34" begin="19" end="19" number="1"/>
<flow id="car24" type="carType2" from="bottomrightU" to="-gneE50" begin="20" end="20" number="1"/>
<flow id="car25" type="carType0" from="-gneE29" to="-gneE8" begin="23" end="23" number="1"/>
<flow id="car26" type="carType1" from="gneE8" to="-gneE51" begin="23" end="23" number="1"/>
<flow id="car27" type="carType2" from="gneE50" to="-gneE44" begin="24" end="24" number="1"/>
<flow id="car28" type="carType2" from="-gneE34" to="-gneE28" begin="28" end="28" number="1"/>
<flow id="car29" type="carType2" from="gneE21" to="-gneE45" begin="29" end="29" number="1"/>
<flow id="car30" type="carType0" from="-gneE29" to="-gneE18" begin="33" end="33" number="1"/>
<flow id="car31" type="carType1" from="gneE44" to="-gneE45" begin="34" end="34" number="1"/>
<flow id="car32" type="carType1" from="gneE51" to="-gneE7" begin="35" end="35" number="1"/>
<flow id="car33" type="carType1" from="-gneE48" to="toprightD" begin="37" end="37" number="1"/>
<flow id="car34" type="carType1" from="gneE18" to="-gneE34" begin="38" end="38" number="1"/>
<flow id="car35" type="carType2" from="gneE35" to="-gneE50" begin="38" end="38" number="1"/>
<flow id="car36" type="carType1" from="gneE18" to="-gneE34" begin="40" end="40" number="1"/>
<flow id="car37" type="carType1" from="-gneE29" to="topleftD" begin="40" end="40" number="1"/>
<flow id="car38" type="carType0" from="gneE8" to="gneE46" begin="41" end="41" number="1"/>
<flow id="car39" type="carType0" from="topleftR" to="bottomrightU" begin="42" end="42" number="1"/>
<flow id="car40" type="carType2" from="-gneE28" to="gneE8" begin="42" end="42" number="1"/>
<flow id="car41" type="carType2" from="-gneE43" to="-gneE51" begin="43" end="43" number="1"/>
<flow id="car42" type="carType2" from="-gneE37" to="gneE44" begin="46" end="46" number="1"/>
<flow id="car43" type="carType2" from="-gneE29" to="toprightD" begin="47" end="47" number="1"/>
<flow id="car44" type="carType1" from="gneE37" to="topleftD" begin="49" end="49" number="1"/>
<flow id="car45" type="carType1" from="bottomrightL" to="-gneE21" begin="49" end="49" number="1"/>
<flow id="car46" type="carType2" from="-gneE49" to="gneE29" begin="50" end="50" number="1"/>
<flow id="car47" type="carType1" from="-gneE45" to="bottomleftU" begin="50" end="50" number="1"/>
<flow id="car48" type="carType0" from="-gneE27" to="-gneE37" begin="50" end="50" number="1"/>
<flow id="car49" type="carType2" from="-gneE33" to="gneE49" begin="53" end="53" number="1"/>
<flow id="car50" type="carType0" from="-gneE28" to="topleftR" begin="53" end="53" number="1"/>
<flow id="car51" type="carType0" from="topleftD" to="bottomleftR" begin="54" end="54" number="1"/>
<flow id="car52" type="carType0" from="gneE35" to="gneE29" begin="54" end="54" number="1"/>
<flow id="car53" type="carType1" from="-gneE44" to="-gneE49" begin="56" end="56" number="1"/>
<flow id="car54" type="carType2" from="gneE29" to="gneE48" begin="59" end="59" number="1"/>
<flow id="car55" type="carType1" from="-gneE27" to="-gneE21" begin="62" end="62" number="1"/>
<flow id="car56" type="carType1" from="-gneE44" to="-gneE21" begin="63" end="63" number="1"/>
<flow id="car57" type="carType1" from="-gneE44" to="gneE22" begin="63" end="63" number="1"/>
<flow id="car58" type="carType1" from="-gneE44" to="gneE21" begin="64" end="64" number="1"/>
<flow id="car59" type="carType2" from="gneE35" to="gneE34" begin="64" end="64" number="1"/>
<flow id="car60" type="carType0" from="topleftR" to="bottomleftR" begin="65" end="65" number="1"/>
<flow id="car61" type="carType1" from="-gneE37" to="toprightD" begin="65" end="65" number="1"/>
<flow id="car62" type="carType2" from="gneE21" to="-gneE21" begin="66" end="66" number="1"/>
<flow id="car63" type="carType2" from="toprightL" to="-gneE44" begin="67" end="67" number="1"/>
<flow id="car64" type="carType2" from="-gneE44" to="-gneE43" begin="67" end="67" number="1"/>
<flow id="car65" type="carType1" from="bottomleftR" to="bottomrightU" begin="67" end="67" number="1"/>
<flow id="car66" type="carType1" from="topleftD" to="-gneE44" begin="68" end="68" number="1"/>
<flow id="car67" type="carType0" from="gneE35" to="toprightL" begin="68" end="68" number="1"/>
<flow id="car68" type="carType0" from="-gneE7" to="gneE50" begin="70" end="70" number="1"/>
<flow id="car69" type="carType2" from="toprightL" to="gneE48" begin="70" end="70" number="1"/>
<flow id="car70" type="carType2" from="gneE45" to="gneE34" begin="71" end="71" number="1"/>
<flow id="car71" type="carType2" from="-gneE48" to="-gneE21" begin="73" end="73" number="1"/>
<flow id="car72" type="carType0" from="bottomleftU" to="gneE28" begin="74" end="74" number="1"/>
<flow id="car73" type="carType2" from="gneE9" to="gneE45" begin="74" end="74" number="1"/>
<flow id="car74" type="carType0" from="toprightL" to="-gneE42" begin="79" end="79" number="1"/>
<flow id="car75" type="carType1" from="topleftR" to="-gneE45" begin="79" end="79" number="1"/>
<flow id="car76" type="carType1" from="bottomleftU" to="gneE18" begin="79" end="79" number="1"/>
<flow id="car77" type="carType1" from="gneE27" to="-gneE7" begin="79" end="79" number="1"/>
<flow id="car78" type="carType0" from="-gneE33" to="gneE44" begin="83" end="83" number="1"/>
<flow id="car79" type="carType1" from="gneE45" to="-gneE29" begin="84" end="84" number="1"/>
<flow id="car80" type="carType0" from="-gneE34" to="gneE45" begin="84" end="84" number="1"/>
<flow id="car81" type="carType0" from="gneE21" to="-gneE13" begin="84" end="84" number="1"/>
<flow id="car82" type="carType2" from="-gneE37" to="gneE37" begin="85" end="85" number="1"/>
<flow id="car83" type="carType2" from="gneE44" to="topleftR" begin="85" end="85" number="1"/>
<flow id="car84" type="carType0" from="gneE46" to="gneE45" begin="86" end="86" number="1"/>
<flow id="car85" type="carType2" from="gneE8" to="gneE29" begin="87" end="87" number="1"/>
<flow id="car86" type="carType2" from="gneE37" to="-gneE42" begin="88" end="88" number="1"/>
<flow id="car87" type="carType0" from="-gneE49" to="bottomrightU" begin="88" end="88" number="1"/>
<flow id="car88" type="carType0" from="-gneE33" to="bottomleftU" begin="89" end="89" number="1"/>
<flow id="car89" type="carType2" from="gneE27" to="gneE51" begin="89" end="89" number="1"/>
<flow id="car90" type="carType1" from="gneE44" to="-gneE48" begin="89" end="89" number="1"/>
<flow id="car91" type="carType0" from="gneE37" to="-gneE29" begin="91" end="91" number="1"/>
<flow id="car92" type="carType2" from="-gneE43" to="-gneE45" begin="91" end="91" number="1"/>
<flow id="car93" type="carType0" from="gneE46" to="gneE22" begin="92" end="92" number="1"/>
<flow id="car94" type="carType1" from="bottomleftR" to="-gneE18" begin="92" end="92" number="1"/>
<flow id="car95" type="carType2" from="-gneE48" to="-gneE7" begin="97" end="97" number="1"/>
<flow id="car96" type="carType1" from="gneE46" to="-gneE45" begin="97" end="97" number="1"/>
<flow id="car97" type="carType2" from="-gneE18" to="-gneE29" begin="98" end="98" number="1"/>
<flow id="car98" type="carType1" from="gneE51" to="-gneE49" begin="98" end="98" number="1"/>
<flow id="car99" type="carType2" from="-gneE44" to="gneE45" begin="99" end="99" number="1"/>
<flow id="car100" type="carType2" from="-gneE13" to="gneE22" begin="99" end="99" number="1"/>
<flow id="car101" type="carType0" from="gneE37" to="-gneE8" begin="99" end="99" number="1"/>
<flow id="car102" type="carType2" from="gneE34" to="gneE42" begin="99" end="99" number="1"/>
<flow id="car103" type="carType0" from="gneE9" to="-gneE50" begin="100" end="100" number="1"/>
<flow id="car104" type="carType0" from="topleftD" to="gneE8" begin="101" end="101" number="1"/>
<flow id="car105" type="carType1" from="gneE22" to="-gneE29" begin="101" end="101" number="1"/>
<flow id="car106" type="carType1" from="gneE34" to="gneE30" begin="101" end="101" number="1"/>
<flow id="car107" type="carType1" from="-gneE51" to="-gneE21" begin="102" end="102" number="1"/>
<flow id="car108" type="carType0" from="gneE45" to="-gneE48" begin="103" end="103" number="1"/>
<flow id="car109" type="carType0" from="-gneE44" to="-gneE45" begin="103" end="103" number="1"/>
<flow id="car110" type="carType0" from="-gneE49" to="gneE43" begin="106" end="106" number="1"/>
<flow id="car111" type="carType2" from="gneE18" to="-gneE21" begin="107" end="107" number="1"/>
<flow id="car112" type="carType2" from="toprightD" to="gneE44" begin="107" end="107" number="1"/>
<flow id="car113" type="carType0" from="gneE44" to="-gneE48" begin="107" end="107" number="1"/>
<flow id="car114" type="carType2" from="toprightD" to="-gneE21" begin="109" end="109" number="1"/>
<flow id="car115" type="carType0" from="toprightL" to="gneE8" begin="109" end="109" number="1"/>
<flow id="car116" type="carType0" from="-gneE33" to="-gneE27" begin="109" end="109" number="1"/>
<flow id="car117" type="carType1" from="gneE50" to="gneE45" begin="110" end="110" number="1"/>
<flow id="car118" type="carType2" from="-gneE48" to="-gneE7" begin="114" end="114" number="1"/>
<flow id="car119" type="carType0" from="-gneE13" to="-gneE28" begin="114" end="114" number="1"/>
<flow id="car120" type="carType0" from="gneE45" to="gneE28" begin="115" end="115" number="1"/>
<flow id="car121" type="carType0" from="gneE22" to="bottomleftU" begin="116" end="116" number="1"/>
<flow id="car122" type="carType2" from="bottomrightU" to="gneE49" begin="117" end="117" number="1"/>
<flow id="car123" type="carType1" from="topleftD" to="-gneE7" begin="118" end="118" number="1"/>
<flow id="car124" type="carType0" from="gneE37" to="-gneE51" begin="118" end="118" number="1"/>
<flow id="car125" type="carType1" from="gneE21" to="gneE45" begin="119" end="119" number="1"/>
<flow id="car126" type="carType0" from="gneE50" to="gneE34" begin="121" end="121" number="1"/>
<flow id="car127" type="carType1" from="gneE29" to="-gneE13" begin="123" end="123" number="1"/>
<flow id="car128" type="carType2" from="gneE8" to="gneE9" begin="124" end="124" number="1"/>
<flow id="car129" type="carType1" from="-gneE48" to="gneE49" begin="125" end="125" number="1"/>
<flow id="car130" type="carType1" from="gneE21" to="gneE45" begin="126" end="126" number="1"/>
<flow id="car131" type="carType1" from="gneE43" to="-gneE34" begin="127" end="127" number="1"/>
<flow id="car132" type="carType1" from="gneE9" to="-gneE37" begin="128" end="128" number="1"/>
<flow id="car133" type="carType0" from="-gneE44" to="-gneE51" begin="128" end="128" number="1"/>
<flow id="car134" type="carType2" from="-gneE49" to="gneE27" begin="128" end="128" number="1"/>
<flow id="car135" type="carType1" from="-gneE8" to="gneE51" begin="129" end="129" number="1"/>
<flow id="car136" type="carType0" from="gneE34" to="bottomleftR" begin="130" end="130" number="1"/>
<flow id="car137" type="carType2" from="bottomleftR" to="-gneE21" begin="134" end="134" number="1"/>
<flow id="car138" type="carType2" from="-gneE34" to="bottomrightL" begin="136" end="136" number="1"/>
<flow id="car139" type="carType2" from="-gneE8" to="gneE8" begin="136" end="136" number="1"/>
<flow id="car140" type="carType0" from="-gneE48" to="gneE51" begin="136" end="136" number="1"/>
<flow id="car141" type="carType0" from="gneE37" to="-gneE50" begin="137" end="137" number="1"/>
<flow id="car142" type="carType0" from="gneE35" to="-gneE21" begin="139" end="139" number="1"/>
<flow id="car143" type="carType2" from="gneE28" to="bottomleftU" begin="140" end="140" number="1"/>
<flow id="car144" type="carType1" from="bottomleftR" to="gneE28" begin="141" end="141" number="1"/>
<flow id="car145" type="carType2" from="gneE43" to="gneE30" begin="142" end="142" number="1"/>
<flow id="car146" type="carType0" from="-gneE28" to="gneE34" begin="143" end="143" number="1"/>
<flow id="car147" type="carType2" from="gneE43" to="-gneE51" begin="144" end="144" number="1"/>
<flow id="car148" type="carType0" from="gneE42" to="gneE8" begin="145" end="145" number="1"/>
<flow id="car149" type="carType0" from="gneE9" to="gneE21" begin="145" end="145" number="1"/>
<flow id="car150" type="carType1" from="gneE21" to="-gneE48" begin="145" end="145" number="1"/>
<flow id="car151" type="carType2" from="bottomrightU" to="-gneE21" begin="148" end="148" number="1"/>
<flow id="car152" type="carType1" from="-gneE51" to="-gneE48" begin="148" end="148" number="1"/>
<flow id="car153" type="carType0" from="bottomleftU" to="-gneE42" begin="149" end="149" number="1"/>
<flow id="car154" type="carType0" from="-gneE42" to="-gneE51" begin="149" end="149" number="1"/>
<flow id="car155" type="carType2" from="bottomrightL" to="bottomrightU" begin="150" end="150" number="1"/>
<flow id="car156" type="carType2" from="-gneE50" to="-gneE45" begin="151" end="151" number="1"/>
<flow id="car157" type="carType1" from="bottomleftR" to="gneE49" begin="151" end="151" number="1"/>
<flow id="car158" type="carType1" from="gneE37" to="toprightL" begin="152" end="152" number="1"/>
<flow id="car159" type="carType2" from="-gneE43" to="gneE46" begin="154" end="154" number="1"/>
<flow id="car160" type="carType2" from="topleftD" to="-gneE48" begin="155" end="155" number="1"/>
<flow id="car161" type="carType0" from="bottomleftU" to="-gneE7" begin="156" end="156" number="1"/>
<flow id="car162" type="carType1" from="gneE21" to="-gneE34" begin="157" end="157" number="1"/>
<flow id="car163" type="carType0" from="bottomrightL" to="gneE45" begin="158" end="158" number="1"/>
<flow id="car164" type="carType2" from="gneE29" to="gneE49" begin="158" end="158" number="1"/>
<flow id="car165" type="carType1" from="-gneE42" to="gneE29" begin="159" end="159" number="1"/>
<flow id="car166" type="carType2" from="gneE44" to="gneE46" begin="167" end="167" number="1"/>
<flow id="car167" type="carType2" from="bottomrightU" to="-gneE28" begin="169" end="169" number="1"/>
<flow id="car168" type="carType0" from="toprightL" to="bottomrightL" begin="169" end="169" number="1"/>
<flow id="car169" type="carType2" from="gneE35" to="topleftR" begin="169" end="169" number="1"/>
<flow id="car170" type="carType0" from="gneE21" to="-gneE29" begin="171" end="171" number="1"/>
<flow id="car171" type="carType0" from="toprightD" to="gneE43" begin="171" end="171" number="1"/>
<flow id="car172" type="carType2" from="-gneE18" to="gneE37" begin="171" end="171" number="1"/>
<flow id="car173" type="carType1" from="-gneE37" to="-gneE37" begin="172" end="172" number="1"/>
<flow id="car174" type="carType1" from="gneE49" to="gneE35" begin="172" end="172" number="1"/>
<flow id="car175" type="carType2" from="gneE48" to="topleftR" begin="174" end="174" number="1"/>
<flow id="car176" type="carType2" from="-gneE29" to="-gneE49" begin="176" end="176" number="1"/>
<flow id="car177" type="carType0" from="-gneE13" to="gneE37" begin="178" end="178" number="1"/>
<flow id="car178" type="carType2" from="-gneE51" to="-gneE29" begin="178" end="178" number="1"/>
<flow id="car179" type="carType0" from="gneE51" to="gneE48" begin="178" end="178" number="1"/>
<flow id="car180" type="carType2" from="gneE51" to="bottomrightU" begin="179" end="179" number="1"/>
<flow id="car181" type="carType0" from="gneE49" to="-gneE49" begin="179" end="179" number="1"/>
<flow id="car182" type="carType1" from="gneE49" to="gneE51" begin="180" end="180" number="1"/>
<flow id="car183" type="carType0" from="gneE46" to="gneE34" begin="180" end="180" number="1"/>
<flow id="car184" type="carType1" from="gneE37" to="-gneE43" begin="181" end="181" number="1"/>
<flow id="car185" type="carType1" from="gneE21" to="gneE48" begin="183" end="183" number="1"/>
<flow id="car186" type="carType1" from="-gneE7" to="-gneE13" begin="186" end="186" number="1"/>
<flow id="car187" type="carType0" from="bottomleftU" to="topleftR" begin="186" end="186" number="1"/>
<flow id="car188" type="carType0" from="-gneE51" to="-gneE51" begin="187" end="187" number="1"/>
<flow id="car189" type="carType1" from="gneE42" to="gneE50" begin="187" end="187" number="1"/>
<flow id="car190" type="carType0" from="-gneE37" to="-gneE21" begin="188" end="188" number="1"/>
<flow id="car191" type="carType0" from="bottomrightL" to="gneE49" begin="189" end="189" number="1"/>
<flow id="car192" type="carType2" from="-gneE18" to="gneE48" begin="189" end="189" number="1"/>
<flow id="car193" type="carType0" from="-gneE50" to="gneE35" begin="191" end="191" number="1"/>
<flow id="car194" type="carType2" from="gneE49" to="bottomrightU" begin="192" end="192" number="1"/>
<flow id="car195" type="carType0" from="-gneE13" to="gneE42" begin="193" end="193" number="1"/>
<flow id="car196" type="carType2" from="gneE30" to="gneE43" begin="196" end="196" number="1"/>
<flow id="car197" type="carType0" from="gneE8" to="gneE49" begin="198" end="198" number="1"/>
<flow id="car198" type="carType2" from="-gneE43" to="-gneE43" begin="199" end="199" number="1"/>
<flow id="car199" type="carType0" from="gneE45" to="-gneE27" begin="199" end="199" number="1"/>
</routes>
