<routes>
<vType id="carType0" length="9" maxSpeed="47.75" accel="2.08" decel="5.35" speedDev="0.2" sigma="0.11"/>
<vType id="carType1" length="6" maxSpeed="48.33" accel="2.79" decel="4.8" speedDev="0.2" sigma="0.19"/>
<vType id="carType2" length="3" maxSpeed="53.35" accel="2.36" decel="5.39" speedDev="0.2" sigma="0.22"/>
<flow id="car0" type="carType1" from="gneE45" to="-gneE45" begin="0" end="0" number="1"/>
<flow id="car1" type="carType1" from="bottomleftR" to="-gneE8" begin="1" end="1" number="1"/>
<flow id="car2" type="carType1" from="gneE51" to="gneE50" begin="1" end="1" number="1"/>
<flow id="car3" type="carType0" from="-gneE28" to="-gneE13" begin="1" end="1" number="1"/>
<flow id="car4" type="carType2" from="bottomleftU" to="gneE30" begin="1" end="1" number="1"/>
<flow id="car5" type="carType1" from="-gneE29" to="gneE42" begin="2" end="2" number="1"/>
<flow id="car6" type="carType1" from="-gneE51" to="gneE46" begin="2" end="2" number="1"/>
<flow id="car7" type="carType2" from="-gneE34" to="-gneE13" begin="3" end="3" number="1"/>
<flow id="car8" type="carType0" from="toprightL" to="gneE21" begin="4" end="4" number="1"/>
<flow id="car9" type="carType1" from="-gneE45" to="-gneE27" begin="6" end="6" number="1"/>
<flow id="car10" type="carType1" from="-gneE37" to="gneE35" begin="7" end="7" number="1"/>
<flow id="car11" type="carType1" from="gneE29" to="-gneE28" begin="7" end="7" number="1"/>
<flow id="car12" type="carType0" from="gneE28" to="-gneE13" begin="9" end="9" number="1"/>
<flow id="car13" type="carType1" from="-gneE34" to="-gneE51" begin="9" end="9" number="1"/>
<flow id="car14" type="carType2" from="topleftR" to="toprightD" begin="11" end="11" number="1"/>
<flow id="car15" type="carType2" from="-gneE18" to="-gneE43" begin="11" end="11" number="1"/>
<flow id="car16" type="carType0" from="gneE9" to="-gneE37" begin="11" end="11" number="1"/>
<flow id="car17" type="carType0" from="topleftR" to="bottomrightL" begin="13" end="13" number="1"/>
<flow id="car18" type="carType0" from="-gneE27" to="gneE44" begin="13" end="13" number="1"/>
<flow id="car19" type="carType1" from="-gneE45" to="toprightD" begin="13" end="13" number="1"/>
<flow id="car20" type="carType0" from="-gneE50" to="-gneE33" begin="15" end="15" number="1"/>
<flow id="car21" type="carType1" from="-gneE8" to="gneE37" begin="16" end="16" number="1"/>
<flow id="car22" type="carType0" from="-gneE21" to="gneE50" begin="16" end="16" number="1"/>
<flow id="car23" type="carType1" from="toprightD" to="gneE45" begin="18" end="18" number="1"/>
<flow id="car24" type="carType1" from="gneE22" to="-gneE33" begin="19" end="19" number="1"/>
<flow id="car25" type="carType2" from="gneE9" to="bottomrightU" begin="21" end="21" number="1"/>
<flow id="car26" type="carType2" from="-gneE51" to="toprightD" begin="21" end="21" number="1"/>
<flow id="car27" type="carType2" from="gneE44" to="gneE28" begin="22" end="22" number="1"/>
<flow id="car28" type="carType2" from="-gneE29" to="-gneE33" begin="23" end="23" number="1"/>
<flow id="car29" type="carType0" from="gneE46" to="-gneE51" begin="23" end="23" number="1"/>
<flow id="car30" type="carType1" from="gneE34" to="-gneE8" begin="24" end="24" number="1"/>
<flow id="car31" type="carType2" from="-gneE37" to="-gneE48" begin="24" end="24" number="1"/>
<flow id="car32" type="carType2" from="-gneE44" to="toprightD" begin="24" end="24" number="1"/>
<flow id="car33" type="carType2" from="bottomleftR" to="topleftD" begin="26" end="26" number="1"/>
<flow id="car34" type="carType1" from="gneE8" to="gneE8" begin="29" end="29" number="1"/>
<flow id="car35" type="carType1" from="-gneE43" to="toprightL" begin="29" end="29" number="1"/>
<flow id="car36" type="carType0" from="-gneE48" to="topleftR" begin="29" end="29" number="1"/>
<flow id="car37" type="carType0" from="-gneE37" to="-gneE44" begin="30" end="30" number="1"/>
<flow id="car38" type="carType2" from="-gneE42" to="gneE9" begin="32" end="32" number="1"/>
<flow id="car39" type="carType1" from="-gneE29" to="-gneE37" begin="32" end="32" number="1"/>
<flow id="car40" type="carType2" from="-gneE48" to="gneE42" begin="33" end="33" number="1"/>
<flow id="car41" type="carType1" from="-gneE18" to="topleftD" begin="33" end="33" number="1"/>
<flow id="car42" type="carType1" from="-gneE29" to="-gneE37" begin="34" end="34" number="1"/>
<flow id="car43" type="carType1" from="gneE9" to="gneE9" begin="35" end="35" number="1"/>
<flow id="car44" type="carType2" from="topleftD" to="-gneE37" begin="35" end="35" number="1"/>
<flow id="car45" type="carType1" from="-gneE43" to="-gneE44" begin="36" end="36" number="1"/>
<flow id="car46" type="carType1" from="gneE44" to="-gneE44" begin="36" end="36" number="1"/>
<flow id="car47" type="carType2" from="-gneE34" to="-gneE50" begin="36" end="36" number="1"/>
<flow id="car48" type="carType0" from="topleftR" to="gneE44" begin="36" end="36" number="1"/>
<flow id="car49" type="carType1" from="-gneE34" to="gneE21" begin="36" end="36" number="1"/>
<flow id="car50" type="carType2" from="gneE29" to="bottomleftR" begin="37" end="37" number="1"/>
<flow id="car51" type="carType2" from="-gneE43" to="-gneE44" begin="38" end="38" number="1"/>
<flow id="car52" type="carType1" from="-gneE29" to="gneE28" begin="39" end="39" number="1"/>
<flow id="car53" type="carType2" from="-gneE37" to="-gneE8" begin="39" end="39" number="1"/>
<flow id="car54" type="carType0" from="gneE18" to="gneE51" begin="39" end="39" number="1"/>
<flow id="car55" type="carType2" from="gneE44" to="gneE22" begin="41" end="41" number="1"/>
<flow id="car56" type="carType0" from="topleftR" to="gneE21" begin="42" end="42" number="1"/>
<flow id="car57" type="carType2" from="-gneE34" to="bottomrightL" begin="42" end="42" number="1"/>
<flow id="car58" type="carType1" from="-gneE43" to="gneE9" begin="43" end="43" number="1"/>
<flow id="car59" type="carType2" from="gneE45" to="toprightL" begin="44" end="44" number="1"/>
<flow id="car60" type="carType1" from="bottomleftR" to="-gneE45" begin="44" end="44" number="1"/>
<flow id="car61" type="carType0" from="gneE8" to="gneE29" begin="45" end="45" number="1"/>
<flow id="car62" type="carType0" from="gneE34" to="toprightD" begin="46" end="46" number="1"/>
<flow id="car63" type="carType1" from="gneE45" to="gneE49" begin="46" end="46" number="1"/>
<flow id="car64" type="carType1" from="bottomrightU" to="gneE48" begin="50" end="50" number="1"/>
<flow id="car65" type="carType0" from="gneE46" to="topleftR" begin="51" end="51" number="1"/>
<flow id="car66" type="carType0" from="gneE27" to="-gneE28" begin="51" end="51" number="1"/>
<flow id="car67" type="carType2" from="gneE49" to="-gneE45" begin="52" end="52" number="1"/>
<flow id="car68" type="carType2" from="-gneE34" to="-gneE7" begin="53" end="53" number="1"/>
<flow id="car69" type="carType2" from="gneE45" to="bottomleftU" begin="54" end="54" number="1"/>
<flow id="car70" type="carType0" from="-gneE29" to="bottomleftR" begin="55" end="55" number="1"/>
<flow id="car71" type="carType2" from="gneE22" to="-gneE43" begin="59" end="59" number="1"/>
<flow id="car72" type="carType1" from="gneE43" to="gneE22" begin="60" end="60" number="1"/>
<flow id="car73" type="carType1" from="toprightD" to="-gneE28" begin="64" end="64" number="1"/>
<flow id="car74" type="carType1" from="gneE22" to="topleftR" begin="65" end="65" number="1"/>
<flow id="car75" type="carType1" from="-gneE29" to="gneE51" begin="65" end="65" number="1"/>
<flow id="car76" type="carType0" from="-gneE48" to="gneE46" begin="68" end="68" number="1"/>
<flow id="car77" type="carType2" from="gneE8" to="-gneE29" begin="68" end="68" number="1"/>
<flow id="car78" type="carType1" from="bottomleftU" to="gneE48" begin="73" end="73" number="1"/>
<flow id="car79" type="carType0" from="gneE46" to="gneE49" begin="74" end="74" number="1"/>
<flow id="car80" type="carType2" from="gneE46" to="gneE46" begin="74" end="74" number="1"/>
<flow id="car81" type="carType1" from="gneE45" to="toprightD" begin="75" end="75" number="1"/>
<flow id="car82" type="carType2" from="toprightD" to="toprightD" begin="75" end="75" number="1"/>
<flow id="car83" type="carType0" from="-gneE34" to="gneE29" begin="75" end="75" number="1"/>
<flow id="car84" type="carType1" from="-gneE7" to="gneE44" begin="76" end="76" number="1"/>
<flow id="car85" type="carType0" from="gneE37" to="gneE48" begin="77" end="77" number="1"/>
<flow id="car86" type="carType1" from="-gneE37" to="gneE9" begin="78" end="78" number="1"/>
<flow id="car87" type="carType1" from="gneE8" to="-gneE34" begin="78" end="78" number="1"/>
<flow id="car88" type="carType0" from="bottomrightL" to="-gneE44" begin="78" end="78" number="1"/>
<flow id="car89" type="carType1" from="bottomleftR" to="gneE34" begin="79" end="79" number="1"/>
<flow id="car90" type="carType2" from="gneE35" to="-gneE37" begin="79" end="79" number="1"/>
<flow id="car91" type="carType1" from="gneE8" to="gneE27" begin="81" end="81" number="1"/>
<flow id="car92" type="carType2" from="bottomrightU" to="gneE42" begin="83" end="83" number="1"/>
<flow id="car93" type="carType0" from="gneE21" to="-gneE48" begin="83" end="83" number="1"/>
<flow id="car94" type="carType0" from="gneE35" to="-gneE43" begin="84" end="84" number="1"/>
<flow id="car95" type="carType2" from="gneE48" to="gneE49" begin="85" end="85" number="1"/>
<flow id="car96" type="carType0" from="-gneE43" to="toprightL" begin="86" end="86" number="1"/>
<flow id="car97" type="carType2" from="gneE35" to="gneE29" begin="89" end="89" number="1"/>
<flow id="car98" type="carType1" from="-gneE48" to="gneE43" begin="90" end="90" number="1"/>
<flow id="car99" type="carType1" from="-gneE34" to="-gneE43" begin="93" end="93" number="1"/>
<flow id="car100" type="carType2" from="gneE48" to="gneE8" begin="93" end="93" number="1"/>
<flow id="car101" type="carType2" from="gneE50" to="gneE42" begin="96" end="96" number="1"/>
<flow id="car102" type="carType0" from="gneE34" to="gneE35" begin="96" end="96" number="1"/>
<flow id="car103" type="carType0" from="-gneE43" to="gneE50" begin="96" end="96" number="1"/>
<flow id="car104" type="carType1" from="-gneE37" to="gneE45" begin="100" end="100" number="1"/>
<flow id="car105" type="carType2" from="gneE45" to="gneE45" begin="100" end="100" number="1"/>
<flow id="car106" type="carType2" from="-gneE13" to="topleftR" begin="101" end="101" number="1"/>
<flow id="car107" type="carType1" from="gneE34" to="toprightL" begin="102" end="102" number="1"/>
<flow id="car108" type="carType0" from="topleftD" to="gneE21" begin="103" end="103" number="1"/>
<flow id="car109" type="carType2" from="gneE8" to="bottomrightU" begin="103" end="103" number="1"/>
<flow id="car110" type="carType0" from="gneE35" to="gneE44" begin="106" end="106" number="1"/>
<flow id="car111" type="carType2" from="gneE27" to="-gneE28" begin="107" end="107" number="1"/>
<flow id="car112" type="carType0" from="gneE28" to="topleftR" begin="107" end="107" number="1"/>
<flow id="car113" type="carType0" from="bottomleftU" to="-gneE42" begin="108" end="108" number="1"/>
<flow id="car114" type="carType1" from="gneE46" to="gneE50" begin="114" end="114" number="1"/>
<flow id="car115" type="carType1" from="gneE48" to="gneE8" begin="114" end="114" number="1"/>
<flow id="car116" type="carType2" from="gneE30" to="gneE22" begin="116" end="116" number="1"/>
<flow id="car117" type="carType0" from="gneE27" to="-gneE44" begin="116" end="116" number="1"/>
<flow id="car118" type="carType2" from="topleftR" to="gneE45" begin="117" end="117" number="1"/>
<flow id="car119" type="carType1" from="gneE9" to="bottomrightL" begin="117" end="117" number="1"/>
<flow id="car120" type="carType1" from="gneE34" to="gneE50" begin="118" end="118" number="1"/>
<flow id="car121" type="carType1" from="-gneE21" to="-gneE37" begin="120" end="120" number="1"/>
<flow id="car122" type="carType2" from="gneE9" to="-gneE37" begin="121" end="121" number="1"/>
<flow id="car123" type="carType1" from="gneE49" to="gneE50" begin="121" end="121" number="1"/>
<flow id="car124" type="carType1" from="gneE9" to="-gneE45" begin="123" end="123" number="1"/>
<flow id="car125" type="carType2" from="toprightD" to="-gneE8" begin="123" end="123" number="1"/>
<flow id="car126" type="carType1" from="gneE34" to="bottomleftU" begin="124" end="124" number="1"/>
<flow id="car127" type="carType0" from="-gneE45" to="-gneE28" begin="125" end="125" number="1"/>
<flow id="car128" type="carType0" from="bottomleftU" to="-gneE50" begin="125" end="125" number="1"/>
<flow id="car129" type="carType0" from="gneE35" to="-gneE34" begin="126" end="126" number="1"/>
<flow id="car130" type="carType1" from="-gneE33" to="topleftD" begin="126" end="126" number="1"/>
<flow id="car131" type="carType1" from="gneE46" to="bottomrightU" begin="126" end="126" number="1"/>
<flow id="car132" type="carType0" from="gneE27" to="-gneE48" begin="127" end="127" number="1"/>
<flow id="car133" type="carType2" from="-gneE51" to="-gneE51" begin="127" end="127" number="1"/>
<flow id="car134" type="carType1" from="-gneE7" to="-gneE28" begin="128" end="128" number="1"/>
<flow id="car135" type="carType0" from="gneE34" to="-gneE13" begin="131" end="131" number="1"/>
<flow id="car136" type="carType2" from="-gneE28" to="gneE21" begin="131" end="131" number="1"/>
<flow id="car137" type="carType0" from="-gneE34" to="gneE21" begin="134" end="134" number="1"/>
<flow id="car138" type="carType1" from="-gneE49" to="gneE44" begin="137" end="137" number="1"/>
<flow id="car139" type="carType2" from="-gneE34" to="-gneE29" begin="144" end="144" number="1"/>
<flow id="car140" type="carType0" from="gneE50" to="-gneE37" begin="147" end="147" number="1"/>
<flow id="car141" type="carType2" from="topleftD" to="-gneE45" begin="148" end="148" number="1"/>
<flow id="car142" type="carType0" from="gneE21" to="gneE30" begin="149" end="149" number="1"/>
<flow id="car143" type="carType0" from="-gneE29" to="-gneE37" begin="149" end="149" number="1"/>
<flow id="car144" type="carType2" from="-gneE51" to="gneE50" begin="149" end="149" number="1"/>
<flow id="car145" type="carType0" from="-gneE34" to="-gneE43" begin="150" end="150" number="1"/>
<flow id="car146" type="carType0" from="topleftD" to="gneE42" begin="150" end="150" number="1"/>
<flow id="car147" type="carType0" from="-gneE49" to="gneE44" begin="152" end="152" number="1"/>
<flow id="car148" type="carType0" from="-gneE33" to="-gneE7" begin="153" end="153" number="1"/>
<flow id="car149" type="carType2" from="bottomleftU" to="gneE21" begin="153" end="153" number="1"/>
<flow id="car150" type="carType2" from="bottomrightL" to="-gneE7" begin="154" end="154" number="1"/>
<flow id="car151" type="carType2" from="bottomrightL" to="-gneE18" begin="155" end="155" number="1"/>
<flow id="car152" type="carType1" from="toprightL" to="-gneE29" begin="157" end="157" number="1"/>
<flow id="car153" type="carType0" from="-gneE49" to="gneE29" begin="158" end="158" number="1"/>
<flow id="car154" type="carType2" from="gneE18" to="toprightL" begin="158" end="158" number="1"/>
<flow id="car155" type="carType1" from="-gneE37" to="gneE51" begin="160" end="160" number="1"/>
<flow id="car156" type="carType2" from="-gneE29" to="bottomrightU" begin="160" end="160" number="1"/>
<flow id="car157" type="carType2" from="-gneE44" to="gneE28" begin="160" end="160" number="1"/>
<flow id="car158" type="carType2" from="gneE37" to="-gneE42" begin="161" end="161" number="1"/>
<flow id="car159" type="carType0" from="gneE28" to="gneE37" begin="162" end="162" number="1"/>
<flow id="car160" type="carType1" from="gneE28" to="-gneE48" begin="164" end="164" number="1"/>
<flow id="car161" type="carType1" from="bottomleftR" to="gneE46" begin="166" end="166" number="1"/>
<flow id="car162" type="carType2" from="bottomleftR" to="gneE18" begin="168" end="168" number="1"/>
<flow id="car163" type="carType0" from="bottomleftR" to="toprightL" begin="168" end="168" number="1"/>
<flow id="car164" type="carType2" from="-gneE13" to="-gneE18" begin="171" end="171" number="1"/>
<flow id="car165" type="carType2" from="gneE21" to="bottomrightL" begin="172" end="172" number="1"/>
<flow id="car166" type="carType1" from="-gneE44" to="-gneE21" begin="172" end="172" number="1"/>
<flow id="car167" type="carType1" from="gneE21" to="-gneE50" begin="172" end="172" number="1"/>
<flow id="car168" type="carType2" from="bottomrightU" to="gneE8" begin="172" end="172" number="1"/>
<flow id="car169" type="carType1" from="gneE29" to="-gneE33" begin="172" end="172" number="1"/>
<flow id="car170" type="carType2" from="bottomrightL" to="gneE44" begin="173" end="173" number="1"/>
<flow id="car171" type="carType1" from="gneE51" to="bottomrightU" begin="174" end="174" number="1"/>
<flow id="car172" type="carType2" from="-gneE44" to="-gneE42" begin="174" end="174" number="1"/>
<flow id="car173" type="carType1" from="gneE27" to="topleftR" begin="175" end="175" number="1"/>
<flow id="car174" type="carType1" from="bottomrightL" to="-gneE33" begin="177" end="177" number="1"/>
<flow id="car175" type="carType1" from="-gneE13" to="gneE28" begin="179" end="179" number="1"/>
<flow id="car176" type="carType0" from="-gneE45" to="-gneE34" begin="182" end="182" number="1"/>
<flow id="car177" type="carType0" from="gneE42" to="gneE42" begin="184" end="184" number="1"/>
<flow id="car178" type="carType0" from="bottomleftR" to="gneE29" begin="184" end="184" number="1"/>
<flow id="car179" type="carType1" from="gneE43" to="gneE9" begin="186" end="186" number="1"/>
<flow id="car180" type="carType2" from="toprightD" to="-gneE50" begin="187" end="187" number="1"/>
<flow id="car181" type="carType1" from="toprightL" to="gneE34" begin="187" end="187" number="1"/>
<flow id="car182" type="carType0" from="-gneE48" to="gneE29" begin="188" end="188" number="1"/>
<flow id="car183" type="carType2" from="bottomleftU" to="-gneE49" begin="188" end="188" number="1"/>
<flow id="car184" type="carType2" from="bottomrightU" to="bottomleftU" begin="189" end="189" number="1"/>
<flow id="car185" type="carType0" from="-gneE43" to="-gneE27" begin="191" end="191" number="1"/>
<flow id="car186" type="carType0" from="toprightL" to="gneE27" begin="191" end="191" number="1"/>
<flow id="car187" type="carType0" from="gneE49" to="gneE35" begin="192" end="192" number="1"/>
<flow id="car188" type="carType0" from="gneE37" to="gneE29" begin="192" end="192" number="1"/>
<flow id="car189" type="carType2" from="bottomleftU" to="topleftR" begin="193" end="193" number="1"/>
<flow id="car190" type="carType0" from="gneE43" to="-gneE42" begin="193" end="193" number="1"/>
<flow id="car191" type="carType0" from="bottomrightL" to="-gneE7" begin="193" end="193" number="1"/>
<flow id="car192" type="carType1" from="-gneE42" to="gneE30" begin="194" end="194" number="1"/>
<flow id="car193" type="carType0" from="gneE42" to="-gneE8" begin="195" end="195" number="1"/>
<flow id="car194" type="carType0" from="-gneE8" to="-gneE50" begin="197" end="197" number="1"/>
<flow id="car195" type="carType0" from="gneE35" to="gneE44" begin="198" end="198" number="1"/>
<flow id="car196" type="carType2" from="gneE35" to="-gneE45" begin="198" end="198" number="1"/>
<flow id="car197" type="carType1" from="gneE29" to="-gneE8" begin="198" end="198" number="1"/>
<flow id="car198" type="carType2" from="-gneE21" to="-gneE42" begin="199" end="199" number="1"/>
<flow id="car199" type="carType2" from="bottomleftR" to="-gneE28" begin="199" end="199" number="1"/>
</routes>
