<routes>
<vType id="carType0" length="4" maxSpeed="40.89" accel="2.08" decel="5.67" speedDev="0.2" sigma="0.17"/>
<vType id="carType1" length="7" maxSpeed="51.43" accel="2.44" decel="5.73" speedDev="0.2" sigma="0.19"/>
<vType id="carType2" length="9" maxSpeed="59" accel="2.73" decel="5.68" speedDev="0.2" sigma="0.17"/>
<flow id="car0" type="carType1" from="gneE42" to="-gneE29" begin="0" end="0" number="1"/>
<flow id="car1" type="carType1" from="gneE50" to="gneE30" begin="1" end="1" number="1"/>
<flow id="car2" type="carType0" from="gneE30" to="gneE43" begin="2" end="2" number="1"/>
<flow id="car3" type="carType2" from="topleftR" to="-gneE27" begin="3" end="3" number="1"/>
<flow id="car4" type="carType2" from="-gneE43" to="gneE9" begin="4" end="4" number="1"/>
<flow id="car5" type="carType0" from="gneE35" to="-gneE7" begin="4" end="4" number="1"/>
<flow id="car6" type="carType2" from="gneE44" to="-gneE7" begin="5" end="5" number="1"/>
<flow id="car7" type="carType1" from="gneE35" to="gneE34" begin="5" end="5" number="1"/>
<flow id="car8" type="carType0" from="-gneE42" to="bottomrightL" begin="6" end="6" number="1"/>
<flow id="car9" type="carType0" from="gneE27" to="-gneE13" begin="7" end="7" number="1"/>
<flow id="car10" type="carType1" from="-gneE29" to="-gneE21" begin="7" end="7" number="1"/>
<flow id="car11" type="carType1" from="gneE22" to="-gneE13" begin="8" end="8" number="1"/>
<flow id="car12" type="carType2" from="-gneE33" to="gneE42" begin="9" end="9" number="1"/>
<flow id="car13" type="carType0" from="toprightL" to="-gneE34" begin="9" end="9" number="1"/>
<flow id="car14" type="carType0" from="-gneE29" to="-gneE27" begin="10" end="10" number="1"/>
<flow id="car15" type="carType1" from="gneE37" to="gneE44" begin="10" end="10" number="1"/>
<flow id="car16" type="carType1" from="-gneE43" to="gneE9" begin="11" end="11" number="1"/>
<flow id="car17" type="carType2" from="-gneE44" to="toprightD" begin="11" end="11" number="1"/>
<flow id="car18" type="carType0" from="gneE48" to="gneE51" begin="12" end="12" number="1"/>
<flow id="car19" type="carType2" from="-gneE18" to="-gneE42" begin="17" end="17" number="1"/>
<flow id="car20" type="carType1" from="gneE49" to="-gneE51" begin="17" end="17" number="1"/>
<flow id="car21" type="carType2" from="-gneE7" to="gneE43" begin="19" end="19" number="1"/>
<flow id="car22" type="carType0" from="bottomrightL" to="gneE27" begin="20" end="20" number="1"/>
<flow id="car23" type="carType1" from="-gneE42" to="-gneE18" begin="21" end="21" number="1"/>
<flow id="car24" type="carType0" from="gneE46" to="-gneE48" begin="21" end="21" number="1"/>
<flow id="car25" type="carType1" from="gneE51" to="gneE29" begin="22" end="22" number="1"/>
<flow id="car26" type="carType2" from="-gneE29" to="-gneE42" begin="25" end="25" number="1"/>
<flow id="car27" type="carType1" from="-gneE18" to="gneE51" begin="25" end="25" number="1"/>
<flow id="car28" type="carType0" from="toprightL" to="-gneE51" begin="26" end="26" number="1"/>
<flow id="car29" type="carType1" from="-gneE28" to="gneE50" begin="29" end="29" number="1"/>
<flow id="car30" type="carType0" from="-gneE48" to="gneE28" begin="30" end="30" number="1"/>
<flow id="car31" type="carType0" from="gneE35" to="gneE51" begin="31" end="31" number="1"/>
<flow id="car32" type="carType0" from="bottomleftR" to="-gneE33" begin="33" end="33" number="1"/>
<flow id="car33" type="carType0" from="gneE46" to="-gneE50" begin="34" end="34" number="1"/>
<flow id="car34" type="carType0" from="-gneE29" to="gneE44" begin="35" end="35" number="1"/>
<flow id="car35" type="carType2" from="-gneE7" to="gneE8" begin="37" end="37" number="1"/>
<flow id="car36" type="carType2" from="topleftR" to="bottomleftR" begin="38" end="38" number="1"/>
<flow id="car37" type="carType2" from="-gneE27" to="-gneE37" begin="38" end="38" number="1"/>
<flow id="car38" type="carType1" from="-gneE8" to="gneE46" begin="38" end="38" number="1"/>
<flow id="car39" type="carType2" from="-gneE34" to="-gneE34" begin="39" end="39" number="1"/>
<flow id="car40" type="carType2" from="gneE50" to="gneE37" begin="40" end="40" number="1"/>
<flow id="car41" type="carType0" from="gneE18" to="gneE45" begin="40" end="40" number="1"/>
<flow id="car42" type="carType2" from="-gneE51" to="-gneE28" begin="40" end="40" number="1"/>
<flow id="car43" type="carType0" from="gneE43" to="-gneE49" begin="42" end="42" number="1"/>
<flow id="car44" type="carType0" from="-gneE7" to="gneE46" begin="42" end="42" number="1"/>
<flow id="car45" type="carType1" from="gneE28" to="gneE35" begin="44" end="44" number="1"/>
<flow id="car46" type="carType0" from="gneE35" to="topleftD" begin="46" end="46" number="1"/>
<flow id="car47" type="carType2" from="gneE22" to="-gneE50" begin="46" end="46" number="1"/>
<flow id="car48" type="carType0" from="-gneE13" to="-gneE18" begin="46" end="46" number="1"/>
<flow id="car49" type="carType2" from="bottomrightU" to="-gneE42" begin="49" end="49" number="1"/>
<flow id="car50" type="carType0" from="gneE35" to="-gneE49" begin="52" end="52" number="1"/>
<flow id="car51" type="carType0" from="-gneE43" to="topleftD" begin="52" end="52" number="1"/>
<flow id="car52" type="carType1" from="gneE27" to="gneE37" begin="52" end="52" number="1"/>
<flow id="car53" type="carType2" from="gneE8" to="-gneE42" begin="56" end="56" number="1"/>
<flow id="car54" type="carType0" from="-gneE8" to="-gneE7" begin="56" end="56" number="1"/>
<flow id="car55" type="carType2" from="gneE34" to="bottomleftU" begin="56" end="56" number="1"/>
<flow id="car56" type="carType2" from="gneE35" to="-gneE48" begin="60" end="60" number="1"/>
<flow id="car57" type="carType2" from="topleftD" to="-gneE49" begin="61" end="61" number="1"/>
<flow id="car58" type="carType0" from="gneE28" to="bottomrightL" begin="61" end="61" number="1"/>
<flow id="car59" type="carType2" from="gneE29" to="gneE28" begin="61" end="61" number="1"/>
<flow id="car60" type="carType2" from="-gneE49" to="-gneE45" begin="62" end="62" number="1"/>
<flow id="car61" type="carType1" from="toprightL" to="gneE29" begin="63" end="63" number="1"/>
<flow id="car62" type="carType0" from="gneE48" to="gneE8" begin="64" end="64" number="1"/>
<flow id="car63" type="carType2" from="gneE27" to="-gneE34" begin="64" end="64" number="1"/>
<flow id="car64" type="carType2" from="bottomrightU" to="gneE50" begin="68" end="68" number="1"/>
<flow id="car65" type="carType2" from="gneE27" to="toprightL" begin="68" end="68" number="1"/>
<flow id="car66" type="carType0" from="gneE28" to="bottomrightL" begin="68" end="68" number="1"/>
<flow id="car67" type="carType1" from="gneE35" to="gneE8" begin="69" end="69" number="1"/>
<flow id="car68" type="carType2" from="toprightL" to="-gneE13" begin="69" end="69" number="1"/>
<flow id="car69" type="carType1" from="-gneE18" to="gneE22" begin="69" end="69" number="1"/>
<flow id="car70" type="carType0" from="-gneE50" to="gneE21" begin="72" end="72" number="1"/>
<flow id="car71" type="carType1" from="-gneE29" to="gneE49" begin="74" end="74" number="1"/>
<flow id="car72" type="carType1" from="-gneE18" to="gneE43" begin="74" end="74" number="1"/>
<flow id="car73" type="carType1" from="-gneE18" to="-gneE18" begin="76" end="76" number="1"/>
<flow id="car74" type="carType0" from="gneE21" to="-gneE48" begin="77" end="77" number="1"/>
<flow id="car75" type="carType2" from="gneE51" to="gneE34" begin="78" end="78" number="1"/>
<flow id="car76" type="carType2" from="-gneE8" to="gneE30" begin="78" end="78" number="1"/>
<flow id="car77" type="carType2" from="gneE9" to="gneE22" begin="78" end="78" number="1"/>
<flow id="car78" type="carType0" from="gneE45" to="toprightD" begin="79" end="79" number="1"/>
<flow id="car79" type="carType2" from="bottomleftU" to="toprightL" begin="81" end="81" number="1"/>
<flow id="car80" type="carType2" from="-gneE33" to="-gneE44" begin="82" end="82" number="1"/>
<flow id="car81" type="carType1" from="-gneE44" to="gneE43" begin="82" end="82" number="1"/>
<flow id="car82" type="carType0" from="gneE45" to="bottomleftU" begin="83" end="83" number="1"/>
<flow id="car83" type="carType1" from="gneE43" to="gneE46" begin="85" end="85" number="1"/>
<flow id="car84" type="carType0" from="-gneE28" to="gneE45" begin="85" end="85" number="1"/>
<flow id="car85" type="carType0" from="bottomrightL" to="gneE29" begin="86" end="86" number="1"/>
<flow id="car86" type="carType1" from="gneE28" to="gneE43" begin="87" end="87" number="1"/>
<flow id="car87" type="carType2" from="-gneE29" to="-gneE42" begin="88" end="88" number="1"/>
<flow id="car88" type="carType1" from="-gneE48" to="-gneE48" begin="88" end="88" number="1"/>
<flow id="car89" type="carType1" from="-gneE28" to="-gneE50" begin="90" end="90" number="1"/>
<flow id="car90" type="carType2" from="gneE28" to="gneE51" begin="90" end="90" number="1"/>
<flow id="car91" type="carType2" from="gneE29" to="gneE9" begin="91" end="91" number="1"/>
<flow id="car92" type="carType2" from="-gneE43" to="-gneE51" begin="91" end="91" number="1"/>
<flow id="car93" type="carType2" from="-gneE34" to="gneE28" begin="91" end="91" number="1"/>
<flow id="car94" type="carType1" from="-gneE28" to="-gneE49" begin="92" end="92" number="1"/>
<flow id="car95" type="carType2" from="-gneE8" to="-gneE44" begin="94" end="94" number="1"/>
<flow id="car96" type="carType0" from="gneE30" to="gneE30" begin="94" end="94" number="1"/>
<flow id="car97" type="carType2" from="-gneE7" to="gneE9" begin="96" end="96" number="1"/>
<flow id="car98" type="carType0" from="gneE29" to="-gneE43" begin="97" end="97" number="1"/>
<flow id="car99" type="carType0" from="gneE42" to="gneE30" begin="99" end="99" number="1"/>
<flow id="car100" type="carType1" from="-gneE44" to="gneE48" begin="99" end="99" number="1"/>
<flow id="car101" type="carType2" from="-gneE42" to="-gneE18" begin="100" end="100" number="1"/>
<flow id="car102" type="carType1" from="-gneE48" to="gneE37" begin="101" end="101" number="1"/>
<flow id="car103" type="carType1" from="-gneE29" to="gneE22" begin="102" end="102" number="1"/>
<flow id="car104" type="carType0" from="gneE35" to="-gneE50" begin="103" end="103" number="1"/>
<flow id="car105" type="carType2" from="gneE51" to="-gneE18" begin="104" end="104" number="1"/>
<flow id="car106" type="carType0" from="-gneE51" to="gneE51" begin="105" end="105" number="1"/>
<flow id="car107" type="carType2" from="-gneE44" to="gneE45" begin="110" end="110" number="1"/>
<flow id="car108" type="carType1" from="-gneE27" to="bottomrightU" begin="112" end="112" number="1"/>
<flow id="car109" type="carType2" from="gneE18" to="gneE50" begin="112" end="112" number="1"/>
<flow id="car110" type="carType0" from="gneE48" to="-gneE50" begin="113" end="113" number="1"/>
<flow id="car111" type="carType2" from="-gneE49" to="gneE8" begin="114" end="114" number="1"/>
<flow id="car112" type="carType0" from="-gneE7" to="gneE9" begin="116" end="116" number="1"/>
<flow id="car113" type="carType0" from="gneE49" to="gneE37" begin="116" end="116" number="1"/>
<flow id="car114" type="carType0" from="-gneE7" to="topleftD" begin="116" end="116" number="1"/>
<flow id="car115" type="carType0" from="toprightD" to="-gneE50" begin="116" end="116" number="1"/>
<flow id="car116" type="carType1" from="gneE46" to="gneE9" begin="117" end="117" number="1"/>
<flow id="car117" type="carType0" from="-gneE50" to="-gneE34" begin="118" end="118" number="1"/>
<flow id="car118" type="carType2" from="bottomrightL" to="gneE44" begin="118" end="118" number="1"/>
<flow id="car119" type="carType0" from="bottomrightU" to="-gneE7" begin="118" end="118" number="1"/>
<flow id="car120" type="carType0" from="-gneE43" to="gneE43" begin="119" end="119" number="1"/>
<flow id="car121" type="carType2" from="gneE49" to="-gneE28" begin="120" end="120" number="1"/>
<flow id="car122" type="carType2" from="-gneE48" to="bottomrightL" begin="122" end="122" number="1"/>
<flow id="car123" type="carType0" from="bottomleftU" to="gneE28" begin="125" end="125" number="1"/>
<flow id="car124" type="carType2" from="gneE44" to="toprightL" begin="125" end="125" number="1"/>
<flow id="car125" type="carType2" from="gneE30" to="gneE42" begin="126" end="126" number="1"/>
<flow id="car126" type="carType2" from="-gneE18" to="-gneE42" begin="126" end="126" number="1"/>
<flow id="car127" type="carType2" from="gneE43" to="gneE21" begin="127" end="127" number="1"/>
<flow id="car128" type="carType1" from="gneE42" to="gneE45" begin="128" end="128" number="1"/>
<flow id="car129" type="carType0" from="gneE27" to="gneE37" begin="128" end="128" number="1"/>
<flow id="car130" type="carType0" from="bottomleftR" to="bottomrightU" begin="129" end="129" number="1"/>
<flow id="car131" type="carType2" from="-gneE43" to="gneE49" begin="130" end="130" number="1"/>
<flow id="car132" type="carType0" from="gneE43" to="-gneE44" begin="132" end="132" number="1"/>
<flow id="car133" type="carType2" from="gneE22" to="gneE43" begin="133" end="133" number="1"/>
<flow id="car134" type="carType1" from="gneE45" to="-gneE18" begin="134" end="134" number="1"/>
<flow id="car135" type="carType1" from="gneE43" to="gneE28" begin="134" end="134" number="1"/>
<flow id="car136" type="carType1" from="-gneE13" to="toprightL" begin="137" end="137" number="1"/>
<flow id="car137" type="carType1" from="-gneE37" to="-gneE49" begin="138" end="138" number="1"/>
<flow id="car138" type="carType1" from="-gneE29" to="-gneE8" begin="139" end="139" number="1"/>
<flow id="car139" type="carType2" from="-gneE28" to="gneE49" begin="140" end="140" number="1"/>
<flow id="car140" type="carType1" from="-gneE48" to="-gneE49" begin="140" end="140" number="1"/>
<flow id="car141" type="carType1" from="-gneE7" to="topleftR" begin="141" end="141" number="1"/>
<flow id="car142" type="carType1" from="-gneE27" to="-gneE37" begin="142" end="142" number="1"/>
<flow id="car143" type="carType2" from="-gneE45" to="gneE45" begin="142" end="142" number="1"/>
<flow id="car144" type="carType2" from="gneE21" to="gneE27" begin="142" end="142" number="1"/>
<flow id="car145" type="carType2" from="-gneE8" to="-gneE45" begin="142" end="142" number="1"/>
<flow id="car146" type="carType0" from="bottomleftR" to="-gneE34" begin="143" end="143" number="1"/>
<flow id="car147" type="carType2" from="gneE48" to="-gneE48" begin="145" end="145" number="1"/>
<flow id="car148" type="carType2" from="-gneE7" to="gneE51" begin="149" end="149" number="1"/>
<flow id="car149" type="carType0" from="-gneE51" to="-gneE37" begin="150" end="150" number="1"/>
<flow id="car150" type="carType2" from="topleftR" to="gneE44" begin="150" end="150" number="1"/>
<flow id="car151" type="carType2" from="-gneE50" to="topleftR" begin="152" end="152" number="1"/>
<flow id="car152" type="carType1" from="-gneE50" to="-gneE44" begin="152" end="152" number="1"/>
<flow id="car153" type="carType2" from="gneE22" to="-gneE13" begin="152" end="152" number="1"/>
<flow id="car154" type="carType0" from="-gneE21" to="bottomleftR" begin="153" end="153" number="1"/>
<flow id="car155" type="carType2" from="gneE30" to="bottomrightU" begin="153" end="153" number="1"/>
<flow id="car156" type="carType0" from="gneE30" to="-gneE29" begin="153" end="153" number="1"/>
<flow id="car157" type="carType2" from="-gneE21" to="bottomleftR" begin="153" end="153" number="1"/>
<flow id="car158" type="carType2" from="gneE27" to="-gneE45" begin="155" end="155" number="1"/>
<flow id="car159" type="carType0" from="gneE44" to="-gneE28" begin="157" end="157" number="1"/>
<flow id="car160" type="carType2" from="-gneE28" to="gneE34" begin="158" end="158" number="1"/>
<flow id="car161" type="carType2" from="-gneE44" to="gneE51" begin="159" end="159" number="1"/>
<flow id="car162" type="carType2" from="gneE21" to="gneE8" begin="159" end="159" number="1"/>
<flow id="car163" type="carType2" from="bottomrightL" to="gneE9" begin="160" end="160" number="1"/>
<flow id="car164" type="carType0" from="gneE50" to="gneE35" begin="160" end="160" number="1"/>
<flow id="car165" type="carType2" from="-gneE13" to="-gneE34" begin="161" end="161" number="1"/>
<flow id="car166" type="carType0" from="gneE44" to="toprightL" begin="161" end="161" number="1"/>
<flow id="car167" type="carType2" from="gneE43" to="gneE30" begin="161" end="161" number="1"/>
<flow id="car168" type="carType2" from="toprightD" to="bottomleftU" begin="165" end="165" number="1"/>
<flow id="car169" type="carType1" from="-gneE42" to="gneE29" begin="165" end="165" number="1"/>
<flow id="car170" type="carType0" from="gneE34" to="gneE28" begin="167" end="167" number="1"/>
<flow id="car171" type="carType0" from="gneE44" to="-gneE27" begin="170" end="170" number="1"/>
<flow id="car172" type="carType0" from="bottomleftU" to="gneE22" begin="170" end="170" number="1"/>
<flow id="car173" type="carType2" from="gneE28" to="-gneE27" begin="171" end="171" number="1"/>
<flow id="car174" type="carType2" from="gneE35" to="toprightL" begin="171" end="171" number="1"/>
<flow id="car175" type="carType0" from="-gneE50" to="gneE34" begin="171" end="171" number="1"/>
<flow id="car176" type="carType1" from="-gneE7" to="gneE27" begin="172" end="172" number="1"/>
<flow id="car177" type="carType1" from="-gneE44" to="-gneE33" begin="174" end="174" number="1"/>
<flow id="car178" type="carType1" from="gneE49" to="gneE18" begin="175" end="175" number="1"/>
<flow id="car179" type="carType0" from="gneE49" to="toprightL" begin="177" end="177" number="1"/>
<flow id="car180" type="carType2" from="gneE27" to="gneE34" begin="177" end="177" number="1"/>
<flow id="car181" type="carType0" from="gneE18" to="topleftR" begin="178" end="178" number="1"/>
<flow id="car182" type="carType1" from="bottomrightU" to="gneE37" begin="178" end="178" number="1"/>
<flow id="car183" type="carType0" from="-gneE37" to="-gneE49" begin="181" end="181" number="1"/>
<flow id="car184" type="carType0" from="-gneE45" to="-gneE28" begin="183" end="183" number="1"/>
<flow id="car185" type="carType2" from="bottomrightU" to="-gneE44" begin="184" end="184" number="1"/>
<flow id="car186" type="carType1" from="-gneE34" to="gneE46" begin="185" end="185" number="1"/>
<flow id="car187" type="carType0" from="-gneE28" to="gneE22" begin="186" end="186" number="1"/>
<flow id="car188" type="carType0" from="-gneE21" to="gneE43" begin="186" end="186" number="1"/>
<flow id="car189" type="carType0" from="topleftR" to="bottomleftU" begin="188" end="188" number="1"/>
<flow id="car190" type="carType2" from="toprightL" to="gneE35" begin="188" end="188" number="1"/>
<flow id="car191" type="carType1" from="-gneE7" to="gneE49" begin="190" end="190" number="1"/>
<flow id="car192" type="carType1" from="-gneE29" to="bottomrightL" begin="190" end="190" number="1"/>
<flow id="car193" type="carType0" from="bottomrightU" to="gneE35" begin="191" end="191" number="1"/>
<flow id="car194" type="carType2" from="-gneE45" to="-gneE48" begin="191" end="191" number="1"/>
<flow id="car195" type="carType0" from="gneE18" to="topleftR" begin="193" end="193" number="1"/>
<flow id="car196" type="carType2" from="gneE45" to="bottomleftR" begin="194" end="194" number="1"/>
<flow id="car197" type="carType1" from="toprightL" to="-gneE43" begin="195" end="195" number="1"/>
<flow id="car198" type="carType1" from="gneE46" to="toprightD" begin="197" end="197" number="1"/>
<flow id="car199" type="carType2" from="-gneE51" to="bottomrightU" begin="197" end="197" number="1"/>
</routes>
