<routes>
<vType id="carType0" length="6" maxSpeed="43.41" accel="2.79" decel="5.5" speedDev="0.2" sigma="0.11"/>
<vType id="carType1" length="3" maxSpeed="44.31" accel="2.4" decel="4.56" speedDev="0.2" sigma="0.26"/>
<vType id="carType2" length="6" maxSpeed="54.58" accel="2.99" decel="5.08" speedDev="0.2" sigma="0.23"/>
<flow id="car0" type="carType2" from="gneE48" to="-gneE13" begin="0" end="0" number="1"/>
<flow id="car1" type="carType2" from="-gneE13" to="gneE27" begin="1" end="1" number="1"/>
<flow id="car2" type="carType1" from="-gneE28" to="bottomleftR" begin="1" end="1" number="1"/>
<flow id="car3" type="carType2" from="-gneE34" to="gneE51" begin="3" end="3" number="1"/>
<flow id="car4" type="carType2" from="gneE8" to="gneE34" begin="3" end="3" number="1"/>
<flow id="car5" type="carType1" from="bottomleftU" to="-gneE33" begin="3" end="3" number="1"/>
<flow id="car6" type="carType0" from="gneE49" to="gneE45" begin="4" end="4" number="1"/>
<flow id="car7" type="carType2" from="-gneE51" to="gneE45" begin="6" end="6" number="1"/>
<flow id="car8" type="carType1" from="-gneE18" to="topleftD" begin="7" end="7" number="1"/>
<flow id="car9" type="carType1" from="-gneE45" to="-gneE44" begin="7" end="7" number="1"/>
<flow id="car10" type="carType1" from="-gneE37" to="topleftR" begin="7" end="7" number="1"/>
<flow id="car11" type="carType2" from="gneE27" to="-gneE7" begin="8" end="8" number="1"/>
<flow id="car12" type="carType1" from="toprightL" to="-gneE48" begin="8" end="8" number="1"/>
<flow id="car13" type="carType0" from="gneE37" to="gneE8" begin="8" end="8" number="1"/>
<flow id="car14" type="carType2" from="-gneE29" to="gneE22" begin="8" end="8" number="1"/>
<flow id="car15" type="carType2" from="bottomleftR" to="-gneE34" begin="9" end="9" number="1"/>
<flow id="car16" type="carType0" from="gneE46" to="gneE28" begin="10" end="10" number="1"/>
<flow id="car17" type="carType2" from="gneE43" to="gneE50" begin="12" end="12" number="1"/>
<flow id="car18" type="carType0" from="-gneE13" to="-gneE42" begin="15" end="15" number="1"/>
<flow id="car19" type="carType1" from="gneE46" to="gneE35" begin="15" end="15" number="1"/>
<flow id="car20" type="carType2" from="gneE44" to="bottomleftU" begin="16" end="16" number="1"/>
<flow id="car21" type="carType1" from="-gneE29" to="-gneE29" begin="17" end="17" number="1"/>
<flow id="car22" type="carType1" from="-gneE49" to="-gneE29" begin="18" end="18" number="1"/>
<flow id="car23" type="carType2" from="-gneE49" to="-gneE48" begin="18" end="18" number="1"/>
<flow id="car24" type="carType1" from="-gneE27" to="gneE30" begin="18" end="18" number="1"/>
<flow id="car25" type="carType2" from="bottomrightU" to="-gneE21" begin="20" end="20" number="1"/>
<flow id="car26" type="carType1" from="gneE35" to="gneE22" begin="23" end="23" number="1"/>
<flow id="car27" type="carType2" from="gneE51" to="gneE8" begin="27" end="27" number="1"/>
<flow id="car28" type="carType0" from="-gneE8" to="toprightD" begin="28" end="28" number="1"/>
<flow id="car29" type="carType0" from="bottomleftR" to="-gneE21" begin="30" end="30" number="1"/>
<flow id="car30" type="carType0" from="-gneE42" to="gneE44" begin="31" end="31" number="1"/>
<flow id="car31" type="carType0" from="-gneE42" to="toprightD" begin="31" end="31" number="1"/>
<flow id="car32" type="carType0" from="gneE22" to="-gneE29" begin="31" end="31" number="1"/>
<flow id="car33" type="carType1" from="-gneE29" to="-gneE13" begin="32" end="32" number="1"/>
<flow id="car34" type="carType1" from="bottomleftR" to="gneE27" begin="33" end="33" number="1"/>
<flow id="car35" type="carType2" from="gneE28" to="gneE42" begin="33" end="33" number="1"/>
<flow id="car36" type="carType0" from="-gneE45" to="gneE8" begin="33" end="33" number="1"/>
<flow id="car37" type="carType0" from="-gneE51" to="-gneE45" begin="33" end="33" number="1"/>
<flow id="car38" type="carType1" from="gneE35" to="gneE51" begin="34" end="34" number="1"/>
<flow id="car39" type="carType1" from="-gneE50" to="-gneE50" begin="35" end="35" number="1"/>
<flow id="car40" type="carType2" from="gneE21" to="gneE30" begin="35" end="35" number="1"/>
<flow id="car41" type="carType2" from="gneE18" to="-gneE21" begin="35" end="35" number="1"/>
<flow id="car42" type="carType2" from="gneE46" to="gneE8" begin="35" end="35" number="1"/>
<flow id="car43" type="carType2" from="gneE46" to="toprightD" begin="36" end="36" number="1"/>
<flow id="car44" type="carType0" from="bottomrightL" to="bottomleftU" begin="36" end="36" number="1"/>
<flow id="car45" type="carType2" from="gneE48" to="-gneE27" begin="37" end="37" number="1"/>
<flow id="car46" type="carType1" from="gneE43" to="gneE42" begin="39" end="39" number="1"/>
<flow id="car47" type="carType1" from="-gneE13" to="-gneE29" begin="40" end="40" number="1"/>
<flow id="car48" type="carType2" from="bottomrightL" to="gneE28" begin="40" end="40" number="1"/>
<flow id="car49" type="carType2" from="-gneE27" to="-gneE33" begin="42" end="42" number="1"/>
<flow id="car50" type="carType2" from="bottomleftR" to="-gneE18" begin="42" end="42" number="1"/>
<flow id="car51" type="carType1" from="-gneE43" to="gneE50" begin="43" end="43" number="1"/>
<flow id="car52" type="carType2" from="toprightD" to="gneE37" begin="43" end="43" number="1"/>
<flow id="car53" type="carType2" from="gneE29" to="-gneE51" begin="44" end="44" number="1"/>
<flow id="car54" type="carType2" from="bottomleftU" to="-gneE48" begin="45" end="45" number="1"/>
<flow id="car55" type="carType2" from="-gneE7" to="gneE34" begin="46" end="46" number="1"/>
<flow id="car56" type="carType2" from="-gneE34" to="-gneE8" begin="46" end="46" number="1"/>
<flow id="car57" type="carType2" from="-gneE21" to="-gneE37" begin="47" end="47" number="1"/>
<flow id="car58" type="carType0" from="-gneE21" to="-gneE33" begin="50" end="50" number="1"/>
<flow id="car59" type="carType2" from="-gneE28" to="gneE30" begin="50" end="50" number="1"/>
<flow id="car60" type="carType0" from="gneE48" to="-gneE8" begin="51" end="51" number="1"/>
<flow id="car61" type="carType0" from="-gneE18" to="-gneE42" begin="51" end="51" number="1"/>
<flow id="car62" type="carType0" from="gneE18" to="-gneE34" begin="51" end="51" number="1"/>
<flow id="car63" type="carType2" from="gneE43" to="gneE43" begin="52" end="52" number="1"/>
<flow id="car64" type="carType2" from="gneE37" to="-gneE13" begin="53" end="53" number="1"/>
<flow id="car65" type="carType2" from="-gneE21" to="gneE28" begin="53" end="53" number="1"/>
<flow id="car66" type="carType2" from="gneE45" to="bottomleftR" begin="54" end="54" number="1"/>
<flow id="car67" type="carType2" from="gneE44" to="-gneE29" begin="54" end="54" number="1"/>
<flow id="car68" type="carType2" from="bottomrightU" to="toprightL" begin="56" end="56" number="1"/>
<flow id="car69" type="carType2" from="gneE50" to="-gneE50" begin="56" end="56" number="1"/>
<flow id="car70" type="carType2" from="-gneE33" to="gneE42" begin="56" end="56" number="1"/>
<flow id="car71" type="carType1" from="gneE46" to="gneE43" begin="62" end="62" number="1"/>
<flow id="car72" type="carType0" from="-gneE50" to="bottomleftU" begin="64" end="64" number="1"/>
<flow id="car73" type="carType1" from="gneE34" to="-gneE48" begin="67" end="67" number="1"/>
<flow id="car74" type="carType0" from="bottomleftR" to="gneE46" begin="70" end="70" number="1"/>
<flow id="car75" type="carType1" from="gneE45" to="-gneE34" begin="71" end="71" number="1"/>
<flow id="car76" type="carType2" from="-gneE13" to="gneE29" begin="71" end="71" number="1"/>
<flow id="car77" type="carType1" from="-gneE44" to="gneE8" begin="73" end="73" number="1"/>
<flow id="car78" type="carType0" from="-gneE8" to="gneE8" begin="75" end="75" number="1"/>
<flow id="car79" type="carType1" from="gneE50" to="gneE28" begin="76" end="76" number="1"/>
<flow id="car80" type="carType0" from="gneE45" to="gneE29" begin="77" end="77" number="1"/>
<flow id="car81" type="carType0" from="gneE21" to="gneE46" begin="79" end="79" number="1"/>
<flow id="car82" type="carType2" from="-gneE48" to="-gneE43" begin="79" end="79" number="1"/>
<flow id="car83" type="carType0" from="-gneE18" to="-gneE37" begin="79" end="79" number="1"/>
<flow id="car84" type="carType2" from="gneE35" to="gneE42" begin="80" end="80" number="1"/>
<flow id="car85" type="carType0" from="gneE34" to="gneE29" begin="80" end="80" number="1"/>
<flow id="car86" type="carType0" from="-gneE49" to="-gneE21" begin="80" end="80" number="1"/>
<flow id="car87" type="carType2" from="topleftD" to="bottomleftR" begin="80" end="80" number="1"/>
<flow id="car88" type="carType2" from="-gneE49" to="-gneE44" begin="80" end="80" number="1"/>
<flow id="car89" type="carType0" from="gneE28" to="bottomrightU" begin="81" end="81" number="1"/>
<flow id="car90" type="carType2" from="gneE37" to="-gneE45" begin="82" end="82" number="1"/>
<flow id="car91" type="carType0" from="-gneE18" to="gneE22" begin="83" end="83" number="1"/>
<flow id="car92" type="carType1" from="bottomleftU" to="gneE22" begin="86" end="86" number="1"/>
<flow id="car93" type="carType1" from="gneE46" to="-gneE48" begin="88" end="88" number="1"/>
<flow id="car94" type="carType0" from="gneE35" to="bottomrightL" begin="94" end="94" number="1"/>
<flow id="car95" type="carType1" from="gneE18" to="gneE30" begin="95" end="95" number="1"/>
<flow id="car96" type="carType1" from="-gneE44" to="gneE46" begin="95" end="95" number="1"/>
<flow id="car97" type="carType1" from="bottomrightU" to="topleftR" begin="96" end="96" number="1"/>
<flow id="car98" type="carType2" from="gneE51" to="gneE48" begin="97" end="97" number="1"/>
<flow id="car99" type="carType0" from="-gneE29" to="gneE42" begin="97" end="97" number="1"/>
<flow id="car100" type="carType0" from="gneE44" to="-gneE44" begin="97" end="97" number="1"/>
<flow id="car101" type="carType0" from="gneE51" to="gneE30" begin="99" end="99" number="1"/>
<flow id="car102" type="carType1" from="-gneE27" to="-gneE27" begin="100" end="100" number="1"/>
<flow id="car103" type="carType1" from="toprightL" to="topleftR" begin="101" end="101" number="1"/>
<flow id="car104" type="carType0" from="gneE35" to="-gneE8" begin="101" end="101" number="1"/>
<flow id="car105" type="carType1" from="gneE50" to="-gneE34" begin="102" end="102" number="1"/>
<flow id="car106" type="carType1" from="toprightD" to="-gneE48" begin="103" end="103" number="1"/>
<flow id="car107" type="carType2" from="gneE37" to="gneE34" begin="105" end="105" number="1"/>
<flow id="car108" type="carType2" from="-gneE21" to="-gneE49" begin="105" end="105" number="1"/>
<flow id="car109" type="carType2" from="gneE43" to="bottomrightL" begin="105" end="105" number="1"/>
<flow id="car110" type="carType0" from="gneE35" to="gneE37" begin="109" end="109" number="1"/>
<flow id="car111" type="carType1" from="gneE34" to="-gneE49" begin="111" end="111" number="1"/>
<flow id="car112" type="carType1" from="gneE48" to="gneE37" begin="111" end="111" number="1"/>
<flow id="car113" type="carType2" from="gneE9" to="gneE37" begin="111" end="111" number="1"/>
<flow id="car114" type="carType2" from="toprightL" to="-gneE18" begin="114" end="114" number="1"/>
<flow id="car115" type="carType1" from="-gneE28" to="gneE34" begin="115" end="115" number="1"/>
<flow id="car116" type="carType2" from="topleftR" to="gneE51" begin="115" end="115" number="1"/>
<flow id="car117" type="carType0" from="gneE46" to="-gneE29" begin="115" end="115" number="1"/>
<flow id="car118" type="carType0" from="-gneE13" to="-gneE43" begin="116" end="116" number="1"/>
<flow id="car119" type="carType0" from="bottomleftU" to="-gneE33" begin="116" end="116" number="1"/>
<flow id="car120" type="carType2" from="-gneE44" to="-gneE51" begin="118" end="118" number="1"/>
<flow id="car121" type="carType2" from="-gneE8" to="gneE21" begin="120" end="120" number="1"/>
<flow id="car122" type="carType0" from="bottomrightL" to="gneE22" begin="121" end="121" number="1"/>
<flow id="car123" type="carType1" from="topleftD" to="gneE9" begin="121" end="121" number="1"/>
<flow id="car124" type="carType0" from="-gneE18" to="toprightD" begin="121" end="121" number="1"/>
<flow id="car125" type="carType1" from="gneE9" to="-gneE18" begin="121" end="121" number="1"/>
<flow id="car126" type="carType0" from="toprightD" to="gneE44" begin="122" end="122" number="1"/>
<flow id="car127" type="carType2" from="bottomleftR" to="topleftR" begin="122" end="122" number="1"/>
<flow id="car128" type="carType1" from="-gneE13" to="-gneE18" begin="125" end="125" number="1"/>
<flow id="car129" type="carType1" from="-gneE51" to="gneE30" begin="126" end="126" number="1"/>
<flow id="car130" type="carType1" from="gneE43" to="gneE22" begin="129" end="129" number="1"/>
<flow id="car131" type="carType0" from="gneE49" to="-gneE48" begin="130" end="130" number="1"/>
<flow id="car132" type="carType1" from="-gneE7" to="-gneE7" begin="131" end="131" number="1"/>
<flow id="car133" type="carType0" from="-gneE18" to="gneE34" begin="134" end="134" number="1"/>
<flow id="car134" type="carType0" from="bottomleftR" to="gneE21" begin="135" end="135" number="1"/>
<flow id="car135" type="carType0" from="gneE30" to="-gneE18" begin="136" end="136" number="1"/>
<flow id="car136" type="carType2" from="-gneE51" to="bottomleftU" begin="136" end="136" number="1"/>
<flow id="car137" type="carType1" from="-gneE42" to="-gneE27" begin="138" end="138" number="1"/>
<flow id="car138" type="carType0" from="-gneE33" to="-gneE18" begin="141" end="141" number="1"/>
<flow id="car139" type="carType0" from="-gneE44" to="gneE9" begin="141" end="141" number="1"/>
<flow id="car140" type="carType1" from="-gneE18" to="gneE37" begin="142" end="142" number="1"/>
<flow id="car141" type="carType2" from="gneE42" to="-gneE43" begin="144" end="144" number="1"/>
<flow id="car142" type="carType1" from="toprightD" to="-gneE18" begin="144" end="144" number="1"/>
<flow id="car143" type="carType2" from="gneE34" to="gneE50" begin="146" end="146" number="1"/>
<flow id="car144" type="carType0" from="-gneE21" to="-gneE45" begin="146" end="146" number="1"/>
<flow id="car145" type="carType0" from="topleftD" to="-gneE8" begin="147" end="147" number="1"/>
<flow id="car146" type="carType1" from="gneE34" to="gneE18" begin="148" end="148" number="1"/>
<flow id="car147" type="carType0" from="gneE44" to="gneE45" begin="149" end="149" number="1"/>
<flow id="car148" type="carType1" from="toprightL" to="gneE43" begin="149" end="149" number="1"/>
<flow id="car149" type="carType0" from="gneE35" to="gneE22" begin="149" end="149" number="1"/>
<flow id="car150" type="carType1" from="-gneE49" to="gneE44" begin="151" end="151" number="1"/>
<flow id="car151" type="carType1" from="bottomrightU" to="toprightL" begin="151" end="151" number="1"/>
<flow id="car152" type="carType0" from="-gneE42" to="topleftD" begin="151" end="151" number="1"/>
<flow id="car153" type="carType0" from="-gneE33" to="topleftD" begin="153" end="153" number="1"/>
<flow id="car154" type="carType0" from="-gneE42" to="-gneE37" begin="153" end="153" number="1"/>
<flow id="car155" type="carType0" from="gneE43" to="gneE18" begin="154" end="154" number="1"/>
<flow id="car156" type="carType0" from="bottomrightU" to="-gneE27" begin="154" end="154" number="1"/>
<flow id="car157" type="carType0" from="-gneE42" to="gneE49" begin="154" end="154" number="1"/>
<flow id="car158" type="carType0" from="gneE34" to="-gneE45" begin="155" end="155" number="1"/>
<flow id="car159" type="carType2" from="gneE44" to="-gneE28" begin="155" end="155" number="1"/>
<flow id="car160" type="carType1" from="gneE49" to="bottomleftR" begin="157" end="157" number="1"/>
<flow id="car161" type="carType0" from="topleftD" to="-gneE44" begin="157" end="157" number="1"/>
<flow id="car162" type="carType2" from="-gneE45" to="topleftR" begin="157" end="157" number="1"/>
<flow id="car163" type="carType2" from="gneE34" to="gneE51" begin="159" end="159" number="1"/>
<flow id="car164" type="carType2" from="gneE45" to="gneE35" begin="161" end="161" number="1"/>
<flow id="car165" type="carType1" from="toprightL" to="-gneE7" begin="163" end="163" number="1"/>
<flow id="car166" type="carType1" from="gneE42" to="-gneE43" begin="165" end="165" number="1"/>
<flow id="car167" type="carType0" from="topleftR" to="-gneE29" begin="165" end="165" number="1"/>
<flow id="car168" type="carType2" from="gneE49" to="-gneE13" begin="165" end="165" number="1"/>
<flow id="car169" type="carType2" from="-gneE34" to="-gneE34" begin="168" end="168" number="1"/>
<flow id="car170" type="carType0" from="-gneE45" to="gneE45" begin="168" end="168" number="1"/>
<flow id="car171" type="carType2" from="-gneE7" to="-gneE28" begin="172" end="172" number="1"/>
<flow id="car172" type="carType0" from="-gneE45" to="-gneE27" begin="173" end="173" number="1"/>
<flow id="car173" type="carType2" from="gneE44" to="gneE27" begin="173" end="173" number="1"/>
<flow id="car174" type="carType2" from="-gneE21" to="toprightL" begin="174" end="174" number="1"/>
<flow id="car175" type="carType2" from="-gneE18" to="gneE49" begin="176" end="176" number="1"/>
<flow id="car176" type="carType0" from="gneE27" to="bottomleftU" begin="177" end="177" number="1"/>
<flow id="car177" type="carType1" from="gneE45" to="gneE49" begin="178" end="178" number="1"/>
<flow id="car178" type="carType0" from="gneE21" to="gneE30" begin="178" end="178" number="1"/>
<flow id="car179" type="carType1" from="-gneE18" to="-gneE28" begin="178" end="178" number="1"/>
<flow id="car180" type="carType0" from="toprightD" to="gneE18" begin="179" end="179" number="1"/>
<flow id="car181" type="carType0" from="-gneE44" to="gneE22" begin="180" end="180" number="1"/>
<flow id="car182" type="carType0" from="-gneE42" to="gneE42" begin="181" end="181" number="1"/>
<flow id="car183" type="carType0" from="gneE46" to="toprightD" begin="182" end="182" number="1"/>
<flow id="car184" type="carType2" from="bottomleftR" to="gneE22" begin="182" end="182" number="1"/>
<flow id="car185" type="carType2" from="gneE42" to="toprightL" begin="182" end="182" number="1"/>
<flow id="car186" type="carType2" from="gneE18" to="gneE29" begin="183" end="183" number="1"/>
<flow id="car187" type="carType2" from="gneE49" to="gneE22" begin="184" end="184" number="1"/>
<flow id="car188" type="carType1" from="bottomrightU" to="-gneE49" begin="184" end="184" number="1"/>
<flow id="car189" type="carType1" from="-gneE13" to="-gneE44" begin="185" end="185" number="1"/>
<flow id="car190" type="carType1" from="gneE45" to="gneE43" begin="186" end="186" number="1"/>
<flow id="car191" type="carType0" from="gneE49" to="gneE18" begin="189" end="189" number="1"/>
<flow id="car192" type="carType2" from="gneE18" to="gneE46" begin="190" end="190" number="1"/>
<flow id="car193" type="carType2" from="gneE22" to="-gneE48" begin="192" end="192" number="1"/>
<flow id="car194" type="carType2" from="gneE42" to="bottomleftU" begin="192" end="192" number="1"/>
<flow id="car195" type="carType2" from="bottomrightL" to="-gneE43" begin="194" end="194" number="1"/>
<flow id="car196" type="carType2" from="bottomrightU" to="gneE21" begin="195" end="195" number="1"/>
<flow id="car197" type="carType2" from="-gneE49" to="-gneE7" begin="198" end="198" number="1"/>
<flow id="car198" type="carType2" from="-gneE29" to="gneE37" begin="199" end="199" number="1"/>
<flow id="car199" type="carType2" from="gneE29" to="gneE29" begin="199" end="199" number="1"/>
</routes>
