<routes>
<vType id="carType0" length="3" maxSpeed="57.59" accel="2.62" decel="4.29" speedDev="0.2" sigma="0.25"/>
<vType id="carType1" length="3" maxSpeed="59.72" accel="2.74" decel="5.75" speedDev="0.2" sigma="0.18"/>
<vType id="carType2" length="9" maxSpeed="45.94" accel="2.71" decel="5.83" speedDev="0.2" sigma="0.1"/>
<flow id="car0" type="carType0" from="gneE34" to="gneE49" begin="0" end="0" number="1"/>
<flow id="car1" type="carType2" from="-gneE7" to="-gneE34" begin="0" end="0" number="1"/>
<flow id="car2" type="carType2" from="gneE35" to="-gneE13" begin="1" end="1" number="1"/>
<flow id="car3" type="carType0" from="gneE51" to="gneE27" begin="1" end="1" number="1"/>
<flow id="car4" type="carType1" from="-gneE21" to="gneE43" begin="1" end="1" number="1"/>
<flow id="car5" type="carType0" from="-gneE13" to="-gneE13" begin="2" end="2" number="1"/>
<flow id="car6" type="carType1" from="-gneE50" to="-gneE18" begin="2" end="2" number="1"/>
<flow id="car7" type="carType1" from="gneE27" to="-gneE51" begin="3" end="3" number="1"/>
<flow id="car8" type="carType0" from="-gneE48" to="gneE51" begin="5" end="5" number="1"/>
<flow id="car9" type="carType1" from="-gneE27" to="toprightL" begin="5" end="5" number="1"/>
<flow id="car10" type="carType1" from="-gneE13" to="-gneE48" begin="6" end="6" number="1"/>
<flow id="car11" type="carType1" from="topleftR" to="gneE9" begin="6" end="6" number="1"/>
<flow id="car12" type="carType2" from="-gneE51" to="-gneE51" begin="6" end="6" number="1"/>
<flow id="car13" type="carType2" from="-gneE42" to="gneE43" begin="7" end="7" number="1"/>
<flow id="car14" type="carType1" from="-gneE33" to="bottomrightU" begin="7" end="7" number="1"/>
<flow id="car15" type="carType1" from="-gneE33" to="gneE30" begin="7" end="7" number="1"/>
<flow id="car16" type="carType1" from="gneE43" to="-gneE49" begin="7" end="7" number="1"/>
<flow id="car17" type="carType0" from="gneE45" to="gneE9" begin="7" end="7" number="1"/>
<flow id="car18" type="carType0" from="bottomleftU" to="gneE46" begin="8" end="8" number="1"/>
<flow id="car19" type="carType2" from="gneE22" to="gneE27" begin="8" end="8" number="1"/>
<flow id="car20" type="carType0" from="toprightL" to="-gneE29" begin="8" end="8" number="1"/>
<flow id="car21" type="carType2" from="gneE49" to="-gneE34" begin="9" end="9" number="1"/>
<flow id="car22" type="carType2" from="-gneE48" to="-gneE48" begin="9" end="9" number="1"/>
<flow id="car23" type="carType0" from="-gneE21" to="-gneE8" begin="9" end="9" number="1"/>
<flow id="car24" type="carType1" from="-gneE28" to="gneE43" begin="10" end="10" number="1"/>
<flow id="car25" type="carType0" from="-gneE49" to="gneE30" begin="11" end="11" number="1"/>
<flow id="car26" type="carType2" from="-gneE33" to="bottomrightL" begin="11" end="11" number="1"/>
<flow id="car27" type="carType1" from="gneE29" to="-gneE21" begin="15" end="15" number="1"/>
<flow id="car28" type="carType2" from="-gneE49" to="gneE29" begin="15" end="15" number="1"/>
<flow id="car29" type="carType0" from="topleftR" to="gneE44" begin="15" end="15" number="1"/>
<flow id="car30" type="carType1" from="topleftD" to="-gneE27" begin="15" end="15" number="1"/>
<flow id="car31" type="carType0" from="bottomleftR" to="-gneE13" begin="17" end="17" number="1"/>
<flow id="car32" type="carType1" from="-gneE33" to="-gneE50" begin="18" end="18" number="1"/>
<flow id="car33" type="carType1" from="gneE9" to="gneE44" begin="18" end="18" number="1"/>
<flow id="car34" type="carType1" from="gneE30" to="bottomrightL" begin="19" end="19" number="1"/>
<flow id="car35" type="carType0" from="-gneE48" to="gneE28" begin="20" end="20" number="1"/>
<flow id="car36" type="carType0" from="-gneE13" to="-gneE33" begin="20" end="20" number="1"/>
<flow id="car37" type="carType2" from="gneE37" to="-gneE45" begin="20" end="20" number="1"/>
<flow id="car38" type="carType0" from="gneE28" to="gneE34" begin="21" end="21" number="1"/>
<flow id="car39" type="carType2" from="-gneE43" to="-gneE18" begin="21" end="21" number="1"/>
<flow id="car40" type="carType0" from="bottomrightL" to="-gneE33" begin="23" end="23" number="1"/>
<flow id="car41" type="carType2" from="bottomrightL" to="gneE51" begin="25" end="25" number="1"/>
<flow id="car42" type="carType2" from="gneE28" to="gneE49" begin="26" end="26" number="1"/>
<flow id="car43" type="carType1" from="topleftR" to="bottomleftU" begin="28" end="28" number="1"/>
<flow id="car44" type="carType2" from="bottomleftU" to="gneE30" begin="30" end="30" number="1"/>
<flow id="car45" type="carType0" from="-gneE50" to="gneE34" begin="30" end="30" number="1"/>
<flow id="car46" type="carType2" from="gneE37" to="-gneE51" begin="30" end="30" number="1"/>
<flow id="car47" type="carType2" from="topleftD" to="-gneE45" begin="31" end="31" number="1"/>
<flow id="car48" type="carType1" from="gneE28" to="-gneE7" begin="32" end="32" number="1"/>
<flow id="car49" type="carType1" from="gneE50" to="-gneE44" begin="33" end="33" number="1"/>
<flow id="car50" type="carType2" from="-gneE21" to="-gneE34" begin="35" end="35" number="1"/>
<flow id="car51" type="carType2" from="gneE45" to="-gneE29" begin="36" end="36" number="1"/>
<flow id="car52" type="carType1" from="-gneE29" to="gneE8" begin="37" end="37" number="1"/>
<flow id="car53" type="carType0" from="-gneE37" to="-gneE28" begin="40" end="40" number="1"/>
<flow id="car54" type="carType1" from="gneE22" to="toprightL" begin="45" end="45" number="1"/>
<flow id="car55" type="carType0" from="-gneE7" to="-gneE27" begin="46" end="46" number="1"/>
<flow id="car56" type="carType0" from="gneE34" to="gneE46" begin="46" end="46" number="1"/>
<flow id="car57" type="carType2" from="-gneE33" to="gneE27" begin="47" end="47" number="1"/>
<flow id="car58" type="carType2" from="gneE45" to="gneE43" begin="48" end="48" number="1"/>
<flow id="car59" type="carType0" from="-gneE42" to="-gneE33" begin="48" end="48" number="1"/>
<flow id="car60" type="carType1" from="-gneE7" to="gneE44" begin="49" end="49" number="1"/>
<flow id="car61" type="carType0" from="gneE42" to="gneE50" begin="50" end="50" number="1"/>
<flow id="car62" type="carType1" from="-gneE18" to="topleftD" begin="51" end="51" number="1"/>
<flow id="car63" type="carType2" from="-gneE27" to="topleftR" begin="52" end="52" number="1"/>
<flow id="car64" type="carType0" from="gneE44" to="-gneE33" begin="54" end="54" number="1"/>
<flow id="car65" type="carType2" from="-gneE44" to="gneE35" begin="55" end="55" number="1"/>
<flow id="car66" type="carType0" from="-gneE28" to="gneE42" begin="56" end="56" number="1"/>
<flow id="car67" type="carType2" from="-gneE37" to="bottomrightU" begin="57" end="57" number="1"/>
<flow id="car68" type="carType0" from="bottomleftU" to="topleftD" begin="61" end="61" number="1"/>
<flow id="car69" type="carType0" from="-gneE43" to="-gneE45" begin="65" end="65" number="1"/>
<flow id="car70" type="carType0" from="-gneE45" to="gneE34" begin="66" end="66" number="1"/>
<flow id="car71" type="carType2" from="gneE45" to="-gneE28" begin="66" end="66" number="1"/>
<flow id="car72" type="carType0" from="gneE30" to="-gneE7" begin="67" end="67" number="1"/>
<flow id="car73" type="carType1" from="-gneE29" to="gneE43" begin="67" end="67" number="1"/>
<flow id="car74" type="carType0" from="-gneE29" to="gneE37" begin="68" end="68" number="1"/>
<flow id="car75" type="carType0" from="-gneE34" to="gneE21" begin="68" end="68" number="1"/>
<flow id="car76" type="carType0" from="gneE8" to="gneE46" begin="69" end="69" number="1"/>
<flow id="car77" type="carType2" from="gneE27" to="gneE51" begin="69" end="69" number="1"/>
<flow id="car78" type="carType1" from="gneE46" to="-gneE42" begin="69" end="69" number="1"/>
<flow id="car79" type="carType2" from="-gneE27" to="gneE28" begin="70" end="70" number="1"/>
<flow id="car80" type="carType0" from="gneE50" to="-gneE18" begin="72" end="72" number="1"/>
<flow id="car81" type="carType0" from="gneE42" to="-gneE49" begin="76" end="76" number="1"/>
<flow id="car82" type="carType2" from="-gneE34" to="-gneE21" begin="78" end="78" number="1"/>
<flow id="car83" type="carType0" from="-gneE49" to="gneE21" begin="79" end="79" number="1"/>
<flow id="car84" type="carType2" from="gneE42" to="-gneE48" begin="79" end="79" number="1"/>
<flow id="car85" type="carType1" from="-gneE8" to="gneE51" begin="80" end="80" number="1"/>
<flow id="car86" type="carType0" from="gneE35" to="bottomrightL" begin="83" end="83" number="1"/>
<flow id="car87" type="carType0" from="-gneE43" to="-gneE33" begin="84" end="84" number="1"/>
<flow id="car88" type="carType0" from="-gneE21" to="-gneE48" begin="84" end="84" number="1"/>
<flow id="car89" type="carType2" from="-gneE43" to="gneE18" begin="85" end="85" number="1"/>
<flow id="car90" type="carType0" from="gneE27" to="-gneE7" begin="86" end="86" number="1"/>
<flow id="car91" type="carType1" from="bottomrightL" to="gneE49" begin="87" end="87" number="1"/>
<flow id="car92" type="carType1" from="gneE9" to="-gneE34" begin="88" end="88" number="1"/>
<flow id="car93" type="carType0" from="-gneE44" to="topleftD" begin="90" end="90" number="1"/>
<flow id="car94" type="carType0" from="gneE29" to="gneE37" begin="93" end="93" number="1"/>
<flow id="car95" type="carType1" from="gneE27" to="gneE22" begin="94" end="94" number="1"/>
<flow id="car96" type="carType0" from="gneE51" to="-gneE29" begin="96" end="96" number="1"/>
<flow id="car97" type="carType0" from="gneE34" to="gneE35" begin="96" end="96" number="1"/>
<flow id="car98" type="carType2" from="bottomleftU" to="gneE30" begin="97" end="97" number="1"/>
<flow id="car99" type="carType0" from="gneE27" to="-gneE13" begin="98" end="98" number="1"/>
<flow id="car100" type="carType2" from="-gneE34" to="bottomleftR" begin="99" end="99" number="1"/>
<flow id="car101" type="carType1" from="-gneE37" to="gneE43" begin="100" end="100" number="1"/>
<flow id="car102" type="carType2" from="-gneE48" to="gneE35" begin="100" end="100" number="1"/>
<flow id="car103" type="carType2" from="bottomrightL" to="-gneE21" begin="100" end="100" number="1"/>
<flow id="car104" type="carType1" from="-gneE7" to="-gneE34" begin="101" end="101" number="1"/>
<flow id="car105" type="carType1" from="gneE48" to="bottomrightL" begin="104" end="104" number="1"/>
<flow id="car106" type="carType0" from="gneE49" to="gneE51" begin="105" end="105" number="1"/>
<flow id="car107" type="carType0" from="bottomleftU" to="gneE28" begin="105" end="105" number="1"/>
<flow id="car108" type="carType2" from="gneE46" to="gneE18" begin="106" end="106" number="1"/>
<flow id="car109" type="carType1" from="gneE44" to="gneE48" begin="107" end="107" number="1"/>
<flow id="car110" type="carType1" from="gneE46" to="-gneE49" begin="108" end="108" number="1"/>
<flow id="car111" type="carType0" from="-gneE42" to="gneE44" begin="109" end="109" number="1"/>
<flow id="car112" type="carType1" from="-gneE28" to="-gneE34" begin="110" end="110" number="1"/>
<flow id="car113" type="carType0" from="gneE46" to="-gneE44" begin="110" end="110" number="1"/>
<flow id="car114" type="carType0" from="-gneE37" to="gneE50" begin="110" end="110" number="1"/>
<flow id="car115" type="carType1" from="gneE35" to="-gneE18" begin="110" end="110" number="1"/>
<flow id="car116" type="carType0" from="gneE18" to="gneE35" begin="114" end="114" number="1"/>
<flow id="car117" type="carType0" from="bottomleftU" to="gneE50" begin="115" end="115" number="1"/>
<flow id="car118" type="carType0" from="-gneE50" to="-gneE51" begin="115" end="115" number="1"/>
<flow id="car119" type="carType2" from="-gneE33" to="bottomrightU" begin="115" end="115" number="1"/>
<flow id="car120" type="carType2" from="gneE27" to="gneE37" begin="118" end="118" number="1"/>
<flow id="car121" type="carType0" from="bottomrightL" to="gneE43" begin="118" end="118" number="1"/>
<flow id="car122" type="carType1" from="gneE34" to="gneE37" begin="120" end="120" number="1"/>
<flow id="car123" type="carType0" from="-gneE45" to="-gneE28" begin="121" end="121" number="1"/>
<flow id="car124" type="carType1" from="-gneE33" to="-gneE13" begin="121" end="121" number="1"/>
<flow id="car125" type="carType2" from="toprightD" to="-gneE34" begin="121" end="121" number="1"/>
<flow id="car126" type="carType1" from="topleftR" to="-gneE37" begin="122" end="122" number="1"/>
<flow id="car127" type="carType1" from="-gneE13" to="bottomleftR" begin="122" end="122" number="1"/>
<flow id="car128" type="carType1" from="gneE43" to="-gneE50" begin="122" end="122" number="1"/>
<flow id="car129" type="carType1" from="-gneE13" to="-gneE44" begin="123" end="123" number="1"/>
<flow id="car130" type="carType1" from="-gneE34" to="gneE51" begin="124" end="124" number="1"/>
<flow id="car131" type="carType2" from="gneE9" to="gneE8" begin="126" end="126" number="1"/>
<flow id="car132" type="carType0" from="topleftD" to="-gneE45" begin="126" end="126" number="1"/>
<flow id="car133" type="carType1" from="gneE30" to="-gneE33" begin="128" end="128" number="1"/>
<flow id="car134" type="carType0" from="-gneE33" to="gneE21" begin="131" end="131" number="1"/>
<flow id="car135" type="carType2" from="-gneE13" to="bottomrightL" begin="132" end="132" number="1"/>
<flow id="car136" type="carType2" from="gneE18" to="gneE42" begin="135" end="135" number="1"/>
<flow id="car137" type="carType0" from="-gneE37" to="bottomrightU" begin="135" end="135" number="1"/>
<flow id="car138" type="carType1" from="-gneE7" to="-gneE29" begin="135" end="135" number="1"/>
<flow id="car139" type="carType2" from="gneE49" to="gneE45" begin="135" end="135" number="1"/>
<flow id="car140" type="carType2" from="gneE8" to="-gneE34" begin="137" end="137" number="1"/>
<flow id="car141" type="carType0" from="-gneE33" to="toprightL" begin="137" end="137" number="1"/>
<flow id="car142" type="carType2" from="-gneE29" to="-gneE28" begin="137" end="137" number="1"/>
<flow id="car143" type="carType2" from="gneE28" to="toprightD" begin="137" end="137" number="1"/>
<flow id="car144" type="carType1" from="-gneE13" to="gneE22" begin="138" end="138" number="1"/>
<flow id="car145" type="carType2" from="gneE42" to="gneE49" begin="140" end="140" number="1"/>
<flow id="car146" type="carType0" from="-gneE43" to="gneE9" begin="141" end="141" number="1"/>
<flow id="car147" type="carType1" from="-gneE50" to="-gneE34" begin="141" end="141" number="1"/>
<flow id="car148" type="carType2" from="gneE37" to="gneE18" begin="141" end="141" number="1"/>
<flow id="car149" type="carType0" from="-gneE42" to="-gneE28" begin="142" end="142" number="1"/>
<flow id="car150" type="carType1" from="-gneE33" to="topleftR" begin="144" end="144" number="1"/>
<flow id="car151" type="carType0" from="gneE50" to="gneE29" begin="145" end="145" number="1"/>
<flow id="car152" type="carType0" from="gneE45" to="bottomrightU" begin="147" end="147" number="1"/>
<flow id="car153" type="carType2" from="bottomrightL" to="-gneE44" begin="148" end="148" number="1"/>
<flow id="car154" type="carType0" from="topleftD" to="bottomleftR" begin="151" end="151" number="1"/>
<flow id="car155" type="carType0" from="bottomrightL" to="gneE27" begin="153" end="153" number="1"/>
<flow id="car156" type="carType1" from="topleftR" to="gneE22" begin="155" end="155" number="1"/>
<flow id="car157" type="carType0" from="gneE34" to="gneE49" begin="155" end="155" number="1"/>
<flow id="car158" type="carType2" from="gneE50" to="toprightD" begin="155" end="155" number="1"/>
<flow id="car159" type="carType0" from="gneE29" to="gneE29" begin="157" end="157" number="1"/>
<flow id="car160" type="carType2" from="bottomleftU" to="gneE51" begin="157" end="157" number="1"/>
<flow id="car161" type="carType1" from="gneE8" to="gneE34" begin="158" end="158" number="1"/>
<flow id="car162" type="carType1" from="gneE22" to="-gneE29" begin="161" end="161" number="1"/>
<flow id="car163" type="carType0" from="gneE35" to="-gneE8" begin="162" end="162" number="1"/>
<flow id="car164" type="carType0" from="-gneE29" to="gneE21" begin="162" end="162" number="1"/>
<flow id="car165" type="carType1" from="topleftR" to="-gneE37" begin="163" end="163" number="1"/>
<flow id="car166" type="carType2" from="-gneE18" to="-gneE27" begin="163" end="163" number="1"/>
<flow id="car167" type="carType0" from="-gneE13" to="-gneE43" begin="164" end="164" number="1"/>
<flow id="car168" type="carType2" from="-gneE7" to="-gneE42" begin="164" end="164" number="1"/>
<flow id="car169" type="carType1" from="-gneE28" to="gneE28" begin="166" end="166" number="1"/>
<flow id="car170" type="carType0" from="-gneE13" to="gneE30" begin="166" end="166" number="1"/>
<flow id="car171" type="carType0" from="bottomrightL" to="gneE35" begin="169" end="169" number="1"/>
<flow id="car172" type="carType1" from="topleftR" to="gneE29" begin="170" end="170" number="1"/>
<flow id="car173" type="carType1" from="toprightL" to="-gneE28" begin="170" end="170" number="1"/>
<flow id="car174" type="carType1" from="gneE21" to="bottomleftU" begin="173" end="173" number="1"/>
<flow id="car175" type="carType2" from="-gneE7" to="-gneE13" begin="174" end="174" number="1"/>
<flow id="car176" type="carType2" from="gneE44" to="gneE21" begin="174" end="174" number="1"/>
<flow id="car177" type="carType0" from="-gneE33" to="gneE43" begin="174" end="174" number="1"/>
<flow id="car178" type="carType1" from="bottomleftR" to="gneE9" begin="176" end="176" number="1"/>
<flow id="car179" type="carType1" from="toprightD" to="bottomleftR" begin="177" end="177" number="1"/>
<flow id="car180" type="carType0" from="gneE35" to="gneE27" begin="177" end="177" number="1"/>
<flow id="car181" type="carType2" from="gneE8" to="-gneE45" begin="179" end="179" number="1"/>
<flow id="car182" type="carType0" from="bottomrightL" to="gneE50" begin="181" end="181" number="1"/>
<flow id="car183" type="carType0" from="-gneE8" to="gneE50" begin="182" end="182" number="1"/>
<flow id="car184" type="carType2" from="-gneE33" to="-gneE28" begin="185" end="185" number="1"/>
<flow id="car185" type="carType0" from="-gneE8" to="-gneE8" begin="186" end="186" number="1"/>
<flow id="car186" type="carType1" from="gneE30" to="-gneE27" begin="189" end="189" number="1"/>
<flow id="car187" type="carType1" from="gneE37" to="-gneE8" begin="189" end="189" number="1"/>
<flow id="car188" type="carType0" from="-gneE7" to="-gneE34" begin="191" end="191" number="1"/>
<flow id="car189" type="carType2" from="gneE21" to="-gneE8" begin="191" end="191" number="1"/>
<flow id="car190" type="carType1" from="-gneE13" to="-gneE37" begin="191" end="191" number="1"/>
<flow id="car191" type="carType1" from="-gneE45" to="-gneE8" begin="193" end="193" number="1"/>
<flow id="car192" type="carType1" from="-gneE7" to="gneE37" begin="194" end="194" number="1"/>
<flow id="car193" type="carType1" from="gneE51" to="bottomleftR" begin="195" end="195" number="1"/>
<flow id="car194" type="carType1" from="gneE28" to="gneE29" begin="196" end="196" number="1"/>
<flow id="car195" type="carType1" from="-gneE21" to="-gneE33" begin="196" end="196" number="1"/>
<flow id="car196" type="carType1" from="-gneE49" to="gneE48" begin="198" end="198" number="1"/>
<flow id="car197" type="carType1" from="-gneE48" to="gneE27" begin="198" end="198" number="1"/>
<flow id="car198" type="carType0" from="topleftR" to="-gneE18" begin="199" end="199" number="1"/>
<flow id="car199" type="carType2" from="gneE43" to="gneE18" begin="199" end="199" number="1"/>
</routes>
