<routes>
<vType id="carType0" length="9" maxSpeed="42.76" accel="2.32" decel="4.96" speedDev="0.2" sigma="0.18"/>
<vType id="carType1" length="6" maxSpeed="52.54" accel="2.22" decel="5.54" speedDev="0.2" sigma="0.22"/>
<vType id="carType2" length="3" maxSpeed="54.66" accel="2.6" decel="4.11" speedDev="0.2" sigma="0.16"/>
<flow id="car0" type="carType1" from="-gneE45" to="-gneE48" begin="0" end="0" number="1"/>
<flow id="car1" type="carType2" from="-gneE34" to="gneE29" begin="0" end="0" number="1"/>
<flow id="car2" type="carType0" from="gneE50" to="gneE48" begin="3" end="3" number="1"/>
<flow id="car3" type="carType1" from="gneE50" to="-gneE18" begin="5" end="5" number="1"/>
<flow id="car4" type="carType0" from="gneE46" to="gneE27" begin="5" end="5" number="1"/>
<flow id="car5" type="carType2" from="gneE18" to="-gneE37" begin="6" end="6" number="1"/>
<flow id="car6" type="carType0" from="-gneE13" to="gneE8" begin="7" end="7" number="1"/>
<flow id="car7" type="carType1" from="toprightD" to="-gneE34" begin="7" end="7" number="1"/>
<flow id="car8" type="carType0" from="-gneE45" to="-gneE51" begin="9" end="9" number="1"/>
<flow id="car9" type="carType1" from="gneE43" to="gneE29" begin="10" end="10" number="1"/>
<flow id="car10" type="carType0" from="topleftR" to="gneE22" begin="11" end="11" number="1"/>
<flow id="car11" type="carType2" from="gneE45" to="gneE22" begin="12" end="12" number="1"/>
<flow id="car12" type="carType0" from="-gneE7" to="-gneE48" begin="12" end="12" number="1"/>
<flow id="car13" type="carType0" from="bottomleftU" to="-gneE37" begin="14" end="14" number="1"/>
<flow id="car14" type="carType1" from="-gneE48" to="gneE9" begin="14" end="14" number="1"/>
<flow id="car15" type="carType2" from="topleftD" to="toprightD" begin="15" end="15" number="1"/>
<flow id="car16" type="carType0" from="-gneE8" to="-gneE28" begin="16" end="16" number="1"/>
<flow id="car17" type="carType1" from="gneE8" to="-gneE13" begin="16" end="16" number="1"/>
<flow id="car18" type="carType2" from="gneE49" to="gneE51" begin="17" end="17" number="1"/>
<flow id="car19" type="carType2" from="-gneE8" to="-gneE34" begin="17" end="17" number="1"/>
<flow id="car20" type="carType0" from="bottomrightU" to="-gneE28" begin="18" end="18" number="1"/>
<flow id="car21" type="carType2" from="gneE42" to="gneE43" begin="18" end="18" number="1"/>
<flow id="car22" type="carType2" from="gneE8" to="gneE21" begin="18" end="18" number="1"/>
<flow id="car23" type="carType2" from="gneE27" to="topleftD" begin="20" end="20" number="1"/>
<flow id="car24" type="carType0" from="topleftD" to="-gneE48" begin="20" end="20" number="1"/>
<flow id="car25" type="carType2" from="topleftR" to="-gneE33" begin="20" end="20" number="1"/>
<flow id="car26" type="carType1" from="bottomleftU" to="gneE49" begin="21" end="21" number="1"/>
<flow id="car27" type="carType1" from="gneE50" to="-gneE49" begin="22" end="22" number="1"/>
<flow id="car28" type="carType1" from="-gneE7" to="-gneE21" begin="23" end="23" number="1"/>
<flow id="car29" type="carType0" from="-gneE37" to="toprightD" begin="24" end="24" number="1"/>
<flow id="car30" type="carType0" from="topleftD" to="gneE50" begin="24" end="24" number="1"/>
<flow id="car31" type="carType0" from="gneE48" to="bottomleftR" begin="25" end="25" number="1"/>
<flow id="car32" type="carType2" from="gneE42" to="-gneE50" begin="25" end="25" number="1"/>
<flow id="car33" type="carType1" from="-gneE7" to="topleftR" begin="26" end="26" number="1"/>
<flow id="car34" type="carType0" from="gneE27" to="-gneE48" begin="27" end="27" number="1"/>
<flow id="car35" type="carType2" from="bottomrightU" to="-gneE48" begin="28" end="28" number="1"/>
<flow id="car36" type="carType1" from="gneE50" to="topleftD" begin="29" end="29" number="1"/>
<flow id="car37" type="carType1" from="-gneE37" to="gneE29" begin="29" end="29" number="1"/>
<flow id="car38" type="carType2" from="gneE8" to="bottomrightL" begin="29" end="29" number="1"/>
<flow id="car39" type="carType2" from="gneE27" to="gneE21" begin="29" end="29" number="1"/>
<flow id="car40" type="carType1" from="gneE51" to="gneE8" begin="31" end="31" number="1"/>
<flow id="car41" type="carType1" from="gneE46" to="gneE9" begin="32" end="32" number="1"/>
<flow id="car42" type="carType2" from="-gneE13" to="gneE9" begin="32" end="32" number="1"/>
<flow id="car43" type="carType0" from="bottomleftU" to="gneE49" begin="33" end="33" number="1"/>
<flow id="car44" type="carType1" from="-gneE45" to="-gneE42" begin="33" end="33" number="1"/>
<flow id="car45" type="carType0" from="-gneE28" to="-gneE50" begin="33" end="33" number="1"/>
<flow id="car46" type="carType1" from="gneE51" to="gneE34" begin="33" end="33" number="1"/>
<flow id="car47" type="carType1" from="-gneE34" to="-gneE48" begin="34" end="34" number="1"/>
<flow id="car48" type="carType2" from="gneE8" to="gneE49" begin="35" end="35" number="1"/>
<flow id="car49" type="carType2" from="bottomrightU" to="bottomleftU" begin="35" end="35" number="1"/>
<flow id="car50" type="carType1" from="gneE21" to="-gneE33" begin="40" end="40" number="1"/>
<flow id="car51" type="carType1" from="-gneE21" to="gneE43" begin="41" end="41" number="1"/>
<flow id="car52" type="carType1" from="gneE22" to="gneE21" begin="41" end="41" number="1"/>
<flow id="car53" type="carType2" from="gneE45" to="-gneE45" begin="43" end="43" number="1"/>
<flow id="car54" type="carType2" from="topleftR" to="-gneE29" begin="43" end="43" number="1"/>
<flow id="car55" type="carType1" from="-gneE50" to="bottomleftU" begin="44" end="44" number="1"/>
<flow id="car56" type="carType2" from="gneE8" to="gneE49" begin="44" end="44" number="1"/>
<flow id="car57" type="carType2" from="-gneE43" to="-gneE45" begin="45" end="45" number="1"/>
<flow id="car58" type="carType1" from="-gneE50" to="gneE43" begin="45" end="45" number="1"/>
<flow id="car59" type="carType0" from="-gneE27" to="topleftR" begin="48" end="48" number="1"/>
<flow id="car60" type="carType0" from="-gneE27" to="gneE28" begin="50" end="50" number="1"/>
<flow id="car61" type="carType1" from="-gneE50" to="gneE35" begin="50" end="50" number="1"/>
<flow id="car62" type="carType0" from="gneE49" to="toprightL" begin="52" end="52" number="1"/>
<flow id="car63" type="carType1" from="-gneE45" to="gneE35" begin="53" end="53" number="1"/>
<flow id="car64" type="carType1" from="-gneE44" to="gneE35" begin="53" end="53" number="1"/>
<flow id="car65" type="carType1" from="-gneE21" to="gneE9" begin="53" end="53" number="1"/>
<flow id="car66" type="carType1" from="-gneE42" to="bottomleftU" begin="54" end="54" number="1"/>
<flow id="car67" type="carType1" from="-gneE48" to="-gneE44" begin="58" end="58" number="1"/>
<flow id="car68" type="carType1" from="-gneE44" to="-gneE42" begin="59" end="59" number="1"/>
<flow id="car69" type="carType2" from="bottomrightU" to="-gneE21" begin="59" end="59" number="1"/>
<flow id="car70" type="carType2" from="-gneE51" to="-gneE48" begin="59" end="59" number="1"/>
<flow id="car71" type="carType2" from="gneE28" to="-gneE18" begin="60" end="60" number="1"/>
<flow id="car72" type="carType1" from="-gneE50" to="-gneE44" begin="61" end="61" number="1"/>
<flow id="car73" type="carType2" from="gneE35" to="-gneE7" begin="61" end="61" number="1"/>
<flow id="car74" type="carType1" from="gneE45" to="-gneE29" begin="61" end="61" number="1"/>
<flow id="car75" type="carType1" from="-gneE51" to="gneE51" begin="61" end="61" number="1"/>
<flow id="car76" type="carType0" from="-gneE50" to="toprightL" begin="62" end="62" number="1"/>
<flow id="car77" type="carType0" from="-gneE27" to="gneE35" begin="66" end="66" number="1"/>
<flow id="car78" type="carType0" from="-gneE18" to="gneE44" begin="66" end="66" number="1"/>
<flow id="car79" type="carType0" from="-gneE43" to="-gneE50" begin="67" end="67" number="1"/>
<flow id="car80" type="carType0" from="gneE42" to="gneE37" begin="67" end="67" number="1"/>
<flow id="car81" type="carType0" from="-gneE29" to="gneE51" begin="68" end="68" number="1"/>
<flow id="car82" type="carType1" from="-gneE49" to="toprightD" begin="69" end="69" number="1"/>
<flow id="car83" type="carType0" from="bottomrightL" to="-gneE42" begin="69" end="69" number="1"/>
<flow id="car84" type="carType2" from="topleftD" to="-gneE48" begin="73" end="73" number="1"/>
<flow id="car85" type="carType1" from="-gneE50" to="gneE8" begin="73" end="73" number="1"/>
<flow id="car86" type="carType0" from="-gneE34" to="gneE43" begin="76" end="76" number="1"/>
<flow id="car87" type="carType1" from="-gneE50" to="gneE48" begin="78" end="78" number="1"/>
<flow id="car88" type="carType2" from="gneE43" to="-gneE44" begin="78" end="78" number="1"/>
<flow id="car89" type="carType2" from="topleftD" to="gneE22" begin="78" end="78" number="1"/>
<flow id="car90" type="carType2" from="-gneE27" to="gneE21" begin="79" end="79" number="1"/>
<flow id="car91" type="carType0" from="gneE42" to="-gneE51" begin="80" end="80" number="1"/>
<flow id="car92" type="carType2" from="-gneE51" to="gneE35" begin="81" end="81" number="1"/>
<flow id="car93" type="carType0" from="toprightL" to="gneE29" begin="81" end="81" number="1"/>
<flow id="car94" type="carType2" from="-gneE8" to="-gneE45" begin="81" end="81" number="1"/>
<flow id="car95" type="carType0" from="gneE18" to="gneE21" begin="82" end="82" number="1"/>
<flow id="car96" type="carType1" from="-gneE29" to="-gneE29" begin="82" end="82" number="1"/>
<flow id="car97" type="carType0" from="gneE43" to="gneE21" begin="83" end="83" number="1"/>
<flow id="car98" type="carType1" from="bottomleftR" to="topleftR" begin="84" end="84" number="1"/>
<flow id="car99" type="carType1" from="-gneE8" to="toprightD" begin="85" end="85" number="1"/>
<flow id="car100" type="carType2" from="gneE35" to="gneE35" begin="85" end="85" number="1"/>
<flow id="car101" type="carType1" from="-gneE34" to="bottomleftU" begin="87" end="87" number="1"/>
<flow id="car102" type="carType2" from="gneE34" to="topleftD" begin="88" end="88" number="1"/>
<flow id="car103" type="carType2" from="-gneE21" to="gneE21" begin="88" end="88" number="1"/>
<flow id="car104" type="carType1" from="gneE18" to="topleftR" begin="89" end="89" number="1"/>
<flow id="car105" type="carType1" from="gneE50" to="gneE35" begin="90" end="90" number="1"/>
<flow id="car106" type="carType2" from="gneE18" to="gneE44" begin="93" end="93" number="1"/>
<flow id="car107" type="carType2" from="bottomleftR" to="toprightL" begin="96" end="96" number="1"/>
<flow id="car108" type="carType0" from="toprightD" to="-gneE18" begin="96" end="96" number="1"/>
<flow id="car109" type="carType1" from="gneE27" to="gneE27" begin="97" end="97" number="1"/>
<flow id="car110" type="carType1" from="gneE42" to="-gneE48" begin="99" end="99" number="1"/>
<flow id="car111" type="carType2" from="gneE43" to="gneE22" begin="100" end="100" number="1"/>
<flow id="car112" type="carType0" from="gneE27" to="-gneE44" begin="101" end="101" number="1"/>
<flow id="car113" type="carType2" from="-gneE37" to="-gneE51" begin="103" end="103" number="1"/>
<flow id="car114" type="carType1" from="toprightL" to="-gneE7" begin="104" end="104" number="1"/>
<flow id="car115" type="carType1" from="-gneE27" to="-gneE29" begin="104" end="104" number="1"/>
<flow id="car116" type="carType0" from="-gneE33" to="-gneE34" begin="107" end="107" number="1"/>
<flow id="car117" type="carType2" from="-gneE18" to="-gneE21" begin="107" end="107" number="1"/>
<flow id="car118" type="carType2" from="bottomrightL" to="gneE9" begin="110" end="110" number="1"/>
<flow id="car119" type="carType1" from="-gneE28" to="-gneE42" begin="110" end="110" number="1"/>
<flow id="car120" type="carType0" from="-gneE49" to="gneE8" begin="113" end="113" number="1"/>
<flow id="car121" type="carType1" from="-gneE29" to="gneE45" begin="114" end="114" number="1"/>
<flow id="car122" type="carType1" from="gneE21" to="-gneE44" begin="114" end="114" number="1"/>
<flow id="car123" type="carType2" from="gneE46" to="bottomleftU" begin="114" end="114" number="1"/>
<flow id="car124" type="carType2" from="gneE43" to="gneE35" begin="114" end="114" number="1"/>
<flow id="car125" type="carType0" from="-gneE7" to="bottomleftU" begin="116" end="116" number="1"/>
<flow id="car126" type="carType2" from="gneE35" to="toprightL" begin="117" end="117" number="1"/>
<flow id="car127" type="carType1" from="gneE8" to="gneE42" begin="118" end="118" number="1"/>
<flow id="car128" type="carType2" from="bottomleftR" to="-gneE34" begin="119" end="119" number="1"/>
<flow id="car129" type="carType1" from="gneE27" to="gneE50" begin="121" end="121" number="1"/>
<flow id="car130" type="carType0" from="gneE28" to="bottomrightU" begin="121" end="121" number="1"/>
<flow id="car131" type="carType1" from="gneE34" to="-gneE42" begin="123" end="123" number="1"/>
<flow id="car132" type="carType2" from="gneE35" to="gneE43" begin="123" end="123" number="1"/>
<flow id="car133" type="carType2" from="-gneE51" to="gneE29" begin="124" end="124" number="1"/>
<flow id="car134" type="carType2" from="gneE27" to="-gneE18" begin="127" end="127" number="1"/>
<flow id="car135" type="carType0" from="-gneE29" to="gneE48" begin="128" end="128" number="1"/>
<flow id="car136" type="carType2" from="bottomleftR" to="-gneE28" begin="130" end="130" number="1"/>
<flow id="car137" type="carType0" from="gneE22" to="gneE21" begin="130" end="130" number="1"/>
<flow id="car138" type="carType2" from="gneE37" to="topleftR" begin="131" end="131" number="1"/>
<flow id="car139" type="carType0" from="-gneE21" to="-gneE49" begin="133" end="133" number="1"/>
<flow id="car140" type="carType0" from="bottomleftR" to="topleftR" begin="134" end="134" number="1"/>
<flow id="car141" type="carType2" from="gneE29" to="-gneE37" begin="135" end="135" number="1"/>
<flow id="car142" type="carType1" from="toprightD" to="-gneE8" begin="138" end="138" number="1"/>
<flow id="car143" type="carType1" from="toprightL" to="-gneE8" begin="140" end="140" number="1"/>
<flow id="car144" type="carType1" from="-gneE21" to="gneE51" begin="141" end="141" number="1"/>
<flow id="car145" type="carType0" from="-gneE13" to="gneE9" begin="144" end="144" number="1"/>
<flow id="car146" type="carType0" from="gneE46" to="gneE44" begin="146" end="146" number="1"/>
<flow id="car147" type="carType1" from="gneE37" to="-gneE49" begin="146" end="146" number="1"/>
<flow id="car148" type="carType2" from="-gneE33" to="-gneE34" begin="146" end="146" number="1"/>
<flow id="car149" type="carType2" from="topleftR" to="gneE29" begin="146" end="146" number="1"/>
<flow id="car150" type="carType0" from="gneE28" to="toprightD" begin="147" end="147" number="1"/>
<flow id="car151" type="carType0" from="gneE42" to="gneE43" begin="148" end="148" number="1"/>
<flow id="car152" type="carType2" from="-gneE13" to="topleftD" begin="149" end="149" number="1"/>
<flow id="car153" type="carType1" from="toprightL" to="toprightL" begin="149" end="149" number="1"/>
<flow id="car154" type="carType2" from="gneE35" to="gneE35" begin="151" end="151" number="1"/>
<flow id="car155" type="carType0" from="-gneE28" to="-gneE29" begin="155" end="155" number="1"/>
<flow id="car156" type="carType0" from="-gneE7" to="gneE45" begin="158" end="158" number="1"/>
<flow id="car157" type="carType2" from="gneE42" to="gneE43" begin="159" end="159" number="1"/>
<flow id="car158" type="carType2" from="gneE37" to="gneE21" begin="160" end="160" number="1"/>
<flow id="car159" type="carType2" from="gneE22" to="gneE28" begin="161" end="161" number="1"/>
<flow id="car160" type="carType2" from="bottomrightL" to="topleftD" begin="161" end="161" number="1"/>
<flow id="car161" type="carType1" from="toprightL" to="gneE45" begin="162" end="162" number="1"/>
<flow id="car162" type="carType2" from="-gneE49" to="bottomleftU" begin="163" end="163" number="1"/>
<flow id="car163" type="carType1" from="bottomleftU" to="-gneE44" begin="163" end="163" number="1"/>
<flow id="car164" type="carType2" from="-gneE51" to="-gneE48" begin="163" end="163" number="1"/>
<flow id="car165" type="carType2" from="gneE49" to="topleftD" begin="164" end="164" number="1"/>
<flow id="car166" type="carType2" from="gneE30" to="-gneE7" begin="165" end="165" number="1"/>
<flow id="car167" type="carType2" from="gneE8" to="-gneE48" begin="165" end="165" number="1"/>
<flow id="car168" type="carType2" from="gneE27" to="gneE48" begin="166" end="166" number="1"/>
<flow id="car169" type="carType1" from="-gneE45" to="-gneE29" begin="167" end="167" number="1"/>
<flow id="car170" type="carType0" from="-gneE29" to="gneE37" begin="168" end="168" number="1"/>
<flow id="car171" type="carType1" from="-gneE37" to="topleftD" begin="168" end="168" number="1"/>
<flow id="car172" type="carType1" from="gneE30" to="-gneE27" begin="170" end="170" number="1"/>
<flow id="car173" type="carType0" from="-gneE48" to="gneE29" begin="171" end="171" number="1"/>
<flow id="car174" type="carType1" from="gneE8" to="gneE22" begin="172" end="172" number="1"/>
<flow id="car175" type="carType1" from="-gneE8" to="gneE8" begin="174" end="174" number="1"/>
<flow id="car176" type="carType2" from="-gneE51" to="gneE30" begin="175" end="175" number="1"/>
<flow id="car177" type="carType1" from="gneE48" to="toprightD" begin="178" end="178" number="1"/>
<flow id="car178" type="carType1" from="gneE51" to="gneE34" begin="178" end="178" number="1"/>
<flow id="car179" type="carType0" from="gneE51" to="gneE21" begin="178" end="178" number="1"/>
<flow id="car180" type="carType0" from="gneE50" to="gneE29" begin="179" end="179" number="1"/>
<flow id="car181" type="carType1" from="toprightD" to="-gneE51" begin="180" end="180" number="1"/>
<flow id="car182" type="carType0" from="bottomleftR" to="-gneE42" begin="183" end="183" number="1"/>
<flow id="car183" type="carType0" from="-gneE13" to="gneE21" begin="184" end="184" number="1"/>
<flow id="car184" type="carType1" from="bottomleftR" to="topleftD" begin="184" end="184" number="1"/>
<flow id="car185" type="carType1" from="-gneE27" to="bottomrightL" begin="185" end="185" number="1"/>
<flow id="car186" type="carType1" from="-gneE34" to="gneE46" begin="186" end="186" number="1"/>
<flow id="car187" type="carType2" from="gneE50" to="-gneE43" begin="188" end="188" number="1"/>
<flow id="car188" type="carType1" from="-gneE8" to="topleftD" begin="188" end="188" number="1"/>
<flow id="car189" type="carType0" from="bottomrightU" to="-gneE49" begin="191" end="191" number="1"/>
<flow id="car190" type="carType0" from="gneE18" to="-gneE13" begin="192" end="192" number="1"/>
<flow id="car191" type="carType2" from="gneE44" to="topleftD" begin="193" end="193" number="1"/>
<flow id="car192" type="carType0" from="-gneE37" to="gneE51" begin="194" end="194" number="1"/>
<flow id="car193" type="carType2" from="-gneE18" to="-gneE48" begin="196" end="196" number="1"/>
<flow id="car194" type="carType1" from="gneE29" to="topleftD" begin="197" end="197" number="1"/>
<flow id="car195" type="carType0" from="-gneE29" to="-gneE42" begin="197" end="197" number="1"/>
<flow id="car196" type="carType0" from="gneE35" to="toprightL" begin="198" end="198" number="1"/>
<flow id="car197" type="carType0" from="gneE18" to="-gneE34" begin="198" end="198" number="1"/>
<flow id="car198" type="carType1" from="-gneE34" to="bottomleftU" begin="199" end="199" number="1"/>
<flow id="car199" type="carType2" from="-gneE33" to="-gneE44" begin="199" end="199" number="1"/>
</routes>
