<routes>
<vType id="carType0" length="7" maxSpeed="54.59" accel="2.53" decel="4.39" speedDev="0.2" sigma="0.29"/>
<vType id="carType1" length="3" maxSpeed="48.01" accel="2.82" decel="4.62" speedDev="0.2" sigma="0.12"/>
<vType id="carType2" length="4" maxSpeed="57.3" accel="2.46" decel="4.84" speedDev="0.2" sigma="0.29"/>
<flow id="car0" type="carType0" from="-gneE18" to="toprightL" begin="1" end="1" number="1"/>
<flow id="car1" type="carType0" from="toprightL" to="gneE27" begin="5" end="5" number="1"/>
<flow id="car2" type="carType1" from="-gneE42" to="gneE34" begin="6" end="6" number="1"/>
<flow id="car3" type="carType0" from="topleftR" to="-gneE29" begin="7" end="7" number="1"/>
<flow id="car4" type="carType0" from="topleftD" to="-gneE8" begin="8" end="8" number="1"/>
<flow id="car5" type="carType1" from="gneE51" to="bottomrightU" begin="10" end="10" number="1"/>
<flow id="car6" type="carType2" from="gneE46" to="topleftD" begin="10" end="10" number="1"/>
<flow id="car7" type="carType2" from="gneE35" to="-gneE45" begin="11" end="11" number="1"/>
<flow id="car8" type="carType2" from="-gneE50" to="gneE9" begin="13" end="13" number="1"/>
<flow id="car9" type="carType0" from="gneE18" to="gneE45" begin="15" end="15" number="1"/>
<flow id="car10" type="carType2" from="-gneE18" to="-gneE29" begin="15" end="15" number="1"/>
<flow id="car11" type="carType2" from="-gneE34" to="gneE29" begin="16" end="16" number="1"/>
<flow id="car12" type="carType0" from="-gneE29" to="gneE35" begin="16" end="16" number="1"/>
<flow id="car13" type="carType0" from="gneE48" to="-gneE49" begin="17" end="17" number="1"/>
<flow id="car14" type="carType0" from="-gneE45" to="gneE29" begin="17" end="17" number="1"/>
<flow id="car15" type="carType1" from="-gneE34" to="gneE9" begin="19" end="19" number="1"/>
<flow id="car16" type="carType1" from="-gneE27" to="gneE28" begin="21" end="21" number="1"/>
<flow id="car17" type="carType1" from="gneE27" to="gneE21" begin="21" end="21" number="1"/>
<flow id="car18" type="carType0" from="gneE9" to="-gneE43" begin="22" end="22" number="1"/>
<flow id="car19" type="carType1" from="gneE37" to="gneE42" begin="23" end="23" number="1"/>
<flow id="car20" type="carType1" from="-gneE29" to="gneE45" begin="23" end="23" number="1"/>
<flow id="car21" type="carType1" from="gneE28" to="toprightL" begin="24" end="24" number="1"/>
<flow id="car22" type="carType0" from="bottomleftU" to="-gneE18" begin="26" end="26" number="1"/>
<flow id="car23" type="carType1" from="-gneE42" to="gneE49" begin="26" end="26" number="1"/>
<flow id="car24" type="carType0" from="gneE37" to="gneE51" begin="28" end="28" number="1"/>
<flow id="car25" type="carType1" from="gneE49" to="-gneE29" begin="28" end="28" number="1"/>
<flow id="car26" type="carType1" from="gneE42" to="topleftR" begin="29" end="29" number="1"/>
<flow id="car27" type="carType2" from="-gneE42" to="-gneE44" begin="29" end="29" number="1"/>
<flow id="car28" type="carType2" from="-gneE21" to="-gneE51" begin="30" end="30" number="1"/>
<flow id="car29" type="carType2" from="-gneE43" to="gneE45" begin="30" end="30" number="1"/>
<flow id="car30" type="carType0" from="-gneE13" to="bottomrightU" begin="31" end="31" number="1"/>
<flow id="car31" type="carType2" from="-gneE43" to="bottomleftR" begin="32" end="32" number="1"/>
<flow id="car32" type="carType1" from="gneE48" to="gneE22" begin="32" end="32" number="1"/>
<flow id="car33" type="carType1" from="-gneE42" to="-gneE27" begin="33" end="33" number="1"/>
<flow id="car34" type="carType0" from="-gneE18" to="-gneE21" begin="33" end="33" number="1"/>
<flow id="car35" type="carType0" from="-gneE18" to="toprightL" begin="34" end="34" number="1"/>
<flow id="car36" type="carType0" from="bottomrightU" to="gneE9" begin="35" end="35" number="1"/>
<flow id="car37" type="carType1" from="gneE18" to="-gneE13" begin="36" end="36" number="1"/>
<flow id="car38" type="carType2" from="gneE21" to="gneE43" begin="38" end="38" number="1"/>
<flow id="car39" type="carType2" from="topleftD" to="gneE50" begin="39" end="39" number="1"/>
<flow id="car40" type="carType2" from="gneE44" to="gneE18" begin="39" end="39" number="1"/>
<flow id="car41" type="carType0" from="-gneE49" to="-gneE48" begin="39" end="39" number="1"/>
<flow id="car42" type="carType2" from="gneE9" to="-gneE48" begin="40" end="40" number="1"/>
<flow id="car43" type="carType0" from="gneE30" to="-gneE21" begin="45" end="45" number="1"/>
<flow id="car44" type="carType2" from="-gneE29" to="-gneE51" begin="47" end="47" number="1"/>
<flow id="car45" type="carType2" from="gneE27" to="-gneE27" begin="50" end="50" number="1"/>
<flow id="car46" type="carType0" from="gneE30" to="-gneE50" begin="50" end="50" number="1"/>
<flow id="car47" type="carType1" from="gneE49" to="gneE43" begin="50" end="50" number="1"/>
<flow id="car48" type="carType0" from="-gneE34" to="-gneE29" begin="51" end="51" number="1"/>
<flow id="car49" type="carType2" from="-gneE48" to="gneE37" begin="52" end="52" number="1"/>
<flow id="car50" type="carType1" from="bottomrightL" to="gneE50" begin="52" end="52" number="1"/>
<flow id="car51" type="carType1" from="toprightL" to="gneE44" begin="52" end="52" number="1"/>
<flow id="car52" type="carType1" from="-gneE34" to="-gneE48" begin="52" end="52" number="1"/>
<flow id="car53" type="carType2" from="gneE34" to="-gneE43" begin="54" end="54" number="1"/>
<flow id="car54" type="carType2" from="-gneE51" to="gneE50" begin="54" end="54" number="1"/>
<flow id="car55" type="carType0" from="-gneE48" to="gneE18" begin="55" end="55" number="1"/>
<flow id="car56" type="carType2" from="gneE51" to="gneE48" begin="57" end="57" number="1"/>
<flow id="car57" type="carType1" from="-gneE43" to="-gneE8" begin="57" end="57" number="1"/>
<flow id="car58" type="carType2" from="gneE21" to="toprightL" begin="58" end="58" number="1"/>
<flow id="car59" type="carType2" from="topleftD" to="-gneE34" begin="59" end="59" number="1"/>
<flow id="car60" type="carType1" from="-gneE51" to="bottomrightL" begin="59" end="59" number="1"/>
<flow id="car61" type="carType0" from="bottomleftU" to="bottomleftU" begin="62" end="62" number="1"/>
<flow id="car62" type="carType2" from="-gneE51" to="gneE49" begin="62" end="62" number="1"/>
<flow id="car63" type="carType0" from="gneE48" to="gneE43" begin="63" end="63" number="1"/>
<flow id="car64" type="carType1" from="gneE51" to="-gneE49" begin="64" end="64" number="1"/>
<flow id="car65" type="carType1" from="topleftD" to="topleftR" begin="65" end="65" number="1"/>
<flow id="car66" type="carType0" from="gneE51" to="gneE50" begin="65" end="65" number="1"/>
<flow id="car67" type="carType1" from="gneE18" to="gneE42" begin="65" end="65" number="1"/>
<flow id="car68" type="carType0" from="-gneE28" to="gneE37" begin="65" end="65" number="1"/>
<flow id="car69" type="carType1" from="gneE51" to="gneE42" begin="66" end="66" number="1"/>
<flow id="car70" type="carType0" from="gneE29" to="gneE43" begin="67" end="67" number="1"/>
<flow id="car71" type="carType2" from="gneE42" to="-gneE21" begin="68" end="68" number="1"/>
<flow id="car72" type="carType0" from="gneE51" to="-gneE43" begin="69" end="69" number="1"/>
<flow id="car73" type="carType2" from="gneE29" to="-gneE8" begin="71" end="71" number="1"/>
<flow id="car74" type="carType2" from="gneE49" to="gneE29" begin="71" end="71" number="1"/>
<flow id="car75" type="carType1" from="-gneE28" to="gneE45" begin="72" end="72" number="1"/>
<flow id="car76" type="carType1" from="gneE45" to="gneE50" begin="72" end="72" number="1"/>
<flow id="car77" type="carType1" from="gneE35" to="-gneE21" begin="74" end="74" number="1"/>
<flow id="car78" type="carType2" from="gneE34" to="gneE21" begin="74" end="74" number="1"/>
<flow id="car79" type="carType0" from="gneE8" to="gneE50" begin="74" end="74" number="1"/>
<flow id="car80" type="carType2" from="gneE27" to="gneE8" begin="77" end="77" number="1"/>
<flow id="car81" type="carType0" from="gneE21" to="-gneE7" begin="80" end="80" number="1"/>
<flow id="car82" type="carType2" from="-gneE8" to="gneE21" begin="80" end="80" number="1"/>
<flow id="car83" type="carType1" from="gneE27" to="gneE29" begin="81" end="81" number="1"/>
<flow id="car84" type="carType0" from="topleftR" to="gneE34" begin="81" end="81" number="1"/>
<flow id="car85" type="carType0" from="-gneE13" to="-gneE51" begin="82" end="82" number="1"/>
<flow id="car86" type="carType1" from="-gneE8" to="gneE46" begin="83" end="83" number="1"/>
<flow id="car87" type="carType2" from="-gneE13" to="gneE27" begin="83" end="83" number="1"/>
<flow id="car88" type="carType0" from="toprightD" to="-gneE51" begin="87" end="87" number="1"/>
<flow id="car89" type="carType1" from="gneE29" to="-gneE28" begin="88" end="88" number="1"/>
<flow id="car90" type="carType2" from="gneE51" to="gneE35" begin="90" end="90" number="1"/>
<flow id="car91" type="carType0" from="gneE51" to="gneE43" begin="93" end="93" number="1"/>
<flow id="car92" type="carType0" from="gneE29" to="gneE9" begin="95" end="95" number="1"/>
<flow id="car93" type="carType0" from="-gneE42" to="gneE21" begin="96" end="96" number="1"/>
<flow id="car94" type="carType1" from="-gneE28" to="gneE18" begin="98" end="98" number="1"/>
<flow id="car95" type="carType0" from="gneE49" to="-gneE45" begin="98" end="98" number="1"/>
<flow id="car96" type="carType1" from="gneE29" to="gneE35" begin="99" end="99" number="1"/>
<flow id="car97" type="carType1" from="gneE8" to="gneE46" begin="100" end="100" number="1"/>
<flow id="car98" type="carType0" from="gneE35" to="-gneE49" begin="101" end="101" number="1"/>
<flow id="car99" type="carType1" from="-gneE49" to="-gneE18" begin="102" end="102" number="1"/>
<flow id="car100" type="carType0" from="gneE22" to="gneE37" begin="103" end="103" number="1"/>
<flow id="car101" type="carType1" from="-gneE34" to="bottomrightL" begin="104" end="104" number="1"/>
<flow id="car102" type="carType0" from="bottomrightU" to="-gneE34" begin="104" end="104" number="1"/>
<flow id="car103" type="carType1" from="-gneE8" to="-gneE49" begin="104" end="104" number="1"/>
<flow id="car104" type="carType1" from="gneE21" to="-gneE8" begin="104" end="104" number="1"/>
<flow id="car105" type="carType2" from="gneE8" to="toprightD" begin="105" end="105" number="1"/>
<flow id="car106" type="carType2" from="gneE51" to="-gneE28" begin="105" end="105" number="1"/>
<flow id="car107" type="carType0" from="gneE48" to="-gneE27" begin="107" end="107" number="1"/>
<flow id="car108" type="carType1" from="-gneE21" to="gneE29" begin="108" end="108" number="1"/>
<flow id="car109" type="carType1" from="-gneE49" to="gneE34" begin="109" end="109" number="1"/>
<flow id="car110" type="carType0" from="gneE27" to="gneE29" begin="111" end="111" number="1"/>
<flow id="car111" type="carType1" from="gneE48" to="topleftD" begin="113" end="113" number="1"/>
<flow id="car112" type="carType2" from="-gneE21" to="gneE22" begin="113" end="113" number="1"/>
<flow id="car113" type="carType0" from="bottomleftU" to="-gneE29" begin="113" end="113" number="1"/>
<flow id="car114" type="carType2" from="-gneE51" to="gneE8" begin="115" end="115" number="1"/>
<flow id="car115" type="carType1" from="gneE50" to="gneE43" begin="116" end="116" number="1"/>
<flow id="car116" type="carType1" from="gneE34" to="gneE50" begin="116" end="116" number="1"/>
<flow id="car117" type="carType1" from="bottomleftR" to="bottomleftU" begin="117" end="117" number="1"/>
<flow id="car118" type="carType0" from="gneE50" to="-gneE7" begin="118" end="118" number="1"/>
<flow id="car119" type="carType1" from="gneE29" to="-gneE44" begin="119" end="119" number="1"/>
<flow id="car120" type="carType2" from="-gneE8" to="-gneE18" begin="125" end="125" number="1"/>
<flow id="car121" type="carType0" from="-gneE42" to="topleftD" begin="125" end="125" number="1"/>
<flow id="car122" type="carType2" from="-gneE21" to="-gneE51" begin="126" end="126" number="1"/>
<flow id="car123" type="carType2" from="-gneE42" to="bottomrightU" begin="129" end="129" number="1"/>
<flow id="car124" type="carType2" from="bottomleftU" to="-gneE21" begin="129" end="129" number="1"/>
<flow id="car125" type="carType0" from="-gneE27" to="-gneE44" begin="133" end="133" number="1"/>
<flow id="car126" type="carType1" from="topleftR" to="-gneE44" begin="133" end="133" number="1"/>
<flow id="car127" type="carType1" from="topleftR" to="-gneE8" begin="135" end="135" number="1"/>
<flow id="car128" type="carType2" from="-gneE42" to="-gneE29" begin="135" end="135" number="1"/>
<flow id="car129" type="carType0" from="gneE51" to="gneE50" begin="136" end="136" number="1"/>
<flow id="car130" type="carType1" from="-gneE34" to="toprightL" begin="137" end="137" number="1"/>
<flow id="car131" type="carType2" from="bottomrightL" to="gneE50" begin="137" end="137" number="1"/>
<flow id="car132" type="carType2" from="gneE42" to="-gneE7" begin="139" end="139" number="1"/>
<flow id="car133" type="carType2" from="gneE27" to="toprightD" begin="139" end="139" number="1"/>
<flow id="car134" type="carType2" from="-gneE33" to="gneE42" begin="139" end="139" number="1"/>
<flow id="car135" type="carType2" from="gneE48" to="gneE49" begin="140" end="140" number="1"/>
<flow id="car136" type="carType0" from="gneE48" to="gneE50" begin="140" end="140" number="1"/>
<flow id="car137" type="carType1" from="gneE29" to="-gneE48" begin="140" end="140" number="1"/>
<flow id="car138" type="carType2" from="-gneE42" to="bottomrightL" begin="140" end="140" number="1"/>
<flow id="car139" type="carType0" from="gneE46" to="-gneE7" begin="141" end="141" number="1"/>
<flow id="car140" type="carType2" from="topleftD" to="-gneE45" begin="142" end="142" number="1"/>
<flow id="car141" type="carType1" from="gneE49" to="-gneE34" begin="143" end="143" number="1"/>
<flow id="car142" type="carType2" from="gneE51" to="-gneE33" begin="143" end="143" number="1"/>
<flow id="car143" type="carType0" from="bottomrightU" to="-gneE37" begin="144" end="144" number="1"/>
<flow id="car144" type="carType2" from="bottomleftR" to="gneE29" begin="144" end="144" number="1"/>
<flow id="car145" type="carType2" from="-gneE51" to="toprightD" begin="145" end="145" number="1"/>
<flow id="car146" type="carType2" from="gneE29" to="bottomleftR" begin="146" end="146" number="1"/>
<flow id="car147" type="carType1" from="bottomleftR" to="-gneE18" begin="148" end="148" number="1"/>
<flow id="car148" type="carType2" from="gneE37" to="-gneE18" begin="148" end="148" number="1"/>
<flow id="car149" type="carType0" from="bottomrightL" to="gneE50" begin="148" end="148" number="1"/>
<flow id="car150" type="carType0" from="-gneE51" to="gneE8" begin="153" end="153" number="1"/>
<flow id="car151" type="carType1" from="gneE51" to="bottomrightU" begin="153" end="153" number="1"/>
<flow id="car152" type="carType2" from="gneE44" to="bottomleftR" begin="155" end="155" number="1"/>
<flow id="car153" type="carType0" from="-gneE51" to="gneE45" begin="158" end="158" number="1"/>
<flow id="car154" type="carType2" from="gneE28" to="bottomleftR" begin="158" end="158" number="1"/>
<flow id="car155" type="carType0" from="-gneE29" to="-gneE48" begin="159" end="159" number="1"/>
<flow id="car156" type="carType1" from="-gneE8" to="gneE35" begin="161" end="161" number="1"/>
<flow id="car157" type="carType1" from="gneE34" to="gneE8" begin="161" end="161" number="1"/>
<flow id="car158" type="carType1" from="bottomleftR" to="-gneE21" begin="162" end="162" number="1"/>
<flow id="car159" type="carType0" from="-gneE44" to="toprightL" begin="162" end="162" number="1"/>
<flow id="car160" type="carType2" from="gneE50" to="gneE44" begin="163" end="163" number="1"/>
<flow id="car161" type="carType0" from="toprightL" to="bottomleftR" begin="163" end="163" number="1"/>
<flow id="car162" type="carType1" from="toprightD" to="gneE30" begin="163" end="163" number="1"/>
<flow id="car163" type="carType2" from="gneE34" to="gneE35" begin="164" end="164" number="1"/>
<flow id="car164" type="carType2" from="gneE21" to="bottomleftU" begin="164" end="164" number="1"/>
<flow id="car165" type="carType0" from="-gneE13" to="gneE8" begin="166" end="166" number="1"/>
<flow id="car166" type="carType0" from="gneE44" to="gneE37" begin="167" end="167" number="1"/>
<flow id="car167" type="carType1" from="-gneE44" to="-gneE42" begin="167" end="167" number="1"/>
<flow id="car168" type="carType1" from="gneE28" to="-gneE27" begin="168" end="168" number="1"/>
<flow id="car169" type="carType1" from="-gneE45" to="-gneE21" begin="169" end="169" number="1"/>
<flow id="car170" type="carType1" from="bottomrightL" to="toprightL" begin="169" end="169" number="1"/>
<flow id="car171" type="carType0" from="gneE29" to="gneE30" begin="170" end="170" number="1"/>
<flow id="car172" type="carType0" from="-gneE28" to="-gneE51" begin="170" end="170" number="1"/>
<flow id="car173" type="carType2" from="gneE35" to="-gneE27" begin="170" end="170" number="1"/>
<flow id="car174" type="carType2" from="gneE50" to="-gneE18" begin="172" end="172" number="1"/>
<flow id="car175" type="carType1" from="-gneE13" to="toprightL" begin="172" end="172" number="1"/>
<flow id="car176" type="carType2" from="-gneE18" to="-gneE45" begin="174" end="174" number="1"/>
<flow id="car177" type="carType1" from="-gneE13" to="gneE21" begin="176" end="176" number="1"/>
<flow id="car178" type="carType2" from="toprightD" to="-gneE13" begin="176" end="176" number="1"/>
<flow id="car179" type="carType1" from="-gneE42" to="-gneE7" begin="176" end="176" number="1"/>
<flow id="car180" type="carType2" from="-gneE8" to="gneE45" begin="177" end="177" number="1"/>
<flow id="car181" type="carType2" from="topleftD" to="-gneE34" begin="178" end="178" number="1"/>
<flow id="car182" type="carType2" from="-gneE27" to="-gneE34" begin="178" end="178" number="1"/>
<flow id="car183" type="carType1" from="-gneE18" to="gneE37" begin="178" end="178" number="1"/>
<flow id="car184" type="carType1" from="gneE28" to="gneE45" begin="180" end="180" number="1"/>
<flow id="car185" type="carType1" from="-gneE51" to="-gneE44" begin="181" end="181" number="1"/>
<flow id="car186" type="carType1" from="gneE35" to="gneE18" begin="189" end="189" number="1"/>
<flow id="car187" type="carType1" from="-gneE33" to="gneE49" begin="189" end="189" number="1"/>
<flow id="car188" type="carType0" from="-gneE43" to="-gneE33" begin="190" end="190" number="1"/>
<flow id="car189" type="carType2" from="gneE30" to="topleftD" begin="191" end="191" number="1"/>
<flow id="car190" type="carType0" from="-gneE21" to="-gneE7" begin="192" end="192" number="1"/>
<flow id="car191" type="carType2" from="gneE34" to="-gneE33" begin="193" end="193" number="1"/>
<flow id="car192" type="carType1" from="-gneE34" to="gneE48" begin="194" end="194" number="1"/>
<flow id="car193" type="carType0" from="-gneE44" to="gneE42" begin="196" end="196" number="1"/>
<flow id="car194" type="carType1" from="-gneE18" to="gneE29" begin="196" end="196" number="1"/>
<flow id="car195" type="carType0" from="gneE49" to="gneE8" begin="197" end="197" number="1"/>
<flow id="car196" type="carType0" from="gneE45" to="-gneE27" begin="197" end="197" number="1"/>
<flow id="car197" type="carType0" from="-gneE48" to="gneE37" begin="199" end="199" number="1"/>
<flow id="car198" type="carType2" from="gneE9" to="-gneE8" begin="199" end="199" number="1"/>
<flow id="car199" type="carType2" from="gneE35" to="toprightL" begin="199" end="199" number="1"/>
</routes>
