<routes>
<vType id="carType0" length="4" maxSpeed="40.45" accel="2.56" decel="5.27" speedDev="0.2" sigma="0.17"/>
<vType id="carType1" length="3" maxSpeed="58.9" accel="2.17" decel="4.06" speedDev="0.2" sigma="0.23"/>
<vType id="carType2" length="4" maxSpeed="51.1" accel="2.69" decel="4.12" speedDev="0.2" sigma="0.16"/>
<flow id="car0" type="carType0" from="-gneE18" to="-gneE43" begin="4" end="4" number="1"/>
<flow id="car1" type="carType2" from="gneE37" to="-gneE27" begin="4" end="4" number="1"/>
<flow id="car2" type="carType1" from="-gneE51" to="gneE29" begin="6" end="6" number="1"/>
<flow id="car3" type="carType1" from="bottomrightU" to="-gneE13" begin="6" end="6" number="1"/>
<flow id="car4" type="carType0" from="gneE27" to="-gneE18" begin="10" end="10" number="1"/>
<flow id="car5" type="carType1" from="-gneE51" to="-gneE33" begin="11" end="11" number="1"/>
<flow id="car6" type="carType0" from="-gneE50" to="-gneE13" begin="12" end="12" number="1"/>
<flow id="car7" type="carType1" from="gneE29" to="-gneE44" begin="12" end="12" number="1"/>
<flow id="car8" type="carType2" from="gneE18" to="-gneE43" begin="14" end="14" number="1"/>
<flow id="car9" type="carType1" from="gneE42" to="gneE44" begin="15" end="15" number="1"/>
<flow id="car10" type="carType2" from="gneE8" to="gneE50" begin="15" end="15" number="1"/>
<flow id="car11" type="carType1" from="-gneE34" to="gneE51" begin="15" end="15" number="1"/>
<flow id="car12" type="carType1" from="gneE37" to="gneE49" begin="15" end="15" number="1"/>
<flow id="car13" type="carType1" from="-gneE51" to="-gneE27" begin="16" end="16" number="1"/>
<flow id="car14" type="carType2" from="gneE46" to="-gneE48" begin="16" end="16" number="1"/>
<flow id="car15" type="carType1" from="bottomrightL" to="bottomrightU" begin="17" end="17" number="1"/>
<flow id="car16" type="carType1" from="gneE37" to="-gneE51" begin="21" end="21" number="1"/>
<flow id="car17" type="carType1" from="-gneE34" to="gneE18" begin="21" end="21" number="1"/>
<flow id="car18" type="carType1" from="gneE27" to="gneE44" begin="22" end="22" number="1"/>
<flow id="car19" type="carType0" from="gneE35" to="gneE51" begin="23" end="23" number="1"/>
<flow id="car20" type="carType0" from="topleftD" to="toprightD" begin="24" end="24" number="1"/>
<flow id="car21" type="carType0" from="-gneE48" to="-gneE43" begin="25" end="25" number="1"/>
<flow id="car22" type="carType0" from="-gneE45" to="-gneE43" begin="25" end="25" number="1"/>
<flow id="car23" type="carType2" from="gneE21" to="bottomrightU" begin="25" end="25" number="1"/>
<flow id="car24" type="carType0" from="-gneE50" to="gneE37" begin="26" end="26" number="1"/>
<flow id="car25" type="carType0" from="gneE9" to="-gneE43" begin="28" end="28" number="1"/>
<flow id="car26" type="carType2" from="-gneE8" to="-gneE45" begin="29" end="29" number="1"/>
<flow id="car27" type="carType2" from="-gneE37" to="-gneE50" begin="29" end="29" number="1"/>
<flow id="car28" type="carType0" from="-gneE7" to="bottomrightL" begin="30" end="30" number="1"/>
<flow id="car29" type="carType0" from="topleftD" to="gneE9" begin="31" end="31" number="1"/>
<flow id="car30" type="carType1" from="-gneE45" to="gneE37" begin="32" end="32" number="1"/>
<flow id="car31" type="carType2" from="-gneE37" to="gneE44" begin="33" end="33" number="1"/>
<flow id="car32" type="carType0" from="gneE30" to="-gneE44" begin="34" end="34" number="1"/>
<flow id="car33" type="carType1" from="gneE27" to="gneE18" begin="36" end="36" number="1"/>
<flow id="car34" type="carType1" from="-gneE28" to="gneE49" begin="38" end="38" number="1"/>
<flow id="car35" type="carType0" from="topleftD" to="-gneE49" begin="40" end="40" number="1"/>
<flow id="car36" type="carType1" from="topleftR" to="gneE43" begin="40" end="40" number="1"/>
<flow id="car37" type="carType0" from="-gneE13" to="gneE27" begin="40" end="40" number="1"/>
<flow id="car38" type="carType1" from="-gneE51" to="bottomrightU" begin="43" end="43" number="1"/>
<flow id="car39" type="carType0" from="gneE49" to="gneE28" begin="43" end="43" number="1"/>
<flow id="car40" type="carType2" from="bottomleftU" to="bottomrightU" begin="46" end="46" number="1"/>
<flow id="car41" type="carType1" from="-gneE13" to="-gneE45" begin="46" end="46" number="1"/>
<flow id="car42" type="carType1" from="gneE21" to="gneE37" begin="46" end="46" number="1"/>
<flow id="car43" type="carType1" from="gneE50" to="gneE22" begin="47" end="47" number="1"/>
<flow id="car44" type="carType0" from="gneE44" to="gneE44" begin="48" end="48" number="1"/>
<flow id="car45" type="carType0" from="-gneE33" to="-gneE37" begin="48" end="48" number="1"/>
<flow id="car46" type="carType1" from="bottomrightL" to="toprightD" begin="49" end="49" number="1"/>
<flow id="car47" type="carType2" from="bottomrightL" to="toprightL" begin="50" end="50" number="1"/>
<flow id="car48" type="carType2" from="-gneE18" to="gneE44" begin="50" end="50" number="1"/>
<flow id="car49" type="carType2" from="-gneE50" to="gneE37" begin="52" end="52" number="1"/>
<flow id="car50" type="carType2" from="-gneE21" to="gneE48" begin="54" end="54" number="1"/>
<flow id="car51" type="carType2" from="-gneE49" to="-gneE44" begin="54" end="54" number="1"/>
<flow id="car52" type="carType2" from="bottomrightL" to="topleftD" begin="55" end="55" number="1"/>
<flow id="car53" type="carType0" from="gneE27" to="toprightD" begin="57" end="57" number="1"/>
<flow id="car54" type="carType0" from="gneE35" to="gneE50" begin="58" end="58" number="1"/>
<flow id="car55" type="carType0" from="-gneE44" to="topleftD" begin="58" end="58" number="1"/>
<flow id="car56" type="carType2" from="gneE30" to="-gneE37" begin="58" end="58" number="1"/>
<flow id="car57" type="carType0" from="-gneE50" to="-gneE48" begin="58" end="58" number="1"/>
<flow id="car58" type="carType1" from="gneE18" to="-gneE44" begin="59" end="59" number="1"/>
<flow id="car59" type="carType2" from="gneE48" to="-gneE48" begin="59" end="59" number="1"/>
<flow id="car60" type="carType0" from="gneE48" to="-gneE51" begin="62" end="62" number="1"/>
<flow id="car61" type="carType2" from="bottomrightL" to="bottomrightL" begin="62" end="62" number="1"/>
<flow id="car62" type="carType1" from="bottomleftR" to="-gneE48" begin="63" end="63" number="1"/>
<flow id="car63" type="carType0" from="-gneE44" to="gneE50" begin="64" end="64" number="1"/>
<flow id="car64" type="carType1" from="gneE18" to="gneE28" begin="65" end="65" number="1"/>
<flow id="car65" type="carType0" from="-gneE27" to="-gneE48" begin="65" end="65" number="1"/>
<flow id="car66" type="carType1" from="-gneE45" to="gneE28" begin="66" end="66" number="1"/>
<flow id="car67" type="carType2" from="-gneE48" to="bottomleftR" begin="66" end="66" number="1"/>
<flow id="car68" type="carType2" from="gneE43" to="gneE45" begin="67" end="67" number="1"/>
<flow id="car69" type="carType0" from="gneE37" to="gneE9" begin="68" end="68" number="1"/>
<flow id="car70" type="carType1" from="-gneE48" to="gneE35" begin="69" end="69" number="1"/>
<flow id="car71" type="carType2" from="-gneE7" to="-gneE34" begin="69" end="69" number="1"/>
<flow id="car72" type="carType2" from="gneE8" to="toprightL" begin="70" end="70" number="1"/>
<flow id="car73" type="carType1" from="bottomleftU" to="bottomrightU" begin="70" end="70" number="1"/>
<flow id="car74" type="carType0" from="gneE51" to="toprightD" begin="70" end="70" number="1"/>
<flow id="car75" type="carType2" from="gneE29" to="gneE21" begin="71" end="71" number="1"/>
<flow id="car76" type="carType1" from="gneE44" to="-gneE34" begin="78" end="78" number="1"/>
<flow id="car77" type="carType1" from="-gneE44" to="bottomrightL" begin="79" end="79" number="1"/>
<flow id="car78" type="carType0" from="-gneE49" to="toprightD" begin="80" end="80" number="1"/>
<flow id="car79" type="carType0" from="bottomrightL" to="gneE35" begin="81" end="81" number="1"/>
<flow id="car80" type="carType1" from="gneE51" to="gneE43" begin="81" end="81" number="1"/>
<flow id="car81" type="carType1" from="gneE21" to="-gneE37" begin="82" end="82" number="1"/>
<flow id="car82" type="carType2" from="bottomrightU" to="bottomleftU" begin="82" end="82" number="1"/>
<flow id="car83" type="carType0" from="gneE8" to="gneE51" begin="84" end="84" number="1"/>
<flow id="car84" type="carType0" from="-gneE34" to="-gneE18" begin="85" end="85" number="1"/>
<flow id="car85" type="carType1" from="toprightD" to="gneE45" begin="85" end="85" number="1"/>
<flow id="car86" type="carType0" from="gneE43" to="toprightD" begin="85" end="85" number="1"/>
<flow id="car87" type="carType1" from="-gneE7" to="gneE22" begin="85" end="85" number="1"/>
<flow id="car88" type="carType0" from="gneE18" to="gneE37" begin="85" end="85" number="1"/>
<flow id="car89" type="carType1" from="gneE45" to="gneE49" begin="85" end="85" number="1"/>
<flow id="car90" type="carType0" from="gneE42" to="bottomrightU" begin="86" end="86" number="1"/>
<flow id="car91" type="carType1" from="gneE50" to="-gneE34" begin="86" end="86" number="1"/>
<flow id="car92" type="carType1" from="gneE8" to="-gneE13" begin="87" end="87" number="1"/>
<flow id="car93" type="carType0" from="-gneE18" to="gneE9" begin="88" end="88" number="1"/>
<flow id="car94" type="carType2" from="-gneE18" to="gneE50" begin="88" end="88" number="1"/>
<flow id="car95" type="carType2" from="topleftD" to="bottomrightU" begin="88" end="88" number="1"/>
<flow id="car96" type="carType2" from="topleftD" to="gneE22" begin="89" end="89" number="1"/>
<flow id="car97" type="carType1" from="gneE42" to="gneE29" begin="90" end="90" number="1"/>
<flow id="car98" type="carType1" from="-gneE13" to="-gneE33" begin="92" end="92" number="1"/>
<flow id="car99" type="carType2" from="-gneE44" to="gneE22" begin="94" end="94" number="1"/>
<flow id="car100" type="carType0" from="-gneE7" to="-gneE42" begin="99" end="99" number="1"/>
<flow id="car101" type="carType2" from="gneE43" to="bottomrightL" begin="100" end="100" number="1"/>
<flow id="car102" type="carType1" from="-gneE18" to="gneE43" begin="102" end="102" number="1"/>
<flow id="car103" type="carType1" from="gneE28" to="-gneE51" begin="103" end="103" number="1"/>
<flow id="car104" type="carType0" from="-gneE50" to="gneE46" begin="107" end="107" number="1"/>
<flow id="car105" type="carType0" from="topleftD" to="toprightD" begin="107" end="107" number="1"/>
<flow id="car106" type="carType2" from="gneE45" to="gneE45" begin="107" end="107" number="1"/>
<flow id="car107" type="carType1" from="-gneE34" to="toprightL" begin="108" end="108" number="1"/>
<flow id="car108" type="carType0" from="gneE30" to="toprightD" begin="109" end="109" number="1"/>
<flow id="car109" type="carType1" from="gneE18" to="-gneE34" begin="109" end="109" number="1"/>
<flow id="car110" type="carType2" from="-gneE21" to="gneE43" begin="110" end="110" number="1"/>
<flow id="car111" type="carType0" from="-gneE13" to="-gneE13" begin="111" end="111" number="1"/>
<flow id="car112" type="carType0" from="topleftR" to="gneE42" begin="112" end="112" number="1"/>
<flow id="car113" type="carType0" from="bottomrightL" to="-gneE48" begin="114" end="114" number="1"/>
<flow id="car114" type="carType1" from="-gneE34" to="gneE49" begin="114" end="114" number="1"/>
<flow id="car115" type="carType2" from="topleftD" to="bottomleftR" begin="114" end="114" number="1"/>
<flow id="car116" type="carType1" from="-gneE45" to="topleftD" begin="115" end="115" number="1"/>
<flow id="car117" type="carType2" from="bottomleftR" to="-gneE48" begin="115" end="115" number="1"/>
<flow id="car118" type="carType0" from="gneE9" to="gneE42" begin="117" end="117" number="1"/>
<flow id="car119" type="carType0" from="gneE48" to="gneE34" begin="117" end="117" number="1"/>
<flow id="car120" type="carType0" from="gneE9" to="gneE43" begin="118" end="118" number="1"/>
<flow id="car121" type="carType1" from="-gneE13" to="toprightL" begin="120" end="120" number="1"/>
<flow id="car122" type="carType1" from="toprightD" to="gneE28" begin="120" end="120" number="1"/>
<flow id="car123" type="carType0" from="topleftR" to="toprightL" begin="120" end="120" number="1"/>
<flow id="car124" type="carType2" from="topleftD" to="-gneE33" begin="121" end="121" number="1"/>
<flow id="car125" type="carType1" from="-gneE13" to="gneE21" begin="123" end="123" number="1"/>
<flow id="car126" type="carType2" from="gneE21" to="-gneE43" begin="123" end="123" number="1"/>
<flow id="car127" type="carType1" from="-gneE43" to="-gneE50" begin="123" end="123" number="1"/>
<flow id="car128" type="carType2" from="bottomrightU" to="gneE9" begin="124" end="124" number="1"/>
<flow id="car129" type="carType0" from="bottomrightU" to="gneE35" begin="125" end="125" number="1"/>
<flow id="car130" type="carType1" from="gneE49" to="gneE43" begin="127" end="127" number="1"/>
<flow id="car131" type="carType0" from="-gneE8" to="-gneE37" begin="127" end="127" number="1"/>
<flow id="car132" type="carType1" from="bottomrightL" to="-gneE27" begin="127" end="127" number="1"/>
<flow id="car133" type="carType2" from="bottomleftU" to="-gneE27" begin="128" end="128" number="1"/>
<flow id="car134" type="carType2" from="-gneE7" to="-gneE48" begin="129" end="129" number="1"/>
<flow id="car135" type="carType1" from="-gneE13" to="-gneE21" begin="129" end="129" number="1"/>
<flow id="car136" type="carType1" from="gneE35" to="-gneE28" begin="129" end="129" number="1"/>
<flow id="car137" type="carType2" from="-gneE13" to="-gneE33" begin="130" end="130" number="1"/>
<flow id="car138" type="carType0" from="-gneE48" to="-gneE45" begin="131" end="131" number="1"/>
<flow id="car139" type="carType0" from="gneE49" to="gneE45" begin="131" end="131" number="1"/>
<flow id="car140" type="carType0" from="gneE50" to="-gneE29" begin="132" end="132" number="1"/>
<flow id="car141" type="carType0" from="-gneE48" to="-gneE43" begin="133" end="133" number="1"/>
<flow id="car142" type="carType1" from="-gneE33" to="-gneE49" begin="135" end="135" number="1"/>
<flow id="car143" type="carType2" from="toprightL" to="gneE49" begin="139" end="139" number="1"/>
<flow id="car144" type="carType1" from="topleftD" to="toprightD" begin="139" end="139" number="1"/>
<flow id="car145" type="carType2" from="-gneE18" to="gneE22" begin="139" end="139" number="1"/>
<flow id="car146" type="carType2" from="-gneE37" to="gneE48" begin="140" end="140" number="1"/>
<flow id="car147" type="carType0" from="-gneE28" to="-gneE37" begin="141" end="141" number="1"/>
<flow id="car148" type="carType2" from="-gneE45" to="gneE48" begin="144" end="144" number="1"/>
<flow id="car149" type="carType2" from="bottomrightU" to="toprightL" begin="145" end="145" number="1"/>
<flow id="car150" type="carType0" from="-gneE7" to="-gneE27" begin="145" end="145" number="1"/>
<flow id="car151" type="carType2" from="toprightL" to="toprightL" begin="148" end="148" number="1"/>
<flow id="car152" type="carType0" from="-gneE51" to="-gneE45" begin="148" end="148" number="1"/>
<flow id="car153" type="carType0" from="toprightD" to="gneE49" begin="149" end="149" number="1"/>
<flow id="car154" type="carType0" from="gneE34" to="gneE35" begin="150" end="150" number="1"/>
<flow id="car155" type="carType2" from="-gneE34" to="bottomleftR" begin="153" end="153" number="1"/>
<flow id="car156" type="carType1" from="gneE27" to="gneE21" begin="157" end="157" number="1"/>
<flow id="car157" type="carType1" from="gneE8" to="-gneE37" begin="158" end="158" number="1"/>
<flow id="car158" type="carType1" from="gneE28" to="gneE9" begin="159" end="159" number="1"/>
<flow id="car159" type="carType1" from="gneE44" to="gneE21" begin="160" end="160" number="1"/>
<flow id="car160" type="carType2" from="toprightD" to="gneE44" begin="160" end="160" number="1"/>
<flow id="car161" type="carType2" from="-gneE8" to="gneE46" begin="161" end="161" number="1"/>
<flow id="car162" type="carType2" from="-gneE50" to="gneE42" begin="161" end="161" number="1"/>
<flow id="car163" type="carType2" from="gneE27" to="gneE37" begin="161" end="161" number="1"/>
<flow id="car164" type="carType0" from="-gneE29" to="gneE43" begin="162" end="162" number="1"/>
<flow id="car165" type="carType0" from="gneE18" to="bottomleftU" begin="164" end="164" number="1"/>
<flow id="car166" type="carType1" from="gneE34" to="gneE43" begin="164" end="164" number="1"/>
<flow id="car167" type="carType1" from="-gneE8" to="gneE48" begin="164" end="164" number="1"/>
<flow id="car168" type="carType0" from="gneE30" to="-gneE51" begin="165" end="165" number="1"/>
<flow id="car169" type="carType0" from="gneE9" to="-gneE29" begin="170" end="170" number="1"/>
<flow id="car170" type="carType2" from="-gneE7" to="bottomleftR" begin="170" end="170" number="1"/>
<flow id="car171" type="carType1" from="-gneE44" to="gneE37" begin="170" end="170" number="1"/>
<flow id="car172" type="carType0" from="-gneE34" to="-gneE8" begin="173" end="173" number="1"/>
<flow id="car173" type="carType0" from="gneE49" to="-gneE49" begin="175" end="175" number="1"/>
<flow id="car174" type="carType1" from="gneE45" to="gneE22" begin="176" end="176" number="1"/>
<flow id="car175" type="carType1" from="-gneE43" to="gneE30" begin="176" end="176" number="1"/>
<flow id="car176" type="carType0" from="gneE9" to="bottomrightU" begin="179" end="179" number="1"/>
<flow id="car177" type="carType0" from="gneE50" to="-gneE34" begin="181" end="181" number="1"/>
<flow id="car178" type="carType0" from="gneE9" to="gneE29" begin="182" end="182" number="1"/>
<flow id="car179" type="carType2" from="-gneE28" to="-gneE34" begin="184" end="184" number="1"/>
<flow id="car180" type="carType0" from="-gneE50" to="gneE43" begin="185" end="185" number="1"/>
<flow id="car181" type="carType0" from="-gneE27" to="topleftD" begin="185" end="185" number="1"/>
<flow id="car182" type="carType1" from="gneE8" to="gneE27" begin="186" end="186" number="1"/>
<flow id="car183" type="carType0" from="gneE8" to="-gneE51" begin="187" end="187" number="1"/>
<flow id="car184" type="carType1" from="-gneE34" to="-gneE34" begin="188" end="188" number="1"/>
<flow id="car185" type="carType1" from="-gneE42" to="gneE27" begin="189" end="189" number="1"/>
<flow id="car186" type="carType1" from="-gneE21" to="-gneE50" begin="190" end="190" number="1"/>
<flow id="car187" type="carType2" from="-gneE42" to="-gneE48" begin="192" end="192" number="1"/>
<flow id="car188" type="carType2" from="-gneE13" to="gneE48" begin="192" end="192" number="1"/>
<flow id="car189" type="carType0" from="gneE42" to="-gneE48" begin="193" end="193" number="1"/>
<flow id="car190" type="carType0" from="-gneE42" to="gneE49" begin="194" end="194" number="1"/>
<flow id="car191" type="carType0" from="-gneE51" to="-gneE43" begin="195" end="195" number="1"/>
<flow id="car192" type="carType2" from="-gneE34" to="gneE27" begin="196" end="196" number="1"/>
<flow id="car193" type="carType0" from="gneE21" to="gneE43" begin="196" end="196" number="1"/>
<flow id="car194" type="carType0" from="-gneE44" to="-gneE8" begin="196" end="196" number="1"/>
<flow id="car195" type="carType0" from="gneE49" to="gneE8" begin="197" end="197" number="1"/>
<flow id="car196" type="carType2" from="-gneE48" to="bottomrightL" begin="198" end="198" number="1"/>
<flow id="car197" type="carType0" from="-gneE34" to="-gneE42" begin="198" end="198" number="1"/>
<flow id="car198" type="carType1" from="-gneE42" to="-gneE48" begin="199" end="199" number="1"/>
<flow id="car199" type="carType2" from="gneE27" to="gneE21" begin="199" end="199" number="1"/>
</routes>
