<routes>
<vType id="carType0" length="8" maxSpeed="47.63" accel="2.52" decel="4.44" speedDev="0.2" sigma="0.11"/>
<vType id="carType1" length="4" maxSpeed="59.19" accel="2.53" decel="4.41" speedDev="0.2" sigma="0.1"/>
<vType id="carType2" length="9" maxSpeed="58.49" accel="2.71" decel="5.21" speedDev="0.2" sigma="0.3"/>
<flow id="car0" type="carType0" from="gneE9" to="-gneE7" begin="0" end="0" number="1"/>
<flow id="car1" type="carType0" from="gneE34" to="-gneE18" begin="3" end="3" number="1"/>
<flow id="car2" type="carType2" from="-gneE51" to="gneE50" begin="4" end="4" number="1"/>
<flow id="car3" type="carType0" from="-gneE45" to="-gneE43" begin="4" end="4" number="1"/>
<flow id="car4" type="carType0" from="gneE28" to="-gneE7" begin="6" end="6" number="1"/>
<flow id="car5" type="carType1" from="-gneE43" to="bottomleftU" begin="9" end="9" number="1"/>
<flow id="car6" type="carType2" from="gneE18" to="bottomrightL" begin="10" end="10" number="1"/>
<flow id="car7" type="carType2" from="gneE21" to="-gneE43" begin="11" end="11" number="1"/>
<flow id="car8" type="carType1" from="-gneE8" to="-gneE42" begin="11" end="11" number="1"/>
<flow id="car9" type="carType1" from="gneE29" to="gneE28" begin="12" end="12" number="1"/>
<flow id="car10" type="carType1" from="-gneE33" to="gneE35" begin="14" end="14" number="1"/>
<flow id="car11" type="carType1" from="gneE49" to="-gneE27" begin="14" end="14" number="1"/>
<flow id="car12" type="carType1" from="topleftR" to="gneE18" begin="15" end="15" number="1"/>
<flow id="car13" type="carType2" from="gneE49" to="gneE29" begin="16" end="16" number="1"/>
<flow id="car14" type="carType1" from="bottomleftU" to="gneE49" begin="17" end="17" number="1"/>
<flow id="car15" type="carType2" from="gneE45" to="gneE51" begin="19" end="19" number="1"/>
<flow id="car16" type="carType1" from="bottomrightL" to="-gneE29" begin="21" end="21" number="1"/>
<flow id="car17" type="carType1" from="-gneE48" to="gneE21" begin="21" end="21" number="1"/>
<flow id="car18" type="carType2" from="bottomleftU" to="-gneE13" begin="22" end="22" number="1"/>
<flow id="car19" type="carType1" from="topleftD" to="gneE42" begin="22" end="22" number="1"/>
<flow id="car20" type="carType2" from="gneE46" to="-gneE28" begin="23" end="23" number="1"/>
<flow id="car21" type="carType0" from="gneE45" to="topleftD" begin="24" end="24" number="1"/>
<flow id="car22" type="carType2" from="toprightD" to="bottomleftU" begin="24" end="24" number="1"/>
<flow id="car23" type="carType0" from="gneE29" to="gneE37" begin="25" end="25" number="1"/>
<flow id="car24" type="carType2" from="-gneE13" to="-gneE18" begin="26" end="26" number="1"/>
<flow id="car25" type="carType1" from="-gneE44" to="gneE46" begin="26" end="26" number="1"/>
<flow id="car26" type="carType1" from="-gneE34" to="gneE50" begin="29" end="29" number="1"/>
<flow id="car27" type="carType1" from="gneE51" to="gneE29" begin="30" end="30" number="1"/>
<flow id="car28" type="carType2" from="-gneE43" to="gneE43" begin="30" end="30" number="1"/>
<flow id="car29" type="carType2" from="topleftR" to="gneE51" begin="32" end="32" number="1"/>
<flow id="car30" type="carType2" from="-gneE45" to="-gneE27" begin="32" end="32" number="1"/>
<flow id="car31" type="carType2" from="gneE18" to="gneE48" begin="32" end="32" number="1"/>
<flow id="car32" type="carType1" from="gneE34" to="-gneE51" begin="34" end="34" number="1"/>
<flow id="car33" type="carType2" from="gneE37" to="bottomleftU" begin="36" end="36" number="1"/>
<flow id="car34" type="carType2" from="-gneE49" to="gneE45" begin="39" end="39" number="1"/>
<flow id="car35" type="carType1" from="-gneE34" to="-gneE48" begin="40" end="40" number="1"/>
<flow id="car36" type="carType1" from="gneE21" to="topleftD" begin="41" end="41" number="1"/>
<flow id="car37" type="carType0" from="gneE29" to="-gneE27" begin="42" end="42" number="1"/>
<flow id="car38" type="carType0" from="-gneE49" to="-gneE48" begin="42" end="42" number="1"/>
<flow id="car39" type="carType1" from="gneE42" to="-gneE28" begin="46" end="46" number="1"/>
<flow id="car40" type="carType2" from="-gneE33" to="gneE28" begin="47" end="47" number="1"/>
<flow id="car41" type="carType2" from="-gneE13" to="gneE30" begin="47" end="47" number="1"/>
<flow id="car42" type="carType2" from="-gneE7" to="-gneE13" begin="48" end="48" number="1"/>
<flow id="car43" type="carType2" from="-gneE18" to="-gneE44" begin="48" end="48" number="1"/>
<flow id="car44" type="carType2" from="gneE9" to="bottomleftR" begin="48" end="48" number="1"/>
<flow id="car45" type="carType1" from="-gneE42" to="gneE49" begin="52" end="52" number="1"/>
<flow id="car46" type="carType1" from="-gneE21" to="gneE18" begin="52" end="52" number="1"/>
<flow id="car47" type="carType1" from="-gneE37" to="-gneE29" begin="53" end="53" number="1"/>
<flow id="car48" type="carType1" from="gneE43" to="-gneE34" begin="54" end="54" number="1"/>
<flow id="car49" type="carType2" from="topleftR" to="bottomleftR" begin="57" end="57" number="1"/>
<flow id="car50" type="carType1" from="gneE18" to="bottomleftR" begin="57" end="57" number="1"/>
<flow id="car51" type="carType0" from="gneE30" to="toprightL" begin="57" end="57" number="1"/>
<flow id="car52" type="carType2" from="gneE21" to="-gneE34" begin="58" end="58" number="1"/>
<flow id="car53" type="carType2" from="-gneE28" to="gneE34" begin="59" end="59" number="1"/>
<flow id="car54" type="carType2" from="gneE35" to="gneE34" begin="60" end="60" number="1"/>
<flow id="car55" type="carType2" from="bottomrightU" to="gneE18" begin="63" end="63" number="1"/>
<flow id="car56" type="carType1" from="bottomrightL" to="-gneE42" begin="64" end="64" number="1"/>
<flow id="car57" type="carType2" from="gneE49" to="bottomleftR" begin="64" end="64" number="1"/>
<flow id="car58" type="carType2" from="topleftD" to="-gneE51" begin="66" end="66" number="1"/>
<flow id="car59" type="carType0" from="topleftR" to="-gneE43" begin="66" end="66" number="1"/>
<flow id="car60" type="carType2" from="-gneE7" to="gneE43" begin="67" end="67" number="1"/>
<flow id="car61" type="carType2" from="gneE30" to="bottomleftU" begin="67" end="67" number="1"/>
<flow id="car62" type="carType1" from="gneE28" to="-gneE51" begin="67" end="67" number="1"/>
<flow id="car63" type="carType0" from="-gneE27" to="-gneE37" begin="67" end="67" number="1"/>
<flow id="car64" type="carType0" from="bottomrightU" to="gneE8" begin="67" end="67" number="1"/>
<flow id="car65" type="carType2" from="-gneE13" to="gneE28" begin="69" end="69" number="1"/>
<flow id="car66" type="carType0" from="gneE48" to="gneE34" begin="70" end="70" number="1"/>
<flow id="car67" type="carType0" from="gneE18" to="-gneE44" begin="71" end="71" number="1"/>
<flow id="car68" type="carType1" from="gneE44" to="gneE46" begin="72" end="72" number="1"/>
<flow id="car69" type="carType0" from="gneE49" to="-gneE43" begin="72" end="72" number="1"/>
<flow id="car70" type="carType0" from="-gneE33" to="gneE22" begin="72" end="72" number="1"/>
<flow id="car71" type="carType1" from="topleftR" to="bottomrightU" begin="75" end="75" number="1"/>
<flow id="car72" type="carType1" from="gneE49" to="-gneE27" begin="76" end="76" number="1"/>
<flow id="car73" type="carType2" from="-gneE27" to="gneE50" begin="77" end="77" number="1"/>
<flow id="car74" type="carType1" from="gneE8" to="gneE42" begin="78" end="78" number="1"/>
<flow id="car75" type="carType2" from="gneE30" to="gneE28" begin="79" end="79" number="1"/>
<flow id="car76" type="carType2" from="gneE44" to="-gneE48" begin="80" end="80" number="1"/>
<flow id="car77" type="carType2" from="toprightD" to="-gneE48" begin="80" end="80" number="1"/>
<flow id="car78" type="carType0" from="bottomrightU" to="-gneE7" begin="80" end="80" number="1"/>
<flow id="car79" type="carType1" from="gneE46" to="topleftD" begin="81" end="81" number="1"/>
<flow id="car80" type="carType2" from="gneE42" to="bottomrightU" begin="86" end="86" number="1"/>
<flow id="car81" type="carType0" from="gneE9" to="-gneE50" begin="87" end="87" number="1"/>
<flow id="car82" type="carType1" from="bottomrightU" to="-gneE27" begin="87" end="87" number="1"/>
<flow id="car83" type="carType0" from="-gneE7" to="gneE51" begin="88" end="88" number="1"/>
<flow id="car84" type="carType1" from="toprightD" to="gneE8" begin="88" end="88" number="1"/>
<flow id="car85" type="carType2" from="bottomrightU" to="-gneE48" begin="92" end="92" number="1"/>
<flow id="car86" type="carType2" from="gneE27" to="toprightD" begin="93" end="93" number="1"/>
<flow id="car87" type="carType0" from="-gneE50" to="gneE29" begin="95" end="95" number="1"/>
<flow id="car88" type="carType0" from="gneE34" to="gneE30" begin="95" end="95" number="1"/>
<flow id="car89" type="carType0" from="-gneE43" to="-gneE33" begin="96" end="96" number="1"/>
<flow id="car90" type="carType0" from="bottomleftU" to="-gneE50" begin="96" end="96" number="1"/>
<flow id="car91" type="carType2" from="gneE34" to="gneE42" begin="96" end="96" number="1"/>
<flow id="car92" type="carType2" from="-gneE44" to="gneE18" begin="98" end="98" number="1"/>
<flow id="car93" type="carType0" from="gneE50" to="-gneE18" begin="100" end="100" number="1"/>
<flow id="car94" type="carType2" from="-gneE50" to="gneE48" begin="103" end="103" number="1"/>
<flow id="car95" type="carType2" from="gneE28" to="gneE51" begin="103" end="103" number="1"/>
<flow id="car96" type="carType1" from="-gneE27" to="toprightL" begin="103" end="103" number="1"/>
<flow id="car97" type="carType1" from="toprightD" to="-gneE28" begin="104" end="104" number="1"/>
<flow id="car98" type="carType1" from="gneE34" to="gneE9" begin="104" end="104" number="1"/>
<flow id="car99" type="carType2" from="-gneE33" to="gneE27" begin="105" end="105" number="1"/>
<flow id="car100" type="carType0" from="topleftR" to="-gneE45" begin="106" end="106" number="1"/>
<flow id="car101" type="carType2" from="gneE8" to="-gneE7" begin="108" end="108" number="1"/>
<flow id="car102" type="carType0" from="gneE18" to="-gneE33" begin="110" end="110" number="1"/>
<flow id="car103" type="carType1" from="bottomrightL" to="-gneE21" begin="115" end="115" number="1"/>
<flow id="car104" type="carType0" from="gneE22" to="gneE30" begin="116" end="116" number="1"/>
<flow id="car105" type="carType0" from="-gneE37" to="toprightD" begin="118" end="118" number="1"/>
<flow id="car106" type="carType2" from="gneE51" to="gneE42" begin="122" end="122" number="1"/>
<flow id="car107" type="carType1" from="-gneE50" to="-gneE13" begin="124" end="124" number="1"/>
<flow id="car108" type="carType1" from="-gneE34" to="gneE48" begin="125" end="125" number="1"/>
<flow id="car109" type="carType2" from="topleftR" to="-gneE50" begin="125" end="125" number="1"/>
<flow id="car110" type="carType1" from="gneE51" to="bottomrightL" begin="125" end="125" number="1"/>
<flow id="car111" type="carType1" from="toprightL" to="-gneE13" begin="126" end="126" number="1"/>
<flow id="car112" type="carType2" from="bottomrightL" to="bottomleftU" begin="126" end="126" number="1"/>
<flow id="car113" type="carType2" from="-gneE44" to="-gneE48" begin="126" end="126" number="1"/>
<flow id="car114" type="carType1" from="-gneE51" to="topleftR" begin="127" end="127" number="1"/>
<flow id="car115" type="carType2" from="-gneE13" to="-gneE49" begin="128" end="128" number="1"/>
<flow id="car116" type="carType0" from="bottomrightU" to="toprightD" begin="129" end="129" number="1"/>
<flow id="car117" type="carType2" from="-gneE45" to="gneE30" begin="129" end="129" number="1"/>
<flow id="car118" type="carType0" from="gneE35" to="-gneE28" begin="129" end="129" number="1"/>
<flow id="car119" type="carType0" from="-gneE48" to="-gneE28" begin="130" end="130" number="1"/>
<flow id="car120" type="carType2" from="gneE48" to="gneE50" begin="134" end="134" number="1"/>
<flow id="car121" type="carType1" from="-gneE45" to="topleftD" begin="134" end="134" number="1"/>
<flow id="car122" type="carType2" from="gneE22" to="gneE45" begin="134" end="134" number="1"/>
<flow id="car123" type="carType2" from="bottomleftU" to="gneE22" begin="134" end="134" number="1"/>
<flow id="car124" type="carType1" from="-gneE44" to="-gneE43" begin="135" end="135" number="1"/>
<flow id="car125" type="carType2" from="bottomleftR" to="gneE44" begin="139" end="139" number="1"/>
<flow id="car126" type="carType1" from="gneE30" to="gneE30" begin="139" end="139" number="1"/>
<flow id="car127" type="carType0" from="-gneE18" to="bottomrightL" begin="139" end="139" number="1"/>
<flow id="car128" type="carType1" from="-gneE8" to="gneE34" begin="140" end="140" number="1"/>
<flow id="car129" type="carType1" from="-gneE27" to="-gneE28" begin="140" end="140" number="1"/>
<flow id="car130" type="carType2" from="-gneE50" to="gneE22" begin="141" end="141" number="1"/>
<flow id="car131" type="carType1" from="gneE22" to="-gneE29" begin="142" end="142" number="1"/>
<flow id="car132" type="carType2" from="bottomleftU" to="-gneE7" begin="142" end="142" number="1"/>
<flow id="car133" type="carType0" from="toprightD" to="topleftR" begin="142" end="142" number="1"/>
<flow id="car134" type="carType2" from="-gneE42" to="-gneE37" begin="143" end="143" number="1"/>
<flow id="car135" type="carType2" from="-gneE34" to="gneE48" begin="144" end="144" number="1"/>
<flow id="car136" type="carType0" from="-gneE28" to="-gneE29" begin="144" end="144" number="1"/>
<flow id="car137" type="carType2" from="gneE21" to="gneE42" begin="145" end="145" number="1"/>
<flow id="car138" type="carType1" from="gneE37" to="topleftD" begin="145" end="145" number="1"/>
<flow id="car139" type="carType2" from="gneE43" to="-gneE7" begin="145" end="145" number="1"/>
<flow id="car140" type="carType0" from="-gneE34" to="gneE50" begin="146" end="146" number="1"/>
<flow id="car141" type="carType0" from="gneE44" to="gneE42" begin="148" end="148" number="1"/>
<flow id="car142" type="carType1" from="-gneE45" to="toprightD" begin="148" end="148" number="1"/>
<flow id="car143" type="carType1" from="-gneE28" to="gneE29" begin="149" end="149" number="1"/>
<flow id="car144" type="carType1" from="gneE9" to="bottomrightL" begin="150" end="150" number="1"/>
<flow id="car145" type="carType0" from="bottomleftR" to="-gneE44" begin="151" end="151" number="1"/>
<flow id="car146" type="carType0" from="gneE27" to="gneE42" begin="151" end="151" number="1"/>
<flow id="car147" type="carType2" from="-gneE42" to="-gneE13" begin="152" end="152" number="1"/>
<flow id="car148" type="carType1" from="gneE43" to="-gneE45" begin="153" end="153" number="1"/>
<flow id="car149" type="carType1" from="gneE34" to="gneE50" begin="153" end="153" number="1"/>
<flow id="car150" type="carType2" from="-gneE44" to="-gneE42" begin="153" end="153" number="1"/>
<flow id="car151" type="carType0" from="-gneE27" to="gneE44" begin="153" end="153" number="1"/>
<flow id="car152" type="carType2" from="toprightD" to="gneE49" begin="153" end="153" number="1"/>
<flow id="car153" type="carType0" from="gneE49" to="bottomleftU" begin="155" end="155" number="1"/>
<flow id="car154" type="carType2" from="gneE30" to="-gneE28" begin="156" end="156" number="1"/>
<flow id="car155" type="carType0" from="bottomrightU" to="gneE42" begin="157" end="157" number="1"/>
<flow id="car156" type="carType2" from="-gneE8" to="-gneE27" begin="158" end="158" number="1"/>
<flow id="car157" type="carType0" from="-gneE49" to="gneE44" begin="158" end="158" number="1"/>
<flow id="car158" type="carType0" from="gneE18" to="-gneE18" begin="159" end="159" number="1"/>
<flow id="car159" type="carType1" from="gneE29" to="toprightL" begin="159" end="159" number="1"/>
<flow id="car160" type="carType2" from="-gneE37" to="topleftR" begin="160" end="160" number="1"/>
<flow id="car161" type="carType1" from="gneE50" to="toprightL" begin="160" end="160" number="1"/>
<flow id="car162" type="carType2" from="gneE27" to="toprightL" begin="162" end="162" number="1"/>
<flow id="car163" type="carType1" from="-gneE48" to="gneE22" begin="163" end="163" number="1"/>
<flow id="car164" type="carType2" from="-gneE42" to="-gneE49" begin="163" end="163" number="1"/>
<flow id="car165" type="carType1" from="-gneE21" to="bottomrightU" begin="166" end="166" number="1"/>
<flow id="car166" type="carType1" from="gneE42" to="-gneE13" begin="166" end="166" number="1"/>
<flow id="car167" type="carType1" from="toprightL" to="gneE44" begin="166" end="166" number="1"/>
<flow id="car168" type="carType1" from="-gneE43" to="toprightD" begin="167" end="167" number="1"/>
<flow id="car169" type="carType1" from="toprightD" to="bottomrightL" begin="167" end="167" number="1"/>
<flow id="car170" type="carType1" from="gneE51" to="-gneE21" begin="167" end="167" number="1"/>
<flow id="car171" type="carType1" from="-gneE43" to="gneE21" begin="168" end="168" number="1"/>
<flow id="car172" type="carType0" from="gneE35" to="-gneE8" begin="169" end="169" number="1"/>
<flow id="car173" type="carType0" from="gneE27" to="bottomleftR" begin="173" end="173" number="1"/>
<flow id="car174" type="carType1" from="bottomrightU" to="-gneE27" begin="175" end="175" number="1"/>
<flow id="car175" type="carType2" from="-gneE37" to="gneE44" begin="175" end="175" number="1"/>
<flow id="car176" type="carType1" from="-gneE7" to="-gneE33" begin="177" end="177" number="1"/>
<flow id="car177" type="carType2" from="gneE22" to="gneE18" begin="178" end="178" number="1"/>
<flow id="car178" type="carType1" from="gneE48" to="bottomrightL" begin="179" end="179" number="1"/>
<flow id="car179" type="carType2" from="gneE35" to="gneE8" begin="179" end="179" number="1"/>
<flow id="car180" type="carType0" from="gneE35" to="gneE49" begin="182" end="182" number="1"/>
<flow id="car181" type="carType2" from="gneE28" to="-gneE49" begin="183" end="183" number="1"/>
<flow id="car182" type="carType0" from="gneE46" to="-gneE27" begin="183" end="183" number="1"/>
<flow id="car183" type="carType2" from="gneE44" to="gneE34" begin="184" end="184" number="1"/>
<flow id="car184" type="carType1" from="gneE22" to="-gneE18" begin="186" end="186" number="1"/>
<flow id="car185" type="carType2" from="-gneE42" to="-gneE49" begin="188" end="188" number="1"/>
<flow id="car186" type="carType0" from="-gneE49" to="gneE48" begin="190" end="190" number="1"/>
<flow id="car187" type="carType1" from="-gneE28" to="-gneE34" begin="191" end="191" number="1"/>
<flow id="car188" type="carType0" from="-gneE33" to="gneE28" begin="191" end="191" number="1"/>
<flow id="car189" type="carType2" from="bottomleftU" to="-gneE21" begin="191" end="191" number="1"/>
<flow id="car190" type="carType0" from="gneE51" to="gneE18" begin="191" end="191" number="1"/>
<flow id="car191" type="carType1" from="bottomleftU" to="gneE37" begin="193" end="193" number="1"/>
<flow id="car192" type="carType0" from="gneE50" to="-gneE13" begin="193" end="193" number="1"/>
<flow id="car193" type="carType1" from="gneE22" to="-gneE7" begin="194" end="194" number="1"/>
<flow id="car194" type="carType1" from="-gneE34" to="-gneE50" begin="194" end="194" number="1"/>
<flow id="car195" type="carType1" from="-gneE50" to="gneE9" begin="195" end="195" number="1"/>
<flow id="car196" type="carType2" from="gneE18" to="gneE50" begin="195" end="195" number="1"/>
<flow id="car197" type="carType1" from="gneE48" to="-gneE49" begin="195" end="195" number="1"/>
<flow id="car198" type="carType0" from="-gneE48" to="topleftD" begin="196" end="196" number="1"/>
<flow id="car199" type="carType1" from="gneE22" to="-gneE28" begin="199" end="199" number="1"/>
</routes>
