<routes>
<vType id="carType0" length="5" maxSpeed="40.26" accel="2.46" decel="4.12" speedDev="0.2" sigma="0.21"/>
<vType id="carType1" length="8" maxSpeed="59.7" accel="2.2" decel="4.86" speedDev="0.2" sigma="0.25"/>
<vType id="carType2" length="7" maxSpeed="44.13" accel="2.48" decel="4.73" speedDev="0.2" sigma="0.21"/>
<flow id="car0" type="carType1" from="-gneE34" to="gneE8" begin="0" end="0" number="1"/>
<flow id="car1" type="carType0" from="-gneE51" to="gneE37" begin="1" end="1" number="1"/>
<flow id="car2" type="carType1" from="-gneE51" to="gneE44" begin="3" end="3" number="1"/>
<flow id="car3" type="carType1" from="gneE22" to="gneE49" begin="5" end="5" number="1"/>
<flow id="car4" type="carType2" from="-gneE18" to="bottomrightL" begin="8" end="8" number="1"/>
<flow id="car5" type="carType2" from="-gneE43" to="gneE29" begin="8" end="8" number="1"/>
<flow id="car6" type="carType1" from="gneE51" to="-gneE7" begin="8" end="8" number="1"/>
<flow id="car7" type="carType0" from="gneE49" to="toprightL" begin="9" end="9" number="1"/>
<flow id="car8" type="carType1" from="bottomrightU" to="gneE29" begin="10" end="10" number="1"/>
<flow id="car9" type="carType2" from="gneE44" to="bottomrightL" begin="11" end="11" number="1"/>
<flow id="car10" type="carType0" from="-gneE13" to="gneE34" begin="13" end="13" number="1"/>
<flow id="car11" type="carType0" from="gneE44" to="bottomleftU" begin="13" end="13" number="1"/>
<flow id="car12" type="carType0" from="gneE50" to="gneE9" begin="16" end="16" number="1"/>
<flow id="car13" type="carType1" from="gneE48" to="bottomleftR" begin="16" end="16" number="1"/>
<flow id="car14" type="carType1" from="gneE21" to="-gneE50" begin="21" end="21" number="1"/>
<flow id="car15" type="carType0" from="-gneE48" to="gneE28" begin="22" end="22" number="1"/>
<flow id="car16" type="carType0" from="gneE37" to="-gneE7" begin="22" end="22" number="1"/>
<flow id="car17" type="carType1" from="-gneE42" to="-gneE44" begin="22" end="22" number="1"/>
<flow id="car18" type="carType1" from="gneE42" to="gneE8" begin="23" end="23" number="1"/>
<flow id="car19" type="carType1" from="gneE21" to="-gneE29" begin="24" end="24" number="1"/>
<flow id="car20" type="carType0" from="-gneE49" to="gneE8" begin="25" end="25" number="1"/>
<flow id="car21" type="carType2" from="gneE37" to="-gneE51" begin="26" end="26" number="1"/>
<flow id="car22" type="carType2" from="gneE35" to="-gneE45" begin="26" end="26" number="1"/>
<flow id="car23" type="carType1" from="gneE35" to="gneE18" begin="29" end="29" number="1"/>
<flow id="car24" type="carType0" from="-gneE29" to="gneE49" begin="30" end="30" number="1"/>
<flow id="car25" type="carType2" from="topleftD" to="gneE37" begin="32" end="32" number="1"/>
<flow id="car26" type="carType2" from="gneE30" to="gneE21" begin="32" end="32" number="1"/>
<flow id="car27" type="carType2" from="gneE37" to="gneE30" begin="38" end="38" number="1"/>
<flow id="car28" type="carType2" from="-gneE34" to="-gneE8" begin="38" end="38" number="1"/>
<flow id="car29" type="carType2" from="gneE50" to="bottomrightL" begin="38" end="38" number="1"/>
<flow id="car30" type="carType2" from="gneE9" to="gneE50" begin="39" end="39" number="1"/>
<flow id="car31" type="carType2" from="gneE44" to="-gneE18" begin="39" end="39" number="1"/>
<flow id="car32" type="carType2" from="toprightL" to="gneE27" begin="42" end="42" number="1"/>
<flow id="car33" type="carType0" from="gneE27" to="bottomleftU" begin="42" end="42" number="1"/>
<flow id="car34" type="carType2" from="-gneE43" to="gneE45" begin="43" end="43" number="1"/>
<flow id="car35" type="carType0" from="-gneE44" to="gneE8" begin="43" end="43" number="1"/>
<flow id="car36" type="carType0" from="-gneE42" to="gneE42" begin="44" end="44" number="1"/>
<flow id="car37" type="carType2" from="gneE35" to="gneE27" begin="45" end="45" number="1"/>
<flow id="car38" type="carType0" from="toprightL" to="gneE46" begin="46" end="46" number="1"/>
<flow id="car39" type="carType2" from="gneE50" to="-gneE34" begin="52" end="52" number="1"/>
<flow id="car40" type="carType1" from="-gneE33" to="gneE42" begin="53" end="53" number="1"/>
<flow id="car41" type="carType2" from="gneE44" to="gneE44" begin="55" end="55" number="1"/>
<flow id="car42" type="carType2" from="gneE45" to="gneE30" begin="56" end="56" number="1"/>
<flow id="car43" type="carType2" from="-gneE21" to="gneE29" begin="58" end="58" number="1"/>
<flow id="car44" type="carType2" from="bottomleftR" to="gneE44" begin="60" end="60" number="1"/>
<flow id="car45" type="carType2" from="gneE45" to="-gneE48" begin="61" end="61" number="1"/>
<flow id="car46" type="carType1" from="-gneE28" to="gneE8" begin="61" end="61" number="1"/>
<flow id="car47" type="carType2" from="-gneE8" to="-gneE33" begin="61" end="61" number="1"/>
<flow id="car48" type="carType2" from="gneE9" to="bottomleftU" begin="64" end="64" number="1"/>
<flow id="car49" type="carType0" from="bottomrightU" to="-gneE21" begin="65" end="65" number="1"/>
<flow id="car50" type="carType2" from="-gneE49" to="bottomrightU" begin="65" end="65" number="1"/>
<flow id="car51" type="carType2" from="gneE29" to="-gneE21" begin="66" end="66" number="1"/>
<flow id="car52" type="carType2" from="gneE22" to="-gneE44" begin="66" end="66" number="1"/>
<flow id="car53" type="carType1" from="toprightL" to="gneE48" begin="67" end="67" number="1"/>
<flow id="car54" type="carType0" from="bottomrightU" to="gneE46" begin="67" end="67" number="1"/>
<flow id="car55" type="carType0" from="gneE49" to="gneE21" begin="68" end="68" number="1"/>
<flow id="car56" type="carType0" from="-gneE7" to="gneE18" begin="68" end="68" number="1"/>
<flow id="car57" type="carType0" from="gneE49" to="-gneE34" begin="70" end="70" number="1"/>
<flow id="car58" type="carType0" from="gneE44" to="-gneE37" begin="72" end="72" number="1"/>
<flow id="car59" type="carType0" from="-gneE42" to="gneE50" begin="72" end="72" number="1"/>
<flow id="car60" type="carType0" from="gneE9" to="gneE45" begin="74" end="74" number="1"/>
<flow id="car61" type="carType0" from="gneE48" to="bottomrightL" begin="74" end="74" number="1"/>
<flow id="car62" type="carType2" from="gneE30" to="gneE48" begin="75" end="75" number="1"/>
<flow id="car63" type="carType1" from="-gneE8" to="-gneE21" begin="76" end="76" number="1"/>
<flow id="car64" type="carType2" from="gneE46" to="gneE28" begin="77" end="77" number="1"/>
<flow id="car65" type="carType1" from="gneE51" to="gneE18" begin="77" end="77" number="1"/>
<flow id="car66" type="carType2" from="gneE37" to="-gneE48" begin="77" end="77" number="1"/>
<flow id="car67" type="carType1" from="-gneE28" to="-gneE37" begin="77" end="77" number="1"/>
<flow id="car68" type="carType1" from="-gneE29" to="-gneE44" begin="78" end="78" number="1"/>
<flow id="car69" type="carType1" from="toprightL" to="gneE28" begin="79" end="79" number="1"/>
<flow id="car70" type="carType2" from="bottomleftU" to="-gneE28" begin="80" end="80" number="1"/>
<flow id="car71" type="carType1" from="-gneE8" to="-gneE42" begin="80" end="80" number="1"/>
<flow id="car72" type="carType1" from="-gneE42" to="gneE30" begin="81" end="81" number="1"/>
<flow id="car73" type="carType0" from="-gneE43" to="bottomrightU" begin="81" end="81" number="1"/>
<flow id="car74" type="carType1" from="gneE29" to="gneE37" begin="83" end="83" number="1"/>
<flow id="car75" type="carType1" from="-gneE7" to="topleftR" begin="84" end="84" number="1"/>
<flow id="car76" type="carType1" from="gneE42" to="gneE29" begin="85" end="85" number="1"/>
<flow id="car77" type="carType1" from="gneE18" to="gneE49" begin="85" end="85" number="1"/>
<flow id="car78" type="carType2" from="gneE48" to="gneE43" begin="85" end="85" number="1"/>
<flow id="car79" type="carType0" from="gneE46" to="-gneE13" begin="86" end="86" number="1"/>
<flow id="car80" type="carType1" from="-gneE48" to="-gneE27" begin="86" end="86" number="1"/>
<flow id="car81" type="carType0" from="gneE51" to="bottomrightL" begin="87" end="87" number="1"/>
<flow id="car82" type="carType0" from="bottomrightU" to="gneE34" begin="89" end="89" number="1"/>
<flow id="car83" type="carType2" from="gneE37" to="-gneE43" begin="89" end="89" number="1"/>
<flow id="car84" type="carType2" from="-gneE51" to="gneE21" begin="90" end="90" number="1"/>
<flow id="car85" type="carType2" from="gneE34" to="gneE18" begin="90" end="90" number="1"/>
<flow id="car86" type="carType2" from="-gneE44" to="gneE22" begin="91" end="91" number="1"/>
<flow id="car87" type="carType0" from="gneE42" to="-gneE48" begin="92" end="92" number="1"/>
<flow id="car88" type="carType1" from="-gneE27" to="gneE44" begin="92" end="92" number="1"/>
<flow id="car89" type="carType1" from="-gneE43" to="topleftR" begin="92" end="92" number="1"/>
<flow id="car90" type="carType1" from="-gneE45" to="-gneE45" begin="93" end="93" number="1"/>
<flow id="car91" type="carType0" from="gneE21" to="-gneE7" begin="95" end="95" number="1"/>
<flow id="car92" type="carType2" from="-gneE48" to="gneE29" begin="95" end="95" number="1"/>
<flow id="car93" type="carType2" from="gneE21" to="-gneE51" begin="95" end="95" number="1"/>
<flow id="car94" type="carType0" from="gneE46" to="gneE35" begin="96" end="96" number="1"/>
<flow id="car95" type="carType0" from="-gneE44" to="gneE18" begin="97" end="97" number="1"/>
<flow id="car96" type="carType1" from="-gneE44" to="gneE29" begin="97" end="97" number="1"/>
<flow id="car97" type="carType2" from="-gneE37" to="gneE46" begin="97" end="97" number="1"/>
<flow id="car98" type="carType0" from="gneE46" to="-gneE45" begin="98" end="98" number="1"/>
<flow id="car99" type="carType2" from="gneE37" to="toprightD" begin="100" end="100" number="1"/>
<flow id="car100" type="carType1" from="gneE46" to="gneE43" begin="104" end="104" number="1"/>
<flow id="car101" type="carType1" from="-gneE13" to="gneE45" begin="105" end="105" number="1"/>
<flow id="car102" type="carType0" from="-gneE21" to="-gneE34" begin="105" end="105" number="1"/>
<flow id="car103" type="carType0" from="-gneE43" to="-gneE13" begin="106" end="106" number="1"/>
<flow id="car104" type="carType1" from="-gneE8" to="-gneE13" begin="108" end="108" number="1"/>
<flow id="car105" type="carType0" from="bottomleftU" to="topleftD" begin="108" end="108" number="1"/>
<flow id="car106" type="carType1" from="-gneE50" to="-gneE29" begin="109" end="109" number="1"/>
<flow id="car107" type="carType2" from="-gneE45" to="-gneE29" begin="109" end="109" number="1"/>
<flow id="car108" type="carType2" from="-gneE27" to="gneE21" begin="115" end="115" number="1"/>
<flow id="car109" type="carType0" from="gneE37" to="-gneE43" begin="115" end="115" number="1"/>
<flow id="car110" type="carType1" from="-gneE50" to="gneE34" begin="117" end="117" number="1"/>
<flow id="car111" type="carType2" from="gneE9" to="gneE42" begin="118" end="118" number="1"/>
<flow id="car112" type="carType0" from="-gneE43" to="-gneE33" begin="119" end="119" number="1"/>
<flow id="car113" type="carType2" from="-gneE51" to="bottomleftR" begin="121" end="121" number="1"/>
<flow id="car114" type="carType2" from="toprightL" to="-gneE42" begin="122" end="122" number="1"/>
<flow id="car115" type="carType0" from="gneE21" to="toprightL" begin="123" end="123" number="1"/>
<flow id="car116" type="carType0" from="topleftR" to="bottomleftR" begin="124" end="124" number="1"/>
<flow id="car117" type="carType0" from="bottomleftR" to="-gneE33" begin="125" end="125" number="1"/>
<flow id="car118" type="carType2" from="gneE50" to="-gneE21" begin="126" end="126" number="1"/>
<flow id="car119" type="carType1" from="-gneE8" to="gneE27" begin="126" end="126" number="1"/>
<flow id="car120" type="carType2" from="gneE35" to="bottomrightL" begin="127" end="127" number="1"/>
<flow id="car121" type="carType1" from="-gneE43" to="-gneE7" begin="128" end="128" number="1"/>
<flow id="car122" type="carType1" from="gneE44" to="-gneE7" begin="129" end="129" number="1"/>
<flow id="car123" type="carType0" from="gneE8" to="gneE49" begin="129" end="129" number="1"/>
<flow id="car124" type="carType1" from="gneE27" to="gneE28" begin="129" end="129" number="1"/>
<flow id="car125" type="carType2" from="gneE35" to="gneE30" begin="130" end="130" number="1"/>
<flow id="car126" type="carType2" from="-gneE50" to="-gneE50" begin="131" end="131" number="1"/>
<flow id="car127" type="carType2" from="-gneE44" to="gneE51" begin="131" end="131" number="1"/>
<flow id="car128" type="carType0" from="-gneE7" to="gneE35" begin="133" end="133" number="1"/>
<flow id="car129" type="carType0" from="gneE21" to="topleftR" begin="134" end="134" number="1"/>
<flow id="car130" type="carType2" from="gneE8" to="-gneE18" begin="137" end="137" number="1"/>
<flow id="car131" type="carType0" from="-gneE21" to="gneE51" begin="143" end="143" number="1"/>
<flow id="car132" type="carType2" from="-gneE43" to="-gneE33" begin="144" end="144" number="1"/>
<flow id="car133" type="carType0" from="gneE49" to="gneE51" begin="145" end="145" number="1"/>
<flow id="car134" type="carType1" from="gneE45" to="-gneE37" begin="145" end="145" number="1"/>
<flow id="car135" type="carType1" from="gneE27" to="bottomleftU" begin="147" end="147" number="1"/>
<flow id="car136" type="carType0" from="-gneE51" to="toprightL" begin="150" end="150" number="1"/>
<flow id="car137" type="carType1" from="gneE50" to="gneE34" begin="151" end="151" number="1"/>
<flow id="car138" type="carType0" from="gneE48" to="-gneE8" begin="153" end="153" number="1"/>
<flow id="car139" type="carType0" from="-gneE18" to="toprightD" begin="154" end="154" number="1"/>
<flow id="car140" type="carType2" from="gneE51" to="-gneE33" begin="154" end="154" number="1"/>
<flow id="car141" type="carType0" from="gneE21" to="gneE37" begin="155" end="155" number="1"/>
<flow id="car142" type="carType1" from="-gneE27" to="gneE35" begin="155" end="155" number="1"/>
<flow id="car143" type="carType1" from="-gneE51" to="gneE43" begin="156" end="156" number="1"/>
<flow id="car144" type="carType0" from="-gneE50" to="gneE37" begin="156" end="156" number="1"/>
<flow id="car145" type="carType2" from="gneE22" to="-gneE18" begin="156" end="156" number="1"/>
<flow id="car146" type="carType1" from="toprightL" to="gneE44" begin="157" end="157" number="1"/>
<flow id="car147" type="carType1" from="gneE50" to="gneE51" begin="159" end="159" number="1"/>
<flow id="car148" type="carType2" from="gneE49" to="-gneE33" begin="159" end="159" number="1"/>
<flow id="car149" type="carType0" from="gneE48" to="-gneE18" begin="161" end="161" number="1"/>
<flow id="car150" type="carType2" from="gneE49" to="gneE35" begin="161" end="161" number="1"/>
<flow id="car151" type="carType1" from="gneE18" to="-gneE51" begin="161" end="161" number="1"/>
<flow id="car152" type="carType1" from="-gneE28" to="-gneE48" begin="162" end="162" number="1"/>
<flow id="car153" type="carType1" from="gneE30" to="gneE21" begin="162" end="162" number="1"/>
<flow id="car154" type="carType1" from="bottomrightL" to="bottomrightU" begin="162" end="162" number="1"/>
<flow id="car155" type="carType2" from="gneE51" to="toprightL" begin="163" end="163" number="1"/>
<flow id="car156" type="carType1" from="-gneE27" to="gneE29" begin="164" end="164" number="1"/>
<flow id="car157" type="carType2" from="gneE35" to="gneE50" begin="164" end="164" number="1"/>
<flow id="car158" type="carType1" from="-gneE7" to="gneE49" begin="164" end="164" number="1"/>
<flow id="car159" type="carType0" from="gneE50" to="gneE18" begin="165" end="165" number="1"/>
<flow id="car160" type="carType0" from="gneE49" to="-gneE43" begin="165" end="165" number="1"/>
<flow id="car161" type="carType1" from="-gneE8" to="gneE37" begin="166" end="166" number="1"/>
<flow id="car162" type="carType1" from="gneE18" to="-gneE44" begin="167" end="167" number="1"/>
<flow id="car163" type="carType0" from="-gneE7" to="gneE28" begin="168" end="168" number="1"/>
<flow id="car164" type="carType2" from="gneE34" to="-gneE28" begin="170" end="170" number="1"/>
<flow id="car165" type="carType0" from="-gneE21" to="-gneE50" begin="171" end="171" number="1"/>
<flow id="car166" type="carType2" from="gneE34" to="gneE37" begin="172" end="172" number="1"/>
<flow id="car167" type="carType1" from="-gneE27" to="-gneE42" begin="172" end="172" number="1"/>
<flow id="car168" type="carType1" from="gneE35" to="topleftD" begin="174" end="174" number="1"/>
<flow id="car169" type="carType1" from="-gneE18" to="gneE46" begin="176" end="176" number="1"/>
<flow id="car170" type="carType0" from="gneE27" to="gneE35" begin="178" end="178" number="1"/>
<flow id="car171" type="carType2" from="gneE22" to="-gneE50" begin="178" end="178" number="1"/>
<flow id="car172" type="carType2" from="-gneE18" to="-gneE13" begin="180" end="180" number="1"/>
<flow id="car173" type="carType0" from="gneE45" to="topleftR" begin="180" end="180" number="1"/>
<flow id="car174" type="carType1" from="gneE21" to="-gneE50" begin="181" end="181" number="1"/>
<flow id="car175" type="carType2" from="-gneE43" to="gneE35" begin="181" end="181" number="1"/>
<flow id="car176" type="carType0" from="-gneE7" to="gneE21" begin="181" end="181" number="1"/>
<flow id="car177" type="carType0" from="-gneE45" to="gneE35" begin="181" end="181" number="1"/>
<flow id="car178" type="carType1" from="-gneE7" to="gneE27" begin="181" end="181" number="1"/>
<flow id="car179" type="carType1" from="gneE46" to="gneE44" begin="182" end="182" number="1"/>
<flow id="car180" type="carType2" from="-gneE50" to="gneE48" begin="184" end="184" number="1"/>
<flow id="car181" type="carType0" from="-gneE21" to="-gneE48" begin="186" end="186" number="1"/>
<flow id="car182" type="carType0" from="-gneE7" to="gneE51" begin="187" end="187" number="1"/>
<flow id="car183" type="carType1" from="-gneE50" to="-gneE42" begin="187" end="187" number="1"/>
<flow id="car184" type="carType2" from="-gneE21" to="gneE21" begin="187" end="187" number="1"/>
<flow id="car185" type="carType1" from="bottomrightL" to="-gneE51" begin="188" end="188" number="1"/>
<flow id="car186" type="carType0" from="bottomrightL" to="-gneE21" begin="189" end="189" number="1"/>
<flow id="car187" type="carType0" from="-gneE50" to="-gneE43" begin="189" end="189" number="1"/>
<flow id="car188" type="carType1" from="-gneE50" to="-gneE29" begin="190" end="190" number="1"/>
<flow id="car189" type="carType1" from="gneE27" to="bottomleftU" begin="190" end="190" number="1"/>
<flow id="car190" type="carType1" from="-gneE49" to="gneE34" begin="190" end="190" number="1"/>
<flow id="car191" type="carType0" from="gneE18" to="bottomrightL" begin="190" end="190" number="1"/>
<flow id="car192" type="carType1" from="gneE18" to="-gneE44" begin="190" end="190" number="1"/>
<flow id="car193" type="carType2" from="bottomrightU" to="-gneE18" begin="191" end="191" number="1"/>
<flow id="car194" type="carType1" from="gneE9" to="-gneE7" begin="192" end="192" number="1"/>
<flow id="car195" type="carType0" from="-gneE33" to="-gneE21" begin="194" end="194" number="1"/>
<flow id="car196" type="carType1" from="topleftR" to="gneE44" begin="194" end="194" number="1"/>
<flow id="car197" type="carType1" from="-gneE49" to="gneE48" begin="195" end="195" number="1"/>
<flow id="car198" type="carType0" from="bottomrightL" to="gneE51" begin="198" end="198" number="1"/>
<flow id="car199" type="carType2" from="gneE34" to="-gneE37" begin="199" end="199" number="1"/>
</routes>
