<routes>
<vType id="carType0" length="5" maxSpeed="50.14" accel="2.47" decel="4.44" speedDev="0.2" sigma="0.29"/>
<vType id="carType1" length="8" maxSpeed="54.07" accel="2.35" decel="5.24" speedDev="0.2" sigma="0.13"/>
<vType id="carType2" length="5" maxSpeed="41.27" accel="2.84" decel="4.87" speedDev="0.2" sigma="0.18"/>
<flow id="car0" type="carType2" from="gneE27" to="-gneE42" begin="0" end="0" number="1"/>
<flow id="car1" type="carType2" from="-gneE28" to="-gneE29" begin="2" end="2" number="1"/>
<flow id="car2" type="carType0" from="gneE46" to="-gneE13" begin="4" end="4" number="1"/>
<flow id="car3" type="carType1" from="-gneE28" to="-gneE44" begin="6" end="6" number="1"/>
<flow id="car4" type="carType2" from="-gneE34" to="-gneE34" begin="6" end="6" number="1"/>
<flow id="car5" type="carType2" from="-gneE42" to="gneE50" begin="6" end="6" number="1"/>
<flow id="car6" type="carType1" from="-gneE21" to="bottomrightU" begin="7" end="7" number="1"/>
<flow id="car7" type="carType0" from="-gneE21" to="-gneE7" begin="7" end="7" number="1"/>
<flow id="car8" type="carType2" from="-gneE43" to="-gneE42" begin="8" end="8" number="1"/>
<flow id="car9" type="carType1" from="gneE28" to="-gneE50" begin="8" end="8" number="1"/>
<flow id="car10" type="carType2" from="bottomrightU" to="gneE44" begin="8" end="8" number="1"/>
<flow id="car11" type="carType1" from="-gneE21" to="gneE44" begin="8" end="8" number="1"/>
<flow id="car12" type="carType1" from="gneE46" to="-gneE44" begin="10" end="10" number="1"/>
<flow id="car13" type="carType0" from="-gneE8" to="gneE27" begin="11" end="11" number="1"/>
<flow id="car14" type="carType1" from="gneE51" to="bottomrightL" begin="12" end="12" number="1"/>
<flow id="car15" type="carType1" from="-gneE28" to="-gneE45" begin="14" end="14" number="1"/>
<flow id="car16" type="carType1" from="-gneE13" to="gneE43" begin="14" end="14" number="1"/>
<flow id="car17" type="carType1" from="gneE22" to="gneE44" begin="16" end="16" number="1"/>
<flow id="car18" type="carType2" from="-gneE51" to="gneE28" begin="20" end="20" number="1"/>
<flow id="car19" type="carType1" from="topleftD" to="gneE27" begin="20" end="20" number="1"/>
<flow id="car20" type="carType0" from="gneE48" to="gneE51" begin="23" end="23" number="1"/>
<flow id="car21" type="carType2" from="topleftD" to="-gneE45" begin="24" end="24" number="1"/>
<flow id="car22" type="carType0" from="gneE21" to="-gneE7" begin="25" end="25" number="1"/>
<flow id="car23" type="carType0" from="-gneE21" to="gneE18" begin="29" end="29" number="1"/>
<flow id="car24" type="carType0" from="-gneE21" to="-gneE50" begin="30" end="30" number="1"/>
<flow id="car25" type="carType2" from="-gneE21" to="gneE44" begin="30" end="30" number="1"/>
<flow id="car26" type="carType1" from="gneE9" to="gneE49" begin="31" end="31" number="1"/>
<flow id="car27" type="carType0" from="-gneE7" to="gneE46" begin="32" end="32" number="1"/>
<flow id="car28" type="carType1" from="gneE22" to="gneE48" begin="32" end="32" number="1"/>
<flow id="car29" type="carType2" from="-gneE27" to="-gneE49" begin="35" end="35" number="1"/>
<flow id="car30" type="carType2" from="bottomrightU" to="-gneE37" begin="35" end="35" number="1"/>
<flow id="car31" type="carType2" from="gneE30" to="-gneE37" begin="37" end="37" number="1"/>
<flow id="car32" type="carType2" from="-gneE42" to="gneE29" begin="37" end="37" number="1"/>
<flow id="car33" type="carType0" from="gneE18" to="-gneE34" begin="39" end="39" number="1"/>
<flow id="car34" type="carType2" from="-gneE43" to="gneE9" begin="39" end="39" number="1"/>
<flow id="car35" type="carType1" from="bottomleftR" to="gneE21" begin="40" end="40" number="1"/>
<flow id="car36" type="carType1" from="gneE28" to="gneE51" begin="40" end="40" number="1"/>
<flow id="car37" type="carType0" from="gneE34" to="-gneE27" begin="46" end="46" number="1"/>
<flow id="car38" type="carType1" from="gneE35" to="-gneE21" begin="47" end="47" number="1"/>
<flow id="car39" type="carType1" from="gneE42" to="gneE21" begin="49" end="49" number="1"/>
<flow id="car40" type="carType0" from="-gneE13" to="gneE18" begin="50" end="50" number="1"/>
<flow id="car41" type="carType1" from="-gneE7" to="gneE42" begin="51" end="51" number="1"/>
<flow id="car42" type="carType1" from="gneE9" to="-gneE34" begin="51" end="51" number="1"/>
<flow id="car43" type="carType1" from="-gneE33" to="gneE35" begin="52" end="52" number="1"/>
<flow id="car44" type="carType1" from="-gneE37" to="-gneE33" begin="53" end="53" number="1"/>
<flow id="car45" type="carType2" from="bottomrightL" to="gneE45" begin="54" end="54" number="1"/>
<flow id="car46" type="carType0" from="gneE48" to="gneE30" begin="55" end="55" number="1"/>
<flow id="car47" type="carType1" from="bottomrightU" to="gneE50" begin="55" end="55" number="1"/>
<flow id="car48" type="carType0" from="gneE49" to="gneE37" begin="57" end="57" number="1"/>
<flow id="car49" type="carType2" from="gneE30" to="gneE44" begin="59" end="59" number="1"/>
<flow id="car50" type="carType1" from="gneE48" to="gneE48" begin="59" end="59" number="1"/>
<flow id="car51" type="carType2" from="toprightD" to="gneE9" begin="60" end="60" number="1"/>
<flow id="car52" type="carType2" from="gneE29" to="-gneE43" begin="60" end="60" number="1"/>
<flow id="car53" type="carType0" from="gneE35" to="gneE46" begin="63" end="63" number="1"/>
<flow id="car54" type="carType0" from="topleftD" to="bottomleftU" begin="64" end="64" number="1"/>
<flow id="car55" type="carType2" from="-gneE13" to="-gneE8" begin="64" end="64" number="1"/>
<flow id="car56" type="carType0" from="-gneE50" to="-gneE37" begin="66" end="66" number="1"/>
<flow id="car57" type="carType0" from="-gneE49" to="gneE46" begin="67" end="67" number="1"/>
<flow id="car58" type="carType1" from="toprightD" to="gneE9" begin="67" end="67" number="1"/>
<flow id="car59" type="carType1" from="-gneE37" to="gneE28" begin="67" end="67" number="1"/>
<flow id="car60" type="carType0" from="topleftR" to="gneE27" begin="69" end="69" number="1"/>
<flow id="car61" type="carType1" from="gneE22" to="-gneE29" begin="69" end="69" number="1"/>
<flow id="car62" type="carType2" from="bottomrightU" to="gneE46" begin="70" end="70" number="1"/>
<flow id="car63" type="carType1" from="gneE37" to="gneE8" begin="72" end="72" number="1"/>
<flow id="car64" type="carType2" from="-gneE44" to="-gneE8" begin="74" end="74" number="1"/>
<flow id="car65" type="carType0" from="-gneE27" to="gneE48" begin="74" end="74" number="1"/>
<flow id="car66" type="carType1" from="gneE45" to="-gneE48" begin="77" end="77" number="1"/>
<flow id="car67" type="carType0" from="-gneE42" to="gneE22" begin="77" end="77" number="1"/>
<flow id="car68" type="carType2" from="-gneE8" to="toprightD" begin="78" end="78" number="1"/>
<flow id="car69" type="carType2" from="-gneE7" to="-gneE50" begin="79" end="79" number="1"/>
<flow id="car70" type="carType2" from="-gneE48" to="gneE46" begin="80" end="80" number="1"/>
<flow id="car71" type="carType2" from="gneE34" to="-gneE51" begin="80" end="80" number="1"/>
<flow id="car72" type="carType1" from="gneE29" to="gneE30" begin="81" end="81" number="1"/>
<flow id="car73" type="carType0" from="gneE21" to="gneE29" begin="81" end="81" number="1"/>
<flow id="car74" type="carType1" from="gneE8" to="-gneE28" begin="81" end="81" number="1"/>
<flow id="car75" type="carType1" from="-gneE45" to="bottomrightL" begin="81" end="81" number="1"/>
<flow id="car76" type="carType2" from="-gneE37" to="gneE51" begin="84" end="84" number="1"/>
<flow id="car77" type="carType0" from="-gneE45" to="bottomleftU" begin="85" end="85" number="1"/>
<flow id="car78" type="carType1" from="-gneE43" to="topleftD" begin="86" end="86" number="1"/>
<flow id="car79" type="carType0" from="-gneE28" to="gneE9" begin="86" end="86" number="1"/>
<flow id="car80" type="carType1" from="-gneE18" to="topleftD" begin="86" end="86" number="1"/>
<flow id="car81" type="carType0" from="gneE28" to="-gneE7" begin="88" end="88" number="1"/>
<flow id="car82" type="carType1" from="gneE27" to="gneE18" begin="89" end="89" number="1"/>
<flow id="car83" type="carType1" from="-gneE37" to="-gneE7" begin="90" end="90" number="1"/>
<flow id="car84" type="carType2" from="-gneE37" to="-gneE18" begin="92" end="92" number="1"/>
<flow id="car85" type="carType0" from="gneE48" to="gneE9" begin="92" end="92" number="1"/>
<flow id="car86" type="carType0" from="topleftD" to="-gneE13" begin="93" end="93" number="1"/>
<flow id="car87" type="carType2" from="toprightD" to="gneE46" begin="93" end="93" number="1"/>
<flow id="car88" type="carType1" from="toprightD" to="gneE49" begin="93" end="93" number="1"/>
<flow id="car89" type="carType0" from="bottomrightU" to="gneE21" begin="94" end="94" number="1"/>
<flow id="car90" type="carType0" from="-gneE29" to="-gneE28" begin="94" end="94" number="1"/>
<flow id="car91" type="carType0" from="-gneE44" to="gneE45" begin="95" end="95" number="1"/>
<flow id="car92" type="carType0" from="gneE43" to="-gneE21" begin="95" end="95" number="1"/>
<flow id="car93" type="carType2" from="-gneE29" to="gneE35" begin="95" end="95" number="1"/>
<flow id="car94" type="carType1" from="gneE44" to="gneE42" begin="97" end="97" number="1"/>
<flow id="car95" type="carType2" from="-gneE8" to="-gneE18" begin="99" end="99" number="1"/>
<flow id="car96" type="carType2" from="-gneE18" to="gneE8" begin="99" end="99" number="1"/>
<flow id="car97" type="carType0" from="-gneE7" to="gneE45" begin="99" end="99" number="1"/>
<flow id="car98" type="carType1" from="-gneE13" to="gneE21" begin="102" end="102" number="1"/>
<flow id="car99" type="carType2" from="toprightL" to="-gneE34" begin="103" end="103" number="1"/>
<flow id="car100" type="carType2" from="-gneE13" to="-gneE27" begin="103" end="103" number="1"/>
<flow id="car101" type="carType0" from="gneE22" to="-gneE44" begin="105" end="105" number="1"/>
<flow id="car102" type="carType2" from="gneE30" to="-gneE18" begin="105" end="105" number="1"/>
<flow id="car103" type="carType0" from="-gneE44" to="gneE50" begin="107" end="107" number="1"/>
<flow id="car104" type="carType0" from="topleftD" to="-gneE28" begin="107" end="107" number="1"/>
<flow id="car105" type="carType1" from="-gneE42" to="gneE45" begin="108" end="108" number="1"/>
<flow id="car106" type="carType2" from="-gneE43" to="-gneE33" begin="109" end="109" number="1"/>
<flow id="car107" type="carType2" from="gneE21" to="gneE29" begin="109" end="109" number="1"/>
<flow id="car108" type="carType2" from="gneE46" to="gneE8" begin="110" end="110" number="1"/>
<flow id="car109" type="carType2" from="gneE18" to="-gneE48" begin="113" end="113" number="1"/>
<flow id="car110" type="carType2" from="gneE48" to="gneE50" begin="114" end="114" number="1"/>
<flow id="car111" type="carType2" from="gneE48" to="gneE34" begin="114" end="114" number="1"/>
<flow id="car112" type="carType0" from="gneE28" to="bottomleftR" begin="114" end="114" number="1"/>
<flow id="car113" type="carType1" from="-gneE27" to="-gneE50" begin="114" end="114" number="1"/>
<flow id="car114" type="carType2" from="bottomrightL" to="gneE22" begin="114" end="114" number="1"/>
<flow id="car115" type="carType0" from="-gneE44" to="topleftR" begin="115" end="115" number="1"/>
<flow id="car116" type="carType1" from="-gneE51" to="-gneE21" begin="116" end="116" number="1"/>
<flow id="car117" type="carType2" from="-gneE45" to="gneE8" begin="117" end="117" number="1"/>
<flow id="car118" type="carType1" from="-gneE34" to="-gneE28" begin="117" end="117" number="1"/>
<flow id="car119" type="carType2" from="gneE49" to="gneE8" begin="120" end="120" number="1"/>
<flow id="car120" type="carType0" from="gneE8" to="-gneE45" begin="120" end="120" number="1"/>
<flow id="car121" type="carType0" from="-gneE45" to="gneE35" begin="120" end="120" number="1"/>
<flow id="car122" type="carType1" from="-gneE7" to="gneE22" begin="121" end="121" number="1"/>
<flow id="car123" type="carType0" from="gneE9" to="gneE51" begin="122" end="122" number="1"/>
<flow id="car124" type="carType2" from="gneE50" to="-gneE43" begin="122" end="122" number="1"/>
<flow id="car125" type="carType0" from="bottomleftR" to="gneE51" begin="124" end="124" number="1"/>
<flow id="car126" type="carType1" from="gneE35" to="gneE44" begin="125" end="125" number="1"/>
<flow id="car127" type="carType2" from="-gneE27" to="gneE44" begin="125" end="125" number="1"/>
<flow id="car128" type="carType1" from="-gneE33" to="-gneE34" begin="127" end="127" number="1"/>
<flow id="car129" type="carType1" from="-gneE7" to="gneE46" begin="128" end="128" number="1"/>
<flow id="car130" type="carType0" from="-gneE43" to="-gneE7" begin="128" end="128" number="1"/>
<flow id="car131" type="carType0" from="gneE49" to="gneE8" begin="129" end="129" number="1"/>
<flow id="car132" type="carType1" from="-gneE27" to="topleftD" begin="130" end="130" number="1"/>
<flow id="car133" type="carType2" from="-gneE45" to="-gneE34" begin="130" end="130" number="1"/>
<flow id="car134" type="carType0" from="toprightL" to="gneE37" begin="131" end="131" number="1"/>
<flow id="car135" type="carType2" from="-gneE27" to="gneE34" begin="132" end="132" number="1"/>
<flow id="car136" type="carType0" from="gneE34" to="bottomleftR" begin="132" end="132" number="1"/>
<flow id="car137" type="carType1" from="-gneE21" to="-gneE8" begin="134" end="134" number="1"/>
<flow id="car138" type="carType0" from="-gneE49" to="gneE9" begin="134" end="134" number="1"/>
<flow id="car139" type="carType0" from="gneE42" to="-gneE43" begin="135" end="135" number="1"/>
<flow id="car140" type="carType1" from="bottomleftR" to="gneE21" begin="136" end="136" number="1"/>
<flow id="car141" type="carType0" from="gneE30" to="gneE35" begin="137" end="137" number="1"/>
<flow id="car142" type="carType0" from="gneE43" to="gneE50" begin="138" end="138" number="1"/>
<flow id="car143" type="carType2" from="gneE8" to="gneE18" begin="139" end="139" number="1"/>
<flow id="car144" type="carType2" from="-gneE27" to="gneE9" begin="140" end="140" number="1"/>
<flow id="car145" type="carType2" from="-gneE42" to="gneE30" begin="142" end="142" number="1"/>
<flow id="car146" type="carType0" from="gneE45" to="-gneE44" begin="143" end="143" number="1"/>
<flow id="car147" type="carType1" from="gneE18" to="-gneE50" begin="145" end="145" number="1"/>
<flow id="car148" type="carType2" from="toprightL" to="-gneE37" begin="146" end="146" number="1"/>
<flow id="car149" type="carType1" from="-gneE13" to="topleftD" begin="147" end="147" number="1"/>
<flow id="car150" type="carType0" from="-gneE50" to="-gneE49" begin="151" end="151" number="1"/>
<flow id="car151" type="carType1" from="gneE46" to="gneE27" begin="151" end="151" number="1"/>
<flow id="car152" type="carType2" from="gneE50" to="gneE34" begin="152" end="152" number="1"/>
<flow id="car153" type="carType1" from="toprightL" to="-gneE42" begin="154" end="154" number="1"/>
<flow id="car154" type="carType1" from="bottomrightL" to="gneE37" begin="154" end="154" number="1"/>
<flow id="car155" type="carType2" from="-gneE45" to="-gneE7" begin="155" end="155" number="1"/>
<flow id="car156" type="carType2" from="gneE44" to="bottomleftU" begin="155" end="155" number="1"/>
<flow id="car157" type="carType2" from="-gneE44" to="gneE8" begin="155" end="155" number="1"/>
<flow id="car158" type="carType2" from="gneE48" to="bottomrightU" begin="155" end="155" number="1"/>
<flow id="car159" type="carType2" from="-gneE51" to="gneE43" begin="156" end="156" number="1"/>
<flow id="car160" type="carType1" from="gneE28" to="bottomleftU" begin="157" end="157" number="1"/>
<flow id="car161" type="carType2" from="gneE27" to="-gneE8" begin="158" end="158" number="1"/>
<flow id="car162" type="carType0" from="gneE8" to="gneE30" begin="158" end="158" number="1"/>
<flow id="car163" type="carType0" from="-gneE27" to="topleftR" begin="159" end="159" number="1"/>
<flow id="car164" type="carType0" from="-gneE37" to="-gneE50" begin="160" end="160" number="1"/>
<flow id="car165" type="carType2" from="gneE49" to="gneE42" begin="164" end="164" number="1"/>
<flow id="car166" type="carType1" from="-gneE43" to="gneE49" begin="165" end="165" number="1"/>
<flow id="car167" type="carType1" from="-gneE7" to="gneE37" begin="166" end="166" number="1"/>
<flow id="car168" type="carType0" from="-gneE42" to="gneE49" begin="167" end="167" number="1"/>
<flow id="car169" type="carType2" from="-gneE8" to="-gneE50" begin="169" end="169" number="1"/>
<flow id="car170" type="carType2" from="-gneE43" to="gneE21" begin="169" end="169" number="1"/>
<flow id="car171" type="carType1" from="gneE35" to="gneE44" begin="169" end="169" number="1"/>
<flow id="car172" type="carType2" from="gneE46" to="gneE49" begin="170" end="170" number="1"/>
<flow id="car173" type="carType2" from="-gneE21" to="-gneE44" begin="171" end="171" number="1"/>
<flow id="car174" type="carType2" from="-gneE29" to="gneE49" begin="172" end="172" number="1"/>
<flow id="car175" type="carType0" from="gneE28" to="-gneE7" begin="172" end="172" number="1"/>
<flow id="car176" type="carType0" from="gneE37" to="gneE46" begin="173" end="173" number="1"/>
<flow id="car177" type="carType1" from="gneE21" to="bottomrightL" begin="177" end="177" number="1"/>
<flow id="car178" type="carType2" from="-gneE42" to="gneE45" begin="179" end="179" number="1"/>
<flow id="car179" type="carType1" from="-gneE33" to="toprightL" begin="179" end="179" number="1"/>
<flow id="car180" type="carType2" from="gneE22" to="gneE27" begin="179" end="179" number="1"/>
<flow id="car181" type="carType2" from="-gneE33" to="gneE21" begin="180" end="180" number="1"/>
<flow id="car182" type="carType2" from="gneE9" to="bottomleftU" begin="182" end="182" number="1"/>
<flow id="car183" type="carType0" from="bottomleftU" to="bottomrightU" begin="182" end="182" number="1"/>
<flow id="car184" type="carType0" from="-gneE50" to="gneE22" begin="184" end="184" number="1"/>
<flow id="car185" type="carType1" from="gneE30" to="bottomrightL" begin="186" end="186" number="1"/>
<flow id="car186" type="carType2" from="gneE22" to="bottomrightL" begin="186" end="186" number="1"/>
<flow id="car187" type="carType2" from="-gneE34" to="toprightD" begin="187" end="187" number="1"/>
<flow id="car188" type="carType0" from="bottomrightL" to="gneE35" begin="187" end="187" number="1"/>
<flow id="car189" type="carType2" from="bottomleftR" to="gneE21" begin="188" end="188" number="1"/>
<flow id="car190" type="carType2" from="gneE44" to="gneE37" begin="189" end="189" number="1"/>
<flow id="car191" type="carType1" from="gneE42" to="toprightL" begin="190" end="190" number="1"/>
<flow id="car192" type="carType0" from="-gneE8" to="gneE34" begin="192" end="192" number="1"/>
<flow id="car193" type="carType0" from="gneE18" to="-gneE28" begin="192" end="192" number="1"/>
<flow id="car194" type="carType0" from="-gneE48" to="gneE51" begin="194" end="194" number="1"/>
<flow id="car195" type="carType2" from="-gneE49" to="-gneE37" begin="195" end="195" number="1"/>
<flow id="car196" type="carType0" from="gneE50" to="-gneE33" begin="196" end="196" number="1"/>
<flow id="car197" type="carType0" from="gneE28" to="-gneE27" begin="197" end="197" number="1"/>
<flow id="car198" type="carType2" from="gneE27" to="gneE49" begin="198" end="198" number="1"/>
<flow id="car199" type="carType0" from="gneE29" to="-gneE49" begin="199" end="199" number="1"/>
</routes>
