<routes>
<vType id="carType0" length="7" maxSpeed="51.71" accel="2.7" decel="4.56" speedDev="0.2" sigma="0.21"/>
<vType id="carType1" length="3" maxSpeed="47.91" accel="2.23" decel="4.52" speedDev="0.2" sigma="0.29"/>
<vType id="carType2" length="9" maxSpeed="40.1" accel="2.76" decel="5.11" speedDev="0.2" sigma="0.21"/>
<flow id="car0" type="carType2" from="gneE35" to="gneE35" begin="0" end="0" number="1"/>
<flow id="car1" type="carType0" from="bottomrightU" to="gneE29" begin="0" end="0" number="1"/>
<flow id="car2" type="carType0" from="gneE27" to="gneE18" begin="0" end="0" number="1"/>
<flow id="car3" type="carType2" from="bottomleftR" to="bottomleftU" begin="0" end="0" number="1"/>
<flow id="car4" type="carType2" from="gneE51" to="gneE21" begin="2" end="2" number="1"/>
<flow id="car5" type="carType0" from="-gneE7" to="gneE49" begin="2" end="2" number="1"/>
<flow id="car6" type="carType2" from="bottomleftU" to="gneE9" begin="3" end="3" number="1"/>
<flow id="car7" type="carType0" from="gneE45" to="-gneE42" begin="5" end="5" number="1"/>
<flow id="car8" type="carType1" from="-gneE44" to="-gneE45" begin="5" end="5" number="1"/>
<flow id="car9" type="carType2" from="gneE51" to="toprightL" begin="8" end="8" number="1"/>
<flow id="car10" type="carType0" from="gneE27" to="gneE8" begin="12" end="12" number="1"/>
<flow id="car11" type="carType2" from="gneE43" to="-gneE8" begin="13" end="13" number="1"/>
<flow id="car12" type="carType2" from="-gneE28" to="gneE46" begin="14" end="14" number="1"/>
<flow id="car13" type="carType1" from="gneE42" to="-gneE34" begin="14" end="14" number="1"/>
<flow id="car14" type="carType2" from="-gneE51" to="gneE29" begin="15" end="15" number="1"/>
<flow id="car15" type="carType1" from="toprightL" to="-gneE8" begin="19" end="19" number="1"/>
<flow id="car16" type="carType1" from="-gneE7" to="-gneE45" begin="20" end="20" number="1"/>
<flow id="car17" type="carType0" from="topleftR" to="gneE21" begin="20" end="20" number="1"/>
<flow id="car18" type="carType0" from="gneE50" to="-gneE7" begin="21" end="21" number="1"/>
<flow id="car19" type="carType2" from="gneE29" to="-gneE13" begin="22" end="22" number="1"/>
<flow id="car20" type="carType1" from="gneE30" to="-gneE21" begin="22" end="22" number="1"/>
<flow id="car21" type="carType0" from="gneE29" to="gneE28" begin="22" end="22" number="1"/>
<flow id="car22" type="carType2" from="gneE29" to="-gneE8" begin="24" end="24" number="1"/>
<flow id="car23" type="carType2" from="gneE49" to="bottomrightU" begin="25" end="25" number="1"/>
<flow id="car24" type="carType2" from="-gneE50" to="gneE50" begin="29" end="29" number="1"/>
<flow id="car25" type="carType0" from="gneE18" to="gneE34" begin="29" end="29" number="1"/>
<flow id="car26" type="carType2" from="gneE50" to="gneE9" begin="29" end="29" number="1"/>
<flow id="car27" type="carType2" from="gneE28" to="-gneE21" begin="31" end="31" number="1"/>
<flow id="car28" type="carType1" from="-gneE18" to="gneE48" begin="33" end="33" number="1"/>
<flow id="car29" type="carType2" from="-gneE18" to="gneE34" begin="35" end="35" number="1"/>
<flow id="car30" type="carType0" from="gneE21" to="-gneE48" begin="36" end="36" number="1"/>
<flow id="car31" type="carType0" from="-gneE49" to="topleftD" begin="37" end="37" number="1"/>
<flow id="car32" type="carType2" from="-gneE44" to="gneE46" begin="37" end="37" number="1"/>
<flow id="car33" type="carType2" from="-gneE8" to="gneE22" begin="37" end="37" number="1"/>
<flow id="car34" type="carType0" from="-gneE43" to="gneE9" begin="38" end="38" number="1"/>
<flow id="car35" type="carType2" from="gneE22" to="-gneE29" begin="38" end="38" number="1"/>
<flow id="car36" type="carType0" from="gneE30" to="gneE18" begin="39" end="39" number="1"/>
<flow id="car37" type="carType0" from="-gneE44" to="gneE43" begin="41" end="41" number="1"/>
<flow id="car38" type="carType1" from="gneE22" to="-gneE50" begin="41" end="41" number="1"/>
<flow id="car39" type="carType0" from="gneE37" to="topleftD" begin="41" end="41" number="1"/>
<flow id="car40" type="carType1" from="-gneE13" to="gneE18" begin="42" end="42" number="1"/>
<flow id="car41" type="carType2" from="-gneE34" to="gneE28" begin="45" end="45" number="1"/>
<flow id="car42" type="carType1" from="-gneE8" to="gneE49" begin="46" end="46" number="1"/>
<flow id="car43" type="carType0" from="gneE49" to="gneE18" begin="46" end="46" number="1"/>
<flow id="car44" type="carType1" from="-gneE50" to="toprightD" begin="47" end="47" number="1"/>
<flow id="car45" type="carType1" from="gneE29" to="gneE28" begin="49" end="49" number="1"/>
<flow id="car46" type="carType0" from="bottomleftR" to="gneE45" begin="51" end="51" number="1"/>
<flow id="car47" type="carType0" from="gneE51" to="gneE27" begin="51" end="51" number="1"/>
<flow id="car48" type="carType0" from="-gneE28" to="-gneE27" begin="52" end="52" number="1"/>
<flow id="car49" type="carType0" from="bottomrightL" to="-gneE43" begin="53" end="53" number="1"/>
<flow id="car50" type="carType1" from="-gneE49" to="-gneE48" begin="54" end="54" number="1"/>
<flow id="car51" type="carType0" from="gneE18" to="gneE8" begin="55" end="55" number="1"/>
<flow id="car52" type="carType0" from="gneE30" to="gneE27" begin="55" end="55" number="1"/>
<flow id="car53" type="carType0" from="-gneE27" to="-gneE44" begin="56" end="56" number="1"/>
<flow id="car54" type="carType2" from="topleftD" to="gneE27" begin="56" end="56" number="1"/>
<flow id="car55" type="carType1" from="gneE30" to="-gneE34" begin="57" end="57" number="1"/>
<flow id="car56" type="carType2" from="gneE27" to="gneE43" begin="58" end="58" number="1"/>
<flow id="car57" type="carType1" from="-gneE37" to="gneE29" begin="61" end="61" number="1"/>
<flow id="car58" type="carType1" from="gneE29" to="gneE21" begin="63" end="63" number="1"/>
<flow id="car59" type="carType0" from="-gneE28" to="-gneE27" begin="63" end="63" number="1"/>
<flow id="car60" type="carType1" from="gneE28" to="gneE43" begin="64" end="64" number="1"/>
<flow id="car61" type="carType1" from="-gneE50" to="bottomrightU" begin="64" end="64" number="1"/>
<flow id="car62" type="carType2" from="-gneE27" to="bottomrightL" begin="64" end="64" number="1"/>
<flow id="car63" type="carType0" from="-gneE21" to="gneE44" begin="66" end="66" number="1"/>
<flow id="car64" type="carType2" from="-gneE49" to="gneE45" begin="66" end="66" number="1"/>
<flow id="car65" type="carType0" from="-gneE51" to="bottomleftU" begin="67" end="67" number="1"/>
<flow id="car66" type="carType1" from="-gneE45" to="gneE46" begin="68" end="68" number="1"/>
<flow id="car67" type="carType0" from="-gneE50" to="-gneE7" begin="68" end="68" number="1"/>
<flow id="car68" type="carType0" from="bottomleftU" to="gneE44" begin="69" end="69" number="1"/>
<flow id="car69" type="carType1" from="toprightD" to="bottomleftU" begin="69" end="69" number="1"/>
<flow id="car70" type="carType0" from="bottomrightL" to="-gneE37" begin="71" end="71" number="1"/>
<flow id="car71" type="carType0" from="-gneE37" to="gneE21" begin="72" end="72" number="1"/>
<flow id="car72" type="carType0" from="topleftD" to="-gneE13" begin="72" end="72" number="1"/>
<flow id="car73" type="carType1" from="gneE30" to="-gneE33" begin="73" end="73" number="1"/>
<flow id="car74" type="carType2" from="-gneE28" to="gneE29" begin="73" end="73" number="1"/>
<flow id="car75" type="carType1" from="-gneE48" to="-gneE50" begin="74" end="74" number="1"/>
<flow id="car76" type="carType0" from="gneE18" to="-gneE7" begin="75" end="75" number="1"/>
<flow id="car77" type="carType0" from="gneE44" to="gneE42" begin="75" end="75" number="1"/>
<flow id="car78" type="carType0" from="-gneE43" to="-gneE51" begin="75" end="75" number="1"/>
<flow id="car79" type="carType0" from="gneE22" to="-gneE34" begin="75" end="75" number="1"/>
<flow id="car80" type="carType2" from="-gneE27" to="gneE37" begin="77" end="77" number="1"/>
<flow id="car81" type="carType2" from="-gneE37" to="gneE42" begin="80" end="80" number="1"/>
<flow id="car82" type="carType2" from="-gneE13" to="-gneE48" begin="80" end="80" number="1"/>
<flow id="car83" type="carType1" from="-gneE50" to="-gneE13" begin="80" end="80" number="1"/>
<flow id="car84" type="carType2" from="-gneE48" to="toprightL" begin="82" end="82" number="1"/>
<flow id="car85" type="carType1" from="-gneE7" to="-gneE51" begin="82" end="82" number="1"/>
<flow id="car86" type="carType2" from="gneE27" to="gneE22" begin="84" end="84" number="1"/>
<flow id="car87" type="carType0" from="gneE28" to="-gneE8" begin="84" end="84" number="1"/>
<flow id="car88" type="carType2" from="gneE37" to="gneE9" begin="87" end="87" number="1"/>
<flow id="car89" type="carType0" from="gneE22" to="gneE49" begin="88" end="88" number="1"/>
<flow id="car90" type="carType2" from="-gneE21" to="-gneE49" begin="88" end="88" number="1"/>
<flow id="car91" type="carType1" from="gneE43" to="-gneE33" begin="88" end="88" number="1"/>
<flow id="car92" type="carType1" from="gneE44" to="gneE45" begin="89" end="89" number="1"/>
<flow id="car93" type="carType0" from="-gneE29" to="-gneE33" begin="89" end="89" number="1"/>
<flow id="car94" type="carType2" from="-gneE8" to="-gneE37" begin="90" end="90" number="1"/>
<flow id="car95" type="carType0" from="bottomrightL" to="gneE8" begin="90" end="90" number="1"/>
<flow id="car96" type="carType0" from="gneE22" to="bottomleftU" begin="91" end="91" number="1"/>
<flow id="car97" type="carType2" from="gneE45" to="toprightL" begin="91" end="91" number="1"/>
<flow id="car98" type="carType1" from="gneE9" to="gneE46" begin="92" end="92" number="1"/>
<flow id="car99" type="carType0" from="gneE44" to="gneE35" begin="92" end="92" number="1"/>
<flow id="car100" type="carType0" from="-gneE29" to="gneE8" begin="93" end="93" number="1"/>
<flow id="car101" type="carType1" from="-gneE51" to="-gneE33" begin="93" end="93" number="1"/>
<flow id="car102" type="carType0" from="-gneE42" to="-gneE33" begin="101" end="101" number="1"/>
<flow id="car103" type="carType0" from="gneE50" to="gneE51" begin="101" end="101" number="1"/>
<flow id="car104" type="carType1" from="bottomleftU" to="gneE43" begin="101" end="101" number="1"/>
<flow id="car105" type="carType0" from="-gneE29" to="-gneE29" begin="102" end="102" number="1"/>
<flow id="car106" type="carType1" from="gneE48" to="gneE51" begin="102" end="102" number="1"/>
<flow id="car107" type="carType2" from="-gneE27" to="gneE9" begin="103" end="103" number="1"/>
<flow id="car108" type="carType1" from="gneE21" to="gneE9" begin="105" end="105" number="1"/>
<flow id="car109" type="carType0" from="gneE28" to="gneE42" begin="105" end="105" number="1"/>
<flow id="car110" type="carType0" from="-gneE27" to="-gneE34" begin="106" end="106" number="1"/>
<flow id="car111" type="carType1" from="gneE34" to="gneE51" begin="107" end="107" number="1"/>
<flow id="car112" type="carType1" from="-gneE48" to="gneE42" begin="107" end="107" number="1"/>
<flow id="car113" type="carType0" from="gneE44" to="-gneE44" begin="108" end="108" number="1"/>
<flow id="car114" type="carType0" from="-gneE7" to="-gneE49" begin="109" end="109" number="1"/>
<flow id="car115" type="carType2" from="gneE49" to="gneE18" begin="109" end="109" number="1"/>
<flow id="car116" type="carType1" from="gneE34" to="gneE8" begin="110" end="110" number="1"/>
<flow id="car117" type="carType1" from="gneE9" to="-gneE49" begin="110" end="110" number="1"/>
<flow id="car118" type="carType0" from="toprightL" to="-gneE45" begin="110" end="110" number="1"/>
<flow id="car119" type="carType0" from="gneE37" to="gneE18" begin="112" end="112" number="1"/>
<flow id="car120" type="carType2" from="gneE28" to="gneE51" begin="112" end="112" number="1"/>
<flow id="car121" type="carType2" from="-gneE28" to="gneE45" begin="115" end="115" number="1"/>
<flow id="car122" type="carType2" from="gneE30" to="gneE46" begin="116" end="116" number="1"/>
<flow id="car123" type="carType2" from="-gneE7" to="-gneE7" begin="116" end="116" number="1"/>
<flow id="car124" type="carType1" from="-gneE29" to="-gneE13" begin="117" end="117" number="1"/>
<flow id="car125" type="carType1" from="gneE45" to="topleftD" begin="119" end="119" number="1"/>
<flow id="car126" type="carType0" from="gneE21" to="gneE21" begin="121" end="121" number="1"/>
<flow id="car127" type="carType0" from="-gneE48" to="gneE27" begin="121" end="121" number="1"/>
<flow id="car128" type="carType2" from="-gneE50" to="-gneE45" begin="122" end="122" number="1"/>
<flow id="car129" type="carType1" from="gneE30" to="gneE27" begin="124" end="124" number="1"/>
<flow id="car130" type="carType2" from="gneE29" to="toprightD" begin="125" end="125" number="1"/>
<flow id="car131" type="carType2" from="toprightD" to="-gneE49" begin="126" end="126" number="1"/>
<flow id="car132" type="carType0" from="gneE45" to="gneE30" begin="127" end="127" number="1"/>
<flow id="car133" type="carType1" from="gneE46" to="gneE43" begin="128" end="128" number="1"/>
<flow id="car134" type="carType1" from="toprightL" to="gneE27" begin="129" end="129" number="1"/>
<flow id="car135" type="carType0" from="gneE45" to="gneE34" begin="129" end="129" number="1"/>
<flow id="car136" type="carType2" from="gneE37" to="-gneE45" begin="129" end="129" number="1"/>
<flow id="car137" type="carType1" from="gneE44" to="gneE42" begin="131" end="131" number="1"/>
<flow id="car138" type="carType0" from="toprightL" to="gneE21" begin="132" end="132" number="1"/>
<flow id="car139" type="carType0" from="bottomrightU" to="gneE46" begin="135" end="135" number="1"/>
<flow id="car140" type="carType1" from="bottomleftU" to="-gneE29" begin="136" end="136" number="1"/>
<flow id="car141" type="carType2" from="gneE27" to="gneE48" begin="136" end="136" number="1"/>
<flow id="car142" type="carType0" from="gneE8" to="-gneE51" begin="137" end="137" number="1"/>
<flow id="car143" type="carType1" from="-gneE37" to="-gneE27" begin="137" end="137" number="1"/>
<flow id="car144" type="carType2" from="-gneE44" to="gneE34" begin="137" end="137" number="1"/>
<flow id="car145" type="carType1" from="-gneE49" to="gneE21" begin="138" end="138" number="1"/>
<flow id="car146" type="carType2" from="gneE30" to="-gneE18" begin="139" end="139" number="1"/>
<flow id="car147" type="carType1" from="gneE18" to="gneE27" begin="139" end="139" number="1"/>
<flow id="car148" type="carType2" from="gneE44" to="gneE34" begin="139" end="139" number="1"/>
<flow id="car149" type="carType0" from="-gneE8" to="-gneE33" begin="142" end="142" number="1"/>
<flow id="car150" type="carType2" from="-gneE29" to="-gneE18" begin="144" end="144" number="1"/>
<flow id="car151" type="carType1" from="-gneE45" to="gneE37" begin="144" end="144" number="1"/>
<flow id="car152" type="carType1" from="-gneE43" to="-gneE27" begin="145" end="145" number="1"/>
<flow id="car153" type="carType1" from="gneE44" to="gneE48" begin="146" end="146" number="1"/>
<flow id="car154" type="carType2" from="gneE30" to="-gneE28" begin="149" end="149" number="1"/>
<flow id="car155" type="carType0" from="bottomleftR" to="bottomleftU" begin="149" end="149" number="1"/>
<flow id="car156" type="carType0" from="gneE37" to="gneE34" begin="152" end="152" number="1"/>
<flow id="car157" type="carType1" from="bottomrightL" to="gneE35" begin="152" end="152" number="1"/>
<flow id="car158" type="carType0" from="gneE22" to="-gneE37" begin="153" end="153" number="1"/>
<flow id="car159" type="carType2" from="-gneE18" to="-gneE42" begin="153" end="153" number="1"/>
<flow id="car160" type="carType1" from="gneE44" to="-gneE45" begin="154" end="154" number="1"/>
<flow id="car161" type="carType0" from="-gneE33" to="-gneE13" begin="156" end="156" number="1"/>
<flow id="car162" type="carType2" from="-gneE50" to="gneE30" begin="157" end="157" number="1"/>
<flow id="car163" type="carType2" from="-gneE48" to="gneE18" begin="157" end="157" number="1"/>
<flow id="car164" type="carType2" from="bottomrightL" to="gneE22" begin="160" end="160" number="1"/>
<flow id="car165" type="carType1" from="-gneE8" to="-gneE50" begin="162" end="162" number="1"/>
<flow id="car166" type="carType2" from="gneE46" to="-gneE50" begin="162" end="162" number="1"/>
<flow id="car167" type="carType0" from="-gneE7" to="bottomrightU" begin="163" end="163" number="1"/>
<flow id="car168" type="carType2" from="gneE22" to="toprightD" begin="166" end="166" number="1"/>
<flow id="car169" type="carType0" from="-gneE48" to="bottomrightU" begin="172" end="172" number="1"/>
<flow id="car170" type="carType1" from="-gneE21" to="-gneE18" begin="172" end="172" number="1"/>
<flow id="car171" type="carType2" from="-gneE43" to="gneE51" begin="173" end="173" number="1"/>
<flow id="car172" type="carType2" from="gneE18" to="-gneE37" begin="173" end="173" number="1"/>
<flow id="car173" type="carType1" from="toprightD" to="gneE34" begin="174" end="174" number="1"/>
<flow id="car174" type="carType2" from="gneE43" to="-gneE48" begin="176" end="176" number="1"/>
<flow id="car175" type="carType2" from="gneE50" to="-gneE34" begin="177" end="177" number="1"/>
<flow id="car176" type="carType0" from="-gneE37" to="gneE22" begin="178" end="178" number="1"/>
<flow id="car177" type="carType2" from="-gneE29" to="-gneE51" begin="179" end="179" number="1"/>
<flow id="car178" type="carType2" from="-gneE49" to="gneE29" begin="180" end="180" number="1"/>
<flow id="car179" type="carType0" from="-gneE27" to="bottomleftR" begin="180" end="180" number="1"/>
<flow id="car180" type="carType0" from="-gneE48" to="gneE27" begin="180" end="180" number="1"/>
<flow id="car181" type="carType2" from="gneE51" to="-gneE29" begin="181" end="181" number="1"/>
<flow id="car182" type="carType0" from="gneE22" to="gneE44" begin="183" end="183" number="1"/>
<flow id="car183" type="carType2" from="gneE42" to="bottomrightL" begin="185" end="185" number="1"/>
<flow id="car184" type="carType1" from="gneE46" to="gneE45" begin="185" end="185" number="1"/>
<flow id="car185" type="carType1" from="gneE48" to="-gneE27" begin="186" end="186" number="1"/>
<flow id="car186" type="carType2" from="toprightL" to="toprightD" begin="186" end="186" number="1"/>
<flow id="car187" type="carType2" from="-gneE8" to="gneE48" begin="187" end="187" number="1"/>
<flow id="car188" type="carType2" from="bottomrightL" to="-gneE42" begin="187" end="187" number="1"/>
<flow id="car189" type="carType1" from="gneE49" to="gneE9" begin="187" end="187" number="1"/>
<flow id="car190" type="carType1" from="bottomrightU" to="toprightD" begin="190" end="190" number="1"/>
<flow id="car191" type="carType1" from="-gneE43" to="topleftR" begin="193" end="193" number="1"/>
<flow id="car192" type="carType2" from="-gneE43" to="-gneE48" begin="193" end="193" number="1"/>
<flow id="car193" type="carType0" from="-gneE7" to="gneE9" begin="195" end="195" number="1"/>
<flow id="car194" type="carType0" from="gneE42" to="gneE29" begin="195" end="195" number="1"/>
<flow id="car195" type="carType2" from="gneE18" to="bottomleftU" begin="195" end="195" number="1"/>
<flow id="car196" type="carType2" from="gneE34" to="gneE28" begin="197" end="197" number="1"/>
<flow id="car197" type="carType1" from="gneE34" to="gneE22" begin="197" end="197" number="1"/>
<flow id="car198" type="carType1" from="gneE27" to="gneE8" begin="198" end="198" number="1"/>
<flow id="car199" type="carType1" from="-gneE42" to="-gneE18" begin="198" end="198" number="1"/>
</routes>
