<routes>
<vType id="carType0" length="6" maxSpeed="41.51" accel="2.24" decel="5.47" speedDev="0.2" sigma="0.14"/>
<vType id="carType1" length="6" maxSpeed="53.38" accel="2.44" decel="5.53" speedDev="0.2" sigma="0.29"/>
<vType id="carType2" length="4" maxSpeed="50.97" accel="2.7" decel="4.09" speedDev="0.2" sigma="0.27"/>
<flow id="car0" type="carType2" from="-gneE43" to="bottomrightL" begin="0" end="0" number="1"/>
<flow id="car1" type="carType0" from="-gneE28" to="gneE42" begin="0" end="0" number="1"/>
<flow id="car2" type="carType0" from="gneE30" to="gneE51" begin="1" end="1" number="1"/>
<flow id="car3" type="carType1" from="-gneE33" to="bottomrightU" begin="2" end="2" number="1"/>
<flow id="car4" type="carType1" from="gneE45" to="bottomrightU" begin="2" end="2" number="1"/>
<flow id="car5" type="carType2" from="-gneE8" to="-gneE29" begin="2" end="2" number="1"/>
<flow id="car6" type="carType1" from="gneE21" to="-gneE49" begin="3" end="3" number="1"/>
<flow id="car7" type="carType2" from="toprightD" to="gneE29" begin="4" end="4" number="1"/>
<flow id="car8" type="carType1" from="gneE8" to="bottomrightU" begin="7" end="7" number="1"/>
<flow id="car9" type="carType1" from="-gneE8" to="-gneE43" begin="8" end="8" number="1"/>
<flow id="car10" type="carType2" from="-gneE45" to="-gneE43" begin="8" end="8" number="1"/>
<flow id="car11" type="carType1" from="gneE30" to="gneE9" begin="8" end="8" number="1"/>
<flow id="car12" type="carType2" from="topleftR" to="gneE37" begin="8" end="8" number="1"/>
<flow id="car13" type="carType1" from="-gneE50" to="gneE29" begin="9" end="9" number="1"/>
<flow id="car14" type="carType1" from="-gneE50" to="gneE28" begin="10" end="10" number="1"/>
<flow id="car15" type="carType0" from="gneE50" to="-gneE49" begin="14" end="14" number="1"/>
<flow id="car16" type="carType2" from="gneE34" to="gneE44" begin="14" end="14" number="1"/>
<flow id="car17" type="carType0" from="bottomleftR" to="-gneE49" begin="14" end="14" number="1"/>
<flow id="car18" type="carType1" from="-gneE42" to="gneE9" begin="18" end="18" number="1"/>
<flow id="car19" type="carType2" from="-gneE28" to="toprightL" begin="20" end="20" number="1"/>
<flow id="car20" type="carType0" from="-gneE48" to="gneE8" begin="21" end="21" number="1"/>
<flow id="car21" type="carType1" from="bottomrightL" to="gneE9" begin="21" end="21" number="1"/>
<flow id="car22" type="carType2" from="gneE44" to="topleftD" begin="21" end="21" number="1"/>
<flow id="car23" type="carType0" from="bottomleftU" to="bottomleftU" begin="22" end="22" number="1"/>
<flow id="car24" type="carType2" from="-gneE50" to="-gneE44" begin="22" end="22" number="1"/>
<flow id="car25" type="carType0" from="-gneE8" to="gneE34" begin="22" end="22" number="1"/>
<flow id="car26" type="carType0" from="-gneE37" to="-gneE44" begin="25" end="25" number="1"/>
<flow id="car27" type="carType2" from="gneE50" to="-gneE37" begin="26" end="26" number="1"/>
<flow id="car28" type="carType2" from="bottomleftU" to="gneE21" begin="29" end="29" number="1"/>
<flow id="car29" type="carType1" from="gneE35" to="gneE48" begin="29" end="29" number="1"/>
<flow id="car30" type="carType1" from="gneE34" to="-gneE13" begin="30" end="30" number="1"/>
<flow id="car31" type="carType2" from="-gneE45" to="gneE45" begin="30" end="30" number="1"/>
<flow id="car32" type="carType0" from="-gneE50" to="gneE37" begin="31" end="31" number="1"/>
<flow id="car33" type="carType1" from="gneE35" to="-gneE45" begin="32" end="32" number="1"/>
<flow id="car34" type="carType1" from="bottomrightL" to="gneE28" begin="32" end="32" number="1"/>
<flow id="car35" type="carType0" from="gneE50" to="gneE18" begin="35" end="35" number="1"/>
<flow id="car36" type="carType2" from="-gneE7" to="gneE29" begin="35" end="35" number="1"/>
<flow id="car37" type="carType2" from="gneE43" to="bottomrightL" begin="37" end="37" number="1"/>
<flow id="car38" type="carType2" from="-gneE51" to="gneE18" begin="37" end="37" number="1"/>
<flow id="car39" type="carType1" from="-gneE34" to="topleftR" begin="38" end="38" number="1"/>
<flow id="car40" type="carType0" from="-gneE45" to="gneE51" begin="39" end="39" number="1"/>
<flow id="car41" type="carType0" from="-gneE37" to="gneE35" begin="41" end="41" number="1"/>
<flow id="car42" type="carType1" from="-gneE13" to="-gneE48" begin="41" end="41" number="1"/>
<flow id="car43" type="carType2" from="topleftD" to="gneE45" begin="42" end="42" number="1"/>
<flow id="car44" type="carType2" from="bottomleftU" to="gneE27" begin="42" end="42" number="1"/>
<flow id="car45" type="carType0" from="-gneE42" to="-gneE42" begin="45" end="45" number="1"/>
<flow id="car46" type="carType2" from="-gneE51" to="-gneE49" begin="49" end="49" number="1"/>
<flow id="car47" type="carType1" from="gneE48" to="bottomleftU" begin="50" end="50" number="1"/>
<flow id="car48" type="carType1" from="topleftR" to="-gneE18" begin="52" end="52" number="1"/>
<flow id="car49" type="carType2" from="gneE21" to="gneE21" begin="54" end="54" number="1"/>
<flow id="car50" type="carType1" from="-gneE42" to="-gneE13" begin="54" end="54" number="1"/>
<flow id="car51" type="carType2" from="gneE27" to="gneE28" begin="54" end="54" number="1"/>
<flow id="car52" type="carType2" from="-gneE13" to="gneE44" begin="56" end="56" number="1"/>
<flow id="car53" type="carType0" from="gneE46" to="gneE34" begin="57" end="57" number="1"/>
<flow id="car54" type="carType0" from="-gneE51" to="-gneE29" begin="57" end="57" number="1"/>
<flow id="car55" type="carType2" from="gneE46" to="gneE50" begin="59" end="59" number="1"/>
<flow id="car56" type="carType2" from="-gneE43" to="gneE44" begin="60" end="60" number="1"/>
<flow id="car57" type="carType2" from="gneE9" to="gneE27" begin="60" end="60" number="1"/>
<flow id="car58" type="carType0" from="-gneE18" to="bottomrightL" begin="61" end="61" number="1"/>
<flow id="car59" type="carType1" from="-gneE49" to="toprightD" begin="62" end="62" number="1"/>
<flow id="car60" type="carType2" from="-gneE7" to="-gneE7" begin="65" end="65" number="1"/>
<flow id="car61" type="carType0" from="gneE21" to="toprightD" begin="65" end="65" number="1"/>
<flow id="car62" type="carType2" from="-gneE18" to="gneE44" begin="66" end="66" number="1"/>
<flow id="car63" type="carType1" from="-gneE13" to="-gneE37" begin="68" end="68" number="1"/>
<flow id="car64" type="carType2" from="bottomrightU" to="-gneE29" begin="68" end="68" number="1"/>
<flow id="car65" type="carType2" from="toprightD" to="gneE37" begin="71" end="71" number="1"/>
<flow id="car66" type="carType1" from="gneE43" to="bottomleftR" begin="72" end="72" number="1"/>
<flow id="car67" type="carType0" from="bottomrightL" to="-gneE43" begin="75" end="75" number="1"/>
<flow id="car68" type="carType0" from="-gneE18" to="-gneE8" begin="75" end="75" number="1"/>
<flow id="car69" type="carType0" from="bottomleftU" to="-gneE33" begin="75" end="75" number="1"/>
<flow id="car70" type="carType0" from="gneE8" to="-gneE42" begin="75" end="75" number="1"/>
<flow id="car71" type="carType2" from="gneE30" to="-gneE51" begin="76" end="76" number="1"/>
<flow id="car72" type="carType1" from="gneE27" to="gneE28" begin="77" end="77" number="1"/>
<flow id="car73" type="carType0" from="-gneE44" to="gneE27" begin="77" end="77" number="1"/>
<flow id="car74" type="carType0" from="gneE45" to="-gneE18" begin="78" end="78" number="1"/>
<flow id="car75" type="carType2" from="gneE50" to="-gneE51" begin="78" end="78" number="1"/>
<flow id="car76" type="carType0" from="gneE21" to="gneE21" begin="79" end="79" number="1"/>
<flow id="car77" type="carType1" from="toprightL" to="gneE29" begin="79" end="79" number="1"/>
<flow id="car78" type="carType2" from="-gneE13" to="gneE28" begin="80" end="80" number="1"/>
<flow id="car79" type="carType1" from="-gneE49" to="gneE45" begin="83" end="83" number="1"/>
<flow id="car80" type="carType0" from="gneE27" to="gneE22" begin="85" end="85" number="1"/>
<flow id="car81" type="carType0" from="-gneE51" to="-gneE21" begin="86" end="86" number="1"/>
<flow id="car82" type="carType2" from="-gneE51" to="gneE22" begin="87" end="87" number="1"/>
<flow id="car83" type="carType0" from="-gneE45" to="bottomleftU" begin="87" end="87" number="1"/>
<flow id="car84" type="carType0" from="bottomrightL" to="-gneE33" begin="91" end="91" number="1"/>
<flow id="car85" type="carType2" from="gneE28" to="-gneE43" begin="93" end="93" number="1"/>
<flow id="car86" type="carType1" from="gneE50" to="-gneE34" begin="94" end="94" number="1"/>
<flow id="car87" type="carType1" from="-gneE51" to="bottomrightU" begin="94" end="94" number="1"/>
<flow id="car88" type="carType0" from="-gneE44" to="gneE30" begin="95" end="95" number="1"/>
<flow id="car89" type="carType2" from="-gneE49" to="-gneE42" begin="95" end="95" number="1"/>
<flow id="car90" type="carType1" from="topleftR" to="gneE42" begin="95" end="95" number="1"/>
<flow id="car91" type="carType0" from="topleftD" to="-gneE44" begin="96" end="96" number="1"/>
<flow id="car92" type="carType0" from="-gneE49" to="gneE27" begin="96" end="96" number="1"/>
<flow id="car93" type="carType2" from="gneE50" to="toprightL" begin="96" end="96" number="1"/>
<flow id="car94" type="carType0" from="gneE29" to="-gneE43" begin="98" end="98" number="1"/>
<flow id="car95" type="carType1" from="-gneE33" to="-gneE45" begin="98" end="98" number="1"/>
<flow id="car96" type="carType2" from="topleftD" to="gneE8" begin="100" end="100" number="1"/>
<flow id="car97" type="carType2" from="gneE49" to="-gneE33" begin="101" end="101" number="1"/>
<flow id="car98" type="carType1" from="-gneE21" to="topleftR" begin="102" end="102" number="1"/>
<flow id="car99" type="carType2" from="topleftR" to="bottomrightU" begin="104" end="104" number="1"/>
<flow id="car100" type="carType0" from="gneE49" to="-gneE7" begin="104" end="104" number="1"/>
<flow id="car101" type="carType2" from="gneE18" to="-gneE27" begin="105" end="105" number="1"/>
<flow id="car102" type="carType1" from="topleftD" to="-gneE7" begin="106" end="106" number="1"/>
<flow id="car103" type="carType0" from="-gneE51" to="toprightL" begin="106" end="106" number="1"/>
<flow id="car104" type="carType1" from="-gneE49" to="-gneE18" begin="108" end="108" number="1"/>
<flow id="car105" type="carType1" from="-gneE37" to="bottomrightL" begin="109" end="109" number="1"/>
<flow id="car106" type="carType0" from="bottomrightU" to="gneE51" begin="110" end="110" number="1"/>
<flow id="car107" type="carType0" from="gneE46" to="-gneE27" begin="111" end="111" number="1"/>
<flow id="car108" type="carType0" from="gneE51" to="toprightD" begin="112" end="112" number="1"/>
<flow id="car109" type="carType0" from="gneE49" to="gneE34" begin="113" end="113" number="1"/>
<flow id="car110" type="carType1" from="gneE50" to="-gneE13" begin="114" end="114" number="1"/>
<flow id="car111" type="carType2" from="-gneE44" to="gneE46" begin="114" end="114" number="1"/>
<flow id="car112" type="carType1" from="bottomleftR" to="gneE49" begin="116" end="116" number="1"/>
<flow id="car113" type="carType2" from="-gneE29" to="-gneE45" begin="117" end="117" number="1"/>
<flow id="car114" type="carType1" from="bottomrightL" to="gneE35" begin="117" end="117" number="1"/>
<flow id="car115" type="carType1" from="gneE50" to="gneE9" begin="117" end="117" number="1"/>
<flow id="car116" type="carType2" from="bottomrightL" to="gneE51" begin="118" end="118" number="1"/>
<flow id="car117" type="carType1" from="-gneE29" to="-gneE27" begin="118" end="118" number="1"/>
<flow id="car118" type="carType2" from="-gneE42" to="gneE18" begin="118" end="118" number="1"/>
<flow id="car119" type="carType2" from="gneE34" to="-gneE21" begin="120" end="120" number="1"/>
<flow id="car120" type="carType0" from="bottomleftU" to="-gneE33" begin="122" end="122" number="1"/>
<flow id="car121" type="carType0" from="-gneE50" to="topleftR" begin="122" end="122" number="1"/>
<flow id="car122" type="carType2" from="topleftD" to="-gneE33" begin="125" end="125" number="1"/>
<flow id="car123" type="carType2" from="gneE29" to="gneE49" begin="126" end="126" number="1"/>
<flow id="car124" type="carType1" from="gneE29" to="-gneE50" begin="126" end="126" number="1"/>
<flow id="car125" type="carType2" from="gneE45" to="topleftR" begin="127" end="127" number="1"/>
<flow id="car126" type="carType0" from="-gneE49" to="-gneE50" begin="129" end="129" number="1"/>
<flow id="car127" type="carType0" from="-gneE42" to="-gneE28" begin="129" end="129" number="1"/>
<flow id="car128" type="carType1" from="-gneE48" to="-gneE37" begin="129" end="129" number="1"/>
<flow id="car129" type="carType0" from="-gneE7" to="-gneE13" begin="130" end="130" number="1"/>
<flow id="car130" type="carType0" from="gneE28" to="gneE30" begin="130" end="130" number="1"/>
<flow id="car131" type="carType2" from="-gneE18" to="-gneE8" begin="131" end="131" number="1"/>
<flow id="car132" type="carType1" from="gneE30" to="gneE37" begin="131" end="131" number="1"/>
<flow id="car133" type="carType1" from="-gneE50" to="-gneE21" begin="132" end="132" number="1"/>
<flow id="car134" type="carType2" from="-gneE21" to="bottomrightL" begin="132" end="132" number="1"/>
<flow id="car135" type="carType0" from="-gneE45" to="-gneE27" begin="133" end="133" number="1"/>
<flow id="car136" type="carType1" from="-gneE21" to="gneE9" begin="134" end="134" number="1"/>
<flow id="car137" type="carType2" from="gneE18" to="gneE18" begin="135" end="135" number="1"/>
<flow id="car138" type="carType0" from="-gneE44" to="gneE22" begin="135" end="135" number="1"/>
<flow id="car139" type="carType2" from="gneE28" to="gneE46" begin="135" end="135" number="1"/>
<flow id="car140" type="carType2" from="topleftD" to="toprightL" begin="137" end="137" number="1"/>
<flow id="car141" type="carType0" from="gneE18" to="gneE28" begin="139" end="139" number="1"/>
<flow id="car142" type="carType2" from="gneE45" to="gneE21" begin="139" end="139" number="1"/>
<flow id="car143" type="carType2" from="toprightL" to="gneE9" begin="140" end="140" number="1"/>
<flow id="car144" type="carType2" from="-gneE37" to="bottomrightU" begin="140" end="140" number="1"/>
<flow id="car145" type="carType0" from="toprightD" to="gneE27" begin="141" end="141" number="1"/>
<flow id="car146" type="carType1" from="gneE44" to="bottomrightU" begin="142" end="142" number="1"/>
<flow id="car147" type="carType0" from="gneE18" to="bottomleftU" begin="144" end="144" number="1"/>
<flow id="car148" type="carType0" from="gneE30" to="-gneE44" begin="145" end="145" number="1"/>
<flow id="car149" type="carType1" from="toprightD" to="topleftD" begin="145" end="145" number="1"/>
<flow id="car150" type="carType1" from="-gneE45" to="-gneE13" begin="146" end="146" number="1"/>
<flow id="car151" type="carType2" from="gneE45" to="gneE35" begin="147" end="147" number="1"/>
<flow id="car152" type="carType0" from="gneE42" to="-gneE37" begin="147" end="147" number="1"/>
<flow id="car153" type="carType0" from="-gneE51" to="bottomrightL" begin="147" end="147" number="1"/>
<flow id="car154" type="carType1" from="gneE28" to="gneE9" begin="148" end="148" number="1"/>
<flow id="car155" type="carType0" from="bottomleftU" to="toprightL" begin="151" end="151" number="1"/>
<flow id="car156" type="carType1" from="gneE34" to="toprightD" begin="153" end="153" number="1"/>
<flow id="car157" type="carType0" from="-gneE45" to="gneE43" begin="153" end="153" number="1"/>
<flow id="car158" type="carType0" from="-gneE34" to="-gneE29" begin="153" end="153" number="1"/>
<flow id="car159" type="carType0" from="gneE27" to="-gneE33" begin="154" end="154" number="1"/>
<flow id="car160" type="carType0" from="-gneE51" to="gneE29" begin="155" end="155" number="1"/>
<flow id="car161" type="carType2" from="gneE28" to="gneE43" begin="156" end="156" number="1"/>
<flow id="car162" type="carType0" from="bottomrightU" to="-gneE49" begin="157" end="157" number="1"/>
<flow id="car163" type="carType1" from="topleftR" to="-gneE18" begin="157" end="157" number="1"/>
<flow id="car164" type="carType2" from="gneE46" to="-gneE34" begin="159" end="159" number="1"/>
<flow id="car165" type="carType0" from="toprightL" to="gneE30" begin="162" end="162" number="1"/>
<flow id="car166" type="carType2" from="gneE30" to="gneE50" begin="162" end="162" number="1"/>
<flow id="car167" type="carType0" from="gneE49" to="toprightL" begin="162" end="162" number="1"/>
<flow id="car168" type="carType1" from="-gneE49" to="bottomleftR" begin="167" end="167" number="1"/>
<flow id="car169" type="carType2" from="gneE27" to="bottomrightU" begin="167" end="167" number="1"/>
<flow id="car170" type="carType1" from="-gneE44" to="-gneE49" begin="169" end="169" number="1"/>
<flow id="car171" type="carType1" from="gneE49" to="toprightL" begin="170" end="170" number="1"/>
<flow id="car172" type="carType0" from="gneE22" to="gneE43" begin="170" end="170" number="1"/>
<flow id="car173" type="carType2" from="-gneE13" to="gneE50" begin="171" end="171" number="1"/>
<flow id="car174" type="carType2" from="-gneE33" to="gneE22" begin="173" end="173" number="1"/>
<flow id="car175" type="carType0" from="-gneE33" to="gneE30" begin="173" end="173" number="1"/>
<flow id="car176" type="carType0" from="gneE21" to="gneE21" begin="174" end="174" number="1"/>
<flow id="car177" type="carType2" from="gneE51" to="-gneE37" begin="174" end="174" number="1"/>
<flow id="car178" type="carType2" from="gneE48" to="bottomrightL" begin="178" end="178" number="1"/>
<flow id="car179" type="carType2" from="-gneE43" to="gneE9" begin="178" end="178" number="1"/>
<flow id="car180" type="carType1" from="gneE46" to="-gneE29" begin="179" end="179" number="1"/>
<flow id="car181" type="carType2" from="-gneE44" to="gneE42" begin="179" end="179" number="1"/>
<flow id="car182" type="carType1" from="-gneE27" to="gneE30" begin="181" end="181" number="1"/>
<flow id="car183" type="carType1" from="-gneE29" to="-gneE21" begin="182" end="182" number="1"/>
<flow id="car184" type="carType2" from="gneE21" to="topleftR" begin="183" end="183" number="1"/>
<flow id="car185" type="carType1" from="toprightL" to="toprightL" begin="185" end="185" number="1"/>
<flow id="car186" type="carType2" from="gneE42" to="bottomleftU" begin="186" end="186" number="1"/>
<flow id="car187" type="carType2" from="-gneE51" to="toprightD" begin="187" end="187" number="1"/>
<flow id="car188" type="carType1" from="gneE22" to="-gneE37" begin="190" end="190" number="1"/>
<flow id="car189" type="carType2" from="toprightD" to="-gneE43" begin="190" end="190" number="1"/>
<flow id="car190" type="carType0" from="toprightL" to="gneE49" begin="190" end="190" number="1"/>
<flow id="car191" type="carType0" from="gneE21" to="gneE44" begin="191" end="191" number="1"/>
<flow id="car192" type="carType2" from="-gneE43" to="toprightD" begin="192" end="192" number="1"/>
<flow id="car193" type="carType2" from="gneE34" to="gneE45" begin="193" end="193" number="1"/>
<flow id="car194" type="carType0" from="bottomrightU" to="bottomleftU" begin="193" end="193" number="1"/>
<flow id="car195" type="carType0" from="-gneE37" to="-gneE43" begin="195" end="195" number="1"/>
<flow id="car196" type="carType1" from="gneE46" to="gneE8" begin="197" end="197" number="1"/>
<flow id="car197" type="carType2" from="topleftD" to="-gneE34" begin="198" end="198" number="1"/>
<flow id="car198" type="carType1" from="gneE44" to="-gneE34" begin="198" end="198" number="1"/>
<flow id="car199" type="carType1" from="gneE21" to="-gneE45" begin="198" end="198" number="1"/>
</routes>
