<routes>
<vType id="carType0" length="7" maxSpeed="52.7" accel="2.67" decel="4.83" speedDev="0.2" sigma="0.26"/>
<vType id="carType1" length="3" maxSpeed="55.5" accel="2.48" decel="4.99" speedDev="0.2" sigma="0.29"/>
<vType id="carType2" length="3" maxSpeed="58.9" accel="2.57" decel="5.02" speedDev="0.2" sigma="0.12"/>
<flow id="car0" type="carType1" from="toprightL" to="gneE34" begin="1" end="1" number="1"/>
<flow id="car1" type="carType2" from="-gneE21" to="topleftD" begin="3" end="3" number="1"/>
<flow id="car2" type="carType0" from="gneE44" to="-gneE27" begin="5" end="5" number="1"/>
<flow id="car3" type="carType0" from="gneE27" to="gneE30" begin="6" end="6" number="1"/>
<flow id="car4" type="carType1" from="-gneE50" to="-gneE37" begin="6" end="6" number="1"/>
<flow id="car5" type="carType2" from="topleftD" to="-gneE49" begin="6" end="6" number="1"/>
<flow id="car6" type="carType2" from="-gneE13" to="gneE48" begin="10" end="10" number="1"/>
<flow id="car7" type="carType2" from="gneE46" to="-gneE27" begin="10" end="10" number="1"/>
<flow id="car8" type="carType1" from="-gneE42" to="-gneE34" begin="11" end="11" number="1"/>
<flow id="car9" type="carType1" from="gneE48" to="-gneE43" begin="11" end="11" number="1"/>
<flow id="car10" type="carType1" from="-gneE37" to="-gneE29" begin="12" end="12" number="1"/>
<flow id="car11" type="carType2" from="-gneE44" to="gneE50" begin="12" end="12" number="1"/>
<flow id="car12" type="carType1" from="-gneE49" to="-gneE49" begin="13" end="13" number="1"/>
<flow id="car13" type="carType1" from="-gneE13" to="gneE21" begin="13" end="13" number="1"/>
<flow id="car14" type="carType2" from="-gneE29" to="-gneE34" begin="14" end="14" number="1"/>
<flow id="car15" type="carType2" from="toprightL" to="-gneE29" begin="14" end="14" number="1"/>
<flow id="car16" type="carType2" from="bottomleftR" to="gneE50" begin="15" end="15" number="1"/>
<flow id="car17" type="carType0" from="-gneE27" to="gneE27" begin="16" end="16" number="1"/>
<flow id="car18" type="carType0" from="gneE51" to="gneE8" begin="18" end="18" number="1"/>
<flow id="car19" type="carType2" from="-gneE37" to="gneE46" begin="18" end="18" number="1"/>
<flow id="car20" type="carType1" from="-gneE48" to="-gneE43" begin="18" end="18" number="1"/>
<flow id="car21" type="carType0" from="gneE42" to="gneE48" begin="21" end="21" number="1"/>
<flow id="car22" type="carType0" from="gneE48" to="gneE48" begin="21" end="21" number="1"/>
<flow id="car23" type="carType2" from="-gneE45" to="-gneE7" begin="24" end="24" number="1"/>
<flow id="car24" type="carType2" from="gneE34" to="-gneE8" begin="25" end="25" number="1"/>
<flow id="car25" type="carType0" from="gneE51" to="-gneE51" begin="25" end="25" number="1"/>
<flow id="car26" type="carType2" from="-gneE33" to="gneE34" begin="26" end="26" number="1"/>
<flow id="car27" type="carType1" from="gneE29" to="gneE29" begin="27" end="27" number="1"/>
<flow id="car28" type="carType2" from="gneE44" to="gneE22" begin="28" end="28" number="1"/>
<flow id="car29" type="carType1" from="gneE21" to="gneE22" begin="29" end="29" number="1"/>
<flow id="car30" type="carType0" from="-gneE8" to="gneE51" begin="30" end="30" number="1"/>
<flow id="car31" type="carType2" from="-gneE28" to="gneE27" begin="31" end="31" number="1"/>
<flow id="car32" type="carType2" from="gneE29" to="gneE9" begin="32" end="32" number="1"/>
<flow id="car33" type="carType0" from="-gneE28" to="gneE35" begin="33" end="33" number="1"/>
<flow id="car34" type="carType2" from="gneE42" to="gneE9" begin="33" end="33" number="1"/>
<flow id="car35" type="carType0" from="gneE35" to="-gneE7" begin="33" end="33" number="1"/>
<flow id="car36" type="carType0" from="bottomleftR" to="gneE44" begin="34" end="34" number="1"/>
<flow id="car37" type="carType1" from="gneE22" to="gneE44" begin="35" end="35" number="1"/>
<flow id="car38" type="carType1" from="-gneE29" to="gneE50" begin="36" end="36" number="1"/>
<flow id="car39" type="carType0" from="-gneE27" to="-gneE42" begin="37" end="37" number="1"/>
<flow id="car40" type="carType1" from="gneE49" to="bottomleftU" begin="39" end="39" number="1"/>
<flow id="car41" type="carType2" from="gneE37" to="-gneE42" begin="40" end="40" number="1"/>
<flow id="car42" type="carType0" from="-gneE27" to="gneE21" begin="40" end="40" number="1"/>
<flow id="car43" type="carType2" from="gneE37" to="gneE34" begin="42" end="42" number="1"/>
<flow id="car44" type="carType0" from="gneE35" to="gneE43" begin="42" end="42" number="1"/>
<flow id="car45" type="carType0" from="gneE44" to="-gneE33" begin="44" end="44" number="1"/>
<flow id="car46" type="carType1" from="-gneE45" to="-gneE42" begin="45" end="45" number="1"/>
<flow id="car47" type="carType2" from="topleftD" to="gneE45" begin="47" end="47" number="1"/>
<flow id="car48" type="carType2" from="gneE51" to="-gneE45" begin="47" end="47" number="1"/>
<flow id="car49" type="carType0" from="gneE45" to="-gneE51" begin="48" end="48" number="1"/>
<flow id="car50" type="carType1" from="gneE48" to="-gneE29" begin="49" end="49" number="1"/>
<flow id="car51" type="carType0" from="-gneE29" to="gneE29" begin="49" end="49" number="1"/>
<flow id="car52" type="carType2" from="-gneE51" to="gneE43" begin="49" end="49" number="1"/>
<flow id="car53" type="carType2" from="-gneE7" to="gneE48" begin="51" end="51" number="1"/>
<flow id="car54" type="carType2" from="gneE35" to="gneE46" begin="53" end="53" number="1"/>
<flow id="car55" type="carType1" from="gneE42" to="gneE35" begin="53" end="53" number="1"/>
<flow id="car56" type="carType0" from="-gneE43" to="gneE43" begin="54" end="54" number="1"/>
<flow id="car57" type="carType2" from="-gneE27" to="-gneE18" begin="55" end="55" number="1"/>
<flow id="car58" type="carType1" from="-gneE44" to="gneE49" begin="56" end="56" number="1"/>
<flow id="car59" type="carType1" from="gneE42" to="-gneE48" begin="57" end="57" number="1"/>
<flow id="car60" type="carType2" from="gneE8" to="gneE21" begin="61" end="61" number="1"/>
<flow id="car61" type="carType2" from="gneE18" to="bottomrightU" begin="61" end="61" number="1"/>
<flow id="car62" type="carType0" from="gneE46" to="gneE44" begin="63" end="63" number="1"/>
<flow id="car63" type="carType1" from="gneE44" to="gneE9" begin="65" end="65" number="1"/>
<flow id="car64" type="carType0" from="-gneE28" to="gneE30" begin="65" end="65" number="1"/>
<flow id="car65" type="carType1" from="gneE51" to="-gneE45" begin="66" end="66" number="1"/>
<flow id="car66" type="carType0" from="gneE34" to="-gneE21" begin="67" end="67" number="1"/>
<flow id="car67" type="carType1" from="topleftD" to="gneE28" begin="67" end="67" number="1"/>
<flow id="car68" type="carType1" from="-gneE29" to="bottomrightL" begin="67" end="67" number="1"/>
<flow id="car69" type="carType0" from="-gneE37" to="toprightD" begin="69" end="69" number="1"/>
<flow id="car70" type="carType1" from="gneE48" to="gneE46" begin="69" end="69" number="1"/>
<flow id="car71" type="carType2" from="-gneE50" to="gneE30" begin="70" end="70" number="1"/>
<flow id="car72" type="carType1" from="gneE18" to="gneE9" begin="72" end="72" number="1"/>
<flow id="car73" type="carType0" from="-gneE28" to="gneE51" begin="72" end="72" number="1"/>
<flow id="car74" type="carType2" from="gneE50" to="toprightD" begin="73" end="73" number="1"/>
<flow id="car75" type="carType2" from="gneE42" to="gneE37" begin="73" end="73" number="1"/>
<flow id="car76" type="carType2" from="-gneE34" to="-gneE8" begin="76" end="76" number="1"/>
<flow id="car77" type="carType0" from="gneE21" to="-gneE34" begin="77" end="77" number="1"/>
<flow id="car78" type="carType0" from="gneE27" to="gneE50" begin="78" end="78" number="1"/>
<flow id="car79" type="carType0" from="-gneE51" to="-gneE34" begin="78" end="78" number="1"/>
<flow id="car80" type="carType1" from="bottomleftR" to="gneE46" begin="80" end="80" number="1"/>
<flow id="car81" type="carType2" from="-gneE21" to="-gneE29" begin="80" end="80" number="1"/>
<flow id="car82" type="carType1" from="gneE43" to="gneE51" begin="80" end="80" number="1"/>
<flow id="car83" type="carType1" from="-gneE37" to="gneE9" begin="81" end="81" number="1"/>
<flow id="car84" type="carType1" from="-gneE34" to="gneE46" begin="85" end="85" number="1"/>
<flow id="car85" type="carType0" from="-gneE48" to="gneE46" begin="86" end="86" number="1"/>
<flow id="car86" type="carType1" from="-gneE29" to="-gneE50" begin="88" end="88" number="1"/>
<flow id="car87" type="carType1" from="gneE51" to="bottomrightL" begin="88" end="88" number="1"/>
<flow id="car88" type="carType0" from="topleftR" to="gneE22" begin="89" end="89" number="1"/>
<flow id="car89" type="carType0" from="-gneE45" to="gneE21" begin="91" end="91" number="1"/>
<flow id="car90" type="carType0" from="gneE45" to="gneE29" begin="91" end="91" number="1"/>
<flow id="car91" type="carType0" from="topleftD" to="gneE18" begin="93" end="93" number="1"/>
<flow id="car92" type="carType2" from="gneE42" to="gneE42" begin="95" end="95" number="1"/>
<flow id="car93" type="carType1" from="gneE50" to="gneE18" begin="95" end="95" number="1"/>
<flow id="car94" type="carType1" from="gneE22" to="gneE42" begin="96" end="96" number="1"/>
<flow id="car95" type="carType1" from="-gneE50" to="gneE18" begin="97" end="97" number="1"/>
<flow id="car96" type="carType0" from="gneE34" to="gneE46" begin="99" end="99" number="1"/>
<flow id="car97" type="carType1" from="-gneE18" to="-gneE33" begin="100" end="100" number="1"/>
<flow id="car98" type="carType1" from="-gneE49" to="gneE46" begin="100" end="100" number="1"/>
<flow id="car99" type="carType1" from="bottomrightL" to="-gneE18" begin="101" end="101" number="1"/>
<flow id="car100" type="carType1" from="gneE8" to="-gneE18" begin="103" end="103" number="1"/>
<flow id="car101" type="carType1" from="-gneE13" to="gneE51" begin="103" end="103" number="1"/>
<flow id="car102" type="carType1" from="bottomleftR" to="-gneE18" begin="106" end="106" number="1"/>
<flow id="car103" type="carType1" from="toprightL" to="bottomrightU" begin="108" end="108" number="1"/>
<flow id="car104" type="carType1" from="-gneE18" to="-gneE37" begin="109" end="109" number="1"/>
<flow id="car105" type="carType0" from="-gneE8" to="-gneE37" begin="110" end="110" number="1"/>
<flow id="car106" type="carType1" from="-gneE13" to="-gneE34" begin="110" end="110" number="1"/>
<flow id="car107" type="carType1" from="gneE37" to="gneE35" begin="110" end="110" number="1"/>
<flow id="car108" type="carType0" from="gneE48" to="gneE9" begin="112" end="112" number="1"/>
<flow id="car109" type="carType2" from="bottomleftR" to="-gneE28" begin="112" end="112" number="1"/>
<flow id="car110" type="carType1" from="gneE22" to="-gneE28" begin="114" end="114" number="1"/>
<flow id="car111" type="carType2" from="gneE27" to="gneE30" begin="114" end="114" number="1"/>
<flow id="car112" type="carType2" from="gneE18" to="gneE21" begin="117" end="117" number="1"/>
<flow id="car113" type="carType0" from="gneE49" to="gneE44" begin="117" end="117" number="1"/>
<flow id="car114" type="carType1" from="toprightD" to="gneE28" begin="118" end="118" number="1"/>
<flow id="car115" type="carType2" from="-gneE42" to="gneE51" begin="118" end="118" number="1"/>
<flow id="car116" type="carType1" from="gneE27" to="-gneE13" begin="119" end="119" number="1"/>
<flow id="car117" type="carType1" from="gneE27" to="-gneE27" begin="120" end="120" number="1"/>
<flow id="car118" type="carType0" from="gneE34" to="-gneE50" begin="121" end="121" number="1"/>
<flow id="car119" type="carType0" from="gneE28" to="gneE30" begin="121" end="121" number="1"/>
<flow id="car120" type="carType1" from="gneE28" to="toprightD" begin="122" end="122" number="1"/>
<flow id="car121" type="carType1" from="toprightL" to="-gneE37" begin="123" end="123" number="1"/>
<flow id="car122" type="carType1" from="bottomleftR" to="-gneE33" begin="123" end="123" number="1"/>
<flow id="car123" type="carType0" from="-gneE8" to="gneE51" begin="125" end="125" number="1"/>
<flow id="car124" type="carType2" from="gneE8" to="gneE34" begin="125" end="125" number="1"/>
<flow id="car125" type="carType2" from="gneE51" to="-gneE45" begin="125" end="125" number="1"/>
<flow id="car126" type="carType0" from="-gneE44" to="-gneE48" begin="126" end="126" number="1"/>
<flow id="car127" type="carType2" from="-gneE43" to="bottomrightL" begin="126" end="126" number="1"/>
<flow id="car128" type="carType1" from="-gneE8" to="gneE43" begin="127" end="127" number="1"/>
<flow id="car129" type="carType2" from="-gneE27" to="-gneE34" begin="129" end="129" number="1"/>
<flow id="car130" type="carType2" from="gneE18" to="gneE51" begin="129" end="129" number="1"/>
<flow id="car131" type="carType2" from="gneE29" to="-gneE29" begin="130" end="130" number="1"/>
<flow id="car132" type="carType2" from="gneE34" to="-gneE21" begin="131" end="131" number="1"/>
<flow id="car133" type="carType0" from="gneE35" to="-gneE43" begin="131" end="131" number="1"/>
<flow id="car134" type="carType2" from="gneE34" to="-gneE43" begin="132" end="132" number="1"/>
<flow id="car135" type="carType1" from="bottomrightL" to="gneE9" begin="132" end="132" number="1"/>
<flow id="car136" type="carType2" from="-gneE29" to="-gneE51" begin="133" end="133" number="1"/>
<flow id="car137" type="carType1" from="gneE30" to="gneE28" begin="134" end="134" number="1"/>
<flow id="car138" type="carType0" from="-gneE44" to="gneE46" begin="134" end="134" number="1"/>
<flow id="car139" type="carType0" from="-gneE51" to="gneE30" begin="134" end="134" number="1"/>
<flow id="car140" type="carType0" from="-gneE37" to="-gneE42" begin="135" end="135" number="1"/>
<flow id="car141" type="carType0" from="-gneE37" to="gneE22" begin="135" end="135" number="1"/>
<flow id="car142" type="carType0" from="gneE44" to="-gneE51" begin="136" end="136" number="1"/>
<flow id="car143" type="carType1" from="-gneE42" to="bottomrightL" begin="136" end="136" number="1"/>
<flow id="car144" type="carType1" from="bottomleftR" to="gneE8" begin="139" end="139" number="1"/>
<flow id="car145" type="carType2" from="gneE30" to="-gneE37" begin="141" end="141" number="1"/>
<flow id="car146" type="carType0" from="-gneE45" to="gneE50" begin="141" end="141" number="1"/>
<flow id="car147" type="carType1" from="bottomrightL" to="-gneE27" begin="143" end="143" number="1"/>
<flow id="car148" type="carType1" from="gneE49" to="-gneE50" begin="143" end="143" number="1"/>
<flow id="car149" type="carType1" from="gneE51" to="-gneE43" begin="144" end="144" number="1"/>
<flow id="car150" type="carType2" from="-gneE45" to="gneE35" begin="144" end="144" number="1"/>
<flow id="car151" type="carType0" from="-gneE37" to="gneE35" begin="144" end="144" number="1"/>
<flow id="car152" type="carType1" from="gneE43" to="toprightL" begin="146" end="146" number="1"/>
<flow id="car153" type="carType2" from="-gneE7" to="-gneE29" begin="148" end="148" number="1"/>
<flow id="car154" type="carType1" from="-gneE50" to="gneE37" begin="150" end="150" number="1"/>
<flow id="car155" type="carType1" from="gneE49" to="gneE50" begin="151" end="151" number="1"/>
<flow id="car156" type="carType1" from="-gneE8" to="gneE45" begin="151" end="151" number="1"/>
<flow id="car157" type="carType0" from="-gneE29" to="gneE21" begin="151" end="151" number="1"/>
<flow id="car158" type="carType0" from="topleftR" to="toprightD" begin="151" end="151" number="1"/>
<flow id="car159" type="carType0" from="gneE48" to="gneE30" begin="153" end="153" number="1"/>
<flow id="car160" type="carType1" from="-gneE45" to="bottomleftR" begin="158" end="158" number="1"/>
<flow id="car161" type="carType2" from="bottomleftR" to="-gneE37" begin="158" end="158" number="1"/>
<flow id="car162" type="carType0" from="-gneE13" to="-gneE48" begin="158" end="158" number="1"/>
<flow id="car163" type="carType0" from="gneE50" to="toprightL" begin="160" end="160" number="1"/>
<flow id="car164" type="carType2" from="gneE18" to="gneE50" begin="162" end="162" number="1"/>
<flow id="car165" type="carType1" from="-gneE21" to="gneE28" begin="163" end="163" number="1"/>
<flow id="car166" type="carType1" from="-gneE21" to="-gneE51" begin="164" end="164" number="1"/>
<flow id="car167" type="carType0" from="gneE50" to="gneE50" begin="165" end="165" number="1"/>
<flow id="car168" type="carType1" from="bottomrightU" to="-gneE44" begin="167" end="167" number="1"/>
<flow id="car169" type="carType0" from="bottomrightL" to="gneE51" begin="168" end="168" number="1"/>
<flow id="car170" type="carType0" from="-gneE18" to="gneE45" begin="168" end="168" number="1"/>
<flow id="car171" type="carType0" from="gneE18" to="topleftD" begin="168" end="168" number="1"/>
<flow id="car172" type="carType2" from="topleftR" to="gneE22" begin="169" end="169" number="1"/>
<flow id="car173" type="carType0" from="-gneE42" to="-gneE34" begin="170" end="170" number="1"/>
<flow id="car174" type="carType0" from="-gneE27" to="-gneE8" begin="170" end="170" number="1"/>
<flow id="car175" type="carType1" from="-gneE28" to="gneE30" begin="172" end="172" number="1"/>
<flow id="car176" type="carType0" from="bottomleftU" to="-gneE50" begin="173" end="173" number="1"/>
<flow id="car177" type="carType1" from="-gneE27" to="-gneE50" begin="175" end="175" number="1"/>
<flow id="car178" type="carType1" from="gneE22" to="gneE35" begin="175" end="175" number="1"/>
<flow id="car179" type="carType2" from="gneE22" to="-gneE21" begin="176" end="176" number="1"/>
<flow id="car180" type="carType1" from="-gneE50" to="-gneE37" begin="177" end="177" number="1"/>
<flow id="car181" type="carType0" from="-gneE21" to="topleftD" begin="177" end="177" number="1"/>
<flow id="car182" type="carType2" from="-gneE50" to="bottomleftU" begin="179" end="179" number="1"/>
<flow id="car183" type="carType1" from="bottomrightU" to="-gneE33" begin="182" end="182" number="1"/>
<flow id="car184" type="carType2" from="gneE9" to="gneE42" begin="182" end="182" number="1"/>
<flow id="car185" type="carType1" from="gneE49" to="gneE22" begin="182" end="182" number="1"/>
<flow id="car186" type="carType1" from="-gneE50" to="bottomleftR" begin="182" end="182" number="1"/>
<flow id="car187" type="carType0" from="-gneE7" to="bottomleftU" begin="184" end="184" number="1"/>
<flow id="car188" type="carType0" from="gneE18" to="topleftR" begin="185" end="185" number="1"/>
<flow id="car189" type="carType0" from="gneE8" to="-gneE18" begin="188" end="188" number="1"/>
<flow id="car190" type="carType1" from="toprightL" to="-gneE51" begin="188" end="188" number="1"/>
<flow id="car191" type="carType2" from="-gneE51" to="gneE30" begin="191" end="191" number="1"/>
<flow id="car192" type="carType1" from="-gneE28" to="-gneE8" begin="192" end="192" number="1"/>
<flow id="car193" type="carType1" from="-gneE7" to="-gneE51" begin="193" end="193" number="1"/>
<flow id="car194" type="carType0" from="topleftR" to="-gneE29" begin="194" end="194" number="1"/>
<flow id="car195" type="carType0" from="-gneE7" to="bottomrightU" begin="194" end="194" number="1"/>
<flow id="car196" type="carType2" from="gneE42" to="-gneE33" begin="198" end="198" number="1"/>
<flow id="car197" type="carType1" from="gneE44" to="gneE37" begin="199" end="199" number="1"/>
<flow id="car198" type="carType2" from="topleftD" to="-gneE18" begin="199" end="199" number="1"/>
<flow id="car199" type="carType2" from="-gneE45" to="gneE27" begin="199" end="199" number="1"/>
</routes>
