<routes>
<vType id="carType0" length="6" maxSpeed="45.92" accel="2.32" decel="5.11" speedDev="0.2" sigma="0.25"/>
<vType id="carType1" length="6" maxSpeed="41.37" accel="2.95" decel="5.65" speedDev="0.2" sigma="0.28"/>
<vType id="carType2" length="3" maxSpeed="42.83" accel="2.61" decel="4.06" speedDev="0.2" sigma="0.28"/>
<flow id="car0" type="carType0" from="gneE18" to="-gneE8" begin="1" end="1" number="1"/>
<flow id="car1" type="carType2" from="gneE8" to="gneE27" begin="2" end="2" number="1"/>
<flow id="car2" type="carType0" from="-gneE51" to="gneE21" begin="5" end="5" number="1"/>
<flow id="car3" type="carType1" from="-gneE33" to="-gneE13" begin="5" end="5" number="1"/>
<flow id="car4" type="carType1" from="bottomrightL" to="-gneE44" begin="6" end="6" number="1"/>
<flow id="car5" type="carType0" from="-gneE34" to="gneE43" begin="8" end="8" number="1"/>
<flow id="car6" type="carType1" from="gneE28" to="-gneE28" begin="8" end="8" number="1"/>
<flow id="car7" type="carType0" from="gneE48" to="gneE8" begin="9" end="9" number="1"/>
<flow id="car8" type="carType0" from="gneE8" to="topleftD" begin="9" end="9" number="1"/>
<flow id="car9" type="carType1" from="topleftR" to="gneE35" begin="10" end="10" number="1"/>
<flow id="car10" type="carType1" from="gneE27" to="gneE21" begin="12" end="12" number="1"/>
<flow id="car11" type="carType0" from="-gneE50" to="-gneE7" begin="12" end="12" number="1"/>
<flow id="car12" type="carType2" from="-gneE27" to="-gneE18" begin="14" end="14" number="1"/>
<flow id="car13" type="carType1" from="-gneE27" to="-gneE48" begin="21" end="21" number="1"/>
<flow id="car14" type="carType2" from="-gneE43" to="topleftR" begin="22" end="22" number="1"/>
<flow id="car15" type="carType1" from="-gneE48" to="gneE51" begin="22" end="22" number="1"/>
<flow id="car16" type="carType0" from="-gneE29" to="-gneE29" begin="23" end="23" number="1"/>
<flow id="car17" type="carType2" from="-gneE49" to="-gneE21" begin="26" end="26" number="1"/>
<flow id="car18" type="carType2" from="bottomleftR" to="-gneE42" begin="29" end="29" number="1"/>
<flow id="car19" type="carType2" from="gneE21" to="bottomleftR" begin="30" end="30" number="1"/>
<flow id="car20" type="carType0" from="-gneE45" to="topleftR" begin="30" end="30" number="1"/>
<flow id="car21" type="carType1" from="gneE42" to="gneE50" begin="32" end="32" number="1"/>
<flow id="car22" type="carType2" from="-gneE49" to="-gneE50" begin="32" end="32" number="1"/>
<flow id="car23" type="carType1" from="-gneE27" to="-gneE27" begin="33" end="33" number="1"/>
<flow id="car24" type="carType0" from="toprightL" to="bottomleftR" begin="33" end="33" number="1"/>
<flow id="car25" type="carType0" from="-gneE28" to="topleftR" begin="34" end="34" number="1"/>
<flow id="car26" type="carType0" from="-gneE21" to="gneE28" begin="34" end="34" number="1"/>
<flow id="car27" type="carType2" from="gneE45" to="gneE44" begin="35" end="35" number="1"/>
<flow id="car28" type="carType0" from="bottomleftU" to="-gneE48" begin="35" end="35" number="1"/>
<flow id="car29" type="carType1" from="gneE37" to="gneE34" begin="36" end="36" number="1"/>
<flow id="car30" type="carType2" from="-gneE18" to="-gneE37" begin="37" end="37" number="1"/>
<flow id="car31" type="carType0" from="topleftD" to="gneE35" begin="40" end="40" number="1"/>
<flow id="car32" type="carType0" from="-gneE7" to="gneE42" begin="42" end="42" number="1"/>
<flow id="car33" type="carType2" from="-gneE13" to="gneE21" begin="42" end="42" number="1"/>
<flow id="car34" type="carType2" from="gneE30" to="gneE48" begin="43" end="43" number="1"/>
<flow id="car35" type="carType2" from="-gneE28" to="gneE48" begin="45" end="45" number="1"/>
<flow id="car36" type="carType1" from="gneE8" to="-gneE18" begin="46" end="46" number="1"/>
<flow id="car37" type="carType0" from="gneE37" to="-gneE45" begin="47" end="47" number="1"/>
<flow id="car38" type="carType2" from="-gneE13" to="bottomrightL" begin="47" end="47" number="1"/>
<flow id="car39" type="carType2" from="gneE46" to="gneE28" begin="47" end="47" number="1"/>
<flow id="car40" type="carType1" from="-gneE42" to="gneE49" begin="48" end="48" number="1"/>
<flow id="car41" type="carType0" from="gneE21" to="bottomleftR" begin="49" end="49" number="1"/>
<flow id="car42" type="carType0" from="-gneE29" to="-gneE18" begin="49" end="49" number="1"/>
<flow id="car43" type="carType1" from="-gneE48" to="gneE29" begin="50" end="50" number="1"/>
<flow id="car44" type="carType0" from="bottomleftR" to="gneE30" begin="51" end="51" number="1"/>
<flow id="car45" type="carType2" from="-gneE49" to="gneE9" begin="53" end="53" number="1"/>
<flow id="car46" type="carType2" from="bottomrightL" to="-gneE43" begin="53" end="53" number="1"/>
<flow id="car47" type="carType1" from="-gneE18" to="gneE44" begin="55" end="55" number="1"/>
<flow id="car48" type="carType1" from="-gneE8" to="-gneE18" begin="56" end="56" number="1"/>
<flow id="car49" type="carType2" from="gneE29" to="-gneE21" begin="57" end="57" number="1"/>
<flow id="car50" type="carType1" from="gneE43" to="gneE27" begin="58" end="58" number="1"/>
<flow id="car51" type="carType0" from="gneE49" to="-gneE13" begin="58" end="58" number="1"/>
<flow id="car52" type="carType0" from="-gneE45" to="bottomleftR" begin="60" end="60" number="1"/>
<flow id="car53" type="carType2" from="-gneE29" to="gneE29" begin="60" end="60" number="1"/>
<flow id="car54" type="carType1" from="gneE9" to="toprightL" begin="61" end="61" number="1"/>
<flow id="car55" type="carType1" from="gneE37" to="gneE50" begin="62" end="62" number="1"/>
<flow id="car56" type="carType0" from="-gneE49" to="-gneE49" begin="62" end="62" number="1"/>
<flow id="car57" type="carType0" from="-gneE18" to="-gneE21" begin="63" end="63" number="1"/>
<flow id="car58" type="carType1" from="-gneE48" to="gneE44" begin="63" end="63" number="1"/>
<flow id="car59" type="carType1" from="gneE45" to="gneE35" begin="65" end="65" number="1"/>
<flow id="car60" type="carType2" from="gneE51" to="gneE42" begin="66" end="66" number="1"/>
<flow id="car61" type="carType1" from="topleftR" to="gneE18" begin="66" end="66" number="1"/>
<flow id="car62" type="carType0" from="gneE37" to="gneE42" begin="67" end="67" number="1"/>
<flow id="car63" type="carType0" from="-gneE18" to="gneE45" begin="68" end="68" number="1"/>
<flow id="car64" type="carType1" from="bottomrightL" to="-gneE29" begin="68" end="68" number="1"/>
<flow id="car65" type="carType1" from="gneE27" to="gneE8" begin="69" end="69" number="1"/>
<flow id="car66" type="carType2" from="bottomrightL" to="-gneE45" begin="69" end="69" number="1"/>
<flow id="car67" type="carType1" from="-gneE50" to="gneE51" begin="70" end="70" number="1"/>
<flow id="car68" type="carType0" from="gneE22" to="gneE21" begin="71" end="71" number="1"/>
<flow id="car69" type="carType1" from="-gneE13" to="-gneE28" begin="71" end="71" number="1"/>
<flow id="car70" type="carType2" from="-gneE33" to="gneE21" begin="72" end="72" number="1"/>
<flow id="car71" type="carType2" from="gneE37" to="gneE51" begin="72" end="72" number="1"/>
<flow id="car72" type="carType0" from="gneE30" to="gneE35" begin="73" end="73" number="1"/>
<flow id="car73" type="carType2" from="-gneE27" to="topleftD" begin="73" end="73" number="1"/>
<flow id="car74" type="carType0" from="-gneE21" to="gneE49" begin="74" end="74" number="1"/>
<flow id="car75" type="carType0" from="gneE18" to="gneE34" begin="75" end="75" number="1"/>
<flow id="car76" type="carType1" from="gneE43" to="gneE45" begin="77" end="77" number="1"/>
<flow id="car77" type="carType0" from="-gneE50" to="gneE30" begin="77" end="77" number="1"/>
<flow id="car78" type="carType1" from="-gneE8" to="gneE8" begin="79" end="79" number="1"/>
<flow id="car79" type="carType2" from="-gneE43" to="gneE44" begin="80" end="80" number="1"/>
<flow id="car80" type="carType2" from="bottomleftU" to="gneE34" begin="80" end="80" number="1"/>
<flow id="car81" type="carType0" from="gneE50" to="-gneE50" begin="80" end="80" number="1"/>
<flow id="car82" type="carType0" from="-gneE42" to="-gneE48" begin="80" end="80" number="1"/>
<flow id="car83" type="carType1" from="-gneE27" to="-gneE7" begin="82" end="82" number="1"/>
<flow id="car84" type="carType1" from="-gneE42" to="-gneE48" begin="82" end="82" number="1"/>
<flow id="car85" type="carType2" from="gneE21" to="topleftD" begin="82" end="82" number="1"/>
<flow id="car86" type="carType2" from="gneE22" to="gneE37" begin="84" end="84" number="1"/>
<flow id="car87" type="carType0" from="topleftR" to="gneE42" begin="84" end="84" number="1"/>
<flow id="car88" type="carType1" from="gneE21" to="-gneE49" begin="85" end="85" number="1"/>
<flow id="car89" type="carType1" from="-gneE51" to="-gneE8" begin="87" end="87" number="1"/>
<flow id="car90" type="carType2" from="-gneE50" to="-gneE43" begin="87" end="87" number="1"/>
<flow id="car91" type="carType2" from="gneE34" to="topleftD" begin="88" end="88" number="1"/>
<flow id="car92" type="carType1" from="gneE27" to="-gneE8" begin="88" end="88" number="1"/>
<flow id="car93" type="carType2" from="gneE27" to="-gneE28" begin="89" end="89" number="1"/>
<flow id="car94" type="carType1" from="gneE42" to="gneE9" begin="92" end="92" number="1"/>
<flow id="car95" type="carType0" from="gneE46" to="gneE49" begin="92" end="92" number="1"/>
<flow id="car96" type="carType1" from="-gneE8" to="-gneE27" begin="93" end="93" number="1"/>
<flow id="car97" type="carType1" from="-gneE8" to="topleftD" begin="94" end="94" number="1"/>
<flow id="car98" type="carType1" from="gneE49" to="-gneE34" begin="98" end="98" number="1"/>
<flow id="car99" type="carType2" from="gneE18" to="gneE21" begin="98" end="98" number="1"/>
<flow id="car100" type="carType2" from="-gneE27" to="gneE51" begin="100" end="100" number="1"/>
<flow id="car101" type="carType0" from="topleftR" to="-gneE42" begin="101" end="101" number="1"/>
<flow id="car102" type="carType2" from="-gneE48" to="gneE28" begin="102" end="102" number="1"/>
<flow id="car103" type="carType0" from="toprightD" to="gneE45" begin="102" end="102" number="1"/>
<flow id="car104" type="carType1" from="bottomleftR" to="gneE27" begin="104" end="104" number="1"/>
<flow id="car105" type="carType2" from="-gneE37" to="-gneE13" begin="104" end="104" number="1"/>
<flow id="car106" type="carType1" from="topleftD" to="topleftD" begin="104" end="104" number="1"/>
<flow id="car107" type="carType0" from="-gneE13" to="topleftD" begin="106" end="106" number="1"/>
<flow id="car108" type="carType1" from="-gneE8" to="topleftR" begin="108" end="108" number="1"/>
<flow id="car109" type="carType0" from="-gneE21" to="toprightL" begin="108" end="108" number="1"/>
<flow id="car110" type="carType2" from="gneE8" to="-gneE28" begin="109" end="109" number="1"/>
<flow id="car111" type="carType1" from="-gneE51" to="-gneE34" begin="112" end="112" number="1"/>
<flow id="car112" type="carType2" from="-gneE37" to="gneE37" begin="115" end="115" number="1"/>
<flow id="car113" type="carType0" from="toprightD" to="-gneE48" begin="117" end="117" number="1"/>
<flow id="car114" type="carType0" from="-gneE13" to="-gneE29" begin="117" end="117" number="1"/>
<flow id="car115" type="carType0" from="gneE50" to="-gneE49" begin="118" end="118" number="1"/>
<flow id="car116" type="carType1" from="gneE43" to="-gneE27" begin="118" end="118" number="1"/>
<flow id="car117" type="carType1" from="gneE27" to="bottomrightL" begin="119" end="119" number="1"/>
<flow id="car118" type="carType2" from="bottomrightL" to="topleftR" begin="120" end="120" number="1"/>
<flow id="car119" type="carType1" from="-gneE7" to="gneE9" begin="122" end="122" number="1"/>
<flow id="car120" type="carType0" from="-gneE29" to="gneE50" begin="123" end="123" number="1"/>
<flow id="car121" type="carType2" from="gneE50" to="-gneE21" begin="124" end="124" number="1"/>
<flow id="car122" type="carType1" from="toprightD" to="gneE21" begin="125" end="125" number="1"/>
<flow id="car123" type="carType0" from="bottomleftU" to="-gneE18" begin="126" end="126" number="1"/>
<flow id="car124" type="carType1" from="gneE9" to="-gneE50" begin="129" end="129" number="1"/>
<flow id="car125" type="carType2" from="-gneE29" to="gneE37" begin="133" end="133" number="1"/>
<flow id="car126" type="carType2" from="gneE42" to="gneE21" begin="135" end="135" number="1"/>
<flow id="car127" type="carType1" from="toprightL" to="gneE48" begin="136" end="136" number="1"/>
<flow id="car128" type="carType2" from="gneE8" to="toprightD" begin="138" end="138" number="1"/>
<flow id="car129" type="carType2" from="-gneE34" to="-gneE21" begin="138" end="138" number="1"/>
<flow id="car130" type="carType1" from="bottomrightU" to="-gneE8" begin="139" end="139" number="1"/>
<flow id="car131" type="carType2" from="gneE43" to="gneE48" begin="139" end="139" number="1"/>
<flow id="car132" type="carType0" from="-gneE42" to="gneE45" begin="140" end="140" number="1"/>
<flow id="car133" type="carType0" from="gneE44" to="bottomleftU" begin="140" end="140" number="1"/>
<flow id="car134" type="carType2" from="-gneE51" to="-gneE18" begin="140" end="140" number="1"/>
<flow id="car135" type="carType1" from="gneE49" to="gneE48" begin="142" end="142" number="1"/>
<flow id="car136" type="carType2" from="gneE28" to="-gneE21" begin="143" end="143" number="1"/>
<flow id="car137" type="carType1" from="gneE34" to="gneE28" begin="144" end="144" number="1"/>
<flow id="car138" type="carType2" from="-gneE7" to="-gneE51" begin="145" end="145" number="1"/>
<flow id="car139" type="carType1" from="-gneE27" to="bottomleftU" begin="151" end="151" number="1"/>
<flow id="car140" type="carType2" from="gneE45" to="-gneE29" begin="152" end="152" number="1"/>
<flow id="car141" type="carType1" from="gneE37" to="gneE8" begin="152" end="152" number="1"/>
<flow id="car142" type="carType0" from="-gneE42" to="-gneE44" begin="153" end="153" number="1"/>
<flow id="car143" type="carType2" from="-gneE13" to="-gneE42" begin="154" end="154" number="1"/>
<flow id="car144" type="carType0" from="bottomleftU" to="toprightL" begin="154" end="154" number="1"/>
<flow id="car145" type="carType1" from="-gneE37" to="gneE44" begin="155" end="155" number="1"/>
<flow id="car146" type="carType1" from="topleftR" to="-gneE37" begin="155" end="155" number="1"/>
<flow id="car147" type="carType2" from="gneE8" to="gneE51" begin="155" end="155" number="1"/>
<flow id="car148" type="carType0" from="-gneE28" to="gneE48" begin="155" end="155" number="1"/>
<flow id="car149" type="carType1" from="-gneE45" to="-gneE51" begin="156" end="156" number="1"/>
<flow id="car150" type="carType2" from="bottomrightU" to="bottomrightL" begin="157" end="157" number="1"/>
<flow id="car151" type="carType1" from="gneE45" to="gneE49" begin="159" end="159" number="1"/>
<flow id="car152" type="carType1" from="gneE37" to="bottomleftR" begin="160" end="160" number="1"/>
<flow id="car153" type="carType0" from="-gneE50" to="-gneE18" begin="161" end="161" number="1"/>
<flow id="car154" type="carType0" from="-gneE27" to="gneE48" begin="161" end="161" number="1"/>
<flow id="car155" type="carType1" from="gneE22" to="gneE18" begin="161" end="161" number="1"/>
<flow id="car156" type="carType1" from="gneE51" to="-gneE13" begin="162" end="162" number="1"/>
<flow id="car157" type="carType0" from="-gneE34" to="gneE42" begin="162" end="162" number="1"/>
<flow id="car158" type="carType0" from="-gneE49" to="-gneE8" begin="165" end="165" number="1"/>
<flow id="car159" type="carType1" from="gneE42" to="gneE27" begin="165" end="165" number="1"/>
<flow id="car160" type="carType0" from="gneE48" to="-gneE43" begin="167" end="167" number="1"/>
<flow id="car161" type="carType1" from="gneE8" to="-gneE29" begin="167" end="167" number="1"/>
<flow id="car162" type="carType2" from="bottomleftR" to="bottomrightU" begin="168" end="168" number="1"/>
<flow id="car163" type="carType1" from="-gneE8" to="-gneE43" begin="168" end="168" number="1"/>
<flow id="car164" type="carType0" from="-gneE29" to="gneE50" begin="168" end="168" number="1"/>
<flow id="car165" type="carType2" from="gneE9" to="-gneE42" begin="170" end="170" number="1"/>
<flow id="car166" type="carType1" from="topleftD" to="-gneE49" begin="171" end="171" number="1"/>
<flow id="car167" type="carType1" from="gneE30" to="-gneE7" begin="172" end="172" number="1"/>
<flow id="car168" type="carType0" from="gneE43" to="gneE43" begin="173" end="173" number="1"/>
<flow id="car169" type="carType2" from="gneE46" to="gneE45" begin="175" end="175" number="1"/>
<flow id="car170" type="carType0" from="-gneE27" to="bottomrightU" begin="176" end="176" number="1"/>
<flow id="car171" type="carType0" from="gneE49" to="bottomleftR" begin="176" end="176" number="1"/>
<flow id="car172" type="carType2" from="-gneE28" to="bottomrightU" begin="177" end="177" number="1"/>
<flow id="car173" type="carType0" from="-gneE34" to="topleftD" begin="177" end="177" number="1"/>
<flow id="car174" type="carType0" from="bottomleftU" to="topleftD" begin="178" end="178" number="1"/>
<flow id="car175" type="carType1" from="bottomrightL" to="-gneE27" begin="180" end="180" number="1"/>
<flow id="car176" type="carType0" from="bottomleftR" to="toprightD" begin="182" end="182" number="1"/>
<flow id="car177" type="carType1" from="bottomrightL" to="-gneE45" begin="183" end="183" number="1"/>
<flow id="car178" type="carType2" from="gneE44" to="gneE30" begin="183" end="183" number="1"/>
<flow id="car179" type="carType0" from="-gneE43" to="gneE37" begin="183" end="183" number="1"/>
<flow id="car180" type="carType1" from="gneE46" to="gneE45" begin="184" end="184" number="1"/>
<flow id="car181" type="carType2" from="toprightD" to="-gneE28" begin="184" end="184" number="1"/>
<flow id="car182" type="carType1" from="-gneE42" to="-gneE7" begin="184" end="184" number="1"/>
<flow id="car183" type="carType1" from="gneE35" to="topleftD" begin="185" end="185" number="1"/>
<flow id="car184" type="carType1" from="gneE46" to="-gneE42" begin="187" end="187" number="1"/>
<flow id="car185" type="carType0" from="toprightD" to="-gneE34" begin="188" end="188" number="1"/>
<flow id="car186" type="carType0" from="gneE44" to="-gneE45" begin="189" end="189" number="1"/>
<flow id="car187" type="carType0" from="-gneE18" to="gneE28" begin="189" end="189" number="1"/>
<flow id="car188" type="carType2" from="bottomleftU" to="gneE21" begin="190" end="190" number="1"/>
<flow id="car189" type="carType1" from="-gneE18" to="gneE27" begin="190" end="190" number="1"/>
<flow id="car190" type="carType2" from="-gneE13" to="gneE49" begin="191" end="191" number="1"/>
<flow id="car191" type="carType2" from="-gneE27" to="gneE50" begin="192" end="192" number="1"/>
<flow id="car192" type="carType2" from="gneE27" to="gneE22" begin="192" end="192" number="1"/>
<flow id="car193" type="carType1" from="-gneE44" to="-gneE28" begin="194" end="194" number="1"/>
<flow id="car194" type="carType1" from="gneE49" to="gneE50" begin="194" end="194" number="1"/>
<flow id="car195" type="carType1" from="-gneE13" to="gneE43" begin="196" end="196" number="1"/>
<flow id="car196" type="carType2" from="-gneE43" to="-gneE43" begin="197" end="197" number="1"/>
<flow id="car197" type="carType0" from="gneE45" to="bottomleftU" begin="198" end="198" number="1"/>
<flow id="car198" type="carType0" from="gneE49" to="gneE28" begin="199" end="199" number="1"/>
<flow id="car199" type="carType0" from="-gneE42" to="-gneE21" begin="199" end="199" number="1"/>
</routes>
