<routes>
<vType id="carType0" length="8" maxSpeed="46.33" accel="2.64" decel="4.9" speedDev="0.2" sigma="0.18"/>
<vType id="carType1" length="9" maxSpeed="44.48" accel="2.43" decel="5.43" speedDev="0.2" sigma="0.17"/>
<vType id="carType2" length="5" maxSpeed="43.37" accel="2.04" decel="4.24" speedDev="0.2" sigma="0.21"/>
<flow id="car0" type="carType1" from="bottomrightU" to="gneE21" begin="0" end="0" number="1"/>
<flow id="car1" type="carType0" from="gneE49" to="-gneE18" begin="1" end="1" number="1"/>
<flow id="car2" type="carType0" from="-gneE29" to="-gneE28" begin="1" end="1" number="1"/>
<flow id="car3" type="carType1" from="-gneE33" to="-gneE13" begin="1" end="1" number="1"/>
<flow id="car4" type="carType1" from="-gneE33" to="gneE27" begin="2" end="2" number="1"/>
<flow id="car5" type="carType1" from="gneE30" to="-gneE13" begin="2" end="2" number="1"/>
<flow id="car6" type="carType2" from="-gneE29" to="-gneE21" begin="3" end="3" number="1"/>
<flow id="car7" type="carType1" from="bottomleftU" to="-gneE33" begin="3" end="3" number="1"/>
<flow id="car8" type="carType1" from="gneE45" to="gneE51" begin="4" end="4" number="1"/>
<flow id="car9" type="carType1" from="toprightL" to="gneE29" begin="5" end="5" number="1"/>
<flow id="car10" type="carType1" from="-gneE37" to="gneE28" begin="5" end="5" number="1"/>
<flow id="car11" type="carType1" from="gneE18" to="gneE8" begin="6" end="6" number="1"/>
<flow id="car12" type="carType2" from="gneE27" to="-gneE51" begin="7" end="7" number="1"/>
<flow id="car13" type="carType0" from="gneE51" to="gneE18" begin="7" end="7" number="1"/>
<flow id="car14" type="carType0" from="topleftD" to="bottomrightU" begin="8" end="8" number="1"/>
<flow id="car15" type="carType2" from="-gneE44" to="topleftD" begin="9" end="9" number="1"/>
<flow id="car16" type="carType1" from="bottomleftU" to="gneE27" begin="11" end="11" number="1"/>
<flow id="car17" type="carType1" from="gneE30" to="gneE37" begin="12" end="12" number="1"/>
<flow id="car18" type="carType0" from="gneE37" to="bottomrightL" begin="12" end="12" number="1"/>
<flow id="car19" type="carType0" from="gneE45" to="gneE42" begin="12" end="12" number="1"/>
<flow id="car20" type="carType2" from="-gneE34" to="gneE27" begin="15" end="15" number="1"/>
<flow id="car21" type="carType1" from="gneE35" to="gneE42" begin="15" end="15" number="1"/>
<flow id="car22" type="carType0" from="gneE46" to="-gneE45" begin="15" end="15" number="1"/>
<flow id="car23" type="carType0" from="gneE35" to="gneE50" begin="15" end="15" number="1"/>
<flow id="car24" type="carType1" from="-gneE44" to="-gneE51" begin="15" end="15" number="1"/>
<flow id="car25" type="carType1" from="gneE9" to="bottomrightU" begin="16" end="16" number="1"/>
<flow id="car26" type="carType0" from="-gneE34" to="-gneE37" begin="18" end="18" number="1"/>
<flow id="car27" type="carType1" from="gneE50" to="-gneE13" begin="18" end="18" number="1"/>
<flow id="car28" type="carType2" from="-gneE21" to="gneE27" begin="19" end="19" number="1"/>
<flow id="car29" type="carType1" from="bottomrightU" to="-gneE37" begin="20" end="20" number="1"/>
<flow id="car30" type="carType1" from="gneE34" to="-gneE33" begin="20" end="20" number="1"/>
<flow id="car31" type="carType1" from="gneE45" to="-gneE37" begin="21" end="21" number="1"/>
<flow id="car32" type="carType1" from="gneE44" to="gneE28" begin="21" end="21" number="1"/>
<flow id="car33" type="carType2" from="toprightL" to="gneE46" begin="22" end="22" number="1"/>
<flow id="car34" type="carType1" from="gneE35" to="toprightL" begin="22" end="22" number="1"/>
<flow id="car35" type="carType1" from="gneE46" to="toprightL" begin="23" end="23" number="1"/>
<flow id="car36" type="carType2" from="-gneE29" to="-gneE29" begin="24" end="24" number="1"/>
<flow id="car37" type="carType1" from="-gneE50" to="gneE37" begin="25" end="25" number="1"/>
<flow id="car38" type="carType2" from="-gneE33" to="-gneE8" begin="26" end="26" number="1"/>
<flow id="car39" type="carType0" from="toprightL" to="gneE28" begin="27" end="27" number="1"/>
<flow id="car40" type="carType1" from="-gneE29" to="gneE45" begin="27" end="27" number="1"/>
<flow id="car41" type="carType2" from="gneE48" to="gneE35" begin="27" end="27" number="1"/>
<flow id="car42" type="carType2" from="-gneE27" to="-gneE45" begin="29" end="29" number="1"/>
<flow id="car43" type="carType1" from="-gneE34" to="-gneE28" begin="30" end="30" number="1"/>
<flow id="car44" type="carType1" from="-gneE49" to="-gneE27" begin="30" end="30" number="1"/>
<flow id="car45" type="carType0" from="-gneE42" to="gneE8" begin="32" end="32" number="1"/>
<flow id="car46" type="carType1" from="toprightL" to="gneE34" begin="34" end="34" number="1"/>
<flow id="car47" type="carType2" from="-gneE8" to="bottomleftU" begin="34" end="34" number="1"/>
<flow id="car48" type="carType2" from="gneE44" to="topleftR" begin="35" end="35" number="1"/>
<flow id="car49" type="carType1" from="gneE49" to="gneE50" begin="35" end="35" number="1"/>
<flow id="car50" type="carType2" from="-gneE44" to="topleftD" begin="35" end="35" number="1"/>
<flow id="car51" type="carType0" from="bottomrightL" to="gneE18" begin="35" end="35" number="1"/>
<flow id="car52" type="carType0" from="gneE44" to="gneE44" begin="36" end="36" number="1"/>
<flow id="car53" type="carType1" from="gneE27" to="-gneE34" begin="37" end="37" number="1"/>
<flow id="car54" type="carType0" from="-gneE42" to="gneE9" begin="39" end="39" number="1"/>
<flow id="car55" type="carType2" from="gneE29" to="bottomrightU" begin="39" end="39" number="1"/>
<flow id="car56" type="carType0" from="gneE50" to="-gneE48" begin="39" end="39" number="1"/>
<flow id="car57" type="carType2" from="gneE21" to="-gneE51" begin="42" end="42" number="1"/>
<flow id="car58" type="carType0" from="gneE28" to="gneE28" begin="43" end="43" number="1"/>
<flow id="car59" type="carType2" from="bottomleftU" to="-gneE33" begin="43" end="43" number="1"/>
<flow id="car60" type="carType0" from="toprightD" to="gneE51" begin="43" end="43" number="1"/>
<flow id="car61" type="carType0" from="-gneE21" to="bottomleftR" begin="43" end="43" number="1"/>
<flow id="car62" type="carType2" from="gneE9" to="-gneE37" begin="46" end="46" number="1"/>
<flow id="car63" type="carType0" from="gneE44" to="topleftR" begin="47" end="47" number="1"/>
<flow id="car64" type="carType0" from="gneE42" to="-gneE33" begin="49" end="49" number="1"/>
<flow id="car65" type="carType1" from="-gneE29" to="topleftD" begin="49" end="49" number="1"/>
<flow id="car66" type="carType0" from="gneE42" to="-gneE42" begin="50" end="50" number="1"/>
<flow id="car67" type="carType1" from="bottomleftU" to="-gneE44" begin="52" end="52" number="1"/>
<flow id="car68" type="carType2" from="gneE8" to="gneE18" begin="52" end="52" number="1"/>
<flow id="car69" type="carType0" from="gneE21" to="-gneE49" begin="52" end="52" number="1"/>
<flow id="car70" type="carType0" from="-gneE33" to="-gneE33" begin="52" end="52" number="1"/>
<flow id="car71" type="carType1" from="gneE29" to="-gneE50" begin="53" end="53" number="1"/>
<flow id="car72" type="carType2" from="gneE50" to="-gneE33" begin="58" end="58" number="1"/>
<flow id="car73" type="carType0" from="gneE37" to="gneE49" begin="59" end="59" number="1"/>
<flow id="car74" type="carType2" from="bottomleftU" to="-gneE43" begin="59" end="59" number="1"/>
<flow id="car75" type="carType0" from="gneE50" to="-gneE13" begin="62" end="62" number="1"/>
<flow id="car76" type="carType0" from="-gneE13" to="gneE35" begin="64" end="64" number="1"/>
<flow id="car77" type="carType0" from="gneE37" to="gneE30" begin="65" end="65" number="1"/>
<flow id="car78" type="carType2" from="-gneE33" to="-gneE51" begin="65" end="65" number="1"/>
<flow id="car79" type="carType2" from="-gneE28" to="-gneE50" begin="65" end="65" number="1"/>
<flow id="car80" type="carType1" from="gneE44" to="bottomrightU" begin="68" end="68" number="1"/>
<flow id="car81" type="carType2" from="gneE9" to="toprightL" begin="70" end="70" number="1"/>
<flow id="car82" type="carType2" from="-gneE8" to="-gneE49" begin="73" end="73" number="1"/>
<flow id="car83" type="carType2" from="-gneE8" to="-gneE13" begin="74" end="74" number="1"/>
<flow id="car84" type="carType1" from="gneE42" to="-gneE27" begin="75" end="75" number="1"/>
<flow id="car85" type="carType2" from="gneE42" to="-gneE50" begin="77" end="77" number="1"/>
<flow id="car86" type="carType0" from="-gneE28" to="gneE28" begin="77" end="77" number="1"/>
<flow id="car87" type="carType0" from="gneE42" to="gneE50" begin="78" end="78" number="1"/>
<flow id="car88" type="carType0" from="-gneE49" to="gneE8" begin="82" end="82" number="1"/>
<flow id="car89" type="carType1" from="bottomrightL" to="bottomleftU" begin="82" end="82" number="1"/>
<flow id="car90" type="carType1" from="gneE49" to="gneE50" begin="82" end="82" number="1"/>
<flow id="car91" type="carType2" from="-gneE33" to="gneE45" begin="85" end="85" number="1"/>
<flow id="car92" type="carType0" from="bottomleftU" to="topleftR" begin="86" end="86" number="1"/>
<flow id="car93" type="carType1" from="-gneE37" to="-gneE13" begin="89" end="89" number="1"/>
<flow id="car94" type="carType0" from="gneE8" to="gneE48" begin="89" end="89" number="1"/>
<flow id="car95" type="carType0" from="gneE44" to="gneE43" begin="90" end="90" number="1"/>
<flow id="car96" type="carType0" from="gneE22" to="gneE49" begin="92" end="92" number="1"/>
<flow id="car97" type="carType0" from="gneE45" to="gneE50" begin="93" end="93" number="1"/>
<flow id="car98" type="carType0" from="gneE27" to="gneE44" begin="93" end="93" number="1"/>
<flow id="car99" type="carType2" from="-gneE43" to="-gneE44" begin="96" end="96" number="1"/>
<flow id="car100" type="carType0" from="-gneE18" to="-gneE43" begin="97" end="97" number="1"/>
<flow id="car101" type="carType1" from="gneE34" to="gneE37" begin="98" end="98" number="1"/>
<flow id="car102" type="carType2" from="gneE42" to="gneE21" begin="98" end="98" number="1"/>
<flow id="car103" type="carType1" from="-gneE7" to="gneE43" begin="98" end="98" number="1"/>
<flow id="car104" type="carType2" from="toprightL" to="gneE35" begin="98" end="98" number="1"/>
<flow id="car105" type="carType0" from="gneE9" to="topleftR" begin="100" end="100" number="1"/>
<flow id="car106" type="carType1" from="-gneE44" to="-gneE43" begin="100" end="100" number="1"/>
<flow id="car107" type="carType1" from="gneE30" to="gneE29" begin="102" end="102" number="1"/>
<flow id="car108" type="carType0" from="toprightD" to="bottomleftU" begin="102" end="102" number="1"/>
<flow id="car109" type="carType2" from="gneE21" to="bottomleftU" begin="104" end="104" number="1"/>
<flow id="car110" type="carType0" from="-gneE7" to="-gneE37" begin="104" end="104" number="1"/>
<flow id="car111" type="carType0" from="-gneE18" to="-gneE7" begin="109" end="109" number="1"/>
<flow id="car112" type="carType2" from="gneE9" to="gneE18" begin="109" end="109" number="1"/>
<flow id="car113" type="carType1" from="gneE50" to="-gneE43" begin="109" end="109" number="1"/>
<flow id="car114" type="carType2" from="gneE28" to="gneE50" begin="110" end="110" number="1"/>
<flow id="car115" type="carType0" from="-gneE44" to="toprightL" begin="114" end="114" number="1"/>
<flow id="car116" type="carType2" from="-gneE29" to="topleftR" begin="115" end="115" number="1"/>
<flow id="car117" type="carType0" from="gneE44" to="-gneE34" begin="116" end="116" number="1"/>
<flow id="car118" type="carType0" from="-gneE27" to="-gneE29" begin="117" end="117" number="1"/>
<flow id="car119" type="carType2" from="-gneE18" to="gneE49" begin="118" end="118" number="1"/>
<flow id="car120" type="carType2" from="gneE18" to="bottomrightL" begin="120" end="120" number="1"/>
<flow id="car121" type="carType2" from="-gneE51" to="gneE49" begin="123" end="123" number="1"/>
<flow id="car122" type="carType2" from="-gneE28" to="gneE34" begin="123" end="123" number="1"/>
<flow id="car123" type="carType0" from="gneE34" to="gneE43" begin="125" end="125" number="1"/>
<flow id="car124" type="carType0" from="-gneE45" to="gneE37" begin="125" end="125" number="1"/>
<flow id="car125" type="carType1" from="gneE49" to="-gneE45" begin="128" end="128" number="1"/>
<flow id="car126" type="carType0" from="topleftR" to="gneE51" begin="128" end="128" number="1"/>
<flow id="car127" type="carType1" from="gneE44" to="bottomleftR" begin="131" end="131" number="1"/>
<flow id="car128" type="carType1" from="-gneE33" to="gneE28" begin="131" end="131" number="1"/>
<flow id="car129" type="carType2" from="gneE18" to="gneE8" begin="132" end="132" number="1"/>
<flow id="car130" type="carType0" from="-gneE45" to="gneE30" begin="133" end="133" number="1"/>
<flow id="car131" type="carType1" from="-gneE7" to="toprightD" begin="133" end="133" number="1"/>
<flow id="car132" type="carType2" from="-gneE21" to="gneE30" begin="136" end="136" number="1"/>
<flow id="car133" type="carType2" from="gneE30" to="-gneE13" begin="137" end="137" number="1"/>
<flow id="car134" type="carType1" from="gneE44" to="-gneE49" begin="137" end="137" number="1"/>
<flow id="car135" type="carType0" from="-gneE27" to="gneE42" begin="137" end="137" number="1"/>
<flow id="car136" type="carType2" from="gneE28" to="-gneE33" begin="139" end="139" number="1"/>
<flow id="car137" type="carType2" from="toprightD" to="-gneE43" begin="141" end="141" number="1"/>
<flow id="car138" type="carType0" from="gneE43" to="gneE21" begin="142" end="142" number="1"/>
<flow id="car139" type="carType1" from="-gneE51" to="gneE48" begin="144" end="144" number="1"/>
<flow id="car140" type="carType1" from="-gneE27" to="-gneE8" begin="145" end="145" number="1"/>
<flow id="car141" type="carType1" from="toprightL" to="gneE27" begin="146" end="146" number="1"/>
<flow id="car142" type="carType1" from="gneE29" to="toprightD" begin="147" end="147" number="1"/>
<flow id="car143" type="carType0" from="toprightL" to="gneE37" begin="150" end="150" number="1"/>
<flow id="car144" type="carType2" from="bottomleftR" to="gneE45" begin="151" end="151" number="1"/>
<flow id="car145" type="carType2" from="gneE50" to="topleftR" begin="151" end="151" number="1"/>
<flow id="car146" type="carType2" from="gneE46" to="-gneE51" begin="153" end="153" number="1"/>
<flow id="car147" type="carType2" from="-gneE28" to="gneE45" begin="154" end="154" number="1"/>
<flow id="car148" type="carType2" from="toprightD" to="gneE35" begin="154" end="154" number="1"/>
<flow id="car149" type="carType1" from="-gneE18" to="-gneE42" begin="155" end="155" number="1"/>
<flow id="car150" type="carType1" from="bottomleftU" to="toprightL" begin="156" end="156" number="1"/>
<flow id="car151" type="carType2" from="-gneE42" to="gneE30" begin="156" end="156" number="1"/>
<flow id="car152" type="carType1" from="-gneE45" to="gneE49" begin="156" end="156" number="1"/>
<flow id="car153" type="carType2" from="gneE22" to="-gneE27" begin="157" end="157" number="1"/>
<flow id="car154" type="carType0" from="-gneE29" to="gneE44" begin="161" end="161" number="1"/>
<flow id="car155" type="carType2" from="-gneE29" to="-gneE28" begin="161" end="161" number="1"/>
<flow id="car156" type="carType2" from="-gneE43" to="gneE28" begin="162" end="162" number="1"/>
<flow id="car157" type="carType0" from="-gneE44" to="-gneE8" begin="165" end="165" number="1"/>
<flow id="car158" type="carType2" from="-gneE33" to="-gneE42" begin="165" end="165" number="1"/>
<flow id="car159" type="carType2" from="bottomleftR" to="gneE50" begin="166" end="166" number="1"/>
<flow id="car160" type="carType0" from="gneE51" to="toprightD" begin="168" end="168" number="1"/>
<flow id="car161" type="carType0" from="toprightL" to="-gneE33" begin="168" end="168" number="1"/>
<flow id="car162" type="carType2" from="-gneE49" to="gneE8" begin="169" end="169" number="1"/>
<flow id="car163" type="carType0" from="-gneE27" to="gneE22" begin="170" end="170" number="1"/>
<flow id="car164" type="carType1" from="gneE21" to="-gneE7" begin="171" end="171" number="1"/>
<flow id="car165" type="carType0" from="gneE43" to="-gneE21" begin="171" end="171" number="1"/>
<flow id="car166" type="carType1" from="gneE49" to="toprightD" begin="171" end="171" number="1"/>
<flow id="car167" type="carType2" from="gneE22" to="-gneE50" begin="172" end="172" number="1"/>
<flow id="car168" type="carType0" from="gneE43" to="-gneE8" begin="176" end="176" number="1"/>
<flow id="car169" type="carType0" from="-gneE27" to="gneE30" begin="178" end="178" number="1"/>
<flow id="car170" type="carType0" from="gneE8" to="gneE30" begin="180" end="180" number="1"/>
<flow id="car171" type="carType0" from="-gneE33" to="gneE22" begin="180" end="180" number="1"/>
<flow id="car172" type="carType1" from="gneE43" to="-gneE13" begin="181" end="181" number="1"/>
<flow id="car173" type="carType1" from="-gneE13" to="gneE46" begin="182" end="182" number="1"/>
<flow id="car174" type="carType1" from="-gneE21" to="gneE50" begin="183" end="183" number="1"/>
<flow id="car175" type="carType2" from="-gneE42" to="-gneE13" begin="184" end="184" number="1"/>
<flow id="car176" type="carType1" from="gneE30" to="-gneE7" begin="184" end="184" number="1"/>
<flow id="car177" type="carType2" from="-gneE28" to="gneE34" begin="186" end="186" number="1"/>
<flow id="car178" type="carType1" from="gneE28" to="gneE9" begin="186" end="186" number="1"/>
<flow id="car179" type="carType0" from="gneE18" to="gneE48" begin="187" end="187" number="1"/>
<flow id="car180" type="carType0" from="gneE42" to="-gneE44" begin="187" end="187" number="1"/>
<flow id="car181" type="carType0" from="gneE49" to="gneE50" begin="188" end="188" number="1"/>
<flow id="car182" type="carType0" from="-gneE33" to="gneE46" begin="188" end="188" number="1"/>
<flow id="car183" type="carType2" from="gneE48" to="gneE18" begin="189" end="189" number="1"/>
<flow id="car184" type="carType0" from="-gneE18" to="gneE48" begin="190" end="190" number="1"/>
<flow id="car185" type="carType1" from="-gneE48" to="-gneE48" begin="192" end="192" number="1"/>
<flow id="car186" type="carType1" from="bottomrightL" to="topleftR" begin="192" end="192" number="1"/>
<flow id="car187" type="carType1" from="gneE50" to="-gneE29" begin="193" end="193" number="1"/>
<flow id="car188" type="carType2" from="-gneE49" to="-gneE45" begin="195" end="195" number="1"/>
<flow id="car189" type="carType1" from="gneE27" to="-gneE44" begin="195" end="195" number="1"/>
<flow id="car190" type="carType2" from="bottomleftR" to="gneE48" begin="195" end="195" number="1"/>
<flow id="car191" type="carType2" from="gneE30" to="bottomleftR" begin="196" end="196" number="1"/>
<flow id="car192" type="carType1" from="-gneE29" to="gneE30" begin="196" end="196" number="1"/>
<flow id="car193" type="carType2" from="toprightD" to="-gneE33" begin="197" end="197" number="1"/>
<flow id="car194" type="carType2" from="gneE30" to="gneE49" begin="198" end="198" number="1"/>
<flow id="car195" type="carType2" from="gneE21" to="-gneE7" begin="198" end="198" number="1"/>
<flow id="car196" type="carType0" from="-gneE7" to="-gneE21" begin="198" end="198" number="1"/>
<flow id="car197" type="carType0" from="gneE51" to="-gneE18" begin="198" end="198" number="1"/>
<flow id="car198" type="carType0" from="gneE44" to="gneE37" begin="199" end="199" number="1"/>
<flow id="car199" type="carType2" from="topleftR" to="gneE35" begin="199" end="199" number="1"/>
</routes>
