<routes>
<vType id="carType0" length="9" maxSpeed="42.25" accel="2.28" decel="5.15" speedDev="0.2" sigma="0.21"/>
<vType id="carType1" length="9" maxSpeed="46.82" accel="2.44" decel="5.67" speedDev="0.2" sigma="0.11"/>
<vType id="carType2" length="6" maxSpeed="49.15" accel="2.11" decel="4.21" speedDev="0.2" sigma="0.17"/>
<flow id="car0" type="carType1" from="gneE29" to="bottomleftU" begin="0" end="0" number="1"/>
<flow id="car1" type="carType0" from="-gneE37" to="gneE46" begin="0" end="0" number="1"/>
<flow id="car2" type="carType2" from="-gneE50" to="topleftR" begin="0" end="0" number="1"/>
<flow id="car3" type="carType0" from="-gneE49" to="-gneE7" begin="1" end="1" number="1"/>
<flow id="car4" type="carType0" from="gneE21" to="gneE42" begin="2" end="2" number="1"/>
<flow id="car5" type="carType2" from="-gneE45" to="toprightL" begin="3" end="3" number="1"/>
<flow id="car6" type="carType0" from="-gneE28" to="toprightL" begin="4" end="4" number="1"/>
<flow id="car7" type="carType1" from="-gneE48" to="-gneE8" begin="4" end="4" number="1"/>
<flow id="car8" type="carType0" from="gneE18" to="-gneE45" begin="5" end="5" number="1"/>
<flow id="car9" type="carType1" from="gneE49" to="-gneE13" begin="6" end="6" number="1"/>
<flow id="car10" type="carType1" from="gneE34" to="-gneE8" begin="7" end="7" number="1"/>
<flow id="car11" type="carType0" from="gneE35" to="-gneE48" begin="10" end="10" number="1"/>
<flow id="car12" type="carType2" from="gneE30" to="gneE22" begin="10" end="10" number="1"/>
<flow id="car13" type="carType0" from="-gneE50" to="gneE49" begin="10" end="10" number="1"/>
<flow id="car14" type="carType0" from="gneE48" to="-gneE27" begin="12" end="12" number="1"/>
<flow id="car15" type="carType1" from="-gneE29" to="-gneE29" begin="13" end="13" number="1"/>
<flow id="car16" type="carType2" from="bottomrightU" to="gneE22" begin="13" end="13" number="1"/>
<flow id="car17" type="carType1" from="-gneE37" to="gneE9" begin="14" end="14" number="1"/>
<flow id="car18" type="carType2" from="toprightL" to="gneE18" begin="15" end="15" number="1"/>
<flow id="car19" type="carType2" from="-gneE42" to="-gneE13" begin="15" end="15" number="1"/>
<flow id="car20" type="carType0" from="-gneE50" to="toprightL" begin="16" end="16" number="1"/>
<flow id="car21" type="carType1" from="gneE21" to="gneE50" begin="17" end="17" number="1"/>
<flow id="car22" type="carType2" from="topleftR" to="-gneE51" begin="19" end="19" number="1"/>
<flow id="car23" type="carType1" from="-gneE33" to="toprightD" begin="20" end="20" number="1"/>
<flow id="car24" type="carType0" from="-gneE44" to="-gneE33" begin="21" end="21" number="1"/>
<flow id="car25" type="carType0" from="-gneE13" to="-gneE8" begin="25" end="25" number="1"/>
<flow id="car26" type="carType1" from="gneE22" to="gneE8" begin="26" end="26" number="1"/>
<flow id="car27" type="carType1" from="gneE34" to="gneE8" begin="26" end="26" number="1"/>
<flow id="car28" type="carType0" from="topleftR" to="topleftD" begin="34" end="34" number="1"/>
<flow id="car29" type="carType2" from="gneE22" to="-gneE21" begin="35" end="35" number="1"/>
<flow id="car30" type="carType1" from="gneE27" to="toprightD" begin="35" end="35" number="1"/>
<flow id="car31" type="carType0" from="toprightL" to="toprightD" begin="36" end="36" number="1"/>
<flow id="car32" type="carType1" from="-gneE27" to="gneE21" begin="36" end="36" number="1"/>
<flow id="car33" type="carType1" from="-gneE50" to="gneE43" begin="38" end="38" number="1"/>
<flow id="car34" type="carType2" from="bottomleftR" to="gneE9" begin="39" end="39" number="1"/>
<flow id="car35" type="carType0" from="-gneE29" to="-gneE8" begin="39" end="39" number="1"/>
<flow id="car36" type="carType1" from="gneE49" to="gneE50" begin="40" end="40" number="1"/>
<flow id="car37" type="carType2" from="-gneE42" to="gneE34" begin="41" end="41" number="1"/>
<flow id="car38" type="carType2" from="-gneE28" to="toprightL" begin="41" end="41" number="1"/>
<flow id="car39" type="carType2" from="gneE27" to="bottomleftU" begin="41" end="41" number="1"/>
<flow id="car40" type="carType2" from="bottomrightU" to="-gneE33" begin="45" end="45" number="1"/>
<flow id="car41" type="carType1" from="topleftD" to="gneE9" begin="45" end="45" number="1"/>
<flow id="car42" type="carType2" from="gneE35" to="gneE49" begin="48" end="48" number="1"/>
<flow id="car43" type="carType2" from="gneE51" to="-gneE45" begin="48" end="48" number="1"/>
<flow id="car44" type="carType2" from="gneE45" to="toprightD" begin="49" end="49" number="1"/>
<flow id="car45" type="carType0" from="-gneE51" to="-gneE42" begin="51" end="51" number="1"/>
<flow id="car46" type="carType1" from="-gneE45" to="gneE29" begin="52" end="52" number="1"/>
<flow id="car47" type="carType1" from="bottomleftU" to="-gneE44" begin="52" end="52" number="1"/>
<flow id="car48" type="carType0" from="bottomleftR" to="gneE42" begin="55" end="55" number="1"/>
<flow id="car49" type="carType0" from="gneE50" to="-gneE13" begin="56" end="56" number="1"/>
<flow id="car50" type="carType0" from="gneE50" to="gneE35" begin="56" end="56" number="1"/>
<flow id="car51" type="carType0" from="gneE29" to="gneE48" begin="56" end="56" number="1"/>
<flow id="car52" type="carType0" from="gneE46" to="-gneE7" begin="58" end="58" number="1"/>
<flow id="car53" type="carType2" from="toprightL" to="bottomrightU" begin="58" end="58" number="1"/>
<flow id="car54" type="carType1" from="toprightD" to="toprightD" begin="60" end="60" number="1"/>
<flow id="car55" type="carType1" from="gneE44" to="gneE46" begin="61" end="61" number="1"/>
<flow id="car56" type="carType1" from="-gneE33" to="-gneE34" begin="61" end="61" number="1"/>
<flow id="car57" type="carType2" from="-gneE42" to="bottomrightU" begin="62" end="62" number="1"/>
<flow id="car58" type="carType2" from="gneE51" to="-gneE18" begin="63" end="63" number="1"/>
<flow id="car59" type="carType1" from="-gneE37" to="-gneE13" begin="65" end="65" number="1"/>
<flow id="car60" type="carType0" from="gneE28" to="bottomrightU" begin="66" end="66" number="1"/>
<flow id="car61" type="carType0" from="gneE50" to="-gneE49" begin="66" end="66" number="1"/>
<flow id="car62" type="carType1" from="gneE42" to="-gneE50" begin="68" end="68" number="1"/>
<flow id="car63" type="carType0" from="-gneE21" to="gneE35" begin="72" end="72" number="1"/>
<flow id="car64" type="carType1" from="gneE22" to="gneE43" begin="72" end="72" number="1"/>
<flow id="car65" type="carType2" from="-gneE51" to="gneE18" begin="72" end="72" number="1"/>
<flow id="car66" type="carType0" from="-gneE7" to="gneE29" begin="73" end="73" number="1"/>
<flow id="car67" type="carType2" from="gneE46" to="gneE51" begin="74" end="74" number="1"/>
<flow id="car68" type="carType1" from="-gneE44" to="-gneE21" begin="74" end="74" number="1"/>
<flow id="car69" type="carType2" from="-gneE33" to="bottomrightL" begin="78" end="78" number="1"/>
<flow id="car70" type="carType2" from="gneE8" to="gneE37" begin="78" end="78" number="1"/>
<flow id="car71" type="carType1" from="topleftR" to="gneE44" begin="79" end="79" number="1"/>
<flow id="car72" type="carType2" from="-gneE29" to="-gneE13" begin="80" end="80" number="1"/>
<flow id="car73" type="carType1" from="gneE49" to="-gneE49" begin="80" end="80" number="1"/>
<flow id="car74" type="carType0" from="gneE51" to="gneE50" begin="81" end="81" number="1"/>
<flow id="car75" type="carType0" from="topleftR" to="toprightL" begin="84" end="84" number="1"/>
<flow id="car76" type="carType0" from="gneE21" to="gneE18" begin="85" end="85" number="1"/>
<flow id="car77" type="carType0" from="gneE49" to="gneE49" begin="85" end="85" number="1"/>
<flow id="car78" type="carType1" from="gneE37" to="gneE22" begin="85" end="85" number="1"/>
<flow id="car79" type="carType1" from="gneE51" to="gneE51" begin="85" end="85" number="1"/>
<flow id="car80" type="carType0" from="-gneE37" to="toprightD" begin="86" end="86" number="1"/>
<flow id="car81" type="carType1" from="-gneE34" to="gneE37" begin="87" end="87" number="1"/>
<flow id="car82" type="carType1" from="gneE28" to="-gneE44" begin="89" end="89" number="1"/>
<flow id="car83" type="carType1" from="gneE43" to="-gneE27" begin="93" end="93" number="1"/>
<flow id="car84" type="carType2" from="toprightL" to="gneE42" begin="94" end="94" number="1"/>
<flow id="car85" type="carType0" from="-gneE28" to="gneE48" begin="97" end="97" number="1"/>
<flow id="car86" type="carType0" from="-gneE44" to="toprightD" begin="97" end="97" number="1"/>
<flow id="car87" type="carType1" from="gneE50" to="-gneE18" begin="98" end="98" number="1"/>
<flow id="car88" type="carType0" from="-gneE34" to="-gneE42" begin="99" end="99" number="1"/>
<flow id="car89" type="carType0" from="gneE8" to="gneE9" begin="100" end="100" number="1"/>
<flow id="car90" type="carType2" from="-gneE27" to="gneE8" begin="100" end="100" number="1"/>
<flow id="car91" type="carType0" from="-gneE18" to="gneE46" begin="102" end="102" number="1"/>
<flow id="car92" type="carType1" from="gneE18" to="gneE29" begin="102" end="102" number="1"/>
<flow id="car93" type="carType1" from="gneE27" to="gneE9" begin="102" end="102" number="1"/>
<flow id="car94" type="carType2" from="gneE50" to="gneE9" begin="102" end="102" number="1"/>
<flow id="car95" type="carType2" from="bottomrightU" to="gneE42" begin="103" end="103" number="1"/>
<flow id="car96" type="carType0" from="-gneE50" to="-gneE18" begin="104" end="104" number="1"/>
<flow id="car97" type="carType2" from="gneE43" to="gneE44" begin="105" end="105" number="1"/>
<flow id="car98" type="carType0" from="gneE35" to="gneE37" begin="110" end="110" number="1"/>
<flow id="car99" type="carType2" from="gneE46" to="gneE48" begin="110" end="110" number="1"/>
<flow id="car100" type="carType1" from="-gneE43" to="-gneE34" begin="111" end="111" number="1"/>
<flow id="car101" type="carType2" from="gneE35" to="-gneE18" begin="111" end="111" number="1"/>
<flow id="car102" type="carType2" from="gneE22" to="bottomrightL" begin="111" end="111" number="1"/>
<flow id="car103" type="carType0" from="gneE42" to="gneE29" begin="112" end="112" number="1"/>
<flow id="car104" type="carType2" from="-gneE29" to="gneE30" begin="113" end="113" number="1"/>
<flow id="car105" type="carType0" from="gneE18" to="-gneE44" begin="113" end="113" number="1"/>
<flow id="car106" type="carType0" from="gneE22" to="-gneE44" begin="115" end="115" number="1"/>
<flow id="car107" type="carType0" from="-gneE29" to="-gneE29" begin="118" end="118" number="1"/>
<flow id="car108" type="carType1" from="gneE37" to="toprightL" begin="118" end="118" number="1"/>
<flow id="car109" type="carType2" from="gneE45" to="gneE30" begin="119" end="119" number="1"/>
<flow id="car110" type="carType2" from="gneE49" to="-gneE33" begin="120" end="120" number="1"/>
<flow id="car111" type="carType1" from="gneE48" to="-gneE21" begin="120" end="120" number="1"/>
<flow id="car112" type="carType1" from="gneE48" to="toprightL" begin="121" end="121" number="1"/>
<flow id="car113" type="carType0" from="-gneE21" to="-gneE50" begin="123" end="123" number="1"/>
<flow id="car114" type="carType2" from="gneE8" to="-gneE44" begin="124" end="124" number="1"/>
<flow id="car115" type="carType0" from="-gneE50" to="gneE50" begin="127" end="127" number="1"/>
<flow id="car116" type="carType1" from="gneE9" to="-gneE45" begin="129" end="129" number="1"/>
<flow id="car117" type="carType0" from="-gneE29" to="gneE9" begin="129" end="129" number="1"/>
<flow id="car118" type="carType0" from="gneE44" to="gneE42" begin="130" end="130" number="1"/>
<flow id="car119" type="carType1" from="bottomrightU" to="gneE45" begin="130" end="130" number="1"/>
<flow id="car120" type="carType2" from="-gneE50" to="gneE42" begin="130" end="130" number="1"/>
<flow id="car121" type="carType0" from="-gneE33" to="-gneE29" begin="132" end="132" number="1"/>
<flow id="car122" type="carType0" from="gneE29" to="gneE42" begin="134" end="134" number="1"/>
<flow id="car123" type="carType1" from="-gneE29" to="gneE45" begin="135" end="135" number="1"/>
<flow id="car124" type="carType0" from="-gneE13" to="-gneE13" begin="135" end="135" number="1"/>
<flow id="car125" type="carType0" from="bottomleftU" to="gneE42" begin="136" end="136" number="1"/>
<flow id="car126" type="carType1" from="topleftR" to="-gneE33" begin="136" end="136" number="1"/>
<flow id="car127" type="carType0" from="gneE8" to="-gneE28" begin="136" end="136" number="1"/>
<flow id="car128" type="carType0" from="gneE51" to="gneE44" begin="137" end="137" number="1"/>
<flow id="car129" type="carType0" from="topleftD" to="bottomleftU" begin="137" end="137" number="1"/>
<flow id="car130" type="carType1" from="-gneE43" to="gneE43" begin="137" end="137" number="1"/>
<flow id="car131" type="carType0" from="-gneE7" to="gneE35" begin="137" end="137" number="1"/>
<flow id="car132" type="carType1" from="-gneE48" to="-gneE27" begin="139" end="139" number="1"/>
<flow id="car133" type="carType1" from="bottomleftR" to="gneE34" begin="143" end="143" number="1"/>
<flow id="car134" type="carType0" from="gneE18" to="-gneE18" begin="144" end="144" number="1"/>
<flow id="car135" type="carType0" from="gneE51" to="topleftR" begin="144" end="144" number="1"/>
<flow id="car136" type="carType1" from="-gneE13" to="-gneE28" begin="144" end="144" number="1"/>
<flow id="car137" type="carType2" from="gneE22" to="gneE46" begin="145" end="145" number="1"/>
<flow id="car138" type="carType1" from="-gneE28" to="bottomrightU" begin="146" end="146" number="1"/>
<flow id="car139" type="carType2" from="-gneE7" to="-gneE33" begin="147" end="147" number="1"/>
<flow id="car140" type="carType2" from="gneE22" to="-gneE43" begin="148" end="148" number="1"/>
<flow id="car141" type="carType2" from="-gneE44" to="gneE28" begin="148" end="148" number="1"/>
<flow id="car142" type="carType1" from="gneE29" to="-gneE34" begin="149" end="149" number="1"/>
<flow id="car143" type="carType1" from="gneE44" to="-gneE50" begin="149" end="149" number="1"/>
<flow id="car144" type="carType0" from="topleftD" to="-gneE33" begin="150" end="150" number="1"/>
<flow id="car145" type="carType0" from="bottomrightU" to="gneE46" begin="150" end="150" number="1"/>
<flow id="car146" type="carType0" from="toprightD" to="toprightD" begin="150" end="150" number="1"/>
<flow id="car147" type="carType0" from="-gneE18" to="gneE18" begin="150" end="150" number="1"/>
<flow id="car148" type="carType2" from="gneE51" to="gneE9" begin="150" end="150" number="1"/>
<flow id="car149" type="carType1" from="bottomrightU" to="-gneE27" begin="151" end="151" number="1"/>
<flow id="car150" type="carType0" from="-gneE33" to="topleftD" begin="151" end="151" number="1"/>
<flow id="car151" type="carType1" from="gneE9" to="gneE18" begin="153" end="153" number="1"/>
<flow id="car152" type="carType2" from="gneE27" to="-gneE34" begin="154" end="154" number="1"/>
<flow id="car153" type="carType1" from="-gneE7" to="bottomleftR" begin="154" end="154" number="1"/>
<flow id="car154" type="carType2" from="-gneE37" to="-gneE49" begin="155" end="155" number="1"/>
<flow id="car155" type="carType0" from="-gneE33" to="gneE22" begin="155" end="155" number="1"/>
<flow id="car156" type="carType2" from="-gneE28" to="gneE35" begin="155" end="155" number="1"/>
<flow id="car157" type="carType0" from="gneE18" to="bottomleftR" begin="156" end="156" number="1"/>
<flow id="car158" type="carType0" from="gneE35" to="gneE43" begin="157" end="157" number="1"/>
<flow id="car159" type="carType0" from="bottomrightU" to="-gneE45" begin="158" end="158" number="1"/>
<flow id="car160" type="carType0" from="-gneE18" to="-gneE8" begin="161" end="161" number="1"/>
<flow id="car161" type="carType2" from="gneE45" to="gneE51" begin="163" end="163" number="1"/>
<flow id="car162" type="carType1" from="bottomleftU" to="gneE21" begin="163" end="163" number="1"/>
<flow id="car163" type="carType2" from="-gneE42" to="-gneE28" begin="163" end="163" number="1"/>
<flow id="car164" type="carType0" from="-gneE48" to="-gneE29" begin="164" end="164" number="1"/>
<flow id="car165" type="carType0" from="-gneE43" to="-gneE28" begin="167" end="167" number="1"/>
<flow id="car166" type="carType1" from="-gneE28" to="-gneE50" begin="167" end="167" number="1"/>
<flow id="car167" type="carType2" from="topleftR" to="gneE42" begin="170" end="170" number="1"/>
<flow id="car168" type="carType0" from="gneE50" to="toprightL" begin="170" end="170" number="1"/>
<flow id="car169" type="carType2" from="gneE22" to="-gneE18" begin="171" end="171" number="1"/>
<flow id="car170" type="carType0" from="-gneE43" to="-gneE28" begin="171" end="171" number="1"/>
<flow id="car171" type="carType2" from="gneE48" to="-gneE51" begin="171" end="171" number="1"/>
<flow id="car172" type="carType2" from="-gneE13" to="-gneE48" begin="172" end="172" number="1"/>
<flow id="car173" type="carType0" from="-gneE37" to="gneE44" begin="172" end="172" number="1"/>
<flow id="car174" type="carType0" from="gneE18" to="-gneE50" begin="172" end="172" number="1"/>
<flow id="car175" type="carType0" from="topleftD" to="gneE21" begin="173" end="173" number="1"/>
<flow id="car176" type="carType2" from="gneE34" to="-gneE51" begin="173" end="173" number="1"/>
<flow id="car177" type="carType0" from="-gneE28" to="-gneE34" begin="173" end="173" number="1"/>
<flow id="car178" type="carType1" from="gneE30" to="-gneE49" begin="173" end="173" number="1"/>
<flow id="car179" type="carType0" from="gneE28" to="gneE43" begin="175" end="175" number="1"/>
<flow id="car180" type="carType1" from="-gneE37" to="gneE45" begin="176" end="176" number="1"/>
<flow id="car181" type="carType2" from="bottomrightU" to="topleftD" begin="176" end="176" number="1"/>
<flow id="car182" type="carType2" from="gneE27" to="gneE9" begin="176" end="176" number="1"/>
<flow id="car183" type="carType1" from="bottomleftU" to="-gneE34" begin="178" end="178" number="1"/>
<flow id="car184" type="carType0" from="-gneE49" to="-gneE34" begin="179" end="179" number="1"/>
<flow id="car185" type="carType1" from="-gneE27" to="-gneE13" begin="183" end="183" number="1"/>
<flow id="car186" type="carType1" from="gneE8" to="-gneE34" begin="186" end="186" number="1"/>
<flow id="car187" type="carType1" from="-gneE27" to="gneE30" begin="187" end="187" number="1"/>
<flow id="car188" type="carType2" from="gneE43" to="-gneE48" begin="187" end="187" number="1"/>
<flow id="car189" type="carType0" from="gneE21" to="topleftR" begin="188" end="188" number="1"/>
<flow id="car190" type="carType2" from="toprightD" to="gneE34" begin="188" end="188" number="1"/>
<flow id="car191" type="carType0" from="-gneE50" to="-gneE28" begin="189" end="189" number="1"/>
<flow id="car192" type="carType1" from="toprightL" to="gneE21" begin="189" end="189" number="1"/>
<flow id="car193" type="carType2" from="bottomleftR" to="-gneE45" begin="190" end="190" number="1"/>
<flow id="car194" type="carType0" from="gneE34" to="bottomleftU" begin="192" end="192" number="1"/>
<flow id="car195" type="carType1" from="-gneE43" to="-gneE33" begin="195" end="195" number="1"/>
<flow id="car196" type="carType1" from="bottomleftU" to="bottomrightU" begin="197" end="197" number="1"/>
<flow id="car197" type="carType2" from="gneE34" to="-gneE50" begin="198" end="198" number="1"/>
<flow id="car198" type="carType2" from="gneE35" to="gneE43" begin="199" end="199" number="1"/>
<flow id="car199" type="carType2" from="-gneE50" to="gneE34" begin="199" end="199" number="1"/>
</routes>
