<routes>
<vType id="carType0" length="3" maxSpeed="56.91" accel="2.63" decel="5.33" speedDev="0.2" sigma="0.29"/>
<vType id="carType1" length="8" maxSpeed="41.08" accel="2.53" decel="5.01" speedDev="0.2" sigma="0.3"/>
<vType id="carType2" length="3" maxSpeed="42.25" accel="2.14" decel="5.28" speedDev="0.2" sigma="0.29"/>
<flow id="car0" type="carType1" from="-gneE48" to="-gneE8" begin="0" end="0" number="1"/>
<flow id="car1" type="carType1" from="gneE29" to="-gneE27" begin="0" end="0" number="1"/>
<flow id="car2" type="carType1" from="gneE35" to="-gneE13" begin="1" end="1" number="1"/>
<flow id="car3" type="carType1" from="toprightD" to="-gneE43" begin="2" end="2" number="1"/>
<flow id="car4" type="carType0" from="gneE9" to="gneE43" begin="2" end="2" number="1"/>
<flow id="car5" type="carType2" from="bottomleftR" to="-gneE28" begin="3" end="3" number="1"/>
<flow id="car6" type="carType1" from="gneE30" to="toprightD" begin="3" end="3" number="1"/>
<flow id="car7" type="carType2" from="-gneE13" to="gneE9" begin="4" end="4" number="1"/>
<flow id="car8" type="carType2" from="-gneE50" to="-gneE45" begin="4" end="4" number="1"/>
<flow id="car9" type="carType1" from="bottomleftU" to="-gneE43" begin="4" end="4" number="1"/>
<flow id="car10" type="carType0" from="-gneE27" to="-gneE13" begin="5" end="5" number="1"/>
<flow id="car11" type="carType2" from="-gneE33" to="bottomrightU" begin="6" end="6" number="1"/>
<flow id="car12" type="carType0" from="gneE49" to="gneE42" begin="6" end="6" number="1"/>
<flow id="car13" type="carType2" from="gneE37" to="-gneE28" begin="7" end="7" number="1"/>
<flow id="car14" type="carType1" from="topleftD" to="-gneE8" begin="8" end="8" number="1"/>
<flow id="car15" type="carType2" from="-gneE45" to="-gneE28" begin="11" end="11" number="1"/>
<flow id="car16" type="carType1" from="-gneE13" to="gneE48" begin="11" end="11" number="1"/>
<flow id="car17" type="carType0" from="gneE8" to="-gneE49" begin="12" end="12" number="1"/>
<flow id="car18" type="carType2" from="gneE18" to="gneE48" begin="13" end="13" number="1"/>
<flow id="car19" type="carType0" from="-gneE42" to="-gneE50" begin="16" end="16" number="1"/>
<flow id="car20" type="carType2" from="-gneE7" to="gneE43" begin="16" end="16" number="1"/>
<flow id="car21" type="carType1" from="toprightL" to="-gneE50" begin="19" end="19" number="1"/>
<flow id="car22" type="carType1" from="toprightD" to="toprightD" begin="20" end="20" number="1"/>
<flow id="car23" type="carType0" from="gneE49" to="bottomleftR" begin="23" end="23" number="1"/>
<flow id="car24" type="carType0" from="-gneE21" to="-gneE48" begin="25" end="25" number="1"/>
<flow id="car25" type="carType0" from="gneE44" to="-gneE7" begin="25" end="25" number="1"/>
<flow id="car26" type="carType1" from="gneE21" to="-gneE34" begin="26" end="26" number="1"/>
<flow id="car27" type="carType0" from="-gneE51" to="bottomrightL" begin="27" end="27" number="1"/>
<flow id="car28" type="carType0" from="gneE18" to="gneE8" begin="28" end="28" number="1"/>
<flow id="car29" type="carType2" from="gneE9" to="gneE43" begin="29" end="29" number="1"/>
<flow id="car30" type="carType0" from="-gneE27" to="-gneE45" begin="30" end="30" number="1"/>
<flow id="car31" type="carType2" from="gneE46" to="gneE42" begin="33" end="33" number="1"/>
<flow id="car32" type="carType1" from="gneE34" to="gneE49" begin="33" end="33" number="1"/>
<flow id="car33" type="carType2" from="-gneE21" to="gneE49" begin="35" end="35" number="1"/>
<flow id="car34" type="carType2" from="gneE22" to="-gneE28" begin="36" end="36" number="1"/>
<flow id="car35" type="carType1" from="-gneE8" to="bottomrightU" begin="36" end="36" number="1"/>
<flow id="car36" type="carType0" from="-gneE50" to="-gneE34" begin="36" end="36" number="1"/>
<flow id="car37" type="carType1" from="gneE48" to="-gneE45" begin="38" end="38" number="1"/>
<flow id="car38" type="carType1" from="-gneE33" to="gneE48" begin="38" end="38" number="1"/>
<flow id="car39" type="carType2" from="gneE34" to="toprightD" begin="38" end="38" number="1"/>
<flow id="car40" type="carType2" from="gneE9" to="toprightD" begin="39" end="39" number="1"/>
<flow id="car41" type="carType2" from="-gneE42" to="gneE42" begin="40" end="40" number="1"/>
<flow id="car42" type="carType1" from="-gneE8" to="gneE28" begin="41" end="41" number="1"/>
<flow id="car43" type="carType0" from="-gneE21" to="-gneE29" begin="42" end="42" number="1"/>
<flow id="car44" type="carType0" from="gneE35" to="gneE30" begin="42" end="42" number="1"/>
<flow id="car45" type="carType1" from="-gneE49" to="topleftD" begin="43" end="43" number="1"/>
<flow id="car46" type="carType0" from="-gneE21" to="-gneE43" begin="44" end="44" number="1"/>
<flow id="car47" type="carType1" from="gneE34" to="-gneE44" begin="45" end="45" number="1"/>
<flow id="car48" type="carType2" from="-gneE44" to="toprightD" begin="46" end="46" number="1"/>
<flow id="car49" type="carType1" from="topleftR" to="gneE34" begin="48" end="48" number="1"/>
<flow id="car50" type="carType1" from="gneE30" to="gneE44" begin="49" end="49" number="1"/>
<flow id="car51" type="carType0" from="bottomleftR" to="-gneE18" begin="51" end="51" number="1"/>
<flow id="car52" type="carType2" from="-gneE45" to="-gneE42" begin="53" end="53" number="1"/>
<flow id="car53" type="carType1" from="-gneE21" to="gneE45" begin="53" end="53" number="1"/>
<flow id="car54" type="carType1" from="-gneE43" to="-gneE8" begin="53" end="53" number="1"/>
<flow id="car55" type="carType2" from="-gneE18" to="-gneE33" begin="54" end="54" number="1"/>
<flow id="car56" type="carType2" from="-gneE49" to="-gneE7" begin="55" end="55" number="1"/>
<flow id="car57" type="carType2" from="-gneE29" to="toprightD" begin="56" end="56" number="1"/>
<flow id="car58" type="carType0" from="-gneE34" to="-gneE51" begin="56" end="56" number="1"/>
<flow id="car59" type="carType1" from="gneE50" to="bottomleftR" begin="56" end="56" number="1"/>
<flow id="car60" type="carType2" from="gneE34" to="-gneE51" begin="57" end="57" number="1"/>
<flow id="car61" type="carType1" from="gneE45" to="-gneE42" begin="58" end="58" number="1"/>
<flow id="car62" type="carType2" from="toprightD" to="gneE29" begin="61" end="61" number="1"/>
<flow id="car63" type="carType2" from="gneE30" to="-gneE43" begin="62" end="62" number="1"/>
<flow id="car64" type="carType0" from="-gneE49" to="-gneE45" begin="62" end="62" number="1"/>
<flow id="car65" type="carType2" from="gneE21" to="topleftR" begin="62" end="62" number="1"/>
<flow id="car66" type="carType0" from="-gneE29" to="-gneE13" begin="64" end="64" number="1"/>
<flow id="car67" type="carType1" from="gneE28" to="-gneE27" begin="65" end="65" number="1"/>
<flow id="car68" type="carType1" from="-gneE48" to="-gneE8" begin="65" end="65" number="1"/>
<flow id="car69" type="carType0" from="-gneE44" to="gneE27" begin="66" end="66" number="1"/>
<flow id="car70" type="carType0" from="bottomleftU" to="-gneE28" begin="66" end="66" number="1"/>
<flow id="car71" type="carType1" from="-gneE45" to="gneE29" begin="66" end="66" number="1"/>
<flow id="car72" type="carType0" from="gneE9" to="-gneE18" begin="67" end="67" number="1"/>
<flow id="car73" type="carType1" from="-gneE28" to="topleftD" begin="68" end="68" number="1"/>
<flow id="car74" type="carType1" from="-gneE28" to="gneE51" begin="69" end="69" number="1"/>
<flow id="car75" type="carType0" from="-gneE48" to="-gneE28" begin="71" end="71" number="1"/>
<flow id="car76" type="carType1" from="-gneE8" to="gneE43" begin="72" end="72" number="1"/>
<flow id="car77" type="carType2" from="-gneE27" to="bottomleftR" begin="73" end="73" number="1"/>
<flow id="car78" type="carType1" from="gneE28" to="bottomrightL" begin="73" end="73" number="1"/>
<flow id="car79" type="carType2" from="-gneE13" to="-gneE27" begin="81" end="81" number="1"/>
<flow id="car80" type="carType2" from="gneE48" to="-gneE33" begin="82" end="82" number="1"/>
<flow id="car81" type="carType0" from="gneE34" to="gneE34" begin="82" end="82" number="1"/>
<flow id="car82" type="carType2" from="gneE51" to="gneE49" begin="82" end="82" number="1"/>
<flow id="car83" type="carType0" from="-gneE48" to="gneE29" begin="84" end="84" number="1"/>
<flow id="car84" type="carType2" from="gneE37" to="gneE21" begin="86" end="86" number="1"/>
<flow id="car85" type="carType2" from="bottomrightU" to="-gneE48" begin="87" end="87" number="1"/>
<flow id="car86" type="carType2" from="gneE18" to="gneE28" begin="87" end="87" number="1"/>
<flow id="car87" type="carType0" from="-gneE34" to="bottomrightL" begin="88" end="88" number="1"/>
<flow id="car88" type="carType2" from="gneE27" to="gneE22" begin="89" end="89" number="1"/>
<flow id="car89" type="carType2" from="-gneE7" to="gneE18" begin="89" end="89" number="1"/>
<flow id="car90" type="carType2" from="bottomrightU" to="gneE9" begin="89" end="89" number="1"/>
<flow id="car91" type="carType0" from="-gneE49" to="-gneE18" begin="92" end="92" number="1"/>
<flow id="car92" type="carType0" from="-gneE29" to="gneE45" begin="93" end="93" number="1"/>
<flow id="car93" type="carType1" from="gneE50" to="gneE27" begin="94" end="94" number="1"/>
<flow id="car94" type="carType0" from="gneE43" to="gneE30" begin="95" end="95" number="1"/>
<flow id="car95" type="carType0" from="-gneE33" to="gneE46" begin="97" end="97" number="1"/>
<flow id="car96" type="carType1" from="-gneE48" to="gneE27" begin="97" end="97" number="1"/>
<flow id="car97" type="carType1" from="-gneE51" to="bottomrightL" begin="97" end="97" number="1"/>
<flow id="car98" type="carType2" from="gneE51" to="-gneE48" begin="99" end="99" number="1"/>
<flow id="car99" type="carType2" from="gneE45" to="-gneE33" begin="99" end="99" number="1"/>
<flow id="car100" type="carType2" from="-gneE21" to="bottomleftU" begin="100" end="100" number="1"/>
<flow id="car101" type="carType0" from="topleftR" to="gneE29" begin="100" end="100" number="1"/>
<flow id="car102" type="carType2" from="gneE28" to="bottomleftR" begin="101" end="101" number="1"/>
<flow id="car103" type="carType2" from="-gneE50" to="-gneE51" begin="101" end="101" number="1"/>
<flow id="car104" type="carType0" from="-gneE50" to="gneE29" begin="103" end="103" number="1"/>
<flow id="car105" type="carType0" from="gneE46" to="gneE45" begin="105" end="105" number="1"/>
<flow id="car106" type="carType1" from="bottomleftR" to="gneE9" begin="107" end="107" number="1"/>
<flow id="car107" type="carType1" from="-gneE45" to="gneE27" begin="108" end="108" number="1"/>
<flow id="car108" type="carType1" from="-gneE50" to="bottomrightU" begin="109" end="109" number="1"/>
<flow id="car109" type="carType1" from="topleftR" to="bottomleftR" begin="109" end="109" number="1"/>
<flow id="car110" type="carType1" from="gneE48" to="-gneE27" begin="111" end="111" number="1"/>
<flow id="car111" type="carType1" from="gneE29" to="-gneE43" begin="112" end="112" number="1"/>
<flow id="car112" type="carType0" from="-gneE29" to="-gneE21" begin="113" end="113" number="1"/>
<flow id="car113" type="carType1" from="gneE51" to="gneE50" begin="115" end="115" number="1"/>
<flow id="car114" type="carType1" from="gneE29" to="gneE8" begin="115" end="115" number="1"/>
<flow id="car115" type="carType2" from="gneE35" to="-gneE42" begin="116" end="116" number="1"/>
<flow id="car116" type="carType0" from="gneE43" to="-gneE43" begin="116" end="116" number="1"/>
<flow id="car117" type="carType2" from="topleftR" to="-gneE7" begin="117" end="117" number="1"/>
<flow id="car118" type="carType2" from="topleftR" to="-gneE51" begin="117" end="117" number="1"/>
<flow id="car119" type="carType1" from="-gneE34" to="gneE9" begin="118" end="118" number="1"/>
<flow id="car120" type="carType1" from="-gneE48" to="gneE48" begin="118" end="118" number="1"/>
<flow id="car121" type="carType2" from="-gneE44" to="-gneE51" begin="118" end="118" number="1"/>
<flow id="car122" type="carType2" from="bottomleftU" to="toprightD" begin="119" end="119" number="1"/>
<flow id="car123" type="carType1" from="gneE29" to="-gneE50" begin="120" end="120" number="1"/>
<flow id="car124" type="carType1" from="gneE50" to="gneE51" begin="121" end="121" number="1"/>
<flow id="car125" type="carType2" from="-gneE8" to="gneE27" begin="122" end="122" number="1"/>
<flow id="car126" type="carType1" from="-gneE29" to="gneE42" begin="122" end="122" number="1"/>
<flow id="car127" type="carType2" from="gneE29" to="-gneE45" begin="125" end="125" number="1"/>
<flow id="car128" type="carType1" from="-gneE34" to="bottomrightU" begin="125" end="125" number="1"/>
<flow id="car129" type="carType1" from="gneE8" to="gneE49" begin="126" end="126" number="1"/>
<flow id="car130" type="carType2" from="bottomleftU" to="-gneE48" begin="127" end="127" number="1"/>
<flow id="car131" type="carType2" from="gneE45" to="-gneE29" begin="127" end="127" number="1"/>
<flow id="car132" type="carType1" from="gneE49" to="gneE45" begin="129" end="129" number="1"/>
<flow id="car133" type="carType2" from="bottomrightL" to="toprightL" begin="130" end="130" number="1"/>
<flow id="car134" type="carType2" from="gneE21" to="gneE49" begin="130" end="130" number="1"/>
<flow id="car135" type="carType1" from="gneE28" to="-gneE50" begin="132" end="132" number="1"/>
<flow id="car136" type="carType2" from="bottomleftU" to="gneE48" begin="132" end="132" number="1"/>
<flow id="car137" type="carType0" from="bottomrightU" to="-gneE13" begin="134" end="134" number="1"/>
<flow id="car138" type="carType0" from="-gneE27" to="gneE42" begin="134" end="134" number="1"/>
<flow id="car139" type="carType2" from="gneE44" to="gneE37" begin="135" end="135" number="1"/>
<flow id="car140" type="carType0" from="-gneE42" to="topleftD" begin="135" end="135" number="1"/>
<flow id="car141" type="carType0" from="-gneE50" to="gneE48" begin="138" end="138" number="1"/>
<flow id="car142" type="carType0" from="-gneE27" to="-gneE51" begin="139" end="139" number="1"/>
<flow id="car143" type="carType0" from="gneE34" to="gneE30" begin="139" end="139" number="1"/>
<flow id="car144" type="carType0" from="-gneE51" to="gneE45" begin="140" end="140" number="1"/>
<flow id="car145" type="carType2" from="-gneE13" to="-gneE34" begin="142" end="142" number="1"/>
<flow id="car146" type="carType2" from="gneE22" to="-gneE43" begin="142" end="142" number="1"/>
<flow id="car147" type="carType1" from="-gneE28" to="gneE27" begin="143" end="143" number="1"/>
<flow id="car148" type="carType2" from="bottomrightU" to="gneE9" begin="144" end="144" number="1"/>
<flow id="car149" type="carType0" from="gneE37" to="gneE27" begin="148" end="148" number="1"/>
<flow id="car150" type="carType0" from="gneE51" to="-gneE7" begin="149" end="149" number="1"/>
<flow id="car151" type="carType2" from="gneE28" to="-gneE28" begin="149" end="149" number="1"/>
<flow id="car152" type="carType0" from="gneE44" to="-gneE28" begin="150" end="150" number="1"/>
<flow id="car153" type="carType1" from="bottomrightU" to="gneE45" begin="150" end="150" number="1"/>
<flow id="car154" type="carType0" from="gneE34" to="gneE48" begin="152" end="152" number="1"/>
<flow id="car155" type="carType2" from="-gneE50" to="gneE34" begin="153" end="153" number="1"/>
<flow id="car156" type="carType0" from="gneE46" to="-gneE29" begin="154" end="154" number="1"/>
<flow id="car157" type="carType2" from="topleftD" to="bottomrightU" begin="160" end="160" number="1"/>
<flow id="car158" type="carType0" from="-gneE51" to="-gneE49" begin="160" end="160" number="1"/>
<flow id="car159" type="carType0" from="bottomleftR" to="-gneE50" begin="164" end="164" number="1"/>
<flow id="car160" type="carType2" from="gneE44" to="gneE21" begin="166" end="166" number="1"/>
<flow id="car161" type="carType1" from="gneE29" to="gneE22" begin="167" end="167" number="1"/>
<flow id="car162" type="carType1" from="-gneE43" to="topleftR" begin="168" end="168" number="1"/>
<flow id="car163" type="carType1" from="-gneE51" to="-gneE45" begin="171" end="171" number="1"/>
<flow id="car164" type="carType1" from="-gneE48" to="gneE44" begin="173" end="173" number="1"/>
<flow id="car165" type="carType2" from="-gneE28" to="gneE44" begin="174" end="174" number="1"/>
<flow id="car166" type="carType1" from="-gneE42" to="toprightD" begin="174" end="174" number="1"/>
<flow id="car167" type="carType1" from="gneE30" to="gneE42" begin="174" end="174" number="1"/>
<flow id="car168" type="carType0" from="-gneE42" to="-gneE13" begin="175" end="175" number="1"/>
<flow id="car169" type="carType2" from="-gneE44" to="gneE51" begin="176" end="176" number="1"/>
<flow id="car170" type="carType2" from="gneE45" to="gneE37" begin="178" end="178" number="1"/>
<flow id="car171" type="carType1" from="gneE51" to="gneE48" begin="178" end="178" number="1"/>
<flow id="car172" type="carType0" from="gneE50" to="-gneE28" begin="179" end="179" number="1"/>
<flow id="car173" type="carType0" from="-gneE18" to="gneE22" begin="179" end="179" number="1"/>
<flow id="car174" type="carType2" from="-gneE51" to="-gneE13" begin="180" end="180" number="1"/>
<flow id="car175" type="carType1" from="gneE44" to="topleftR" begin="180" end="180" number="1"/>
<flow id="car176" type="carType1" from="-gneE8" to="-gneE13" begin="181" end="181" number="1"/>
<flow id="car177" type="carType2" from="gneE51" to="gneE28" begin="182" end="182" number="1"/>
<flow id="car178" type="carType1" from="-gneE13" to="-gneE8" begin="183" end="183" number="1"/>
<flow id="car179" type="carType1" from="-gneE21" to="gneE45" begin="186" end="186" number="1"/>
<flow id="car180" type="carType2" from="gneE21" to="-gneE18" begin="186" end="186" number="1"/>
<flow id="car181" type="carType1" from="toprightD" to="-gneE43" begin="186" end="186" number="1"/>
<flow id="car182" type="carType1" from="gneE22" to="-gneE51" begin="187" end="187" number="1"/>
<flow id="car183" type="carType2" from="gneE37" to="bottomleftR" begin="187" end="187" number="1"/>
<flow id="car184" type="carType1" from="gneE45" to="toprightD" begin="188" end="188" number="1"/>
<flow id="car185" type="carType2" from="-gneE18" to="gneE30" begin="190" end="190" number="1"/>
<flow id="car186" type="carType1" from="-gneE28" to="-gneE37" begin="190" end="190" number="1"/>
<flow id="car187" type="carType2" from="gneE21" to="gneE34" begin="190" end="190" number="1"/>
<flow id="car188" type="carType2" from="gneE34" to="topleftD" begin="190" end="190" number="1"/>
<flow id="car189" type="carType0" from="toprightL" to="bottomrightL" begin="191" end="191" number="1"/>
<flow id="car190" type="carType2" from="gneE29" to="-gneE7" begin="192" end="192" number="1"/>
<flow id="car191" type="carType0" from="bottomleftU" to="-gneE42" begin="192" end="192" number="1"/>
<flow id="car192" type="carType1" from="-gneE48" to="gneE48" begin="193" end="193" number="1"/>
<flow id="car193" type="carType1" from="gneE35" to="bottomleftR" begin="194" end="194" number="1"/>
<flow id="car194" type="carType1" from="gneE27" to="gneE43" begin="194" end="194" number="1"/>
<flow id="car195" type="carType2" from="bottomleftR" to="topleftD" begin="196" end="196" number="1"/>
<flow id="car196" type="carType2" from="bottomleftR" to="gneE9" begin="196" end="196" number="1"/>
<flow id="car197" type="carType2" from="-gneE50" to="-gneE37" begin="197" end="197" number="1"/>
<flow id="car198" type="carType1" from="topleftD" to="-gneE49" begin="197" end="197" number="1"/>
<flow id="car199" type="carType1" from="-gneE33" to="-gneE8" begin="199" end="199" number="1"/>
</routes>
