<routes>
<vType id="carType0" length="8" maxSpeed="53.94" accel="2.36" decel="4.54" speedDev="0.2" sigma="0.2"/>
<vType id="carType1" length="7" maxSpeed="43.89" accel="2.47" decel="5.69" speedDev="0.2" sigma="0.27"/>
<vType id="carType2" length="3" maxSpeed="50.19" accel="2.77" decel="4.96" speedDev="0.2" sigma="0.24"/>
<flow id="car0" type="carType1" from="-gneE18" to="toprightD" begin="0" end="0" number="1"/>
<flow id="car1" type="carType2" from="-gneE49" to="gneE21" begin="0" end="0" number="1"/>
<flow id="car2" type="carType0" from="-gneE49" to="-gneE34" begin="0" end="0" number="1"/>
<flow id="car3" type="carType0" from="gneE18" to="gneE42" begin="1" end="1" number="1"/>
<flow id="car4" type="carType0" from="bottomrightU" to="gneE30" begin="2" end="2" number="1"/>
<flow id="car5" type="carType2" from="gneE21" to="bottomleftU" begin="3" end="3" number="1"/>
<flow id="car6" type="carType2" from="-gneE49" to="bottomleftU" begin="3" end="3" number="1"/>
<flow id="car7" type="carType0" from="-gneE50" to="gneE44" begin="10" end="10" number="1"/>
<flow id="car8" type="carType0" from="-gneE7" to="-gneE44" begin="13" end="13" number="1"/>
<flow id="car9" type="carType0" from="-gneE44" to="-gneE45" begin="13" end="13" number="1"/>
<flow id="car10" type="carType2" from="topleftD" to="gneE28" begin="15" end="15" number="1"/>
<flow id="car11" type="carType0" from="-gneE48" to="gneE48" begin="15" end="15" number="1"/>
<flow id="car12" type="carType2" from="gneE37" to="gneE28" begin="16" end="16" number="1"/>
<flow id="car13" type="carType0" from="-gneE27" to="bottomleftU" begin="17" end="17" number="1"/>
<flow id="car14" type="carType0" from="bottomrightL" to="topleftR" begin="17" end="17" number="1"/>
<flow id="car15" type="carType0" from="gneE30" to="gneE28" begin="18" end="18" number="1"/>
<flow id="car16" type="carType0" from="toprightL" to="gneE21" begin="20" end="20" number="1"/>
<flow id="car17" type="carType2" from="-gneE51" to="bottomleftR" begin="22" end="22" number="1"/>
<flow id="car18" type="carType2" from="toprightD" to="toprightL" begin="23" end="23" number="1"/>
<flow id="car19" type="carType1" from="gneE18" to="toprightD" begin="23" end="23" number="1"/>
<flow id="car20" type="carType0" from="gneE18" to="-gneE28" begin="24" end="24" number="1"/>
<flow id="car21" type="carType1" from="gneE43" to="bottomrightL" begin="25" end="25" number="1"/>
<flow id="car22" type="carType1" from="topleftR" to="gneE22" begin="27" end="27" number="1"/>
<flow id="car23" type="carType2" from="gneE49" to="gneE45" begin="28" end="28" number="1"/>
<flow id="car24" type="carType2" from="-gneE8" to="gneE35" begin="29" end="29" number="1"/>
<flow id="car25" type="carType0" from="gneE49" to="bottomleftU" begin="31" end="31" number="1"/>
<flow id="car26" type="carType1" from="gneE45" to="bottomleftR" begin="31" end="31" number="1"/>
<flow id="car27" type="carType2" from="gneE30" to="-gneE27" begin="31" end="31" number="1"/>
<flow id="car28" type="carType0" from="-gneE7" to="toprightL" begin="32" end="32" number="1"/>
<flow id="car29" type="carType2" from="toprightL" to="-gneE44" begin="39" end="39" number="1"/>
<flow id="car30" type="carType2" from="toprightL" to="-gneE21" begin="39" end="39" number="1"/>
<flow id="car31" type="carType2" from="gneE28" to="gneE9" begin="42" end="42" number="1"/>
<flow id="car32" type="carType1" from="-gneE33" to="gneE49" begin="42" end="42" number="1"/>
<flow id="car33" type="carType1" from="gneE8" to="gneE45" begin="42" end="42" number="1"/>
<flow id="car34" type="carType0" from="-gneE48" to="gneE37" begin="43" end="43" number="1"/>
<flow id="car35" type="carType1" from="-gneE18" to="gneE49" begin="43" end="43" number="1"/>
<flow id="car36" type="carType0" from="gneE22" to="gneE43" begin="44" end="44" number="1"/>
<flow id="car37" type="carType1" from="-gneE18" to="gneE30" begin="46" end="46" number="1"/>
<flow id="car38" type="carType0" from="gneE28" to="bottomrightL" begin="48" end="48" number="1"/>
<flow id="car39" type="carType2" from="-gneE7" to="-gneE50" begin="49" end="49" number="1"/>
<flow id="car40" type="carType2" from="bottomrightL" to="-gneE29" begin="49" end="49" number="1"/>
<flow id="car41" type="carType1" from="gneE45" to="gneE21" begin="51" end="51" number="1"/>
<flow id="car42" type="carType2" from="-gneE21" to="gneE42" begin="52" end="52" number="1"/>
<flow id="car43" type="carType0" from="gneE34" to="-gneE37" begin="52" end="52" number="1"/>
<flow id="car44" type="carType1" from="-gneE51" to="gneE22" begin="52" end="52" number="1"/>
<flow id="car45" type="carType1" from="bottomrightL" to="gneE43" begin="54" end="54" number="1"/>
<flow id="car46" type="carType0" from="gneE30" to="gneE8" begin="55" end="55" number="1"/>
<flow id="car47" type="carType2" from="-gneE34" to="gneE8" begin="57" end="57" number="1"/>
<flow id="car48" type="carType1" from="gneE42" to="-gneE34" begin="58" end="58" number="1"/>
<flow id="car49" type="carType2" from="toprightD" to="-gneE29" begin="59" end="59" number="1"/>
<flow id="car50" type="carType0" from="-gneE8" to="-gneE45" begin="59" end="59" number="1"/>
<flow id="car51" type="carType0" from="gneE48" to="topleftD" begin="60" end="60" number="1"/>
<flow id="car52" type="carType0" from="-gneE29" to="-gneE29" begin="61" end="61" number="1"/>
<flow id="car53" type="carType2" from="toprightD" to="gneE34" begin="61" end="61" number="1"/>
<flow id="car54" type="carType2" from="-gneE49" to="-gneE51" begin="61" end="61" number="1"/>
<flow id="car55" type="carType1" from="-gneE7" to="-gneE37" begin="63" end="63" number="1"/>
<flow id="car56" type="carType0" from="bottomleftR" to="gneE27" begin="63" end="63" number="1"/>
<flow id="car57" type="carType0" from="-gneE49" to="-gneE51" begin="65" end="65" number="1"/>
<flow id="car58" type="carType0" from="-gneE51" to="gneE28" begin="65" end="65" number="1"/>
<flow id="car59" type="carType1" from="gneE43" to="-gneE13" begin="66" end="66" number="1"/>
<flow id="car60" type="carType2" from="-gneE8" to="-gneE51" begin="66" end="66" number="1"/>
<flow id="car61" type="carType0" from="bottomleftR" to="gneE28" begin="66" end="66" number="1"/>
<flow id="car62" type="carType1" from="gneE49" to="gneE43" begin="67" end="67" number="1"/>
<flow id="car63" type="carType0" from="gneE46" to="gneE37" begin="68" end="68" number="1"/>
<flow id="car64" type="carType1" from="gneE50" to="-gneE51" begin="69" end="69" number="1"/>
<flow id="car65" type="carType2" from="-gneE27" to="-gneE50" begin="69" end="69" number="1"/>
<flow id="car66" type="carType1" from="bottomrightU" to="gneE28" begin="70" end="70" number="1"/>
<flow id="car67" type="carType0" from="bottomrightU" to="gneE28" begin="71" end="71" number="1"/>
<flow id="car68" type="carType1" from="gneE9" to="-gneE42" begin="72" end="72" number="1"/>
<flow id="car69" type="carType1" from="gneE51" to="gneE21" begin="73" end="73" number="1"/>
<flow id="car70" type="carType2" from="-gneE51" to="gneE42" begin="73" end="73" number="1"/>
<flow id="car71" type="carType2" from="gneE48" to="gneE51" begin="73" end="73" number="1"/>
<flow id="car72" type="carType0" from="gneE49" to="-gneE18" begin="74" end="74" number="1"/>
<flow id="car73" type="carType0" from="gneE51" to="gneE45" begin="74" end="74" number="1"/>
<flow id="car74" type="carType0" from="gneE21" to="-gneE48" begin="75" end="75" number="1"/>
<flow id="car75" type="carType0" from="-gneE45" to="bottomleftU" begin="75" end="75" number="1"/>
<flow id="car76" type="carType0" from="gneE34" to="gneE50" begin="77" end="77" number="1"/>
<flow id="car77" type="carType0" from="-gneE43" to="gneE34" begin="77" end="77" number="1"/>
<flow id="car78" type="carType0" from="gneE43" to="gneE43" begin="78" end="78" number="1"/>
<flow id="car79" type="carType2" from="-gneE21" to="gneE37" begin="79" end="79" number="1"/>
<flow id="car80" type="carType2" from="gneE18" to="-gneE43" begin="79" end="79" number="1"/>
<flow id="car81" type="carType0" from="-gneE51" to="gneE37" begin="80" end="80" number="1"/>
<flow id="car82" type="carType0" from="gneE29" to="bottomleftU" begin="81" end="81" number="1"/>
<flow id="car83" type="carType2" from="-gneE49" to="-gneE27" begin="82" end="82" number="1"/>
<flow id="car84" type="carType1" from="-gneE49" to="-gneE51" begin="82" end="82" number="1"/>
<flow id="car85" type="carType0" from="gneE46" to="bottomrightL" begin="82" end="82" number="1"/>
<flow id="car86" type="carType0" from="gneE51" to="gneE22" begin="82" end="82" number="1"/>
<flow id="car87" type="carType0" from="gneE35" to="-gneE27" begin="83" end="83" number="1"/>
<flow id="car88" type="carType2" from="-gneE29" to="-gneE28" begin="84" end="84" number="1"/>
<flow id="car89" type="carType0" from="bottomrightL" to="gneE44" begin="85" end="85" number="1"/>
<flow id="car90" type="carType1" from="gneE35" to="-gneE42" begin="86" end="86" number="1"/>
<flow id="car91" type="carType1" from="bottomleftU" to="-gneE37" begin="88" end="88" number="1"/>
<flow id="car92" type="carType0" from="toprightD" to="bottomrightL" begin="88" end="88" number="1"/>
<flow id="car93" type="carType0" from="-gneE51" to="-gneE48" begin="89" end="89" number="1"/>
<flow id="car94" type="carType1" from="gneE9" to="-gneE42" begin="89" end="89" number="1"/>
<flow id="car95" type="carType1" from="gneE8" to="-gneE43" begin="89" end="89" number="1"/>
<flow id="car96" type="carType1" from="gneE9" to="topleftR" begin="90" end="90" number="1"/>
<flow id="car97" type="carType1" from="topleftD" to="-gneE33" begin="91" end="91" number="1"/>
<flow id="car98" type="carType2" from="-gneE18" to="gneE48" begin="91" end="91" number="1"/>
<flow id="car99" type="carType2" from="bottomleftU" to="gneE49" begin="92" end="92" number="1"/>
<flow id="car100" type="carType2" from="-gneE37" to="-gneE8" begin="92" end="92" number="1"/>
<flow id="car101" type="carType1" from="gneE8" to="gneE48" begin="93" end="93" number="1"/>
<flow id="car102" type="carType1" from="-gneE50" to="gneE27" begin="94" end="94" number="1"/>
<flow id="car103" type="carType1" from="gneE37" to="gneE8" begin="97" end="97" number="1"/>
<flow id="car104" type="carType0" from="gneE9" to="gneE27" begin="98" end="98" number="1"/>
<flow id="car105" type="carType0" from="gneE29" to="-gneE49" begin="102" end="102" number="1"/>
<flow id="car106" type="carType2" from="gneE21" to="bottomleftU" begin="104" end="104" number="1"/>
<flow id="car107" type="carType1" from="-gneE33" to="-gneE7" begin="104" end="104" number="1"/>
<flow id="car108" type="carType2" from="gneE49" to="bottomleftR" begin="104" end="104" number="1"/>
<flow id="car109" type="carType2" from="bottomrightL" to="-gneE43" begin="104" end="104" number="1"/>
<flow id="car110" type="carType1" from="-gneE49" to="gneE8" begin="105" end="105" number="1"/>
<flow id="car111" type="carType1" from="gneE46" to="toprightL" begin="105" end="105" number="1"/>
<flow id="car112" type="carType1" from="-gneE28" to="toprightL" begin="105" end="105" number="1"/>
<flow id="car113" type="carType2" from="gneE18" to="-gneE43" begin="106" end="106" number="1"/>
<flow id="car114" type="carType0" from="bottomleftR" to="gneE21" begin="110" end="110" number="1"/>
<flow id="car115" type="carType0" from="toprightD" to="bottomleftU" begin="111" end="111" number="1"/>
<flow id="car116" type="carType0" from="bottomleftU" to="bottomleftR" begin="111" end="111" number="1"/>
<flow id="car117" type="carType0" from="toprightD" to="toprightL" begin="111" end="111" number="1"/>
<flow id="car118" type="carType1" from="-gneE42" to="-gneE29" begin="112" end="112" number="1"/>
<flow id="car119" type="carType2" from="gneE18" to="gneE37" begin="113" end="113" number="1"/>
<flow id="car120" type="carType1" from="-gneE13" to="toprightL" begin="113" end="113" number="1"/>
<flow id="car121" type="carType0" from="gneE29" to="gneE48" begin="115" end="115" number="1"/>
<flow id="car122" type="carType1" from="bottomrightL" to="gneE50" begin="115" end="115" number="1"/>
<flow id="car123" type="carType0" from="gneE22" to="gneE46" begin="118" end="118" number="1"/>
<flow id="car124" type="carType2" from="-gneE51" to="gneE51" begin="120" end="120" number="1"/>
<flow id="car125" type="carType0" from="-gneE18" to="gneE45" begin="120" end="120" number="1"/>
<flow id="car126" type="carType1" from="-gneE27" to="-gneE18" begin="121" end="121" number="1"/>
<flow id="car127" type="carType0" from="gneE34" to="-gneE44" begin="123" end="123" number="1"/>
<flow id="car128" type="carType1" from="gneE22" to="gneE18" begin="126" end="126" number="1"/>
<flow id="car129" type="carType2" from="-gneE28" to="toprightD" begin="127" end="127" number="1"/>
<flow id="car130" type="carType0" from="-gneE45" to="gneE9" begin="128" end="128" number="1"/>
<flow id="car131" type="carType0" from="-gneE28" to="toprightD" begin="132" end="132" number="1"/>
<flow id="car132" type="carType0" from="-gneE44" to="-gneE42" begin="132" end="132" number="1"/>
<flow id="car133" type="carType1" from="gneE44" to="gneE37" begin="132" end="132" number="1"/>
<flow id="car134" type="carType1" from="-gneE42" to="-gneE37" begin="133" end="133" number="1"/>
<flow id="car135" type="carType0" from="-gneE42" to="toprightD" begin="134" end="134" number="1"/>
<flow id="car136" type="carType2" from="-gneE49" to="gneE27" begin="135" end="135" number="1"/>
<flow id="car137" type="carType1" from="gneE30" to="toprightL" begin="135" end="135" number="1"/>
<flow id="car138" type="carType0" from="topleftR" to="-gneE8" begin="139" end="139" number="1"/>
<flow id="car139" type="carType0" from="topleftD" to="-gneE34" begin="139" end="139" number="1"/>
<flow id="car140" type="carType1" from="-gneE29" to="-gneE13" begin="140" end="140" number="1"/>
<flow id="car141" type="carType0" from="-gneE45" to="gneE50" begin="142" end="142" number="1"/>
<flow id="car142" type="carType2" from="-gneE21" to="gneE49" begin="144" end="144" number="1"/>
<flow id="car143" type="carType1" from="-gneE44" to="gneE49" begin="144" end="144" number="1"/>
<flow id="car144" type="carType2" from="-gneE18" to="gneE27" begin="145" end="145" number="1"/>
<flow id="car145" type="carType0" from="-gneE27" to="-gneE21" begin="145" end="145" number="1"/>
<flow id="car146" type="carType0" from="gneE30" to="bottomrightU" begin="146" end="146" number="1"/>
<flow id="car147" type="carType0" from="toprightD" to="-gneE45" begin="147" end="147" number="1"/>
<flow id="car148" type="carType1" from="-gneE37" to="-gneE29" begin="148" end="148" number="1"/>
<flow id="car149" type="carType2" from="gneE28" to="toprightD" begin="149" end="149" number="1"/>
<flow id="car150" type="carType2" from="-gneE45" to="bottomrightL" begin="149" end="149" number="1"/>
<flow id="car151" type="carType1" from="-gneE44" to="-gneE13" begin="149" end="149" number="1"/>
<flow id="car152" type="carType0" from="gneE8" to="-gneE50" begin="149" end="149" number="1"/>
<flow id="car153" type="carType1" from="gneE29" to="bottomrightL" begin="149" end="149" number="1"/>
<flow id="car154" type="carType1" from="-gneE33" to="gneE43" begin="150" end="150" number="1"/>
<flow id="car155" type="carType0" from="gneE18" to="gneE35" begin="150" end="150" number="1"/>
<flow id="car156" type="carType2" from="gneE46" to="-gneE13" begin="150" end="150" number="1"/>
<flow id="car157" type="carType2" from="-gneE48" to="gneE43" begin="152" end="152" number="1"/>
<flow id="car158" type="carType2" from="gneE44" to="-gneE37" begin="154" end="154" number="1"/>
<flow id="car159" type="carType0" from="-gneE49" to="-gneE7" begin="154" end="154" number="1"/>
<flow id="car160" type="carType2" from="gneE22" to="-gneE51" begin="154" end="154" number="1"/>
<flow id="car161" type="carType0" from="-gneE27" to="-gneE50" begin="154" end="154" number="1"/>
<flow id="car162" type="carType2" from="gneE43" to="-gneE18" begin="157" end="157" number="1"/>
<flow id="car163" type="carType1" from="-gneE21" to="bottomleftR" begin="158" end="158" number="1"/>
<flow id="car164" type="carType0" from="-gneE21" to="gneE43" begin="158" end="158" number="1"/>
<flow id="car165" type="carType2" from="-gneE7" to="gneE49" begin="158" end="158" number="1"/>
<flow id="car166" type="carType2" from="gneE43" to="bottomrightL" begin="159" end="159" number="1"/>
<flow id="car167" type="carType0" from="-gneE49" to="gneE50" begin="161" end="161" number="1"/>
<flow id="car168" type="carType1" from="toprightL" to="-gneE13" begin="162" end="162" number="1"/>
<flow id="car169" type="carType1" from="gneE35" to="-gneE44" begin="164" end="164" number="1"/>
<flow id="car170" type="carType2" from="topleftR" to="topleftD" begin="165" end="165" number="1"/>
<flow id="car171" type="carType2" from="gneE46" to="gneE46" begin="165" end="165" number="1"/>
<flow id="car172" type="carType2" from="gneE22" to="-gneE21" begin="167" end="167" number="1"/>
<flow id="car173" type="carType0" from="topleftR" to="-gneE45" begin="170" end="170" number="1"/>
<flow id="car174" type="carType2" from="gneE45" to="gneE45" begin="170" end="170" number="1"/>
<flow id="car175" type="carType0" from="gneE50" to="-gneE7" begin="174" end="174" number="1"/>
<flow id="car176" type="carType2" from="-gneE34" to="-gneE21" begin="175" end="175" number="1"/>
<flow id="car177" type="carType2" from="-gneE49" to="bottomrightU" begin="175" end="175" number="1"/>
<flow id="car178" type="carType0" from="gneE21" to="-gneE29" begin="177" end="177" number="1"/>
<flow id="car179" type="carType2" from="gneE51" to="toprightL" begin="177" end="177" number="1"/>
<flow id="car180" type="carType1" from="-gneE43" to="gneE18" begin="177" end="177" number="1"/>
<flow id="car181" type="carType0" from="-gneE44" to="gneE51" begin="177" end="177" number="1"/>
<flow id="car182" type="carType0" from="gneE30" to="-gneE27" begin="178" end="178" number="1"/>
<flow id="car183" type="carType1" from="-gneE21" to="-gneE21" begin="178" end="178" number="1"/>
<flow id="car184" type="carType2" from="gneE46" to="topleftD" begin="179" end="179" number="1"/>
<flow id="car185" type="carType0" from="gneE18" to="gneE48" begin="179" end="179" number="1"/>
<flow id="car186" type="carType0" from="gneE37" to="gneE49" begin="179" end="179" number="1"/>
<flow id="car187" type="carType1" from="gneE22" to="-gneE21" begin="180" end="180" number="1"/>
<flow id="car188" type="carType2" from="bottomrightU" to="-gneE50" begin="180" end="180" number="1"/>
<flow id="car189" type="carType2" from="bottomleftR" to="gneE27" begin="181" end="181" number="1"/>
<flow id="car190" type="carType2" from="gneE9" to="-gneE48" begin="184" end="184" number="1"/>
<flow id="car191" type="carType2" from="gneE27" to="-gneE45" begin="186" end="186" number="1"/>
<flow id="car192" type="carType1" from="gneE29" to="gneE37" begin="187" end="187" number="1"/>
<flow id="car193" type="carType1" from="-gneE33" to="gneE30" begin="192" end="192" number="1"/>
<flow id="car194" type="carType0" from="-gneE29" to="-gneE48" begin="192" end="192" number="1"/>
<flow id="car195" type="carType0" from="-gneE13" to="-gneE43" begin="192" end="192" number="1"/>
<flow id="car196" type="carType2" from="-gneE50" to="gneE9" begin="193" end="193" number="1"/>
<flow id="car197" type="carType0" from="topleftR" to="-gneE21" begin="194" end="194" number="1"/>
<flow id="car198" type="carType2" from="-gneE21" to="gneE22" begin="196" end="196" number="1"/>
<flow id="car199" type="carType0" from="-gneE18" to="gneE51" begin="197" end="197" number="1"/>
</routes>
