<routes>
<vType id="carType0" length="4" maxSpeed="52.12" accel="2.97" decel="5.32" speedDev="0.2" sigma="0.19"/>
<vType id="carType1" length="3" maxSpeed="44.7" accel="2.51" decel="5.51" speedDev="0.2" sigma="0.12"/>
<vType id="carType2" length="3" maxSpeed="57.83" accel="2.83" decel="5.54" speedDev="0.2" sigma="0.13"/>
<flow id="car0" type="carType2" from="-gneE27" to="gneE34" begin="0" end="0" number="1"/>
<flow id="car1" type="carType2" from="gneE28" to="gneE28" begin="0" end="0" number="1"/>
<flow id="car2" type="carType0" from="gneE48" to="gneE30" begin="1" end="1" number="1"/>
<flow id="car3" type="carType1" from="-gneE33" to="-gneE13" begin="1" end="1" number="1"/>
<flow id="car4" type="carType2" from="gneE37" to="gneE8" begin="2" end="2" number="1"/>
<flow id="car5" type="carType1" from="-gneE49" to="-gneE28" begin="6" end="6" number="1"/>
<flow id="car6" type="carType1" from="gneE8" to="gneE22" begin="6" end="6" number="1"/>
<flow id="car7" type="carType0" from="gneE42" to="-gneE8" begin="7" end="7" number="1"/>
<flow id="car8" type="carType0" from="-gneE50" to="toprightL" begin="7" end="7" number="1"/>
<flow id="car9" type="carType1" from="gneE21" to="gneE9" begin="11" end="11" number="1"/>
<flow id="car10" type="carType0" from="-gneE51" to="toprightD" begin="12" end="12" number="1"/>
<flow id="car11" type="carType0" from="-gneE45" to="-gneE48" begin="13" end="13" number="1"/>
<flow id="car12" type="carType1" from="-gneE33" to="-gneE13" begin="15" end="15" number="1"/>
<flow id="car13" type="carType0" from="-gneE7" to="-gneE50" begin="16" end="16" number="1"/>
<flow id="car14" type="carType2" from="gneE21" to="gneE43" begin="16" end="16" number="1"/>
<flow id="car15" type="carType1" from="-gneE48" to="-gneE45" begin="16" end="16" number="1"/>
<flow id="car16" type="carType2" from="gneE49" to="gneE8" begin="17" end="17" number="1"/>
<flow id="car17" type="carType0" from="gneE9" to="bottomleftU" begin="17" end="17" number="1"/>
<flow id="car18" type="carType0" from="gneE48" to="toprightD" begin="18" end="18" number="1"/>
<flow id="car19" type="carType0" from="gneE21" to="gneE51" begin="19" end="19" number="1"/>
<flow id="car20" type="carType0" from="toprightD" to="toprightD" begin="19" end="19" number="1"/>
<flow id="car21" type="carType2" from="gneE18" to="-gneE7" begin="20" end="20" number="1"/>
<flow id="car22" type="carType2" from="gneE21" to="bottomrightU" begin="21" end="21" number="1"/>
<flow id="car23" type="carType1" from="gneE49" to="gneE46" begin="25" end="25" number="1"/>
<flow id="car24" type="carType0" from="-gneE13" to="-gneE49" begin="25" end="25" number="1"/>
<flow id="car25" type="carType0" from="topleftD" to="gneE27" begin="28" end="28" number="1"/>
<flow id="car26" type="carType0" from="-gneE37" to="-gneE18" begin="32" end="32" number="1"/>
<flow id="car27" type="carType2" from="gneE49" to="-gneE42" begin="33" end="33" number="1"/>
<flow id="car28" type="carType2" from="gneE18" to="gneE34" begin="33" end="33" number="1"/>
<flow id="car29" type="carType1" from="-gneE33" to="-gneE8" begin="33" end="33" number="1"/>
<flow id="car30" type="carType1" from="-gneE50" to="gneE35" begin="35" end="35" number="1"/>
<flow id="car31" type="carType0" from="gneE45" to="gneE48" begin="39" end="39" number="1"/>
<flow id="car32" type="carType2" from="-gneE29" to="-gneE48" begin="40" end="40" number="1"/>
<flow id="car33" type="carType1" from="gneE51" to="gneE29" begin="41" end="41" number="1"/>
<flow id="car34" type="carType2" from="-gneE50" to="-gneE18" begin="42" end="42" number="1"/>
<flow id="car35" type="carType2" from="-gneE13" to="gneE48" begin="42" end="42" number="1"/>
<flow id="car36" type="carType0" from="-gneE29" to="-gneE43" begin="42" end="42" number="1"/>
<flow id="car37" type="carType2" from="bottomrightL" to="gneE48" begin="44" end="44" number="1"/>
<flow id="car38" type="carType0" from="gneE51" to="bottomrightL" begin="45" end="45" number="1"/>
<flow id="car39" type="carType1" from="gneE34" to="toprightL" begin="46" end="46" number="1"/>
<flow id="car40" type="carType1" from="gneE48" to="gneE30" begin="48" end="48" number="1"/>
<flow id="car41" type="carType0" from="gneE49" to="topleftD" begin="48" end="48" number="1"/>
<flow id="car42" type="carType0" from="gneE21" to="gneE46" begin="49" end="49" number="1"/>
<flow id="car43" type="carType1" from="gneE43" to="gneE22" begin="50" end="50" number="1"/>
<flow id="car44" type="carType0" from="gneE21" to="gneE21" begin="51" end="51" number="1"/>
<flow id="car45" type="carType2" from="-gneE50" to="-gneE8" begin="54" end="54" number="1"/>
<flow id="car46" type="carType0" from="gneE48" to="-gneE34" begin="54" end="54" number="1"/>
<flow id="car47" type="carType0" from="-gneE21" to="-gneE42" begin="57" end="57" number="1"/>
<flow id="car48" type="carType2" from="gneE9" to="gneE28" begin="57" end="57" number="1"/>
<flow id="car49" type="carType1" from="-gneE50" to="gneE49" begin="57" end="57" number="1"/>
<flow id="car50" type="carType2" from="toprightD" to="gneE49" begin="58" end="58" number="1"/>
<flow id="car51" type="carType0" from="-gneE42" to="gneE43" begin="60" end="60" number="1"/>
<flow id="car52" type="carType2" from="-gneE37" to="gneE50" begin="60" end="60" number="1"/>
<flow id="car53" type="carType1" from="toprightD" to="gneE28" begin="61" end="61" number="1"/>
<flow id="car54" type="carType1" from="gneE44" to="gneE30" begin="61" end="61" number="1"/>
<flow id="car55" type="carType0" from="bottomleftU" to="topleftD" begin="63" end="63" number="1"/>
<flow id="car56" type="carType1" from="-gneE21" to="bottomrightU" begin="63" end="63" number="1"/>
<flow id="car57" type="carType0" from="-gneE37" to="-gneE18" begin="64" end="64" number="1"/>
<flow id="car58" type="carType0" from="topleftR" to="gneE21" begin="69" end="69" number="1"/>
<flow id="car59" type="carType2" from="-gneE28" to="-gneE37" begin="69" end="69" number="1"/>
<flow id="car60" type="carType1" from="-gneE43" to="-gneE44" begin="71" end="71" number="1"/>
<flow id="car61" type="carType0" from="gneE51" to="gneE42" begin="72" end="72" number="1"/>
<flow id="car62" type="carType1" from="gneE44" to="gneE34" begin="72" end="72" number="1"/>
<flow id="car63" type="carType1" from="gneE9" to="-gneE43" begin="73" end="73" number="1"/>
<flow id="car64" type="carType1" from="gneE18" to="gneE34" begin="74" end="74" number="1"/>
<flow id="car65" type="carType1" from="-gneE44" to="-gneE42" begin="77" end="77" number="1"/>
<flow id="car66" type="carType0" from="topleftD" to="-gneE51" begin="78" end="78" number="1"/>
<flow id="car67" type="carType0" from="-gneE27" to="-gneE45" begin="79" end="79" number="1"/>
<flow id="car68" type="carType2" from="gneE8" to="gneE35" begin="79" end="79" number="1"/>
<flow id="car69" type="carType0" from="-gneE29" to="-gneE34" begin="80" end="80" number="1"/>
<flow id="car70" type="carType0" from="gneE45" to="-gneE27" begin="81" end="81" number="1"/>
<flow id="car71" type="carType2" from="-gneE43" to="gneE21" begin="82" end="82" number="1"/>
<flow id="car72" type="carType1" from="-gneE7" to="bottomrightU" begin="82" end="82" number="1"/>
<flow id="car73" type="carType1" from="gneE22" to="-gneE51" begin="82" end="82" number="1"/>
<flow id="car74" type="carType1" from="-gneE44" to="-gneE45" begin="83" end="83" number="1"/>
<flow id="car75" type="carType1" from="bottomleftU" to="bottomrightL" begin="83" end="83" number="1"/>
<flow id="car76" type="carType1" from="gneE22" to="-gneE13" begin="85" end="85" number="1"/>
<flow id="car77" type="carType1" from="gneE43" to="gneE30" begin="86" end="86" number="1"/>
<flow id="car78" type="carType0" from="-gneE34" to="gneE34" begin="86" end="86" number="1"/>
<flow id="car79" type="carType1" from="-gneE43" to="-gneE44" begin="87" end="87" number="1"/>
<flow id="car80" type="carType1" from="bottomrightU" to="gneE34" begin="87" end="87" number="1"/>
<flow id="car81" type="carType2" from="gneE30" to="bottomleftU" begin="87" end="87" number="1"/>
<flow id="car82" type="carType0" from="-gneE13" to="toprightD" begin="88" end="88" number="1"/>
<flow id="car83" type="carType0" from="-gneE51" to="toprightD" begin="88" end="88" number="1"/>
<flow id="car84" type="carType2" from="-gneE45" to="-gneE44" begin="89" end="89" number="1"/>
<flow id="car85" type="carType1" from="-gneE37" to="gneE37" begin="89" end="89" number="1"/>
<flow id="car86" type="carType1" from="gneE37" to="gneE46" begin="91" end="91" number="1"/>
<flow id="car87" type="carType0" from="gneE30" to="-gneE27" begin="93" end="93" number="1"/>
<flow id="car88" type="carType2" from="toprightD" to="-gneE49" begin="94" end="94" number="1"/>
<flow id="car89" type="carType0" from="-gneE33" to="gneE22" begin="94" end="94" number="1"/>
<flow id="car90" type="carType0" from="-gneE48" to="gneE22" begin="96" end="96" number="1"/>
<flow id="car91" type="carType1" from="-gneE21" to="-gneE45" begin="97" end="97" number="1"/>
<flow id="car92" type="carType2" from="-gneE48" to="toprightL" begin="98" end="98" number="1"/>
<flow id="car93" type="carType1" from="gneE35" to="gneE9" begin="98" end="98" number="1"/>
<flow id="car94" type="carType1" from="gneE50" to="-gneE28" begin="98" end="98" number="1"/>
<flow id="car95" type="carType2" from="gneE37" to="-gneE34" begin="98" end="98" number="1"/>
<flow id="car96" type="carType0" from="-gneE48" to="bottomleftR" begin="98" end="98" number="1"/>
<flow id="car97" type="carType0" from="-gneE48" to="-gneE8" begin="99" end="99" number="1"/>
<flow id="car98" type="carType0" from="gneE51" to="-gneE49" begin="99" end="99" number="1"/>
<flow id="car99" type="carType1" from="-gneE21" to="gneE42" begin="103" end="103" number="1"/>
<flow id="car100" type="carType1" from="gneE45" to="-gneE18" begin="103" end="103" number="1"/>
<flow id="car101" type="carType1" from="bottomleftU" to="gneE48" begin="104" end="104" number="1"/>
<flow id="car102" type="carType2" from="bottomrightU" to="-gneE18" begin="105" end="105" number="1"/>
<flow id="car103" type="carType1" from="gneE44" to="gneE50" begin="105" end="105" number="1"/>
<flow id="car104" type="carType1" from="-gneE42" to="gneE8" begin="106" end="106" number="1"/>
<flow id="car105" type="carType1" from="gneE30" to="gneE21" begin="107" end="107" number="1"/>
<flow id="car106" type="carType2" from="-gneE28" to="gneE44" begin="108" end="108" number="1"/>
<flow id="car107" type="carType1" from="gneE46" to="toprightL" begin="108" end="108" number="1"/>
<flow id="car108" type="carType2" from="-gneE33" to="gneE35" begin="110" end="110" number="1"/>
<flow id="car109" type="carType1" from="-gneE13" to="gneE50" begin="110" end="110" number="1"/>
<flow id="car110" type="carType2" from="bottomleftU" to="-gneE51" begin="111" end="111" number="1"/>
<flow id="car111" type="carType0" from="gneE21" to="bottomleftR" begin="112" end="112" number="1"/>
<flow id="car112" type="carType2" from="-gneE8" to="-gneE28" begin="113" end="113" number="1"/>
<flow id="car113" type="carType1" from="gneE37" to="gneE37" begin="113" end="113" number="1"/>
<flow id="car114" type="carType0" from="-gneE51" to="-gneE43" begin="115" end="115" number="1"/>
<flow id="car115" type="carType1" from="topleftD" to="gneE30" begin="116" end="116" number="1"/>
<flow id="car116" type="carType1" from="-gneE43" to="-gneE48" begin="116" end="116" number="1"/>
<flow id="car117" type="carType0" from="gneE46" to="toprightD" begin="117" end="117" number="1"/>
<flow id="car118" type="carType0" from="gneE28" to="-gneE51" begin="117" end="117" number="1"/>
<flow id="car119" type="carType2" from="bottomleftR" to="gneE51" begin="121" end="121" number="1"/>
<flow id="car120" type="carType1" from="gneE44" to="gneE43" begin="121" end="121" number="1"/>
<flow id="car121" type="carType0" from="-gneE8" to="gneE43" begin="122" end="122" number="1"/>
<flow id="car122" type="carType1" from="-gneE33" to="-gneE49" begin="122" end="122" number="1"/>
<flow id="car123" type="carType0" from="-gneE28" to="gneE18" begin="123" end="123" number="1"/>
<flow id="car124" type="carType2" from="gneE49" to="-gneE8" begin="124" end="124" number="1"/>
<flow id="car125" type="carType1" from="bottomrightL" to="-gneE48" begin="124" end="124" number="1"/>
<flow id="car126" type="carType0" from="gneE42" to="-gneE48" begin="125" end="125" number="1"/>
<flow id="car127" type="carType2" from="toprightD" to="-gneE37" begin="126" end="126" number="1"/>
<flow id="car128" type="carType2" from="gneE9" to="-gneE8" begin="126" end="126" number="1"/>
<flow id="car129" type="carType0" from="gneE51" to="-gneE42" begin="127" end="127" number="1"/>
<flow id="car130" type="carType2" from="gneE45" to="toprightD" begin="127" end="127" number="1"/>
<flow id="car131" type="carType1" from="gneE51" to="-gneE37" begin="127" end="127" number="1"/>
<flow id="car132" type="carType1" from="toprightD" to="gneE29" begin="129" end="129" number="1"/>
<flow id="car133" type="carType2" from="gneE50" to="gneE22" begin="133" end="133" number="1"/>
<flow id="car134" type="carType0" from="-gneE37" to="gneE44" begin="133" end="133" number="1"/>
<flow id="car135" type="carType2" from="-gneE33" to="-gneE44" begin="134" end="134" number="1"/>
<flow id="car136" type="carType2" from="-gneE7" to="bottomrightU" begin="134" end="134" number="1"/>
<flow id="car137" type="carType1" from="-gneE48" to="gneE45" begin="136" end="136" number="1"/>
<flow id="car138" type="carType2" from="-gneE49" to="gneE27" begin="136" end="136" number="1"/>
<flow id="car139" type="carType2" from="gneE45" to="gneE18" begin="137" end="137" number="1"/>
<flow id="car140" type="carType0" from="gneE34" to="-gneE13" begin="137" end="137" number="1"/>
<flow id="car141" type="carType1" from="-gneE21" to="toprightL" begin="139" end="139" number="1"/>
<flow id="car142" type="carType1" from="gneE46" to="gneE18" begin="142" end="142" number="1"/>
<flow id="car143" type="carType0" from="bottomrightL" to="-gneE45" begin="143" end="143" number="1"/>
<flow id="car144" type="carType1" from="-gneE29" to="gneE34" begin="144" end="144" number="1"/>
<flow id="car145" type="carType2" from="-gneE18" to="toprightD" begin="144" end="144" number="1"/>
<flow id="car146" type="carType0" from="-gneE45" to="topleftD" begin="146" end="146" number="1"/>
<flow id="car147" type="carType0" from="gneE46" to="gneE48" begin="147" end="147" number="1"/>
<flow id="car148" type="carType0" from="gneE22" to="-gneE8" begin="147" end="147" number="1"/>
<flow id="car149" type="carType0" from="gneE48" to="-gneE51" begin="147" end="147" number="1"/>
<flow id="car150" type="carType0" from="bottomrightU" to="-gneE37" begin="148" end="148" number="1"/>
<flow id="car151" type="carType2" from="gneE49" to="gneE34" begin="150" end="150" number="1"/>
<flow id="car152" type="carType0" from="gneE35" to="-gneE29" begin="150" end="150" number="1"/>
<flow id="car153" type="carType2" from="gneE48" to="gneE21" begin="151" end="151" number="1"/>
<flow id="car154" type="carType0" from="-gneE21" to="-gneE27" begin="152" end="152" number="1"/>
<flow id="car155" type="carType0" from="-gneE45" to="-gneE28" begin="153" end="153" number="1"/>
<flow id="car156" type="carType1" from="gneE42" to="-gneE27" begin="154" end="154" number="1"/>
<flow id="car157" type="carType2" from="toprightL" to="-gneE37" begin="154" end="154" number="1"/>
<flow id="car158" type="carType2" from="bottomleftU" to="gneE51" begin="155" end="155" number="1"/>
<flow id="car159" type="carType0" from="gneE44" to="toprightL" begin="156" end="156" number="1"/>
<flow id="car160" type="carType2" from="gneE49" to="-gneE29" begin="159" end="159" number="1"/>
<flow id="car161" type="carType2" from="topleftR" to="gneE34" begin="159" end="159" number="1"/>
<flow id="car162" type="carType1" from="-gneE43" to="bottomleftR" begin="160" end="160" number="1"/>
<flow id="car163" type="carType2" from="-gneE43" to="gneE51" begin="160" end="160" number="1"/>
<flow id="car164" type="carType0" from="gneE51" to="gneE51" begin="160" end="160" number="1"/>
<flow id="car165" type="carType1" from="-gneE8" to="-gneE34" begin="160" end="160" number="1"/>
<flow id="car166" type="carType1" from="-gneE28" to="bottomrightL" begin="162" end="162" number="1"/>
<flow id="car167" type="carType2" from="-gneE28" to="gneE8" begin="163" end="163" number="1"/>
<flow id="car168" type="carType0" from="toprightD" to="bottomrightU" begin="166" end="166" number="1"/>
<flow id="car169" type="carType0" from="-gneE8" to="-gneE21" begin="169" end="169" number="1"/>
<flow id="car170" type="carType2" from="-gneE27" to="toprightL" begin="171" end="171" number="1"/>
<flow id="car171" type="carType0" from="gneE27" to="gneE18" begin="173" end="173" number="1"/>
<flow id="car172" type="carType1" from="-gneE34" to="-gneE33" begin="174" end="174" number="1"/>
<flow id="car173" type="carType1" from="topleftR" to="gneE22" begin="174" end="174" number="1"/>
<flow id="car174" type="carType2" from="gneE34" to="gneE49" begin="174" end="174" number="1"/>
<flow id="car175" type="carType0" from="-gneE27" to="gneE34" begin="174" end="174" number="1"/>
<flow id="car176" type="carType0" from="bottomleftR" to="-gneE50" begin="177" end="177" number="1"/>
<flow id="car177" type="carType1" from="-gneE34" to="-gneE51" begin="178" end="178" number="1"/>
<flow id="car178" type="carType0" from="gneE9" to="-gneE7" begin="178" end="178" number="1"/>
<flow id="car179" type="carType2" from="-gneE7" to="-gneE28" begin="180" end="180" number="1"/>
<flow id="car180" type="carType0" from="bottomrightU" to="-gneE50" begin="180" end="180" number="1"/>
<flow id="car181" type="carType0" from="-gneE51" to="toprightD" begin="180" end="180" number="1"/>
<flow id="car182" type="carType0" from="gneE49" to="-gneE44" begin="180" end="180" number="1"/>
<flow id="car183" type="carType0" from="-gneE34" to="gneE37" begin="183" end="183" number="1"/>
<flow id="car184" type="carType0" from="-gneE27" to="-gneE42" begin="185" end="185" number="1"/>
<flow id="car185" type="carType2" from="-gneE45" to="gneE35" begin="185" end="185" number="1"/>
<flow id="car186" type="carType0" from="-gneE49" to="gneE45" begin="187" end="187" number="1"/>
<flow id="car187" type="carType0" from="gneE45" to="-gneE28" begin="188" end="188" number="1"/>
<flow id="car188" type="carType2" from="-gneE49" to="gneE21" begin="188" end="188" number="1"/>
<flow id="car189" type="carType2" from="gneE50" to="gneE44" begin="188" end="188" number="1"/>
<flow id="car190" type="carType2" from="gneE18" to="-gneE42" begin="189" end="189" number="1"/>
<flow id="car191" type="carType1" from="gneE50" to="topleftR" begin="190" end="190" number="1"/>
<flow id="car192" type="carType0" from="-gneE8" to="topleftD" begin="190" end="190" number="1"/>
<flow id="car193" type="carType1" from="-gneE29" to="topleftD" begin="191" end="191" number="1"/>
<flow id="car194" type="carType1" from="gneE29" to="gneE22" begin="194" end="194" number="1"/>
<flow id="car195" type="carType2" from="gneE37" to="-gneE18" begin="196" end="196" number="1"/>
<flow id="car196" type="carType1" from="-gneE18" to="gneE44" begin="197" end="197" number="1"/>
<flow id="car197" type="carType1" from="gneE28" to="-gneE29" begin="197" end="197" number="1"/>
<flow id="car198" type="carType1" from="gneE42" to="-gneE18" begin="197" end="197" number="1"/>
<flow id="car199" type="carType0" from="gneE35" to="toprightL" begin="199" end="199" number="1"/>
</routes>
