<routes>
<vType id="carType0" length="8" maxSpeed="43.15" accel="2.54" decel="4.34" speedDev="0.2" sigma="0.16"/>
<vType id="carType1" length="9" maxSpeed="44.2" accel="2.24" decel="4.7" speedDev="0.2" sigma="0.25"/>
<vType id="carType2" length="6" maxSpeed="50.63" accel="2.77" decel="5.79" speedDev="0.2" sigma="0.19"/>
<flow id="car0" type="carType2" from="gneE43" to="-gneE44" begin="1" end="1" number="1"/>
<flow id="car1" type="carType2" from="gneE30" to="-gneE50" begin="1" end="1" number="1"/>
<flow id="car2" type="carType0" from="gneE18" to="-gneE48" begin="2" end="2" number="1"/>
<flow id="car3" type="carType1" from="gneE48" to="-gneE8" begin="2" end="2" number="1"/>
<flow id="car4" type="carType0" from="gneE37" to="-gneE28" begin="2" end="2" number="1"/>
<flow id="car5" type="carType1" from="gneE50" to="-gneE28" begin="5" end="5" number="1"/>
<flow id="car6" type="carType0" from="-gneE37" to="-gneE49" begin="6" end="6" number="1"/>
<flow id="car7" type="carType2" from="gneE43" to="-gneE33" begin="6" end="6" number="1"/>
<flow id="car8" type="carType0" from="-gneE33" to="toprightL" begin="7" end="7" number="1"/>
<flow id="car9" type="carType1" from="gneE9" to="gneE49" begin="8" end="8" number="1"/>
<flow id="car10" type="carType2" from="bottomleftR" to="-gneE18" begin="11" end="11" number="1"/>
<flow id="car11" type="carType1" from="gneE29" to="-gneE27" begin="12" end="12" number="1"/>
<flow id="car12" type="carType1" from="-gneE48" to="bottomrightL" begin="13" end="13" number="1"/>
<flow id="car13" type="carType2" from="gneE8" to="-gneE28" begin="14" end="14" number="1"/>
<flow id="car14" type="carType2" from="gneE45" to="gneE49" begin="14" end="14" number="1"/>
<flow id="car15" type="carType1" from="-gneE28" to="gneE28" begin="16" end="16" number="1"/>
<flow id="car16" type="carType1" from="-gneE33" to="-gneE48" begin="19" end="19" number="1"/>
<flow id="car17" type="carType1" from="-gneE28" to="gneE49" begin="19" end="19" number="1"/>
<flow id="car18" type="carType0" from="gneE42" to="gneE37" begin="20" end="20" number="1"/>
<flow id="car19" type="carType2" from="gneE30" to="-gneE37" begin="20" end="20" number="1"/>
<flow id="car20" type="carType1" from="gneE8" to="gneE51" begin="22" end="22" number="1"/>
<flow id="car21" type="carType0" from="-gneE51" to="gneE18" begin="23" end="23" number="1"/>
<flow id="car22" type="carType1" from="gneE37" to="bottomleftU" begin="23" end="23" number="1"/>
<flow id="car23" type="carType0" from="-gneE29" to="gneE48" begin="24" end="24" number="1"/>
<flow id="car24" type="carType2" from="-gneE21" to="toprightL" begin="25" end="25" number="1"/>
<flow id="car25" type="carType0" from="gneE46" to="gneE50" begin="26" end="26" number="1"/>
<flow id="car26" type="carType2" from="-gneE43" to="topleftD" begin="26" end="26" number="1"/>
<flow id="car27" type="carType2" from="gneE44" to="-gneE43" begin="27" end="27" number="1"/>
<flow id="car28" type="carType0" from="-gneE48" to="bottomleftU" begin="27" end="27" number="1"/>
<flow id="car29" type="carType1" from="gneE9" to="-gneE7" begin="28" end="28" number="1"/>
<flow id="car30" type="carType2" from="-gneE28" to="bottomrightU" begin="30" end="30" number="1"/>
<flow id="car31" type="carType1" from="-gneE27" to="gneE30" begin="30" end="30" number="1"/>
<flow id="car32" type="carType0" from="gneE43" to="gneE27" begin="30" end="30" number="1"/>
<flow id="car33" type="carType0" from="gneE34" to="gneE37" begin="30" end="30" number="1"/>
<flow id="car34" type="carType1" from="toprightD" to="gneE18" begin="32" end="32" number="1"/>
<flow id="car35" type="carType1" from="-gneE37" to="gneE27" begin="33" end="33" number="1"/>
<flow id="car36" type="carType1" from="-gneE27" to="toprightD" begin="33" end="33" number="1"/>
<flow id="car37" type="carType2" from="-gneE43" to="-gneE50" begin="35" end="35" number="1"/>
<flow id="car38" type="carType2" from="gneE49" to="topleftD" begin="37" end="37" number="1"/>
<flow id="car39" type="carType1" from="-gneE18" to="-gneE45" begin="37" end="37" number="1"/>
<flow id="car40" type="carType2" from="-gneE29" to="gneE46" begin="39" end="39" number="1"/>
<flow id="car41" type="carType2" from="gneE37" to="-gneE18" begin="39" end="39" number="1"/>
<flow id="car42" type="carType1" from="-gneE13" to="-gneE44" begin="39" end="39" number="1"/>
<flow id="car43" type="carType0" from="-gneE27" to="gneE42" begin="41" end="41" number="1"/>
<flow id="car44" type="carType2" from="gneE37" to="gneE45" begin="41" end="41" number="1"/>
<flow id="car45" type="carType2" from="gneE8" to="bottomleftR" begin="44" end="44" number="1"/>
<flow id="car46" type="carType1" from="gneE8" to="-gneE44" begin="44" end="44" number="1"/>
<flow id="car47" type="carType2" from="-gneE51" to="-gneE34" begin="45" end="45" number="1"/>
<flow id="car48" type="carType2" from="-gneE7" to="gneE35" begin="46" end="46" number="1"/>
<flow id="car49" type="carType2" from="gneE30" to="gneE18" begin="47" end="47" number="1"/>
<flow id="car50" type="carType2" from="gneE34" to="-gneE29" begin="48" end="48" number="1"/>
<flow id="car51" type="carType2" from="-gneE7" to="-gneE18" begin="49" end="49" number="1"/>
<flow id="car52" type="carType2" from="gneE27" to="-gneE18" begin="49" end="49" number="1"/>
<flow id="car53" type="carType0" from="-gneE21" to="gneE18" begin="50" end="50" number="1"/>
<flow id="car54" type="carType2" from="gneE30" to="-gneE18" begin="51" end="51" number="1"/>
<flow id="car55" type="carType0" from="gneE37" to="gneE48" begin="52" end="52" number="1"/>
<flow id="car56" type="carType0" from="gneE34" to="bottomleftR" begin="54" end="54" number="1"/>
<flow id="car57" type="carType2" from="bottomleftR" to="-gneE50" begin="54" end="54" number="1"/>
<flow id="car58" type="carType0" from="-gneE21" to="-gneE7" begin="54" end="54" number="1"/>
<flow id="car59" type="carType1" from="gneE42" to="gneE22" begin="55" end="55" number="1"/>
<flow id="car60" type="carType2" from="gneE8" to="gneE45" begin="58" end="58" number="1"/>
<flow id="car61" type="carType1" from="gneE29" to="gneE48" begin="60" end="60" number="1"/>
<flow id="car62" type="carType0" from="-gneE48" to="gneE46" begin="62" end="62" number="1"/>
<flow id="car63" type="carType0" from="gneE22" to="-gneE45" begin="63" end="63" number="1"/>
<flow id="car64" type="carType2" from="gneE22" to="-gneE34" begin="66" end="66" number="1"/>
<flow id="car65" type="carType2" from="-gneE37" to="gneE37" begin="66" end="66" number="1"/>
<flow id="car66" type="carType1" from="gneE45" to="gneE8" begin="66" end="66" number="1"/>
<flow id="car67" type="carType1" from="-gneE7" to="-gneE18" begin="70" end="70" number="1"/>
<flow id="car68" type="carType0" from="bottomrightU" to="-gneE27" begin="71" end="71" number="1"/>
<flow id="car69" type="carType0" from="-gneE29" to="-gneE42" begin="71" end="71" number="1"/>
<flow id="car70" type="carType2" from="bottomrightU" to="gneE49" begin="72" end="72" number="1"/>
<flow id="car71" type="carType1" from="gneE48" to="-gneE21" begin="73" end="73" number="1"/>
<flow id="car72" type="carType0" from="gneE30" to="-gneE43" begin="73" end="73" number="1"/>
<flow id="car73" type="carType1" from="-gneE21" to="bottomleftU" begin="73" end="73" number="1"/>
<flow id="car74" type="carType2" from="gneE44" to="-gneE29" begin="73" end="73" number="1"/>
<flow id="car75" type="carType0" from="-gneE48" to="-gneE29" begin="76" end="76" number="1"/>
<flow id="car76" type="carType1" from="topleftR" to="gneE51" begin="76" end="76" number="1"/>
<flow id="car77" type="carType0" from="-gneE21" to="gneE21" begin="77" end="77" number="1"/>
<flow id="car78" type="carType1" from="gneE46" to="gneE50" begin="78" end="78" number="1"/>
<flow id="car79" type="carType1" from="gneE43" to="gneE29" begin="79" end="79" number="1"/>
<flow id="car80" type="carType0" from="-gneE13" to="bottomleftR" begin="80" end="80" number="1"/>
<flow id="car81" type="carType0" from="gneE8" to="gneE28" begin="81" end="81" number="1"/>
<flow id="car82" type="carType0" from="gneE27" to="bottomrightU" begin="84" end="84" number="1"/>
<flow id="car83" type="carType0" from="gneE8" to="-gneE27" begin="85" end="85" number="1"/>
<flow id="car84" type="carType1" from="bottomrightL" to="gneE51" begin="85" end="85" number="1"/>
<flow id="car85" type="carType0" from="-gneE13" to="gneE28" begin="86" end="86" number="1"/>
<flow id="car86" type="carType1" from="gneE34" to="gneE27" begin="86" end="86" number="1"/>
<flow id="car87" type="carType0" from="gneE51" to="-gneE45" begin="88" end="88" number="1"/>
<flow id="car88" type="carType1" from="-gneE29" to="-gneE13" begin="89" end="89" number="1"/>
<flow id="car89" type="carType2" from="gneE45" to="gneE35" begin="89" end="89" number="1"/>
<flow id="car90" type="carType2" from="topleftD" to="gneE27" begin="90" end="90" number="1"/>
<flow id="car91" type="carType2" from="-gneE33" to="-gneE21" begin="90" end="90" number="1"/>
<flow id="car92" type="carType2" from="-gneE42" to="bottomrightU" begin="92" end="92" number="1"/>
<flow id="car93" type="carType2" from="toprightL" to="-gneE44" begin="92" end="92" number="1"/>
<flow id="car94" type="carType0" from="-gneE44" to="gneE9" begin="93" end="93" number="1"/>
<flow id="car95" type="carType1" from="gneE37" to="-gneE43" begin="93" end="93" number="1"/>
<flow id="car96" type="carType0" from="gneE49" to="gneE30" begin="93" end="93" number="1"/>
<flow id="car97" type="carType2" from="-gneE28" to="gneE34" begin="94" end="94" number="1"/>
<flow id="car98" type="carType2" from="gneE8" to="-gneE50" begin="94" end="94" number="1"/>
<flow id="car99" type="carType0" from="-gneE37" to="-gneE28" begin="94" end="94" number="1"/>
<flow id="car100" type="carType2" from="gneE9" to="gneE34" begin="95" end="95" number="1"/>
<flow id="car101" type="carType2" from="-gneE13" to="-gneE43" begin="96" end="96" number="1"/>
<flow id="car102" type="carType0" from="gneE44" to="gneE48" begin="96" end="96" number="1"/>
<flow id="car103" type="carType0" from="bottomrightU" to="gneE45" begin="96" end="96" number="1"/>
<flow id="car104" type="carType2" from="-gneE34" to="-gneE7" begin="98" end="98" number="1"/>
<flow id="car105" type="carType0" from="-gneE27" to="gneE29" begin="99" end="99" number="1"/>
<flow id="car106" type="carType0" from="-gneE48" to="bottomleftR" begin="100" end="100" number="1"/>
<flow id="car107" type="carType0" from="gneE29" to="topleftD" begin="100" end="100" number="1"/>
<flow id="car108" type="carType2" from="-gneE7" to="bottomleftR" begin="101" end="101" number="1"/>
<flow id="car109" type="carType0" from="gneE46" to="-gneE42" begin="103" end="103" number="1"/>
<flow id="car110" type="carType2" from="-gneE34" to="-gneE48" begin="103" end="103" number="1"/>
<flow id="car111" type="carType1" from="gneE30" to="gneE21" begin="105" end="105" number="1"/>
<flow id="car112" type="carType1" from="gneE48" to="-gneE21" begin="106" end="106" number="1"/>
<flow id="car113" type="carType2" from="-gneE49" to="bottomrightU" begin="107" end="107" number="1"/>
<flow id="car114" type="carType1" from="-gneE27" to="-gneE27" begin="107" end="107" number="1"/>
<flow id="car115" type="carType1" from="gneE27" to="-gneE43" begin="107" end="107" number="1"/>
<flow id="car116" type="carType1" from="-gneE28" to="gneE43" begin="108" end="108" number="1"/>
<flow id="car117" type="carType0" from="-gneE49" to="gneE45" begin="112" end="112" number="1"/>
<flow id="car118" type="carType2" from="gneE35" to="-gneE49" begin="113" end="113" number="1"/>
<flow id="car119" type="carType2" from="-gneE34" to="bottomleftU" begin="114" end="114" number="1"/>
<flow id="car120" type="carType2" from="bottomrightL" to="gneE42" begin="114" end="114" number="1"/>
<flow id="car121" type="carType2" from="bottomleftR" to="gneE49" begin="115" end="115" number="1"/>
<flow id="car122" type="carType0" from="gneE34" to="-gneE37" begin="119" end="119" number="1"/>
<flow id="car123" type="carType1" from="gneE22" to="-gneE21" begin="121" end="121" number="1"/>
<flow id="car124" type="carType1" from="-gneE21" to="gneE45" begin="124" end="124" number="1"/>
<flow id="car125" type="carType2" from="gneE37" to="-gneE37" begin="124" end="124" number="1"/>
<flow id="car126" type="carType0" from="gneE34" to="-gneE8" begin="125" end="125" number="1"/>
<flow id="car127" type="carType2" from="gneE8" to="topleftR" begin="126" end="126" number="1"/>
<flow id="car128" type="carType1" from="gneE50" to="gneE35" begin="126" end="126" number="1"/>
<flow id="car129" type="carType0" from="gneE28" to="gneE45" begin="127" end="127" number="1"/>
<flow id="car130" type="carType1" from="-gneE43" to="gneE45" begin="127" end="127" number="1"/>
<flow id="car131" type="carType2" from="gneE30" to="gneE49" begin="127" end="127" number="1"/>
<flow id="car132" type="carType0" from="-gneE8" to="gneE22" begin="128" end="128" number="1"/>
<flow id="car133" type="carType1" from="topleftD" to="-gneE48" begin="129" end="129" number="1"/>
<flow id="car134" type="carType1" from="gneE44" to="bottomrightL" begin="130" end="130" number="1"/>
<flow id="car135" type="carType2" from="topleftD" to="gneE35" begin="130" end="130" number="1"/>
<flow id="car136" type="carType0" from="-gneE27" to="gneE49" begin="131" end="131" number="1"/>
<flow id="car137" type="carType0" from="gneE35" to="gneE29" begin="131" end="131" number="1"/>
<flow id="car138" type="carType0" from="gneE37" to="gneE50" begin="131" end="131" number="1"/>
<flow id="car139" type="carType0" from="gneE29" to="-gneE37" begin="133" end="133" number="1"/>
<flow id="car140" type="carType0" from="topleftR" to="-gneE29" begin="136" end="136" number="1"/>
<flow id="car141" type="carType1" from="gneE9" to="topleftR" begin="137" end="137" number="1"/>
<flow id="car142" type="carType2" from="bottomrightL" to="gneE22" begin="140" end="140" number="1"/>
<flow id="car143" type="carType0" from="toprightD" to="bottomrightL" begin="140" end="140" number="1"/>
<flow id="car144" type="carType2" from="bottomleftU" to="toprightL" begin="140" end="140" number="1"/>
<flow id="car145" type="carType2" from="gneE30" to="-gneE44" begin="142" end="142" number="1"/>
<flow id="car146" type="carType0" from="gneE44" to="gneE21" begin="143" end="143" number="1"/>
<flow id="car147" type="carType1" from="gneE50" to="-gneE42" begin="145" end="145" number="1"/>
<flow id="car148" type="carType0" from="gneE37" to="gneE49" begin="145" end="145" number="1"/>
<flow id="car149" type="carType2" from="-gneE27" to="-gneE45" begin="147" end="147" number="1"/>
<flow id="car150" type="carType2" from="-gneE21" to="gneE44" begin="149" end="149" number="1"/>
<flow id="car151" type="carType0" from="bottomleftR" to="toprightL" begin="149" end="149" number="1"/>
<flow id="car152" type="carType1" from="gneE49" to="-gneE33" begin="150" end="150" number="1"/>
<flow id="car153" type="carType1" from="gneE37" to="-gneE42" begin="151" end="151" number="1"/>
<flow id="car154" type="carType2" from="bottomrightU" to="-gneE34" begin="152" end="152" number="1"/>
<flow id="car155" type="carType2" from="-gneE43" to="-gneE33" begin="153" end="153" number="1"/>
<flow id="car156" type="carType1" from="-gneE45" to="bottomleftR" begin="154" end="154" number="1"/>
<flow id="car157" type="carType2" from="-gneE50" to="-gneE51" begin="155" end="155" number="1"/>
<flow id="car158" type="carType1" from="gneE48" to="gneE45" begin="158" end="158" number="1"/>
<flow id="car159" type="carType2" from="-gneE42" to="bottomleftR" begin="159" end="159" number="1"/>
<flow id="car160" type="carType0" from="gneE27" to="bottomleftR" begin="159" end="159" number="1"/>
<flow id="car161" type="carType1" from="-gneE29" to="-gneE18" begin="160" end="160" number="1"/>
<flow id="car162" type="carType2" from="-gneE50" to="bottomrightL" begin="161" end="161" number="1"/>
<flow id="car163" type="carType0" from="bottomrightL" to="bottomrightL" begin="162" end="162" number="1"/>
<flow id="car164" type="carType0" from="gneE8" to="gneE46" begin="162" end="162" number="1"/>
<flow id="car165" type="carType0" from="-gneE48" to="-gneE49" begin="163" end="163" number="1"/>
<flow id="car166" type="carType1" from="-gneE44" to="toprightL" begin="167" end="167" number="1"/>
<flow id="car167" type="carType0" from="-gneE42" to="-gneE27" begin="170" end="170" number="1"/>
<flow id="car168" type="carType1" from="topleftR" to="gneE27" begin="170" end="170" number="1"/>
<flow id="car169" type="carType0" from="gneE35" to="gneE35" begin="171" end="171" number="1"/>
<flow id="car170" type="carType1" from="gneE34" to="-gneE48" begin="173" end="173" number="1"/>
<flow id="car171" type="carType2" from="-gneE44" to="-gneE21" begin="173" end="173" number="1"/>
<flow id="car172" type="carType1" from="gneE50" to="gneE27" begin="173" end="173" number="1"/>
<flow id="car173" type="carType2" from="-gneE8" to="topleftD" begin="174" end="174" number="1"/>
<flow id="car174" type="carType2" from="toprightL" to="-gneE34" begin="175" end="175" number="1"/>
<flow id="car175" type="carType0" from="-gneE13" to="-gneE7" begin="175" end="175" number="1"/>
<flow id="car176" type="carType0" from="toprightL" to="gneE29" begin="176" end="176" number="1"/>
<flow id="car177" type="carType1" from="bottomrightU" to="toprightD" begin="177" end="177" number="1"/>
<flow id="car178" type="carType2" from="-gneE37" to="-gneE28" begin="178" end="178" number="1"/>
<flow id="car179" type="carType2" from="-gneE44" to="-gneE48" begin="179" end="179" number="1"/>
<flow id="car180" type="carType0" from="-gneE49" to="gneE34" begin="179" end="179" number="1"/>
<flow id="car181" type="carType1" from="-gneE45" to="gneE45" begin="179" end="179" number="1"/>
<flow id="car182" type="carType2" from="-gneE33" to="bottomleftR" begin="180" end="180" number="1"/>
<flow id="car183" type="carType2" from="-gneE18" to="-gneE8" begin="180" end="180" number="1"/>
<flow id="car184" type="carType2" from="-gneE49" to="gneE44" begin="183" end="183" number="1"/>
<flow id="car185" type="carType2" from="-gneE44" to="gneE30" begin="190" end="190" number="1"/>
<flow id="car186" type="carType2" from="-gneE48" to="gneE9" begin="190" end="190" number="1"/>
<flow id="car187" type="carType2" from="-gneE34" to="-gneE43" begin="191" end="191" number="1"/>
<flow id="car188" type="carType0" from="-gneE50" to="-gneE18" begin="191" end="191" number="1"/>
<flow id="car189" type="carType2" from="-gneE34" to="-gneE29" begin="191" end="191" number="1"/>
<flow id="car190" type="carType1" from="gneE29" to="-gneE51" begin="192" end="192" number="1"/>
<flow id="car191" type="carType2" from="-gneE21" to="gneE49" begin="193" end="193" number="1"/>
<flow id="car192" type="carType0" from="gneE29" to="toprightD" begin="194" end="194" number="1"/>
<flow id="car193" type="carType1" from="gneE46" to="gneE43" begin="194" end="194" number="1"/>
<flow id="car194" type="carType2" from="gneE51" to="-gneE45" begin="194" end="194" number="1"/>
<flow id="car195" type="carType1" from="gneE27" to="topleftR" begin="195" end="195" number="1"/>
<flow id="car196" type="carType1" from="-gneE42" to="-gneE37" begin="196" end="196" number="1"/>
<flow id="car197" type="carType0" from="bottomleftU" to="gneE34" begin="196" end="196" number="1"/>
<flow id="car198" type="carType1" from="-gneE37" to="gneE22" begin="197" end="197" number="1"/>
<flow id="car199" type="carType0" from="-gneE7" to="-gneE13" begin="199" end="199" number="1"/>
</routes>
