<routes>
<vType id="carType0" length="4" maxSpeed="44.05" accel="2.6" decel="4.14" speedDev="0.2" sigma="0.12"/>
<vType id="carType1" length="9" maxSpeed="46.08" accel="2.67" decel="4.72" speedDev="0.2" sigma="0.1"/>
<vType id="carType2" length="8" maxSpeed="41.18" accel="2.95" decel="4.94" speedDev="0.2" sigma="0.25"/>
<flow id="car0" type="carType1" from="toprightL" to="gneE43" begin="0" end="0" number="1"/>
<flow id="car1" type="carType1" from="-gneE29" to="gneE34" begin="0" end="0" number="1"/>
<flow id="car2" type="carType2" from="-gneE48" to="-gneE49" begin="1" end="1" number="1"/>
<flow id="car3" type="carType0" from="-gneE45" to="-gneE13" begin="1" end="1" number="1"/>
<flow id="car4" type="carType2" from="-gneE7" to="gneE43" begin="2" end="2" number="1"/>
<flow id="car5" type="carType1" from="gneE35" to="-gneE8" begin="4" end="4" number="1"/>
<flow id="car6" type="carType0" from="gneE18" to="topleftD" begin="5" end="5" number="1"/>
<flow id="car7" type="carType0" from="-gneE27" to="-gneE29" begin="5" end="5" number="1"/>
<flow id="car8" type="carType2" from="bottomleftU" to="bottomleftU" begin="6" end="6" number="1"/>
<flow id="car9" type="carType2" from="gneE51" to="gneE42" begin="7" end="7" number="1"/>
<flow id="car10" type="carType1" from="gneE45" to="-gneE45" begin="8" end="8" number="1"/>
<flow id="car11" type="carType0" from="gneE8" to="gneE43" begin="8" end="8" number="1"/>
<flow id="car12" type="carType0" from="gneE45" to="-gneE8" begin="9" end="9" number="1"/>
<flow id="car13" type="carType0" from="-gneE34" to="-gneE44" begin="10" end="10" number="1"/>
<flow id="car14" type="carType1" from="-gneE28" to="-gneE8" begin="12" end="12" number="1"/>
<flow id="car15" type="carType1" from="-gneE13" to="gneE43" begin="12" end="12" number="1"/>
<flow id="car16" type="carType2" from="-gneE18" to="bottomrightU" begin="12" end="12" number="1"/>
<flow id="car17" type="carType2" from="gneE46" to="toprightL" begin="13" end="13" number="1"/>
<flow id="car18" type="carType0" from="-gneE13" to="gneE34" begin="13" end="13" number="1"/>
<flow id="car19" type="carType1" from="gneE44" to="gneE29" begin="14" end="14" number="1"/>
<flow id="car20" type="carType2" from="-gneE48" to="-gneE49" begin="15" end="15" number="1"/>
<flow id="car21" type="carType1" from="-gneE49" to="gneE9" begin="15" end="15" number="1"/>
<flow id="car22" type="carType0" from="-gneE42" to="topleftD" begin="15" end="15" number="1"/>
<flow id="car23" type="carType0" from="-gneE21" to="gneE35" begin="16" end="16" number="1"/>
<flow id="car24" type="carType1" from="gneE35" to="-gneE21" begin="18" end="18" number="1"/>
<flow id="car25" type="carType1" from="gneE22" to="gneE43" begin="18" end="18" number="1"/>
<flow id="car26" type="carType1" from="gneE49" to="toprightL" begin="18" end="18" number="1"/>
<flow id="car27" type="carType1" from="-gneE50" to="topleftD" begin="21" end="21" number="1"/>
<flow id="car28" type="carType1" from="gneE27" to="toprightL" begin="23" end="23" number="1"/>
<flow id="car29" type="carType0" from="-gneE33" to="gneE30" begin="24" end="24" number="1"/>
<flow id="car30" type="carType0" from="-gneE33" to="-gneE27" begin="24" end="24" number="1"/>
<flow id="car31" type="carType1" from="gneE30" to="-gneE13" begin="25" end="25" number="1"/>
<flow id="car32" type="carType0" from="gneE46" to="bottomleftR" begin="25" end="25" number="1"/>
<flow id="car33" type="carType1" from="gneE34" to="topleftR" begin="28" end="28" number="1"/>
<flow id="car34" type="carType0" from="-gneE43" to="gneE8" begin="30" end="30" number="1"/>
<flow id="car35" type="carType1" from="-gneE37" to="-gneE51" begin="30" end="30" number="1"/>
<flow id="car36" type="carType1" from="gneE30" to="bottomrightU" begin="32" end="32" number="1"/>
<flow id="car37" type="carType2" from="-gneE48" to="-gneE37" begin="32" end="32" number="1"/>
<flow id="car38" type="carType2" from="gneE9" to="-gneE43" begin="33" end="33" number="1"/>
<flow id="car39" type="carType2" from="-gneE45" to="bottomrightL" begin="34" end="34" number="1"/>
<flow id="car40" type="carType1" from="gneE43" to="-gneE7" begin="34" end="34" number="1"/>
<flow id="car41" type="carType2" from="-gneE13" to="bottomleftU" begin="35" end="35" number="1"/>
<flow id="car42" type="carType0" from="-gneE48" to="gneE29" begin="37" end="37" number="1"/>
<flow id="car43" type="carType1" from="gneE37" to="gneE43" begin="37" end="37" number="1"/>
<flow id="car44" type="carType0" from="gneE18" to="-gneE7" begin="37" end="37" number="1"/>
<flow id="car45" type="carType2" from="-gneE42" to="-gneE8" begin="40" end="40" number="1"/>
<flow id="car46" type="carType2" from="toprightD" to="gneE37" begin="41" end="41" number="1"/>
<flow id="car47" type="carType1" from="gneE42" to="gneE37" begin="41" end="41" number="1"/>
<flow id="car48" type="carType0" from="gneE51" to="bottomleftU" begin="41" end="41" number="1"/>
<flow id="car49" type="carType0" from="topleftR" to="-gneE29" begin="42" end="42" number="1"/>
<flow id="car50" type="carType1" from="gneE34" to="-gneE44" begin="42" end="42" number="1"/>
<flow id="car51" type="carType2" from="-gneE34" to="gneE49" begin="43" end="43" number="1"/>
<flow id="car52" type="carType0" from="-gneE37" to="-gneE50" begin="44" end="44" number="1"/>
<flow id="car53" type="carType0" from="gneE35" to="toprightD" begin="44" end="44" number="1"/>
<flow id="car54" type="carType2" from="-gneE48" to="gneE30" begin="44" end="44" number="1"/>
<flow id="car55" type="carType2" from="-gneE44" to="gneE46" begin="46" end="46" number="1"/>
<flow id="car56" type="carType2" from="bottomleftR" to="-gneE27" begin="48" end="48" number="1"/>
<flow id="car57" type="carType1" from="bottomrightL" to="gneE42" begin="49" end="49" number="1"/>
<flow id="car58" type="carType1" from="gneE44" to="-gneE13" begin="51" end="51" number="1"/>
<flow id="car59" type="carType2" from="bottomleftU" to="gneE9" begin="52" end="52" number="1"/>
<flow id="car60" type="carType0" from="bottomleftR" to="gneE42" begin="52" end="52" number="1"/>
<flow id="car61" type="carType1" from="gneE29" to="-gneE44" begin="52" end="52" number="1"/>
<flow id="car62" type="carType1" from="-gneE7" to="topleftD" begin="55" end="55" number="1"/>
<flow id="car63" type="carType2" from="-gneE43" to="toprightD" begin="57" end="57" number="1"/>
<flow id="car64" type="carType2" from="gneE44" to="bottomleftU" begin="59" end="59" number="1"/>
<flow id="car65" type="carType0" from="topleftR" to="topleftD" begin="59" end="59" number="1"/>
<flow id="car66" type="carType1" from="gneE43" to="gneE21" begin="59" end="59" number="1"/>
<flow id="car67" type="carType1" from="gneE8" to="gneE43" begin="63" end="63" number="1"/>
<flow id="car68" type="carType2" from="-gneE7" to="-gneE28" begin="65" end="65" number="1"/>
<flow id="car69" type="carType0" from="-gneE18" to="-gneE49" begin="65" end="65" number="1"/>
<flow id="car70" type="carType1" from="-gneE34" to="-gneE34" begin="66" end="66" number="1"/>
<flow id="car71" type="carType1" from="gneE9" to="gneE22" begin="67" end="67" number="1"/>
<flow id="car72" type="carType1" from="-gneE8" to="gneE37" begin="68" end="68" number="1"/>
<flow id="car73" type="carType2" from="gneE37" to="bottomrightL" begin="69" end="69" number="1"/>
<flow id="car74" type="carType2" from="-gneE8" to="-gneE44" begin="69" end="69" number="1"/>
<flow id="car75" type="carType1" from="-gneE34" to="-gneE44" begin="70" end="70" number="1"/>
<flow id="car76" type="carType0" from="-gneE18" to="bottomrightL" begin="70" end="70" number="1"/>
<flow id="car77" type="carType1" from="gneE28" to="toprightD" begin="70" end="70" number="1"/>
<flow id="car78" type="carType1" from="gneE43" to="-gneE49" begin="71" end="71" number="1"/>
<flow id="car79" type="carType1" from="bottomleftR" to="-gneE42" begin="71" end="71" number="1"/>
<flow id="car80" type="carType1" from="gneE37" to="-gneE28" begin="71" end="71" number="1"/>
<flow id="car81" type="carType2" from="bottomrightL" to="bottomleftR" begin="74" end="74" number="1"/>
<flow id="car82" type="carType1" from="gneE8" to="-gneE29" begin="75" end="75" number="1"/>
<flow id="car83" type="carType0" from="toprightD" to="-gneE33" begin="75" end="75" number="1"/>
<flow id="car84" type="carType0" from="topleftR" to="-gneE48" begin="76" end="76" number="1"/>
<flow id="car85" type="carType1" from="-gneE7" to="toprightL" begin="76" end="76" number="1"/>
<flow id="car86" type="carType2" from="-gneE27" to="-gneE13" begin="77" end="77" number="1"/>
<flow id="car87" type="carType2" from="-gneE51" to="-gneE29" begin="78" end="78" number="1"/>
<flow id="car88" type="carType1" from="bottomrightL" to="gneE50" begin="79" end="79" number="1"/>
<flow id="car89" type="carType1" from="-gneE34" to="-gneE42" begin="81" end="81" number="1"/>
<flow id="car90" type="carType0" from="gneE9" to="-gneE27" begin="82" end="82" number="1"/>
<flow id="car91" type="carType1" from="-gneE7" to="-gneE28" begin="82" end="82" number="1"/>
<flow id="car92" type="carType0" from="gneE48" to="gneE48" begin="83" end="83" number="1"/>
<flow id="car93" type="carType2" from="topleftD" to="gneE49" begin="83" end="83" number="1"/>
<flow id="car94" type="carType1" from="gneE49" to="gneE37" begin="84" end="84" number="1"/>
<flow id="car95" type="carType1" from="topleftD" to="gneE18" begin="84" end="84" number="1"/>
<flow id="car96" type="carType1" from="gneE34" to="gneE27" begin="85" end="85" number="1"/>
<flow id="car97" type="carType0" from="-gneE51" to="-gneE44" begin="86" end="86" number="1"/>
<flow id="car98" type="carType2" from="gneE28" to="gneE30" begin="87" end="87" number="1"/>
<flow id="car99" type="carType1" from="-gneE34" to="gneE49" begin="89" end="89" number="1"/>
<flow id="car100" type="carType0" from="gneE22" to="gneE29" begin="90" end="90" number="1"/>
<flow id="car101" type="carType1" from="gneE43" to="gneE37" begin="90" end="90" number="1"/>
<flow id="car102" type="carType1" from="-gneE29" to="-gneE8" begin="90" end="90" number="1"/>
<flow id="car103" type="carType0" from="gneE30" to="bottomleftU" begin="92" end="92" number="1"/>
<flow id="car104" type="carType0" from="bottomleftU" to="-gneE18" begin="93" end="93" number="1"/>
<flow id="car105" type="carType1" from="-gneE34" to="-gneE44" begin="95" end="95" number="1"/>
<flow id="car106" type="carType2" from="-gneE43" to="gneE9" begin="95" end="95" number="1"/>
<flow id="car107" type="carType2" from="-gneE50" to="bottomrightL" begin="97" end="97" number="1"/>
<flow id="car108" type="carType1" from="toprightL" to="gneE50" begin="98" end="98" number="1"/>
<flow id="car109" type="carType1" from="-gneE7" to="gneE28" begin="98" end="98" number="1"/>
<flow id="car110" type="carType1" from="gneE50" to="-gneE42" begin="99" end="99" number="1"/>
<flow id="car111" type="carType0" from="gneE50" to="gneE45" begin="100" end="100" number="1"/>
<flow id="car112" type="carType1" from="-gneE13" to="gneE49" begin="102" end="102" number="1"/>
<flow id="car113" type="carType2" from="-gneE45" to="gneE35" begin="104" end="104" number="1"/>
<flow id="car114" type="carType2" from="bottomleftU" to="toprightD" begin="104" end="104" number="1"/>
<flow id="car115" type="carType0" from="-gneE37" to="gneE28" begin="106" end="106" number="1"/>
<flow id="car116" type="carType0" from="gneE45" to="gneE42" begin="107" end="107" number="1"/>
<flow id="car117" type="carType2" from="gneE48" to="gneE48" begin="107" end="107" number="1"/>
<flow id="car118" type="carType2" from="gneE46" to="gneE8" begin="108" end="108" number="1"/>
<flow id="car119" type="carType1" from="-gneE29" to="topleftD" begin="108" end="108" number="1"/>
<flow id="car120" type="carType0" from="gneE49" to="gneE48" begin="108" end="108" number="1"/>
<flow id="car121" type="carType0" from="gneE42" to="-gneE33" begin="112" end="112" number="1"/>
<flow id="car122" type="carType2" from="-gneE7" to="bottomrightL" begin="114" end="114" number="1"/>
<flow id="car123" type="carType2" from="-gneE7" to="gneE50" begin="116" end="116" number="1"/>
<flow id="car124" type="carType0" from="gneE48" to="gneE46" begin="116" end="116" number="1"/>
<flow id="car125" type="carType2" from="gneE49" to="gneE22" begin="116" end="116" number="1"/>
<flow id="car126" type="carType2" from="-gneE51" to="-gneE7" begin="118" end="118" number="1"/>
<flow id="car127" type="carType1" from="-gneE29" to="gneE28" begin="119" end="119" number="1"/>
<flow id="car128" type="carType0" from="gneE29" to="gneE51" begin="121" end="121" number="1"/>
<flow id="car129" type="carType1" from="-gneE45" to="-gneE27" begin="126" end="126" number="1"/>
<flow id="car130" type="carType0" from="gneE43" to="gneE50" begin="129" end="129" number="1"/>
<flow id="car131" type="carType1" from="-gneE7" to="gneE50" begin="130" end="130" number="1"/>
<flow id="car132" type="carType0" from="topleftD" to="gneE29" begin="130" end="130" number="1"/>
<flow id="car133" type="carType2" from="bottomleftU" to="gneE37" begin="130" end="130" number="1"/>
<flow id="car134" type="carType0" from="gneE44" to="gneE21" begin="131" end="131" number="1"/>
<flow id="car135" type="carType2" from="gneE27" to="gneE43" begin="132" end="132" number="1"/>
<flow id="car136" type="carType0" from="gneE50" to="-gneE44" begin="132" end="132" number="1"/>
<flow id="car137" type="carType0" from="gneE45" to="-gneE29" begin="132" end="132" number="1"/>
<flow id="car138" type="carType1" from="-gneE50" to="-gneE7" begin="132" end="132" number="1"/>
<flow id="car139" type="carType2" from="-gneE29" to="gneE50" begin="134" end="134" number="1"/>
<flow id="car140" type="carType2" from="topleftR" to="gneE49" begin="134" end="134" number="1"/>
<flow id="car141" type="carType2" from="gneE8" to="gneE29" begin="135" end="135" number="1"/>
<flow id="car142" type="carType2" from="gneE30" to="-gneE27" begin="135" end="135" number="1"/>
<flow id="car143" type="carType0" from="gneE42" to="-gneE49" begin="137" end="137" number="1"/>
<flow id="car144" type="carType2" from="-gneE37" to="-gneE45" begin="137" end="137" number="1"/>
<flow id="car145" type="carType2" from="topleftD" to="gneE49" begin="138" end="138" number="1"/>
<flow id="car146" type="carType2" from="gneE50" to="gneE9" begin="139" end="139" number="1"/>
<flow id="car147" type="carType0" from="gneE9" to="-gneE45" begin="139" end="139" number="1"/>
<flow id="car148" type="carType1" from="-gneE8" to="-gneE50" begin="139" end="139" number="1"/>
<flow id="car149" type="carType2" from="gneE49" to="-gneE49" begin="141" end="141" number="1"/>
<flow id="car150" type="carType2" from="gneE37" to="topleftD" begin="142" end="142" number="1"/>
<flow id="car151" type="carType1" from="-gneE48" to="gneE8" begin="142" end="142" number="1"/>
<flow id="car152" type="carType0" from="toprightD" to="gneE9" begin="143" end="143" number="1"/>
<flow id="car153" type="carType2" from="gneE48" to="gneE48" begin="144" end="144" number="1"/>
<flow id="car154" type="carType0" from="gneE8" to="topleftD" begin="145" end="145" number="1"/>
<flow id="car155" type="carType1" from="-gneE45" to="bottomrightL" begin="146" end="146" number="1"/>
<flow id="car156" type="carType0" from="-gneE42" to="gneE50" begin="146" end="146" number="1"/>
<flow id="car157" type="carType0" from="-gneE28" to="-gneE48" begin="147" end="147" number="1"/>
<flow id="car158" type="carType0" from="gneE50" to="-gneE43" begin="151" end="151" number="1"/>
<flow id="car159" type="carType1" from="-gneE37" to="-gneE51" begin="154" end="154" number="1"/>
<flow id="car160" type="carType0" from="gneE46" to="-gneE33" begin="154" end="154" number="1"/>
<flow id="car161" type="carType0" from="gneE51" to="bottomleftR" begin="157" end="157" number="1"/>
<flow id="car162" type="carType1" from="toprightL" to="gneE45" begin="160" end="160" number="1"/>
<flow id="car163" type="carType2" from="-gneE45" to="gneE9" begin="160" end="160" number="1"/>
<flow id="car164" type="carType2" from="topleftR" to="gneE48" begin="161" end="161" number="1"/>
<flow id="car165" type="carType0" from="-gneE44" to="-gneE51" begin="163" end="163" number="1"/>
<flow id="car166" type="carType2" from="gneE48" to="-gneE51" begin="164" end="164" number="1"/>
<flow id="car167" type="carType2" from="-gneE51" to="-gneE34" begin="166" end="166" number="1"/>
<flow id="car168" type="carType0" from="gneE49" to="-gneE13" begin="167" end="167" number="1"/>
<flow id="car169" type="carType1" from="topleftR" to="-gneE34" begin="167" end="167" number="1"/>
<flow id="car170" type="carType2" from="gneE45" to="-gneE21" begin="169" end="169" number="1"/>
<flow id="car171" type="carType0" from="gneE29" to="gneE46" begin="169" end="169" number="1"/>
<flow id="car172" type="carType1" from="gneE22" to="-gneE42" begin="170" end="170" number="1"/>
<flow id="car173" type="carType0" from="-gneE48" to="topleftD" begin="170" end="170" number="1"/>
<flow id="car174" type="carType1" from="gneE8" to="-gneE33" begin="170" end="170" number="1"/>
<flow id="car175" type="carType1" from="-gneE18" to="-gneE48" begin="170" end="170" number="1"/>
<flow id="car176" type="carType0" from="-gneE33" to="-gneE27" begin="170" end="170" number="1"/>
<flow id="car177" type="carType0" from="gneE44" to="-gneE28" begin="172" end="172" number="1"/>
<flow id="car178" type="carType2" from="toprightD" to="gneE21" begin="172" end="172" number="1"/>
<flow id="car179" type="carType0" from="-gneE27" to="-gneE21" begin="173" end="173" number="1"/>
<flow id="car180" type="carType1" from="gneE29" to="-gneE50" begin="173" end="173" number="1"/>
<flow id="car181" type="carType2" from="gneE49" to="gneE49" begin="177" end="177" number="1"/>
<flow id="car182" type="carType1" from="gneE46" to="gneE43" begin="179" end="179" number="1"/>
<flow id="car183" type="carType1" from="-gneE42" to="toprightL" begin="179" end="179" number="1"/>
<flow id="car184" type="carType1" from="topleftD" to="-gneE37" begin="179" end="179" number="1"/>
<flow id="car185" type="carType1" from="toprightD" to="gneE51" begin="181" end="181" number="1"/>
<flow id="car186" type="carType1" from="gneE35" to="gneE34" begin="183" end="183" number="1"/>
<flow id="car187" type="carType1" from="topleftD" to="-gneE42" begin="184" end="184" number="1"/>
<flow id="car188" type="carType1" from="-gneE29" to="gneE22" begin="184" end="184" number="1"/>
<flow id="car189" type="carType2" from="-gneE34" to="-gneE29" begin="186" end="186" number="1"/>
<flow id="car190" type="carType0" from="gneE18" to="gneE21" begin="192" end="192" number="1"/>
<flow id="car191" type="carType2" from="-gneE48" to="gneE45" begin="194" end="194" number="1"/>
<flow id="car192" type="carType2" from="bottomrightL" to="gneE18" begin="195" end="195" number="1"/>
<flow id="car193" type="carType2" from="gneE48" to="-gneE44" begin="195" end="195" number="1"/>
<flow id="car194" type="carType1" from="-gneE29" to="gneE30" begin="195" end="195" number="1"/>
<flow id="car195" type="carType1" from="gneE18" to="-gneE43" begin="195" end="195" number="1"/>
<flow id="car196" type="carType1" from="gneE30" to="gneE46" begin="196" end="196" number="1"/>
<flow id="car197" type="carType2" from="gneE45" to="gneE9" begin="197" end="197" number="1"/>
<flow id="car198" type="carType0" from="gneE46" to="-gneE48" begin="199" end="199" number="1"/>
<flow id="car199" type="carType2" from="gneE48" to="gneE34" begin="199" end="199" number="1"/>
</routes>
