<routes>
<vType id="carType0" length="6" maxSpeed="53.79" accel="2.14" decel="5" speedDev="0.2" sigma="0.3"/>
<vType id="carType1" length="4" maxSpeed="54.05" accel="2.76" decel="4.52" speedDev="0.2" sigma="0.15"/>
<vType id="carType2" length="8" maxSpeed="56.53" accel="2.96" decel="4.67" speedDev="0.2" sigma="0.17"/>
<flow id="car0" type="carType1" from="-gneE28" to="bottomrightL" begin="0" end="0" number="1"/>
<flow id="car1" type="carType0" from="gneE44" to="gneE28" begin="2" end="2" number="1"/>
<flow id="car2" type="carType1" from="-gneE51" to="-gneE18" begin="5" end="5" number="1"/>
<flow id="car3" type="carType0" from="-gneE18" to="-gneE7" begin="5" end="5" number="1"/>
<flow id="car4" type="carType1" from="bottomrightU" to="gneE22" begin="7" end="7" number="1"/>
<flow id="car5" type="carType1" from="bottomrightL" to="gneE8" begin="9" end="9" number="1"/>
<flow id="car6" type="carType1" from="bottomrightU" to="-gneE27" begin="11" end="11" number="1"/>
<flow id="car7" type="carType2" from="gneE18" to="-gneE33" begin="11" end="11" number="1"/>
<flow id="car8" type="carType0" from="topleftD" to="bottomleftR" begin="12" end="12" number="1"/>
<flow id="car9" type="carType0" from="bottomleftR" to="gneE35" begin="14" end="14" number="1"/>
<flow id="car10" type="carType2" from="gneE30" to="gneE8" begin="14" end="14" number="1"/>
<flow id="car11" type="carType0" from="gneE35" to="gneE46" begin="14" end="14" number="1"/>
<flow id="car12" type="carType2" from="-gneE33" to="-gneE18" begin="16" end="16" number="1"/>
<flow id="car13" type="carType0" from="-gneE34" to="-gneE29" begin="16" end="16" number="1"/>
<flow id="car14" type="carType2" from="-gneE7" to="-gneE7" begin="18" end="18" number="1"/>
<flow id="car15" type="carType1" from="gneE9" to="-gneE49" begin="19" end="19" number="1"/>
<flow id="car16" type="carType0" from="topleftD" to="toprightL" begin="22" end="22" number="1"/>
<flow id="car17" type="carType2" from="-gneE37" to="-gneE13" begin="23" end="23" number="1"/>
<flow id="car18" type="carType0" from="gneE30" to="bottomleftR" begin="26" end="26" number="1"/>
<flow id="car19" type="carType2" from="gneE49" to="-gneE45" begin="26" end="26" number="1"/>
<flow id="car20" type="carType0" from="-gneE43" to="gneE22" begin="28" end="28" number="1"/>
<flow id="car21" type="carType2" from="-gneE37" to="-gneE34" begin="29" end="29" number="1"/>
<flow id="car22" type="carType0" from="-gneE50" to="gneE49" begin="29" end="29" number="1"/>
<flow id="car23" type="carType2" from="topleftR" to="toprightD" begin="30" end="30" number="1"/>
<flow id="car24" type="carType0" from="gneE34" to="-gneE34" begin="31" end="31" number="1"/>
<flow id="car25" type="carType1" from="-gneE18" to="gneE46" begin="31" end="31" number="1"/>
<flow id="car26" type="carType2" from="-gneE51" to="-gneE18" begin="32" end="32" number="1"/>
<flow id="car27" type="carType2" from="-gneE42" to="-gneE28" begin="33" end="33" number="1"/>
<flow id="car28" type="carType0" from="gneE50" to="topleftR" begin="33" end="33" number="1"/>
<flow id="car29" type="carType0" from="gneE21" to="-gneE28" begin="34" end="34" number="1"/>
<flow id="car30" type="carType2" from="gneE35" to="gneE44" begin="34" end="34" number="1"/>
<flow id="car31" type="carType1" from="topleftD" to="-gneE28" begin="35" end="35" number="1"/>
<flow id="car32" type="carType2" from="gneE18" to="-gneE51" begin="35" end="35" number="1"/>
<flow id="car33" type="carType2" from="-gneE13" to="-gneE29" begin="36" end="36" number="1"/>
<flow id="car34" type="carType1" from="gneE35" to="topleftR" begin="38" end="38" number="1"/>
<flow id="car35" type="carType1" from="-gneE51" to="gneE51" begin="39" end="39" number="1"/>
<flow id="car36" type="carType2" from="gneE50" to="gneE9" begin="40" end="40" number="1"/>
<flow id="car37" type="carType0" from="bottomleftU" to="bottomleftU" begin="41" end="41" number="1"/>
<flow id="car38" type="carType2" from="topleftR" to="-gneE48" begin="41" end="41" number="1"/>
<flow id="car39" type="carType1" from="-gneE50" to="-gneE13" begin="42" end="42" number="1"/>
<flow id="car40" type="carType0" from="-gneE51" to="gneE22" begin="43" end="43" number="1"/>
<flow id="car41" type="carType0" from="gneE35" to="-gneE44" begin="46" end="46" number="1"/>
<flow id="car42" type="carType0" from="gneE18" to="-gneE37" begin="46" end="46" number="1"/>
<flow id="car43" type="carType2" from="-gneE8" to="-gneE42" begin="47" end="47" number="1"/>
<flow id="car44" type="carType1" from="-gneE13" to="-gneE51" begin="47" end="47" number="1"/>
<flow id="car45" type="carType1" from="-gneE29" to="bottomrightL" begin="47" end="47" number="1"/>
<flow id="car46" type="carType0" from="gneE29" to="gneE29" begin="47" end="47" number="1"/>
<flow id="car47" type="carType1" from="-gneE37" to="gneE37" begin="47" end="47" number="1"/>
<flow id="car48" type="carType1" from="gneE27" to="-gneE42" begin="48" end="48" number="1"/>
<flow id="car49" type="carType0" from="gneE30" to="-gneE50" begin="49" end="49" number="1"/>
<flow id="car50" type="carType0" from="-gneE42" to="gneE18" begin="52" end="52" number="1"/>
<flow id="car51" type="carType0" from="gneE37" to="gneE8" begin="54" end="54" number="1"/>
<flow id="car52" type="carType0" from="-gneE18" to="-gneE28" begin="59" end="59" number="1"/>
<flow id="car53" type="carType1" from="gneE28" to="gneE29" begin="59" end="59" number="1"/>
<flow id="car54" type="carType2" from="gneE44" to="gneE43" begin="60" end="60" number="1"/>
<flow id="car55" type="carType2" from="-gneE51" to="-gneE27" begin="61" end="61" number="1"/>
<flow id="car56" type="carType0" from="bottomleftU" to="-gneE49" begin="62" end="62" number="1"/>
<flow id="car57" type="carType2" from="bottomleftU" to="-gneE50" begin="63" end="63" number="1"/>
<flow id="car58" type="carType2" from="gneE28" to="gneE27" begin="64" end="64" number="1"/>
<flow id="car59" type="carType1" from="bottomleftR" to="gneE22" begin="65" end="65" number="1"/>
<flow id="car60" type="carType2" from="-gneE42" to="gneE22" begin="65" end="65" number="1"/>
<flow id="car61" type="carType1" from="gneE9" to="gneE22" begin="66" end="66" number="1"/>
<flow id="car62" type="carType2" from="-gneE48" to="gneE51" begin="66" end="66" number="1"/>
<flow id="car63" type="carType2" from="gneE28" to="-gneE33" begin="66" end="66" number="1"/>
<flow id="car64" type="carType0" from="topleftD" to="gneE37" begin="67" end="67" number="1"/>
<flow id="car65" type="carType0" from="-gneE44" to="-gneE45" begin="68" end="68" number="1"/>
<flow id="car66" type="carType1" from="gneE29" to="-gneE8" begin="68" end="68" number="1"/>
<flow id="car67" type="carType2" from="-gneE21" to="gneE9" begin="69" end="69" number="1"/>
<flow id="car68" type="carType0" from="-gneE43" to="bottomleftR" begin="70" end="70" number="1"/>
<flow id="car69" type="carType1" from="gneE51" to="gneE51" begin="72" end="72" number="1"/>
<flow id="car70" type="carType2" from="gneE42" to="-gneE50" begin="75" end="75" number="1"/>
<flow id="car71" type="carType2" from="-gneE43" to="-gneE50" begin="75" end="75" number="1"/>
<flow id="car72" type="carType0" from="gneE28" to="toprightL" begin="75" end="75" number="1"/>
<flow id="car73" type="carType0" from="-gneE27" to="-gneE18" begin="75" end="75" number="1"/>
<flow id="car74" type="carType1" from="gneE43" to="-gneE27" begin="76" end="76" number="1"/>
<flow id="car75" type="carType0" from="gneE8" to="-gneE21" begin="76" end="76" number="1"/>
<flow id="car76" type="carType1" from="gneE45" to="-gneE7" begin="76" end="76" number="1"/>
<flow id="car77" type="carType2" from="bottomleftU" to="gneE30" begin="78" end="78" number="1"/>
<flow id="car78" type="carType1" from="gneE34" to="gneE45" begin="79" end="79" number="1"/>
<flow id="car79" type="carType1" from="bottomleftR" to="-gneE27" begin="79" end="79" number="1"/>
<flow id="car80" type="carType1" from="gneE21" to="-gneE43" begin="80" end="80" number="1"/>
<flow id="car81" type="carType0" from="gneE50" to="-gneE49" begin="80" end="80" number="1"/>
<flow id="car82" type="carType2" from="-gneE33" to="toprightD" begin="81" end="81" number="1"/>
<flow id="car83" type="carType1" from="-gneE7" to="-gneE33" begin="85" end="85" number="1"/>
<flow id="car84" type="carType2" from="gneE9" to="bottomleftR" begin="86" end="86" number="1"/>
<flow id="car85" type="carType0" from="gneE46" to="gneE30" begin="86" end="86" number="1"/>
<flow id="car86" type="carType1" from="-gneE33" to="gneE21" begin="90" end="90" number="1"/>
<flow id="car87" type="carType2" from="toprightD" to="-gneE42" begin="91" end="91" number="1"/>
<flow id="car88" type="carType0" from="toprightD" to="gneE44" begin="93" end="93" number="1"/>
<flow id="car89" type="carType1" from="gneE46" to="-gneE7" begin="93" end="93" number="1"/>
<flow id="car90" type="carType0" from="-gneE33" to="-gneE37" begin="93" end="93" number="1"/>
<flow id="car91" type="carType1" from="-gneE37" to="-gneE42" begin="96" end="96" number="1"/>
<flow id="car92" type="carType1" from="gneE27" to="gneE42" begin="96" end="96" number="1"/>
<flow id="car93" type="carType2" from="toprightL" to="-gneE33" begin="98" end="98" number="1"/>
<flow id="car94" type="carType1" from="-gneE43" to="-gneE29" begin="98" end="98" number="1"/>
<flow id="car95" type="carType2" from="gneE42" to="gneE9" begin="99" end="99" number="1"/>
<flow id="car96" type="carType0" from="gneE42" to="gneE18" begin="100" end="100" number="1"/>
<flow id="car97" type="carType1" from="-gneE51" to="gneE51" begin="103" end="103" number="1"/>
<flow id="car98" type="carType2" from="-gneE44" to="gneE50" begin="103" end="103" number="1"/>
<flow id="car99" type="carType1" from="bottomrightL" to="toprightL" begin="104" end="104" number="1"/>
<flow id="car100" type="carType1" from="bottomleftU" to="topleftR" begin="104" end="104" number="1"/>
<flow id="car101" type="carType2" from="-gneE37" to="-gneE44" begin="106" end="106" number="1"/>
<flow id="car102" type="carType2" from="gneE28" to="topleftR" begin="106" end="106" number="1"/>
<flow id="car103" type="carType1" from="gneE49" to="-gneE44" begin="108" end="108" number="1"/>
<flow id="car104" type="carType1" from="gneE34" to="bottomrightL" begin="108" end="108" number="1"/>
<flow id="car105" type="carType0" from="gneE45" to="gneE35" begin="109" end="109" number="1"/>
<flow id="car106" type="carType1" from="gneE51" to="bottomleftR" begin="110" end="110" number="1"/>
<flow id="car107" type="carType2" from="toprightD" to="gneE29" begin="110" end="110" number="1"/>
<flow id="car108" type="carType0" from="-gneE49" to="topleftD" begin="112" end="112" number="1"/>
<flow id="car109" type="carType0" from="gneE50" to="-gneE37" begin="113" end="113" number="1"/>
<flow id="car110" type="carType1" from="gneE18" to="gneE29" begin="113" end="113" number="1"/>
<flow id="car111" type="carType2" from="bottomleftR" to="gneE45" begin="114" end="114" number="1"/>
<flow id="car112" type="carType0" from="-gneE8" to="gneE45" begin="115" end="115" number="1"/>
<flow id="car113" type="carType0" from="toprightL" to="-gneE33" begin="115" end="115" number="1"/>
<flow id="car114" type="carType2" from="gneE27" to="topleftR" begin="116" end="116" number="1"/>
<flow id="car115" type="carType0" from="topleftR" to="-gneE21" begin="118" end="118" number="1"/>
<flow id="car116" type="carType1" from="gneE44" to="gneE51" begin="119" end="119" number="1"/>
<flow id="car117" type="carType2" from="gneE44" to="gneE44" begin="119" end="119" number="1"/>
<flow id="car118" type="carType0" from="gneE51" to="-gneE37" begin="119" end="119" number="1"/>
<flow id="car119" type="carType1" from="-gneE50" to="gneE46" begin="120" end="120" number="1"/>
<flow id="car120" type="carType0" from="-gneE21" to="-gneE42" begin="120" end="120" number="1"/>
<flow id="car121" type="carType2" from="gneE50" to="bottomrightL" begin="121" end="121" number="1"/>
<flow id="car122" type="carType2" from="gneE34" to="gneE46" begin="121" end="121" number="1"/>
<flow id="car123" type="carType1" from="-gneE13" to="-gneE50" begin="122" end="122" number="1"/>
<flow id="car124" type="carType2" from="gneE43" to="bottomleftU" begin="125" end="125" number="1"/>
<flow id="car125" type="carType2" from="-gneE21" to="gneE34" begin="126" end="126" number="1"/>
<flow id="car126" type="carType2" from="-gneE44" to="gneE27" begin="127" end="127" number="1"/>
<flow id="car127" type="carType0" from="topleftD" to="topleftD" begin="127" end="127" number="1"/>
<flow id="car128" type="carType0" from="gneE28" to="gneE34" begin="128" end="128" number="1"/>
<flow id="car129" type="carType1" from="-gneE7" to="gneE34" begin="128" end="128" number="1"/>
<flow id="car130" type="carType1" from="gneE30" to="-gneE51" begin="128" end="128" number="1"/>
<flow id="car131" type="carType1" from="gneE49" to="gneE48" begin="129" end="129" number="1"/>
<flow id="car132" type="carType1" from="gneE30" to="bottomleftR" begin="132" end="132" number="1"/>
<flow id="car133" type="carType2" from="-gneE51" to="-gneE28" begin="132" end="132" number="1"/>
<flow id="car134" type="carType2" from="-gneE27" to="-gneE48" begin="133" end="133" number="1"/>
<flow id="car135" type="carType2" from="gneE9" to="bottomrightL" begin="133" end="133" number="1"/>
<flow id="car136" type="carType2" from="-gneE29" to="-gneE28" begin="134" end="134" number="1"/>
<flow id="car137" type="carType1" from="-gneE29" to="gneE44" begin="137" end="137" number="1"/>
<flow id="car138" type="carType0" from="-gneE21" to="gneE29" begin="139" end="139" number="1"/>
<flow id="car139" type="carType2" from="-gneE34" to="gneE27" begin="141" end="141" number="1"/>
<flow id="car140" type="carType0" from="gneE9" to="gneE29" begin="141" end="141" number="1"/>
<flow id="car141" type="carType1" from="gneE29" to="gneE30" begin="141" end="141" number="1"/>
<flow id="car142" type="carType1" from="-gneE42" to="gneE8" begin="143" end="143" number="1"/>
<flow id="car143" type="carType1" from="topleftR" to="-gneE18" begin="143" end="143" number="1"/>
<flow id="car144" type="carType2" from="-gneE18" to="gneE9" begin="146" end="146" number="1"/>
<flow id="car145" type="carType2" from="-gneE37" to="gneE29" begin="148" end="148" number="1"/>
<flow id="car146" type="carType2" from="-gneE8" to="-gneE18" begin="149" end="149" number="1"/>
<flow id="car147" type="carType1" from="-gneE33" to="gneE45" begin="149" end="149" number="1"/>
<flow id="car148" type="carType2" from="-gneE33" to="gneE8" begin="151" end="151" number="1"/>
<flow id="car149" type="carType0" from="gneE44" to="-gneE13" begin="152" end="152" number="1"/>
<flow id="car150" type="carType1" from="-gneE43" to="toprightL" begin="152" end="152" number="1"/>
<flow id="car151" type="carType2" from="-gneE44" to="bottomleftU" begin="152" end="152" number="1"/>
<flow id="car152" type="carType2" from="gneE49" to="gneE49" begin="154" end="154" number="1"/>
<flow id="car153" type="carType0" from="-gneE21" to="gneE48" begin="154" end="154" number="1"/>
<flow id="car154" type="carType0" from="-gneE50" to="gneE9" begin="156" end="156" number="1"/>
<flow id="car155" type="carType1" from="-gneE45" to="-gneE33" begin="156" end="156" number="1"/>
<flow id="car156" type="carType2" from="bottomrightL" to="gneE30" begin="156" end="156" number="1"/>
<flow id="car157" type="carType0" from="gneE34" to="-gneE44" begin="156" end="156" number="1"/>
<flow id="car158" type="carType1" from="gneE48" to="-gneE13" begin="159" end="159" number="1"/>
<flow id="car159" type="carType0" from="gneE28" to="toprightL" begin="160" end="160" number="1"/>
<flow id="car160" type="carType2" from="-gneE8" to="-gneE33" begin="161" end="161" number="1"/>
<flow id="car161" type="carType2" from="topleftD" to="bottomrightL" begin="161" end="161" number="1"/>
<flow id="car162" type="carType2" from="bottomrightL" to="gneE18" begin="163" end="163" number="1"/>
<flow id="car163" type="carType1" from="gneE21" to="gneE34" begin="164" end="164" number="1"/>
<flow id="car164" type="carType2" from="gneE34" to="-gneE43" begin="165" end="165" number="1"/>
<flow id="car165" type="carType1" from="bottomrightL" to="gneE29" begin="166" end="166" number="1"/>
<flow id="car166" type="carType2" from="gneE9" to="bottomrightL" begin="167" end="167" number="1"/>
<flow id="car167" type="carType1" from="-gneE8" to="gneE44" begin="167" end="167" number="1"/>
<flow id="car168" type="carType0" from="gneE46" to="-gneE45" begin="168" end="168" number="1"/>
<flow id="car169" type="carType0" from="gneE44" to="gneE35" begin="168" end="168" number="1"/>
<flow id="car170" type="carType2" from="gneE43" to="-gneE49" begin="168" end="168" number="1"/>
<flow id="car171" type="carType0" from="gneE37" to="gneE37" begin="168" end="168" number="1"/>
<flow id="car172" type="carType1" from="toprightL" to="gneE28" begin="170" end="170" number="1"/>
<flow id="car173" type="carType0" from="bottomleftR" to="topleftR" begin="171" end="171" number="1"/>
<flow id="car174" type="carType2" from="-gneE8" to="-gneE7" begin="171" end="171" number="1"/>
<flow id="car175" type="carType2" from="-gneE49" to="-gneE27" begin="174" end="174" number="1"/>
<flow id="car176" type="carType2" from="-gneE29" to="gneE46" begin="174" end="174" number="1"/>
<flow id="car177" type="carType0" from="gneE42" to="bottomleftR" begin="174" end="174" number="1"/>
<flow id="car178" type="carType2" from="-gneE33" to="-gneE48" begin="175" end="175" number="1"/>
<flow id="car179" type="carType0" from="gneE8" to="-gneE42" begin="176" end="176" number="1"/>
<flow id="car180" type="carType2" from="-gneE49" to="gneE43" begin="177" end="177" number="1"/>
<flow id="car181" type="carType1" from="gneE9" to="bottomleftR" begin="179" end="179" number="1"/>
<flow id="car182" type="carType2" from="gneE42" to="topleftR" begin="179" end="179" number="1"/>
<flow id="car183" type="carType0" from="gneE8" to="bottomrightL" begin="181" end="181" number="1"/>
<flow id="car184" type="carType1" from="gneE48" to="-gneE27" begin="181" end="181" number="1"/>
<flow id="car185" type="carType2" from="-gneE43" to="-gneE28" begin="183" end="183" number="1"/>
<flow id="car186" type="carType0" from="bottomrightU" to="bottomleftU" begin="184" end="184" number="1"/>
<flow id="car187" type="carType2" from="-gneE42" to="-gneE44" begin="184" end="184" number="1"/>
<flow id="car188" type="carType2" from="gneE22" to="-gneE37" begin="184" end="184" number="1"/>
<flow id="car189" type="carType1" from="-gneE45" to="-gneE8" begin="185" end="185" number="1"/>
<flow id="car190" type="carType0" from="-gneE29" to="topleftD" begin="185" end="185" number="1"/>
<flow id="car191" type="carType0" from="gneE22" to="-gneE42" begin="189" end="189" number="1"/>
<flow id="car192" type="carType1" from="gneE34" to="-gneE48" begin="190" end="190" number="1"/>
<flow id="car193" type="carType2" from="-gneE8" to="bottomleftU" begin="191" end="191" number="1"/>
<flow id="car194" type="carType2" from="-gneE18" to="bottomrightL" begin="192" end="192" number="1"/>
<flow id="car195" type="carType0" from="-gneE42" to="bottomleftR" begin="193" end="193" number="1"/>
<flow id="car196" type="carType2" from="-gneE27" to="gneE44" begin="193" end="193" number="1"/>
<flow id="car197" type="carType1" from="-gneE34" to="-gneE43" begin="193" end="193" number="1"/>
<flow id="car198" type="carType1" from="-gneE8" to="gneE49" begin="194" end="194" number="1"/>
<flow id="car199" type="carType0" from="gneE28" to="-gneE51" begin="195" end="195" number="1"/>
</routes>
