<routes>
<vType id="carType0" length="4" maxSpeed="45.63" accel="2.64" decel="5.54" speedDev="0.2" sigma="0.17"/>
<vType id="carType1" length="9" maxSpeed="42.4" accel="2.68" decel="5.89" speedDev="0.2" sigma="0.15"/>
<vType id="carType2" length="6" maxSpeed="42.34" accel="2.01" decel="4.5" speedDev="0.2" sigma="0.13"/>
<flow id="car0" type="carType1" from="-gneE8" to="-gneE21" begin="0" end="0" number="1"/>
<flow id="car1" type="carType0" from="-gneE18" to="gneE50" begin="0" end="0" number="1"/>
<flow id="car2" type="carType0" from="gneE44" to="gneE8" begin="1" end="1" number="1"/>
<flow id="car3" type="carType2" from="gneE50" to="-gneE21" begin="3" end="3" number="1"/>
<flow id="car4" type="carType1" from="gneE21" to="-gneE45" begin="4" end="4" number="1"/>
<flow id="car5" type="carType2" from="topleftR" to="-gneE7" begin="4" end="4" number="1"/>
<flow id="car6" type="carType2" from="-gneE27" to="gneE49" begin="6" end="6" number="1"/>
<flow id="car7" type="carType1" from="bottomleftU" to="toprightD" begin="6" end="6" number="1"/>
<flow id="car8" type="carType2" from="-gneE51" to="gneE34" begin="7" end="7" number="1"/>
<flow id="car9" type="carType2" from="-gneE43" to="gneE37" begin="7" end="7" number="1"/>
<flow id="car10" type="carType1" from="bottomleftR" to="gneE48" begin="9" end="9" number="1"/>
<flow id="car11" type="carType0" from="bottomrightL" to="-gneE48" begin="10" end="10" number="1"/>
<flow id="car12" type="carType0" from="-gneE21" to="-gneE29" begin="11" end="11" number="1"/>
<flow id="car13" type="carType0" from="gneE45" to="-gneE51" begin="11" end="11" number="1"/>
<flow id="car14" type="carType0" from="-gneE18" to="-gneE43" begin="14" end="14" number="1"/>
<flow id="car15" type="carType0" from="gneE46" to="bottomrightL" begin="14" end="14" number="1"/>
<flow id="car16" type="carType1" from="gneE30" to="gneE49" begin="15" end="15" number="1"/>
<flow id="car17" type="carType1" from="topleftD" to="gneE46" begin="16" end="16" number="1"/>
<flow id="car18" type="carType0" from="gneE44" to="gneE49" begin="16" end="16" number="1"/>
<flow id="car19" type="carType2" from="gneE44" to="gneE28" begin="17" end="17" number="1"/>
<flow id="car20" type="carType0" from="gneE28" to="-gneE8" begin="18" end="18" number="1"/>
<flow id="car21" type="carType1" from="-gneE50" to="gneE29" begin="20" end="20" number="1"/>
<flow id="car22" type="carType0" from="gneE8" to="gneE44" begin="20" end="20" number="1"/>
<flow id="car23" type="carType1" from="gneE29" to="gneE46" begin="20" end="20" number="1"/>
<flow id="car24" type="carType0" from="-gneE42" to="-gneE45" begin="21" end="21" number="1"/>
<flow id="car25" type="carType1" from="gneE34" to="bottomrightL" begin="24" end="24" number="1"/>
<flow id="car26" type="carType1" from="-gneE48" to="bottomleftR" begin="25" end="25" number="1"/>
<flow id="car27" type="carType2" from="gneE22" to="-gneE50" begin="25" end="25" number="1"/>
<flow id="car28" type="carType0" from="gneE27" to="gneE22" begin="29" end="29" number="1"/>
<flow id="car29" type="carType0" from="gneE48" to="-gneE48" begin="30" end="30" number="1"/>
<flow id="car30" type="carType0" from="-gneE13" to="bottomrightL" begin="30" end="30" number="1"/>
<flow id="car31" type="carType2" from="-gneE51" to="gneE48" begin="31" end="31" number="1"/>
<flow id="car32" type="carType2" from="-gneE51" to="-gneE33" begin="33" end="33" number="1"/>
<flow id="car33" type="carType2" from="gneE29" to="gneE45" begin="34" end="34" number="1"/>
<flow id="car34" type="carType0" from="-gneE7" to="gneE45" begin="36" end="36" number="1"/>
<flow id="car35" type="carType1" from="gneE50" to="-gneE27" begin="36" end="36" number="1"/>
<flow id="car36" type="carType2" from="-gneE45" to="-gneE48" begin="37" end="37" number="1"/>
<flow id="car37" type="carType1" from="-gneE34" to="gneE28" begin="37" end="37" number="1"/>
<flow id="car38" type="carType1" from="gneE51" to="bottomrightU" begin="39" end="39" number="1"/>
<flow id="car39" type="carType2" from="-gneE33" to="gneE27" begin="40" end="40" number="1"/>
<flow id="car40" type="carType1" from="-gneE18" to="-gneE48" begin="40" end="40" number="1"/>
<flow id="car41" type="carType2" from="gneE44" to="gneE51" begin="42" end="42" number="1"/>
<flow id="car42" type="carType2" from="toprightD" to="-gneE18" begin="43" end="43" number="1"/>
<flow id="car43" type="carType1" from="gneE44" to="gneE37" begin="45" end="45" number="1"/>
<flow id="car44" type="carType2" from="gneE46" to="-gneE33" begin="45" end="45" number="1"/>
<flow id="car45" type="carType0" from="-gneE18" to="-gneE27" begin="46" end="46" number="1"/>
<flow id="car46" type="carType1" from="-gneE44" to="bottomrightU" begin="46" end="46" number="1"/>
<flow id="car47" type="carType2" from="bottomrightL" to="bottomrightU" begin="46" end="46" number="1"/>
<flow id="car48" type="carType2" from="-gneE29" to="gneE28" begin="49" end="49" number="1"/>
<flow id="car49" type="carType1" from="-gneE29" to="gneE50" begin="50" end="50" number="1"/>
<flow id="car50" type="carType2" from="-gneE7" to="gneE43" begin="52" end="52" number="1"/>
<flow id="car51" type="carType2" from="toprightL" to="-gneE33" begin="57" end="57" number="1"/>
<flow id="car52" type="carType2" from="-gneE34" to="bottomleftU" begin="58" end="58" number="1"/>
<flow id="car53" type="carType2" from="-gneE50" to="-gneE48" begin="63" end="63" number="1"/>
<flow id="car54" type="carType0" from="gneE45" to="toprightD" begin="65" end="65" number="1"/>
<flow id="car55" type="carType2" from="gneE42" to="bottomrightU" begin="67" end="67" number="1"/>
<flow id="car56" type="carType0" from="gneE27" to="-gneE33" begin="67" end="67" number="1"/>
<flow id="car57" type="carType0" from="-gneE28" to="gneE44" begin="67" end="67" number="1"/>
<flow id="car58" type="carType1" from="gneE21" to="gneE27" begin="68" end="68" number="1"/>
<flow id="car59" type="carType1" from="bottomleftU" to="gneE44" begin="70" end="70" number="1"/>
<flow id="car60" type="carType0" from="-gneE51" to="toprightL" begin="71" end="71" number="1"/>
<flow id="car61" type="carType0" from="-gneE27" to="gneE50" begin="72" end="72" number="1"/>
<flow id="car62" type="carType1" from="-gneE18" to="-gneE43" begin="74" end="74" number="1"/>
<flow id="car63" type="carType2" from="gneE21" to="gneE42" begin="74" end="74" number="1"/>
<flow id="car64" type="carType2" from="gneE43" to="-gneE45" begin="75" end="75" number="1"/>
<flow id="car65" type="carType0" from="-gneE50" to="-gneE45" begin="75" end="75" number="1"/>
<flow id="car66" type="carType2" from="gneE34" to="bottomrightL" begin="75" end="75" number="1"/>
<flow id="car67" type="carType1" from="-gneE28" to="topleftR" begin="76" end="76" number="1"/>
<flow id="car68" type="carType1" from="gneE34" to="-gneE50" begin="76" end="76" number="1"/>
<flow id="car69" type="carType1" from="-gneE33" to="toprightD" begin="76" end="76" number="1"/>
<flow id="car70" type="carType2" from="-gneE27" to="-gneE13" begin="77" end="77" number="1"/>
<flow id="car71" type="carType1" from="gneE48" to="gneE51" begin="77" end="77" number="1"/>
<flow id="car72" type="carType2" from="gneE37" to="-gneE29" begin="77" end="77" number="1"/>
<flow id="car73" type="carType2" from="gneE9" to="gneE30" begin="80" end="80" number="1"/>
<flow id="car74" type="carType1" from="gneE27" to="-gneE33" begin="81" end="81" number="1"/>
<flow id="car75" type="carType0" from="-gneE42" to="gneE45" begin="81" end="81" number="1"/>
<flow id="car76" type="carType2" from="gneE8" to="-gneE50" begin="83" end="83" number="1"/>
<flow id="car77" type="carType1" from="gneE18" to="-gneE21" begin="83" end="83" number="1"/>
<flow id="car78" type="carType2" from="topleftD" to="-gneE29" begin="83" end="83" number="1"/>
<flow id="car79" type="carType2" from="gneE37" to="gneE30" begin="83" end="83" number="1"/>
<flow id="car80" type="carType1" from="-gneE50" to="-gneE7" begin="84" end="84" number="1"/>
<flow id="car81" type="carType1" from="gneE45" to="topleftD" begin="84" end="84" number="1"/>
<flow id="car82" type="carType0" from="-gneE37" to="gneE51" begin="86" end="86" number="1"/>
<flow id="car83" type="carType2" from="gneE30" to="bottomrightL" begin="87" end="87" number="1"/>
<flow id="car84" type="carType0" from="bottomrightU" to="gneE49" begin="88" end="88" number="1"/>
<flow id="car85" type="carType2" from="gneE22" to="-gneE45" begin="90" end="90" number="1"/>
<flow id="car86" type="carType1" from="gneE27" to="-gneE42" begin="91" end="91" number="1"/>
<flow id="car87" type="carType2" from="-gneE43" to="toprightD" begin="91" end="91" number="1"/>
<flow id="car88" type="carType2" from="-gneE28" to="gneE51" begin="91" end="91" number="1"/>
<flow id="car89" type="carType1" from="toprightL" to="-gneE37" begin="93" end="93" number="1"/>
<flow id="car90" type="carType0" from="gneE45" to="bottomleftR" begin="93" end="93" number="1"/>
<flow id="car91" type="carType0" from="gneE45" to="gneE42" begin="93" end="93" number="1"/>
<flow id="car92" type="carType2" from="gneE35" to="gneE21" begin="94" end="94" number="1"/>
<flow id="car93" type="carType1" from="-gneE7" to="gneE42" begin="94" end="94" number="1"/>
<flow id="car94" type="carType0" from="-gneE42" to="-gneE29" begin="94" end="94" number="1"/>
<flow id="car95" type="carType1" from="-gneE44" to="gneE42" begin="96" end="96" number="1"/>
<flow id="car96" type="carType2" from="gneE45" to="gneE35" begin="96" end="96" number="1"/>
<flow id="car97" type="carType1" from="bottomrightU" to="gneE9" begin="97" end="97" number="1"/>
<flow id="car98" type="carType0" from="bottomleftR" to="-gneE44" begin="98" end="98" number="1"/>
<flow id="car99" type="carType0" from="gneE37" to="-gneE44" begin="99" end="99" number="1"/>
<flow id="car100" type="carType1" from="gneE8" to="topleftR" begin="99" end="99" number="1"/>
<flow id="car101" type="carType1" from="gneE21" to="gneE27" begin="100" end="100" number="1"/>
<flow id="car102" type="carType1" from="-gneE21" to="-gneE33" begin="100" end="100" number="1"/>
<flow id="car103" type="carType2" from="-gneE8" to="-gneE37" begin="102" end="102" number="1"/>
<flow id="car104" type="carType2" from="-gneE37" to="bottomleftR" begin="103" end="103" number="1"/>
<flow id="car105" type="carType2" from="-gneE42" to="gneE50" begin="104" end="104" number="1"/>
<flow id="car106" type="carType2" from="bottomleftR" to="-gneE27" begin="104" end="104" number="1"/>
<flow id="car107" type="carType2" from="gneE34" to="-gneE28" begin="105" end="105" number="1"/>
<flow id="car108" type="carType2" from="gneE35" to="-gneE8" begin="107" end="107" number="1"/>
<flow id="car109" type="carType0" from="gneE44" to="-gneE51" begin="107" end="107" number="1"/>
<flow id="car110" type="carType2" from="bottomrightL" to="-gneE7" begin="108" end="108" number="1"/>
<flow id="car111" type="carType1" from="-gneE21" to="-gneE21" begin="108" end="108" number="1"/>
<flow id="car112" type="carType1" from="-gneE27" to="gneE42" begin="109" end="109" number="1"/>
<flow id="car113" type="carType0" from="-gneE8" to="-gneE51" begin="109" end="109" number="1"/>
<flow id="car114" type="carType0" from="bottomrightL" to="-gneE43" begin="109" end="109" number="1"/>
<flow id="car115" type="carType0" from="-gneE49" to="-gneE34" begin="110" end="110" number="1"/>
<flow id="car116" type="carType0" from="bottomleftU" to="bottomleftR" begin="111" end="111" number="1"/>
<flow id="car117" type="carType1" from="gneE30" to="gneE45" begin="113" end="113" number="1"/>
<flow id="car118" type="carType2" from="gneE51" to="gneE8" begin="113" end="113" number="1"/>
<flow id="car119" type="carType0" from="bottomleftU" to="gneE8" begin="115" end="115" number="1"/>
<flow id="car120" type="carType0" from="-gneE21" to="bottomleftU" begin="116" end="116" number="1"/>
<flow id="car121" type="carType0" from="-gneE43" to="gneE44" begin="117" end="117" number="1"/>
<flow id="car122" type="carType2" from="topleftD" to="gneE34" begin="118" end="118" number="1"/>
<flow id="car123" type="carType1" from="gneE21" to="gneE46" begin="119" end="119" number="1"/>
<flow id="car124" type="carType0" from="-gneE49" to="gneE29" begin="119" end="119" number="1"/>
<flow id="car125" type="carType0" from="-gneE18" to="gneE8" begin="120" end="120" number="1"/>
<flow id="car126" type="carType1" from="gneE34" to="-gneE37" begin="120" end="120" number="1"/>
<flow id="car127" type="carType2" from="gneE9" to="-gneE42" begin="120" end="120" number="1"/>
<flow id="car128" type="carType2" from="gneE21" to="gneE50" begin="126" end="126" number="1"/>
<flow id="car129" type="carType2" from="-gneE28" to="gneE30" begin="126" end="126" number="1"/>
<flow id="car130" type="carType2" from="gneE28" to="-gneE13" begin="127" end="127" number="1"/>
<flow id="car131" type="carType2" from="-gneE27" to="-gneE29" begin="127" end="127" number="1"/>
<flow id="car132" type="carType0" from="gneE22" to="-gneE49" begin="128" end="128" number="1"/>
<flow id="car133" type="carType0" from="gneE37" to="gneE8" begin="129" end="129" number="1"/>
<flow id="car134" type="carType1" from="toprightD" to="-gneE13" begin="130" end="130" number="1"/>
<flow id="car135" type="carType1" from="gneE48" to="gneE35" begin="131" end="131" number="1"/>
<flow id="car136" type="carType0" from="bottomrightU" to="toprightD" begin="132" end="132" number="1"/>
<flow id="car137" type="carType2" from="-gneE27" to="bottomleftU" begin="134" end="134" number="1"/>
<flow id="car138" type="carType2" from="-gneE51" to="-gneE13" begin="136" end="136" number="1"/>
<flow id="car139" type="carType0" from="bottomleftU" to="gneE22" begin="137" end="137" number="1"/>
<flow id="car140" type="carType0" from="-gneE48" to="toprightL" begin="139" end="139" number="1"/>
<flow id="car141" type="carType2" from="bottomrightL" to="bottomrightL" begin="140" end="140" number="1"/>
<flow id="car142" type="carType2" from="gneE18" to="-gneE18" begin="143" end="143" number="1"/>
<flow id="car143" type="carType2" from="bottomrightL" to="bottomrightL" begin="144" end="144" number="1"/>
<flow id="car144" type="carType0" from="gneE21" to="-gneE42" begin="144" end="144" number="1"/>
<flow id="car145" type="carType0" from="-gneE48" to="gneE45" begin="146" end="146" number="1"/>
<flow id="car146" type="carType0" from="gneE27" to="bottomleftR" begin="148" end="148" number="1"/>
<flow id="car147" type="carType2" from="gneE51" to="-gneE13" begin="148" end="148" number="1"/>
<flow id="car148" type="carType1" from="-gneE13" to="gneE21" begin="150" end="150" number="1"/>
<flow id="car149" type="carType0" from="bottomleftR" to="-gneE49" begin="150" end="150" number="1"/>
<flow id="car150" type="carType2" from="gneE49" to="-gneE48" begin="150" end="150" number="1"/>
<flow id="car151" type="carType2" from="gneE28" to="gneE42" begin="151" end="151" number="1"/>
<flow id="car152" type="carType1" from="-gneE51" to="-gneE7" begin="152" end="152" number="1"/>
<flow id="car153" type="carType1" from="gneE49" to="gneE51" begin="152" end="152" number="1"/>
<flow id="car154" type="carType2" from="-gneE37" to="-gneE43" begin="152" end="152" number="1"/>
<flow id="car155" type="carType1" from="-gneE27" to="gneE8" begin="154" end="154" number="1"/>
<flow id="car156" type="carType2" from="-gneE28" to="-gneE49" begin="154" end="154" number="1"/>
<flow id="car157" type="carType1" from="gneE34" to="-gneE44" begin="154" end="154" number="1"/>
<flow id="car158" type="carType2" from="gneE21" to="-gneE27" begin="155" end="155" number="1"/>
<flow id="car159" type="carType1" from="gneE44" to="gneE28" begin="157" end="157" number="1"/>
<flow id="car160" type="carType1" from="gneE44" to="-gneE18" begin="158" end="158" number="1"/>
<flow id="car161" type="carType1" from="gneE43" to="-gneE50" begin="158" end="158" number="1"/>
<flow id="car162" type="carType1" from="-gneE18" to="gneE8" begin="158" end="158" number="1"/>
<flow id="car163" type="carType0" from="-gneE50" to="gneE46" begin="159" end="159" number="1"/>
<flow id="car164" type="carType2" from="-gneE13" to="-gneE21" begin="159" end="159" number="1"/>
<flow id="car165" type="carType0" from="bottomleftU" to="gneE44" begin="160" end="160" number="1"/>
<flow id="car166" type="carType2" from="gneE46" to="-gneE50" begin="162" end="162" number="1"/>
<flow id="car167" type="carType0" from="-gneE50" to="gneE35" begin="163" end="163" number="1"/>
<flow id="car168" type="carType2" from="bottomrightL" to="gneE45" begin="165" end="165" number="1"/>
<flow id="car169" type="carType2" from="-gneE51" to="gneE49" begin="165" end="165" number="1"/>
<flow id="car170" type="carType0" from="-gneE7" to="gneE28" begin="165" end="165" number="1"/>
<flow id="car171" type="carType1" from="gneE30" to="gneE45" begin="165" end="165" number="1"/>
<flow id="car172" type="carType0" from="gneE48" to="gneE34" begin="166" end="166" number="1"/>
<flow id="car173" type="carType2" from="-gneE34" to="gneE50" begin="169" end="169" number="1"/>
<flow id="car174" type="carType2" from="gneE27" to="gneE9" begin="169" end="169" number="1"/>
<flow id="car175" type="carType1" from="-gneE44" to="-gneE49" begin="170" end="170" number="1"/>
<flow id="car176" type="carType2" from="gneE18" to="gneE30" begin="170" end="170" number="1"/>
<flow id="car177" type="carType0" from="gneE22" to="bottomrightL" begin="173" end="173" number="1"/>
<flow id="car178" type="carType1" from="-gneE8" to="-gneE21" begin="175" end="175" number="1"/>
<flow id="car179" type="carType0" from="bottomrightL" to="gneE29" begin="175" end="175" number="1"/>
<flow id="car180" type="carType1" from="bottomrightL" to="gneE29" begin="175" end="175" number="1"/>
<flow id="car181" type="carType2" from="gneE51" to="-gneE50" begin="176" end="176" number="1"/>
<flow id="car182" type="carType2" from="gneE21" to="gneE43" begin="176" end="176" number="1"/>
<flow id="car183" type="carType1" from="-gneE21" to="-gneE34" begin="178" end="178" number="1"/>
<flow id="car184" type="carType1" from="gneE51" to="-gneE7" begin="179" end="179" number="1"/>
<flow id="car185" type="carType0" from="-gneE43" to="-gneE50" begin="180" end="180" number="1"/>
<flow id="car186" type="carType2" from="-gneE33" to="-gneE49" begin="181" end="181" number="1"/>
<flow id="car187" type="carType0" from="gneE45" to="-gneE7" begin="184" end="184" number="1"/>
<flow id="car188" type="carType2" from="-gneE28" to="gneE34" begin="185" end="185" number="1"/>
<flow id="car189" type="carType0" from="-gneE49" to="gneE35" begin="187" end="187" number="1"/>
<flow id="car190" type="carType0" from="gneE45" to="toprightL" begin="187" end="187" number="1"/>
<flow id="car191" type="carType2" from="gneE43" to="bottomleftU" begin="191" end="191" number="1"/>
<flow id="car192" type="carType2" from="gneE9" to="gneE27" begin="191" end="191" number="1"/>
<flow id="car193" type="carType1" from="-gneE50" to="gneE37" begin="192" end="192" number="1"/>
<flow id="car194" type="carType1" from="gneE45" to="bottomrightU" begin="192" end="192" number="1"/>
<flow id="car195" type="carType1" from="-gneE18" to="-gneE50" begin="192" end="192" number="1"/>
<flow id="car196" type="carType2" from="gneE8" to="-gneE33" begin="193" end="193" number="1"/>
<flow id="car197" type="carType0" from="gneE45" to="gneE27" begin="197" end="197" number="1"/>
<flow id="car198" type="carType1" from="gneE21" to="gneE30" begin="197" end="197" number="1"/>
<flow id="car199" type="carType2" from="gneE21" to="toprightL" begin="199" end="199" number="1"/>
</routes>
