<routes>
<vType id="carType0" length="9" maxSpeed="45.52" accel="2.12" decel="4.71" speedDev="0.2" sigma="0.12"/>
<vType id="carType1" length="8" maxSpeed="54.06" accel="2.47" decel="4.65" speedDev="0.2" sigma="0.15"/>
<vType id="carType2" length="7" maxSpeed="47.5" accel="2.88" decel="4.9" speedDev="0.2" sigma="0.17"/>
<flow id="car0" type="carType1" from="-gneE34" to="-gneE44" begin="0" end="0" number="1"/>
<flow id="car1" type="carType0" from="-gneE8" to="-gneE42" begin="0" end="0" number="1"/>
<flow id="car2" type="carType0" from="gneE49" to="-gneE49" begin="1" end="1" number="1"/>
<flow id="car3" type="carType0" from="bottomleftU" to="gneE21" begin="2" end="2" number="1"/>
<flow id="car4" type="carType0" from="-gneE45" to="-gneE51" begin="3" end="3" number="1"/>
<flow id="car5" type="carType2" from="-gneE49" to="gneE21" begin="4" end="4" number="1"/>
<flow id="car6" type="carType2" from="-gneE18" to="gneE21" begin="4" end="4" number="1"/>
<flow id="car7" type="carType1" from="-gneE13" to="bottomleftU" begin="8" end="8" number="1"/>
<flow id="car8" type="carType0" from="-gneE37" to="gneE42" begin="9" end="9" number="1"/>
<flow id="car9" type="carType0" from="-gneE8" to="bottomrightU" begin="9" end="9" number="1"/>
<flow id="car10" type="carType0" from="-gneE49" to="-gneE42" begin="12" end="12" number="1"/>
<flow id="car11" type="carType2" from="gneE9" to="-gneE8" begin="13" end="13" number="1"/>
<flow id="car12" type="carType0" from="gneE35" to="bottomleftR" begin="14" end="14" number="1"/>
<flow id="car13" type="carType2" from="-gneE37" to="gneE46" begin="16" end="16" number="1"/>
<flow id="car14" type="carType0" from="-gneE48" to="-gneE43" begin="17" end="17" number="1"/>
<flow id="car15" type="carType2" from="gneE28" to="-gneE34" begin="19" end="19" number="1"/>
<flow id="car16" type="carType1" from="-gneE28" to="-gneE48" begin="19" end="19" number="1"/>
<flow id="car17" type="carType1" from="gneE21" to="gneE30" begin="20" end="20" number="1"/>
<flow id="car18" type="carType1" from="gneE35" to="-gneE51" begin="22" end="22" number="1"/>
<flow id="car19" type="carType1" from="gneE28" to="gneE9" begin="22" end="22" number="1"/>
<flow id="car20" type="carType0" from="-gneE51" to="bottomleftR" begin="23" end="23" number="1"/>
<flow id="car21" type="carType2" from="topleftR" to="-gneE44" begin="23" end="23" number="1"/>
<flow id="car22" type="carType0" from="gneE34" to="gneE9" begin="24" end="24" number="1"/>
<flow id="car23" type="carType2" from="bottomrightU" to="toprightD" begin="24" end="24" number="1"/>
<flow id="car24" type="carType0" from="gneE34" to="-gneE42" begin="25" end="25" number="1"/>
<flow id="car25" type="carType1" from="-gneE21" to="gneE30" begin="25" end="25" number="1"/>
<flow id="car26" type="carType1" from="gneE28" to="-gneE33" begin="25" end="25" number="1"/>
<flow id="car27" type="carType0" from="-gneE7" to="-gneE7" begin="26" end="26" number="1"/>
<flow id="car28" type="carType1" from="gneE30" to="-gneE49" begin="27" end="27" number="1"/>
<flow id="car29" type="carType2" from="gneE30" to="-gneE51" begin="28" end="28" number="1"/>
<flow id="car30" type="carType0" from="-gneE37" to="gneE30" begin="29" end="29" number="1"/>
<flow id="car31" type="carType1" from="-gneE21" to="-gneE18" begin="31" end="31" number="1"/>
<flow id="car32" type="carType2" from="gneE46" to="gneE51" begin="32" end="32" number="1"/>
<flow id="car33" type="carType2" from="toprightL" to="gneE45" begin="32" end="32" number="1"/>
<flow id="car34" type="carType1" from="gneE50" to="gneE18" begin="33" end="33" number="1"/>
<flow id="car35" type="carType2" from="-gneE44" to="-gneE43" begin="35" end="35" number="1"/>
<flow id="car36" type="carType2" from="gneE22" to="bottomrightL" begin="35" end="35" number="1"/>
<flow id="car37" type="carType0" from="toprightD" to="gneE44" begin="36" end="36" number="1"/>
<flow id="car38" type="carType0" from="gneE18" to="gneE18" begin="37" end="37" number="1"/>
<flow id="car39" type="carType2" from="-gneE21" to="gneE27" begin="38" end="38" number="1"/>
<flow id="car40" type="carType2" from="topleftD" to="gneE43" begin="39" end="39" number="1"/>
<flow id="car41" type="carType0" from="gneE22" to="topleftD" begin="39" end="39" number="1"/>
<flow id="car42" type="carType0" from="-gneE45" to="-gneE44" begin="41" end="41" number="1"/>
<flow id="car43" type="carType1" from="gneE8" to="gneE34" begin="42" end="42" number="1"/>
<flow id="car44" type="carType2" from="toprightL" to="gneE37" begin="42" end="42" number="1"/>
<flow id="car45" type="carType0" from="gneE29" to="gneE46" begin="44" end="44" number="1"/>
<flow id="car46" type="carType1" from="bottomleftR" to="-gneE44" begin="45" end="45" number="1"/>
<flow id="car47" type="carType2" from="gneE34" to="-gneE34" begin="46" end="46" number="1"/>
<flow id="car48" type="carType2" from="bottomleftU" to="gneE30" begin="46" end="46" number="1"/>
<flow id="car49" type="carType2" from="-gneE37" to="-gneE34" begin="46" end="46" number="1"/>
<flow id="car50" type="carType2" from="bottomrightL" to="gneE46" begin="50" end="50" number="1"/>
<flow id="car51" type="carType2" from="-gneE18" to="gneE43" begin="51" end="51" number="1"/>
<flow id="car52" type="carType1" from="toprightL" to="gneE43" begin="52" end="52" number="1"/>
<flow id="car53" type="carType0" from="-gneE48" to="gneE42" begin="52" end="52" number="1"/>
<flow id="car54" type="carType1" from="-gneE7" to="-gneE51" begin="53" end="53" number="1"/>
<flow id="car55" type="carType0" from="-gneE21" to="toprightD" begin="55" end="55" number="1"/>
<flow id="car56" type="carType1" from="-gneE7" to="-gneE34" begin="57" end="57" number="1"/>
<flow id="car57" type="carType1" from="-gneE33" to="gneE48" begin="57" end="57" number="1"/>
<flow id="car58" type="carType1" from="gneE21" to="-gneE13" begin="58" end="58" number="1"/>
<flow id="car59" type="carType1" from="bottomrightL" to="gneE42" begin="59" end="59" number="1"/>
<flow id="car60" type="carType2" from="-gneE37" to="-gneE48" begin="59" end="59" number="1"/>
<flow id="car61" type="carType0" from="gneE48" to="gneE49" begin="61" end="61" number="1"/>
<flow id="car62" type="carType2" from="gneE46" to="-gneE42" begin="65" end="65" number="1"/>
<flow id="car63" type="carType0" from="gneE30" to="-gneE21" begin="65" end="65" number="1"/>
<flow id="car64" type="carType2" from="-gneE18" to="-gneE28" begin="66" end="66" number="1"/>
<flow id="car65" type="carType0" from="gneE37" to="gneE9" begin="67" end="67" number="1"/>
<flow id="car66" type="carType2" from="gneE21" to="-gneE21" begin="68" end="68" number="1"/>
<flow id="car67" type="carType1" from="-gneE48" to="-gneE27" begin="68" end="68" number="1"/>
<flow id="car68" type="carType2" from="-gneE28" to="gneE49" begin="68" end="68" number="1"/>
<flow id="car69" type="carType2" from="gneE27" to="gneE43" begin="69" end="69" number="1"/>
<flow id="car70" type="carType2" from="-gneE13" to="gneE42" begin="70" end="70" number="1"/>
<flow id="car71" type="carType2" from="gneE22" to="-gneE45" begin="71" end="71" number="1"/>
<flow id="car72" type="carType1" from="-gneE48" to="-gneE33" begin="71" end="71" number="1"/>
<flow id="car73" type="carType1" from="bottomleftR" to="gneE51" begin="72" end="72" number="1"/>
<flow id="car74" type="carType0" from="gneE37" to="-gneE42" begin="72" end="72" number="1"/>
<flow id="car75" type="carType2" from="-gneE42" to="-gneE48" begin="74" end="74" number="1"/>
<flow id="car76" type="carType1" from="gneE29" to="-gneE27" begin="76" end="76" number="1"/>
<flow id="car77" type="carType2" from="-gneE29" to="-gneE37" begin="76" end="76" number="1"/>
<flow id="car78" type="carType2" from="gneE45" to="gneE35" begin="76" end="76" number="1"/>
<flow id="car79" type="carType1" from="toprightL" to="-gneE51" begin="76" end="76" number="1"/>
<flow id="car80" type="carType1" from="gneE45" to="gneE42" begin="77" end="77" number="1"/>
<flow id="car81" type="carType0" from="-gneE45" to="gneE48" begin="79" end="79" number="1"/>
<flow id="car82" type="carType2" from="-gneE49" to="gneE48" begin="80" end="80" number="1"/>
<flow id="car83" type="carType2" from="toprightL" to="bottomleftU" begin="82" end="82" number="1"/>
<flow id="car84" type="carType1" from="gneE51" to="-gneE27" begin="82" end="82" number="1"/>
<flow id="car85" type="carType0" from="-gneE33" to="gneE30" begin="84" end="84" number="1"/>
<flow id="car86" type="carType2" from="gneE9" to="gneE43" begin="84" end="84" number="1"/>
<flow id="car87" type="carType0" from="topleftR" to="bottomleftU" begin="85" end="85" number="1"/>
<flow id="car88" type="carType2" from="gneE9" to="-gneE18" begin="85" end="85" number="1"/>
<flow id="car89" type="carType1" from="gneE30" to="-gneE33" begin="86" end="86" number="1"/>
<flow id="car90" type="carType2" from="gneE51" to="bottomleftU" begin="86" end="86" number="1"/>
<flow id="car91" type="carType0" from="-gneE48" to="gneE9" begin="89" end="89" number="1"/>
<flow id="car92" type="carType2" from="-gneE18" to="-gneE8" begin="91" end="91" number="1"/>
<flow id="car93" type="carType0" from="-gneE43" to="-gneE21" begin="92" end="92" number="1"/>
<flow id="car94" type="carType1" from="gneE18" to="toprightD" begin="92" end="92" number="1"/>
<flow id="car95" type="carType2" from="gneE8" to="gneE37" begin="92" end="92" number="1"/>
<flow id="car96" type="carType2" from="gneE29" to="-gneE21" begin="92" end="92" number="1"/>
<flow id="car97" type="carType0" from="bottomrightU" to="gneE8" begin="93" end="93" number="1"/>
<flow id="car98" type="carType1" from="-gneE27" to="gneE8" begin="94" end="94" number="1"/>
<flow id="car99" type="carType2" from="gneE45" to="gneE44" begin="94" end="94" number="1"/>
<flow id="car100" type="carType0" from="gneE22" to="gneE48" begin="96" end="96" number="1"/>
<flow id="car101" type="carType1" from="gneE51" to="gneE44" begin="97" end="97" number="1"/>
<flow id="car102" type="carType0" from="gneE43" to="-gneE37" begin="97" end="97" number="1"/>
<flow id="car103" type="carType0" from="-gneE13" to="-gneE51" begin="98" end="98" number="1"/>
<flow id="car104" type="carType2" from="gneE51" to="bottomleftR" begin="99" end="99" number="1"/>
<flow id="car105" type="carType0" from="gneE27" to="-gneE27" begin="100" end="100" number="1"/>
<flow id="car106" type="carType2" from="-gneE34" to="bottomleftR" begin="101" end="101" number="1"/>
<flow id="car107" type="carType0" from="gneE22" to="gneE42" begin="101" end="101" number="1"/>
<flow id="car108" type="carType0" from="-gneE28" to="gneE30" begin="102" end="102" number="1"/>
<flow id="car109" type="carType2" from="gneE51" to="gneE28" begin="102" end="102" number="1"/>
<flow id="car110" type="carType2" from="gneE35" to="gneE9" begin="102" end="102" number="1"/>
<flow id="car111" type="carType1" from="gneE44" to="gneE22" begin="102" end="102" number="1"/>
<flow id="car112" type="carType2" from="-gneE8" to="gneE50" begin="104" end="104" number="1"/>
<flow id="car113" type="carType0" from="-gneE45" to="toprightD" begin="104" end="104" number="1"/>
<flow id="car114" type="carType2" from="gneE22" to="-gneE37" begin="105" end="105" number="1"/>
<flow id="car115" type="carType2" from="-gneE27" to="bottomrightU" begin="105" end="105" number="1"/>
<flow id="car116" type="carType1" from="topleftR" to="-gneE42" begin="105" end="105" number="1"/>
<flow id="car117" type="carType0" from="-gneE34" to="-gneE13" begin="105" end="105" number="1"/>
<flow id="car118" type="carType1" from="-gneE50" to="gneE9" begin="107" end="107" number="1"/>
<flow id="car119" type="carType2" from="-gneE7" to="gneE18" begin="109" end="109" number="1"/>
<flow id="car120" type="carType2" from="-gneE33" to="gneE46" begin="110" end="110" number="1"/>
<flow id="car121" type="carType1" from="gneE21" to="-gneE37" begin="111" end="111" number="1"/>
<flow id="car122" type="carType0" from="gneE21" to="-gneE33" begin="112" end="112" number="1"/>
<flow id="car123" type="carType2" from="-gneE44" to="gneE28" begin="114" end="114" number="1"/>
<flow id="car124" type="carType2" from="gneE22" to="gneE21" begin="114" end="114" number="1"/>
<flow id="car125" type="carType1" from="-gneE42" to="-gneE7" begin="116" end="116" number="1"/>
<flow id="car126" type="carType1" from="gneE48" to="-gneE48" begin="116" end="116" number="1"/>
<flow id="car127" type="carType0" from="gneE45" to="gneE44" begin="116" end="116" number="1"/>
<flow id="car128" type="carType0" from="-gneE29" to="topleftR" begin="116" end="116" number="1"/>
<flow id="car129" type="carType1" from="gneE35" to="gneE27" begin="120" end="120" number="1"/>
<flow id="car130" type="carType2" from="toprightD" to="-gneE33" begin="121" end="121" number="1"/>
<flow id="car131" type="carType2" from="gneE46" to="-gneE37" begin="122" end="122" number="1"/>
<flow id="car132" type="carType2" from="gneE8" to="gneE21" begin="123" end="123" number="1"/>
<flow id="car133" type="carType2" from="-gneE34" to="gneE28" begin="126" end="126" number="1"/>
<flow id="car134" type="carType1" from="-gneE49" to="bottomleftU" begin="126" end="126" number="1"/>
<flow id="car135" type="carType2" from="-gneE42" to="gneE22" begin="127" end="127" number="1"/>
<flow id="car136" type="carType1" from="-gneE21" to="gneE49" begin="127" end="127" number="1"/>
<flow id="car137" type="carType1" from="-gneE48" to="gneE18" begin="127" end="127" number="1"/>
<flow id="car138" type="carType2" from="toprightL" to="-gneE48" begin="130" end="130" number="1"/>
<flow id="car139" type="carType2" from="gneE28" to="-gneE44" begin="130" end="130" number="1"/>
<flow id="car140" type="carType2" from="bottomrightU" to="gneE18" begin="132" end="132" number="1"/>
<flow id="car141" type="carType0" from="gneE37" to="gneE28" begin="132" end="132" number="1"/>
<flow id="car142" type="carType0" from="-gneE44" to="gneE49" begin="133" end="133" number="1"/>
<flow id="car143" type="carType1" from="-gneE44" to="gneE51" begin="135" end="135" number="1"/>
<flow id="car144" type="carType0" from="gneE28" to="-gneE49" begin="135" end="135" number="1"/>
<flow id="car145" type="carType2" from="topleftD" to="-gneE37" begin="138" end="138" number="1"/>
<flow id="car146" type="carType0" from="gneE30" to="gneE9" begin="138" end="138" number="1"/>
<flow id="car147" type="carType1" from="gneE45" to="-gneE27" begin="142" end="142" number="1"/>
<flow id="car148" type="carType1" from="gneE9" to="gneE29" begin="144" end="144" number="1"/>
<flow id="car149" type="carType2" from="-gneE18" to="gneE21" begin="145" end="145" number="1"/>
<flow id="car150" type="carType1" from="gneE21" to="gneE18" begin="146" end="146" number="1"/>
<flow id="car151" type="carType2" from="-gneE8" to="gneE35" begin="146" end="146" number="1"/>
<flow id="car152" type="carType1" from="-gneE33" to="gneE28" begin="147" end="147" number="1"/>
<flow id="car153" type="carType2" from="bottomleftR" to="-gneE44" begin="153" end="153" number="1"/>
<flow id="car154" type="carType1" from="-gneE29" to="-gneE48" begin="154" end="154" number="1"/>
<flow id="car155" type="carType1" from="gneE21" to="gneE28" begin="154" end="154" number="1"/>
<flow id="car156" type="carType2" from="bottomrightU" to="gneE50" begin="154" end="154" number="1"/>
<flow id="car157" type="carType1" from="-gneE48" to="-gneE13" begin="156" end="156" number="1"/>
<flow id="car158" type="carType0" from="-gneE48" to="bottomrightL" begin="157" end="157" number="1"/>
<flow id="car159" type="carType2" from="-gneE13" to="-gneE51" begin="159" end="159" number="1"/>
<flow id="car160" type="carType0" from="gneE8" to="-gneE43" begin="161" end="161" number="1"/>
<flow id="car161" type="carType0" from="gneE45" to="-gneE8" begin="161" end="161" number="1"/>
<flow id="car162" type="carType0" from="bottomrightU" to="gneE9" begin="162" end="162" number="1"/>
<flow id="car163" type="carType0" from="-gneE42" to="topleftR" begin="165" end="165" number="1"/>
<flow id="car164" type="carType1" from="gneE27" to="-gneE33" begin="166" end="166" number="1"/>
<flow id="car165" type="carType1" from="gneE8" to="gneE21" begin="167" end="167" number="1"/>
<flow id="car166" type="carType2" from="-gneE27" to="gneE29" begin="167" end="167" number="1"/>
<flow id="car167" type="carType2" from="-gneE33" to="gneE22" begin="170" end="170" number="1"/>
<flow id="car168" type="carType1" from="-gneE37" to="gneE48" begin="171" end="171" number="1"/>
<flow id="car169" type="carType1" from="gneE48" to="gneE18" begin="172" end="172" number="1"/>
<flow id="car170" type="carType2" from="-gneE48" to="gneE34" begin="174" end="174" number="1"/>
<flow id="car171" type="carType0" from="-gneE37" to="gneE21" begin="174" end="174" number="1"/>
<flow id="car172" type="carType2" from="-gneE45" to="bottomleftR" begin="175" end="175" number="1"/>
<flow id="car173" type="carType1" from="-gneE7" to="-gneE37" begin="175" end="175" number="1"/>
<flow id="car174" type="carType0" from="gneE29" to="gneE27" begin="175" end="175" number="1"/>
<flow id="car175" type="carType1" from="topleftR" to="gneE45" begin="176" end="176" number="1"/>
<flow id="car176" type="carType2" from="-gneE29" to="gneE43" begin="177" end="177" number="1"/>
<flow id="car177" type="carType1" from="gneE27" to="-gneE48" begin="177" end="177" number="1"/>
<flow id="car178" type="carType2" from="gneE34" to="gneE34" begin="178" end="178" number="1"/>
<flow id="car179" type="carType0" from="gneE42" to="bottomleftU" begin="179" end="179" number="1"/>
<flow id="car180" type="carType0" from="gneE27" to="bottomleftU" begin="179" end="179" number="1"/>
<flow id="car181" type="carType0" from="gneE27" to="-gneE45" begin="180" end="180" number="1"/>
<flow id="car182" type="carType1" from="-gneE29" to="gneE35" begin="181" end="181" number="1"/>
<flow id="car183" type="carType2" from="gneE50" to="gneE8" begin="182" end="182" number="1"/>
<flow id="car184" type="carType2" from="gneE22" to="bottomrightU" begin="182" end="182" number="1"/>
<flow id="car185" type="carType1" from="-gneE21" to="bottomleftU" begin="184" end="184" number="1"/>
<flow id="car186" type="carType1" from="-gneE42" to="gneE44" begin="185" end="185" number="1"/>
<flow id="car187" type="carType0" from="gneE34" to="gneE21" begin="187" end="187" number="1"/>
<flow id="car188" type="carType2" from="gneE9" to="gneE9" begin="188" end="188" number="1"/>
<flow id="car189" type="carType1" from="gneE42" to="gneE50" begin="188" end="188" number="1"/>
<flow id="car190" type="carType0" from="bottomleftR" to="gneE29" begin="189" end="189" number="1"/>
<flow id="car191" type="carType1" from="-gneE45" to="-gneE13" begin="189" end="189" number="1"/>
<flow id="car192" type="carType0" from="gneE35" to="gneE29" begin="192" end="192" number="1"/>
<flow id="car193" type="carType0" from="gneE30" to="-gneE7" begin="192" end="192" number="1"/>
<flow id="car194" type="carType0" from="gneE35" to="topleftD" begin="193" end="193" number="1"/>
<flow id="car195" type="carType2" from="gneE22" to="gneE8" begin="194" end="194" number="1"/>
<flow id="car196" type="carType2" from="gneE51" to="-gneE29" begin="194" end="194" number="1"/>
<flow id="car197" type="carType0" from="gneE34" to="-gneE45" begin="196" end="196" number="1"/>
<flow id="car198" type="carType0" from="-gneE43" to="-gneE51" begin="196" end="196" number="1"/>
<flow id="car199" type="carType0" from="gneE18" to="gneE43" begin="197" end="197" number="1"/>
</routes>
