<routes>
<vType id="carType0" length="6" maxSpeed="54.68" accel="2.61" decel="6" speedDev="0.2" sigma="0.25"/>
<vType id="carType1" length="8" maxSpeed="49.54" accel="2.13" decel="5.36" speedDev="0.2" sigma="0.13"/>
<vType id="carType2" length="3" maxSpeed="52.17" accel="2.96" decel="5.92" speedDev="0.2" sigma="0.15"/>
<flow id="car0" type="carType1" from="-gneE34" to="gneE9" begin="0" end="0" number="1"/>
<flow id="car1" type="carType1" from="gneE50" to="-gneE21" begin="0" end="0" number="1"/>
<flow id="car2" type="carType0" from="gneE18" to="gneE34" begin="2" end="2" number="1"/>
<flow id="car3" type="carType1" from="bottomleftR" to="-gneE18" begin="3" end="3" number="1"/>
<flow id="car4" type="carType2" from="-gneE37" to="-gneE43" begin="3" end="3" number="1"/>
<flow id="car5" type="carType2" from="gneE49" to="-gneE33" begin="4" end="4" number="1"/>
<flow id="car6" type="carType1" from="-gneE13" to="bottomrightU" begin="4" end="4" number="1"/>
<flow id="car7" type="carType0" from="-gneE51" to="-gneE7" begin="4" end="4" number="1"/>
<flow id="car8" type="carType2" from="topleftR" to="-gneE28" begin="5" end="5" number="1"/>
<flow id="car9" type="carType0" from="-gneE21" to="-gneE48" begin="6" end="6" number="1"/>
<flow id="car10" type="carType2" from="-gneE21" to="gneE50" begin="8" end="8" number="1"/>
<flow id="car11" type="carType1" from="-gneE34" to="-gneE21" begin="8" end="8" number="1"/>
<flow id="car12" type="carType1" from="-gneE34" to="gneE27" begin="8" end="8" number="1"/>
<flow id="car13" type="carType0" from="gneE34" to="bottomrightU" begin="10" end="10" number="1"/>
<flow id="car14" type="carType0" from="bottomrightU" to="-gneE29" begin="14" end="14" number="1"/>
<flow id="car15" type="carType2" from="-gneE13" to="-gneE33" begin="15" end="15" number="1"/>
<flow id="car16" type="carType2" from="-gneE33" to="-gneE51" begin="16" end="16" number="1"/>
<flow id="car17" type="carType1" from="gneE8" to="-gneE18" begin="16" end="16" number="1"/>
<flow id="car18" type="carType0" from="gneE45" to="gneE45" begin="19" end="19" number="1"/>
<flow id="car19" type="carType2" from="gneE28" to="-gneE27" begin="22" end="22" number="1"/>
<flow id="car20" type="carType1" from="gneE18" to="-gneE37" begin="25" end="25" number="1"/>
<flow id="car21" type="carType0" from="toprightD" to="gneE9" begin="26" end="26" number="1"/>
<flow id="car22" type="carType1" from="gneE42" to="-gneE44" begin="28" end="28" number="1"/>
<flow id="car23" type="carType1" from="-gneE34" to="-gneE27" begin="29" end="29" number="1"/>
<flow id="car24" type="carType0" from="gneE45" to="bottomrightL" begin="30" end="30" number="1"/>
<flow id="car25" type="carType1" from="gneE35" to="-gneE7" begin="30" end="30" number="1"/>
<flow id="car26" type="carType1" from="gneE48" to="gneE37" begin="31" end="31" number="1"/>
<flow id="car27" type="carType0" from="gneE44" to="-gneE18" begin="32" end="32" number="1"/>
<flow id="car28" type="carType1" from="gneE51" to="gneE29" begin="32" end="32" number="1"/>
<flow id="car29" type="carType0" from="gneE35" to="-gneE49" begin="37" end="37" number="1"/>
<flow id="car30" type="carType1" from="-gneE7" to="topleftD" begin="38" end="38" number="1"/>
<flow id="car31" type="carType2" from="-gneE42" to="gneE49" begin="39" end="39" number="1"/>
<flow id="car32" type="carType2" from="-gneE44" to="gneE22" begin="39" end="39" number="1"/>
<flow id="car33" type="carType1" from="-gneE43" to="topleftD" begin="41" end="41" number="1"/>
<flow id="car34" type="carType2" from="-gneE8" to="-gneE48" begin="41" end="41" number="1"/>
<flow id="car35" type="carType2" from="topleftR" to="gneE42" begin="41" end="41" number="1"/>
<flow id="car36" type="carType2" from="gneE34" to="-gneE13" begin="42" end="42" number="1"/>
<flow id="car37" type="carType0" from="gneE28" to="-gneE29" begin="44" end="44" number="1"/>
<flow id="car38" type="carType1" from="toprightL" to="-gneE45" begin="49" end="49" number="1"/>
<flow id="car39" type="carType0" from="gneE21" to="-gneE29" begin="50" end="50" number="1"/>
<flow id="car40" type="carType2" from="gneE21" to="-gneE43" begin="50" end="50" number="1"/>
<flow id="car41" type="carType0" from="-gneE13" to="topleftD" begin="51" end="51" number="1"/>
<flow id="car42" type="carType0" from="bottomleftR" to="gneE50" begin="53" end="53" number="1"/>
<flow id="car43" type="carType1" from="gneE34" to="bottomleftU" begin="53" end="53" number="1"/>
<flow id="car44" type="carType1" from="-gneE37" to="-gneE27" begin="53" end="53" number="1"/>
<flow id="car45" type="carType1" from="-gneE27" to="-gneE28" begin="53" end="53" number="1"/>
<flow id="car46" type="carType0" from="-gneE29" to="gneE44" begin="55" end="55" number="1"/>
<flow id="car47" type="carType0" from="bottomrightU" to="-gneE42" begin="55" end="55" number="1"/>
<flow id="car48" type="carType0" from="gneE51" to="-gneE44" begin="55" end="55" number="1"/>
<flow id="car49" type="carType1" from="-gneE18" to="gneE22" begin="56" end="56" number="1"/>
<flow id="car50" type="carType2" from="-gneE50" to="gneE48" begin="56" end="56" number="1"/>
<flow id="car51" type="carType0" from="-gneE51" to="-gneE21" begin="56" end="56" number="1"/>
<flow id="car52" type="carType2" from="-gneE13" to="-gneE33" begin="56" end="56" number="1"/>
<flow id="car53" type="carType2" from="gneE34" to="-gneE33" begin="56" end="56" number="1"/>
<flow id="car54" type="carType0" from="-gneE43" to="bottomleftR" begin="58" end="58" number="1"/>
<flow id="car55" type="carType0" from="-gneE44" to="-gneE18" begin="59" end="59" number="1"/>
<flow id="car56" type="carType0" from="gneE43" to="gneE21" begin="59" end="59" number="1"/>
<flow id="car57" type="carType2" from="-gneE42" to="-gneE33" begin="59" end="59" number="1"/>
<flow id="car58" type="carType0" from="toprightL" to="bottomleftR" begin="61" end="61" number="1"/>
<flow id="car59" type="carType0" from="-gneE50" to="gneE28" begin="62" end="62" number="1"/>
<flow id="car60" type="carType2" from="gneE34" to="-gneE7" begin="63" end="63" number="1"/>
<flow id="car61" type="carType1" from="gneE43" to="gneE18" begin="63" end="63" number="1"/>
<flow id="car62" type="carType2" from="-gneE8" to="-gneE13" begin="64" end="64" number="1"/>
<flow id="car63" type="carType0" from="-gneE51" to="-gneE7" begin="65" end="65" number="1"/>
<flow id="car64" type="carType1" from="-gneE28" to="toprightL" begin="66" end="66" number="1"/>
<flow id="car65" type="carType0" from="gneE27" to="-gneE37" begin="67" end="67" number="1"/>
<flow id="car66" type="carType2" from="gneE49" to="-gneE50" begin="68" end="68" number="1"/>
<flow id="car67" type="carType1" from="gneE44" to="toprightD" begin="68" end="68" number="1"/>
<flow id="car68" type="carType0" from="gneE8" to="-gneE42" begin="69" end="69" number="1"/>
<flow id="car69" type="carType2" from="-gneE50" to="-gneE51" begin="69" end="69" number="1"/>
<flow id="car70" type="carType2" from="-gneE51" to="-gneE27" begin="70" end="70" number="1"/>
<flow id="car71" type="carType1" from="-gneE37" to="-gneE42" begin="72" end="72" number="1"/>
<flow id="car72" type="carType2" from="topleftR" to="gneE21" begin="74" end="74" number="1"/>
<flow id="car73" type="carType0" from="-gneE34" to="gneE29" begin="74" end="74" number="1"/>
<flow id="car74" type="carType1" from="-gneE37" to="-gneE50" begin="77" end="77" number="1"/>
<flow id="car75" type="carType1" from="gneE34" to="-gneE44" begin="77" end="77" number="1"/>
<flow id="car76" type="carType2" from="gneE37" to="-gneE49" begin="79" end="79" number="1"/>
<flow id="car77" type="carType1" from="gneE28" to="gneE43" begin="81" end="81" number="1"/>
<flow id="car78" type="carType0" from="-gneE33" to="-gneE29" begin="82" end="82" number="1"/>
<flow id="car79" type="carType1" from="gneE29" to="gneE29" begin="82" end="82" number="1"/>
<flow id="car80" type="carType2" from="bottomleftR" to="gneE42" begin="82" end="82" number="1"/>
<flow id="car81" type="carType1" from="-gneE27" to="toprightL" begin="85" end="85" number="1"/>
<flow id="car82" type="carType0" from="bottomleftR" to="-gneE13" begin="85" end="85" number="1"/>
<flow id="car83" type="carType2" from="gneE29" to="-gneE48" begin="85" end="85" number="1"/>
<flow id="car84" type="carType0" from="gneE45" to="gneE28" begin="86" end="86" number="1"/>
<flow id="car85" type="carType2" from="-gneE42" to="-gneE18" begin="87" end="87" number="1"/>
<flow id="car86" type="carType0" from="-gneE28" to="-gneE45" begin="89" end="89" number="1"/>
<flow id="car87" type="carType2" from="gneE18" to="gneE21" begin="89" end="89" number="1"/>
<flow id="car88" type="carType2" from="gneE42" to="gneE43" begin="90" end="90" number="1"/>
<flow id="car89" type="carType0" from="gneE35" to="toprightL" begin="90" end="90" number="1"/>
<flow id="car90" type="carType0" from="gneE28" to="gneE35" begin="91" end="91" number="1"/>
<flow id="car91" type="carType2" from="gneE48" to="gneE51" begin="91" end="91" number="1"/>
<flow id="car92" type="carType2" from="-gneE45" to="-gneE50" begin="93" end="93" number="1"/>
<flow id="car93" type="carType1" from="-gneE8" to="gneE21" begin="94" end="94" number="1"/>
<flow id="car94" type="carType0" from="gneE46" to="gneE22" begin="94" end="94" number="1"/>
<flow id="car95" type="carType0" from="-gneE50" to="-gneE33" begin="94" end="94" number="1"/>
<flow id="car96" type="carType1" from="-gneE29" to="toprightL" begin="95" end="95" number="1"/>
<flow id="car97" type="carType1" from="-gneE51" to="gneE50" begin="96" end="96" number="1"/>
<flow id="car98" type="carType2" from="bottomrightL" to="-gneE13" begin="97" end="97" number="1"/>
<flow id="car99" type="carType1" from="gneE48" to="gneE37" begin="99" end="99" number="1"/>
<flow id="car100" type="carType0" from="gneE30" to="toprightL" begin="101" end="101" number="1"/>
<flow id="car101" type="carType0" from="gneE27" to="gneE34" begin="105" end="105" number="1"/>
<flow id="car102" type="carType1" from="-gneE50" to="-gneE51" begin="106" end="106" number="1"/>
<flow id="car103" type="carType2" from="bottomrightU" to="gneE48" begin="107" end="107" number="1"/>
<flow id="car104" type="carType0" from="-gneE29" to="gneE49" begin="107" end="107" number="1"/>
<flow id="car105" type="carType1" from="bottomrightL" to="-gneE28" begin="108" end="108" number="1"/>
<flow id="car106" type="carType0" from="bottomleftR" to="gneE50" begin="108" end="108" number="1"/>
<flow id="car107" type="carType2" from="-gneE49" to="gneE42" begin="115" end="115" number="1"/>
<flow id="car108" type="carType2" from="gneE18" to="-gneE50" begin="116" end="116" number="1"/>
<flow id="car109" type="carType1" from="gneE28" to="-gneE48" begin="117" end="117" number="1"/>
<flow id="car110" type="carType2" from="gneE8" to="-gneE8" begin="117" end="117" number="1"/>
<flow id="car111" type="carType0" from="-gneE42" to="bottomrightL" begin="117" end="117" number="1"/>
<flow id="car112" type="carType2" from="-gneE34" to="bottomleftR" begin="118" end="118" number="1"/>
<flow id="car113" type="carType0" from="-gneE43" to="bottomleftR" begin="120" end="120" number="1"/>
<flow id="car114" type="carType1" from="gneE28" to="gneE49" begin="120" end="120" number="1"/>
<flow id="car115" type="carType2" from="-gneE13" to="bottomrightL" begin="122" end="122" number="1"/>
<flow id="car116" type="carType2" from="gneE43" to="-gneE33" begin="123" end="123" number="1"/>
<flow id="car117" type="carType1" from="gneE29" to="gneE42" begin="124" end="124" number="1"/>
<flow id="car118" type="carType2" from="toprightD" to="gneE50" begin="127" end="127" number="1"/>
<flow id="car119" type="carType2" from="-gneE27" to="-gneE42" begin="128" end="128" number="1"/>
<flow id="car120" type="carType0" from="-gneE45" to="gneE51" begin="130" end="130" number="1"/>
<flow id="car121" type="carType1" from="-gneE18" to="gneE27" begin="130" end="130" number="1"/>
<flow id="car122" type="carType0" from="gneE45" to="bottomrightL" begin="131" end="131" number="1"/>
<flow id="car123" type="carType0" from="-gneE27" to="-gneE27" begin="133" end="133" number="1"/>
<flow id="car124" type="carType1" from="gneE43" to="gneE37" begin="133" end="133" number="1"/>
<flow id="car125" type="carType1" from="gneE45" to="toprightL" begin="133" end="133" number="1"/>
<flow id="car126" type="carType2" from="toprightD" to="-gneE48" begin="134" end="134" number="1"/>
<flow id="car127" type="carType2" from="gneE46" to="gneE45" begin="136" end="136" number="1"/>
<flow id="car128" type="carType0" from="-gneE43" to="gneE27" begin="137" end="137" number="1"/>
<flow id="car129" type="carType2" from="gneE44" to="gneE43" begin="137" end="137" number="1"/>
<flow id="car130" type="carType2" from="gneE49" to="gneE37" begin="137" end="137" number="1"/>
<flow id="car131" type="carType1" from="-gneE29" to="bottomleftR" begin="140" end="140" number="1"/>
<flow id="car132" type="carType1" from="gneE48" to="-gneE37" begin="140" end="140" number="1"/>
<flow id="car133" type="carType2" from="-gneE48" to="-gneE51" begin="142" end="142" number="1"/>
<flow id="car134" type="carType2" from="topleftR" to="-gneE49" begin="142" end="142" number="1"/>
<flow id="car135" type="carType0" from="gneE18" to="gneE43" begin="143" end="143" number="1"/>
<flow id="car136" type="carType1" from="-gneE27" to="topleftD" begin="144" end="144" number="1"/>
<flow id="car137" type="carType2" from="-gneE51" to="gneE30" begin="145" end="145" number="1"/>
<flow id="car138" type="carType2" from="-gneE13" to="gneE21" begin="145" end="145" number="1"/>
<flow id="car139" type="carType1" from="topleftR" to="-gneE28" begin="146" end="146" number="1"/>
<flow id="car140" type="carType1" from="gneE48" to="gneE9" begin="146" end="146" number="1"/>
<flow id="car141" type="carType2" from="toprightD" to="bottomleftU" begin="147" end="147" number="1"/>
<flow id="car142" type="carType1" from="-gneE7" to="-gneE13" begin="147" end="147" number="1"/>
<flow id="car143" type="carType2" from="topleftR" to="-gneE7" begin="147" end="147" number="1"/>
<flow id="car144" type="carType1" from="-gneE13" to="bottomleftU" begin="148" end="148" number="1"/>
<flow id="car145" type="carType2" from="-gneE27" to="gneE8" begin="148" end="148" number="1"/>
<flow id="car146" type="carType0" from="gneE37" to="-gneE44" begin="149" end="149" number="1"/>
<flow id="car147" type="carType2" from="gneE34" to="-gneE27" begin="151" end="151" number="1"/>
<flow id="car148" type="carType2" from="gneE30" to="toprightL" begin="152" end="152" number="1"/>
<flow id="car149" type="carType1" from="gneE18" to="gneE46" begin="153" end="153" number="1"/>
<flow id="car150" type="carType1" from="bottomleftR" to="gneE22" begin="153" end="153" number="1"/>
<flow id="car151" type="carType1" from="-gneE49" to="-gneE21" begin="154" end="154" number="1"/>
<flow id="car152" type="carType2" from="topleftR" to="-gneE8" begin="156" end="156" number="1"/>
<flow id="car153" type="carType2" from="-gneE44" to="-gneE43" begin="156" end="156" number="1"/>
<flow id="car154" type="carType0" from="bottomrightU" to="gneE21" begin="157" end="157" number="1"/>
<flow id="car155" type="carType2" from="-gneE28" to="gneE8" begin="157" end="157" number="1"/>
<flow id="car156" type="carType1" from="gneE9" to="gneE34" begin="159" end="159" number="1"/>
<flow id="car157" type="carType2" from="-gneE28" to="gneE18" begin="159" end="159" number="1"/>
<flow id="car158" type="carType0" from="gneE21" to="gneE9" begin="159" end="159" number="1"/>
<flow id="car159" type="carType0" from="bottomleftU" to="-gneE50" begin="159" end="159" number="1"/>
<flow id="car160" type="carType1" from="gneE43" to="toprightL" begin="160" end="160" number="1"/>
<flow id="car161" type="carType0" from="-gneE33" to="-gneE7" begin="161" end="161" number="1"/>
<flow id="car162" type="carType0" from="-gneE37" to="gneE8" begin="161" end="161" number="1"/>
<flow id="car163" type="carType0" from="topleftR" to="-gneE42" begin="162" end="162" number="1"/>
<flow id="car164" type="carType0" from="gneE48" to="gneE45" begin="164" end="164" number="1"/>
<flow id="car165" type="carType2" from="topleftD" to="gneE45" begin="165" end="165" number="1"/>
<flow id="car166" type="carType2" from="-gneE13" to="gneE44" begin="169" end="169" number="1"/>
<flow id="car167" type="carType0" from="-gneE13" to="gneE29" begin="171" end="171" number="1"/>
<flow id="car168" type="carType1" from="gneE18" to="-gneE33" begin="173" end="173" number="1"/>
<flow id="car169" type="carType1" from="gneE29" to="-gneE42" begin="173" end="173" number="1"/>
<flow id="car170" type="carType1" from="-gneE49" to="gneE48" begin="174" end="174" number="1"/>
<flow id="car171" type="carType0" from="-gneE37" to="-gneE48" begin="174" end="174" number="1"/>
<flow id="car172" type="carType1" from="gneE9" to="-gneE44" begin="175" end="175" number="1"/>
<flow id="car173" type="carType0" from="gneE21" to="-gneE13" begin="176" end="176" number="1"/>
<flow id="car174" type="carType0" from="gneE34" to="gneE27" begin="176" end="176" number="1"/>
<flow id="car175" type="carType0" from="-gneE44" to="gneE21" begin="176" end="176" number="1"/>
<flow id="car176" type="carType0" from="-gneE29" to="-gneE50" begin="177" end="177" number="1"/>
<flow id="car177" type="carType2" from="-gneE45" to="-gneE29" begin="179" end="179" number="1"/>
<flow id="car178" type="carType2" from="gneE51" to="toprightL" begin="180" end="180" number="1"/>
<flow id="car179" type="carType2" from="gneE35" to="-gneE21" begin="183" end="183" number="1"/>
<flow id="car180" type="carType2" from="gneE35" to="-gneE21" begin="184" end="184" number="1"/>
<flow id="car181" type="carType2" from="toprightD" to="gneE18" begin="184" end="184" number="1"/>
<flow id="car182" type="carType2" from="gneE43" to="topleftR" begin="185" end="185" number="1"/>
<flow id="car183" type="carType1" from="-gneE34" to="gneE22" begin="186" end="186" number="1"/>
<flow id="car184" type="carType2" from="-gneE29" to="-gneE37" begin="186" end="186" number="1"/>
<flow id="car185" type="carType0" from="-gneE45" to="gneE51" begin="187" end="187" number="1"/>
<flow id="car186" type="carType2" from="gneE18" to="gneE28" begin="187" end="187" number="1"/>
<flow id="car187" type="carType2" from="bottomrightL" to="gneE29" begin="188" end="188" number="1"/>
<flow id="car188" type="carType2" from="-gneE18" to="-gneE49" begin="188" end="188" number="1"/>
<flow id="car189" type="carType0" from="gneE28" to="gneE18" begin="188" end="188" number="1"/>
<flow id="car190" type="carType1" from="-gneE8" to="-gneE43" begin="190" end="190" number="1"/>
<flow id="car191" type="carType2" from="gneE35" to="gneE45" begin="190" end="190" number="1"/>
<flow id="car192" type="carType1" from="gneE46" to="gneE49" begin="190" end="190" number="1"/>
<flow id="car193" type="carType0" from="-gneE49" to="-gneE48" begin="191" end="191" number="1"/>
<flow id="car194" type="carType0" from="-gneE48" to="gneE48" begin="192" end="192" number="1"/>
<flow id="car195" type="carType2" from="-gneE7" to="-gneE27" begin="193" end="193" number="1"/>
<flow id="car196" type="carType2" from="bottomleftR" to="-gneE51" begin="194" end="194" number="1"/>
<flow id="car197" type="carType0" from="-gneE29" to="gneE46" begin="197" end="197" number="1"/>
<flow id="car198" type="carType0" from="-gneE51" to="-gneE29" begin="198" end="198" number="1"/>
<flow id="car199" type="carType2" from="bottomleftU" to="toprightL" begin="199" end="199" number="1"/>
</routes>
