<routes>
<vType id="carType0" length="5" maxSpeed="55.09" accel="2.02" decel="4.51" speedDev="0.2" sigma="0.15"/>
<vType id="carType1" length="4" maxSpeed="49.06" accel="2.74" decel="5.96" speedDev="0.2" sigma="0.24"/>
<vType id="carType2" length="3" maxSpeed="53.61" accel="2.88" decel="4.79" speedDev="0.2" sigma="0.12"/>
<flow id="car0" type="carType2" from="bottomrightU" to="-gneE48" begin="0" end="0" number="1"/>
<flow id="car1" type="carType0" from="toprightL" to="gneE18" begin="2" end="2" number="1"/>
<flow id="car2" type="carType2" from="-gneE51" to="gneE51" begin="2" end="2" number="1"/>
<flow id="car3" type="carType1" from="gneE42" to="-gneE13" begin="2" end="2" number="1"/>
<flow id="car4" type="carType0" from="-gneE51" to="gneE29" begin="2" end="2" number="1"/>
<flow id="car5" type="carType1" from="gneE34" to="gneE50" begin="2" end="2" number="1"/>
<flow id="car6" type="carType0" from="gneE27" to="-gneE7" begin="3" end="3" number="1"/>
<flow id="car7" type="carType1" from="gneE22" to="-gneE18" begin="3" end="3" number="1"/>
<flow id="car8" type="carType0" from="gneE29" to="-gneE7" begin="4" end="4" number="1"/>
<flow id="car9" type="carType2" from="bottomleftU" to="gneE42" begin="4" end="4" number="1"/>
<flow id="car10" type="carType0" from="bottomrightL" to="gneE50" begin="5" end="5" number="1"/>
<flow id="car11" type="carType1" from="gneE48" to="gneE46" begin="7" end="7" number="1"/>
<flow id="car12" type="carType1" from="gneE28" to="-gneE44" begin="7" end="7" number="1"/>
<flow id="car13" type="carType1" from="-gneE18" to="bottomleftR" begin="10" end="10" number="1"/>
<flow id="car14" type="carType0" from="gneE37" to="gneE51" begin="10" end="10" number="1"/>
<flow id="car15" type="carType1" from="-gneE29" to="gneE29" begin="12" end="12" number="1"/>
<flow id="car16" type="carType0" from="toprightL" to="gneE29" begin="13" end="13" number="1"/>
<flow id="car17" type="carType2" from="-gneE50" to="gneE44" begin="13" end="13" number="1"/>
<flow id="car18" type="carType1" from="gneE8" to="bottomrightU" begin="14" end="14" number="1"/>
<flow id="car19" type="carType1" from="gneE49" to="topleftD" begin="14" end="14" number="1"/>
<flow id="car20" type="carType2" from="bottomrightU" to="gneE42" begin="14" end="14" number="1"/>
<flow id="car21" type="carType1" from="gneE30" to="-gneE8" begin="19" end="19" number="1"/>
<flow id="car22" type="carType1" from="-gneE49" to="gneE43" begin="20" end="20" number="1"/>
<flow id="car23" type="carType1" from="-gneE28" to="bottomrightL" begin="21" end="21" number="1"/>
<flow id="car24" type="carType0" from="gneE37" to="gneE45" begin="22" end="22" number="1"/>
<flow id="car25" type="carType0" from="-gneE28" to="-gneE49" begin="22" end="22" number="1"/>
<flow id="car26" type="carType1" from="bottomleftR" to="gneE34" begin="23" end="23" number="1"/>
<flow id="car27" type="carType1" from="gneE18" to="-gneE18" begin="24" end="24" number="1"/>
<flow id="car28" type="carType0" from="-gneE49" to="-gneE45" begin="29" end="29" number="1"/>
<flow id="car29" type="carType1" from="gneE8" to="gneE9" begin="31" end="31" number="1"/>
<flow id="car30" type="carType1" from="-gneE48" to="gneE49" begin="34" end="34" number="1"/>
<flow id="car31" type="carType0" from="gneE42" to="gneE28" begin="35" end="35" number="1"/>
<flow id="car32" type="carType1" from="gneE43" to="gneE45" begin="35" end="35" number="1"/>
<flow id="car33" type="carType0" from="gneE37" to="-gneE29" begin="37" end="37" number="1"/>
<flow id="car34" type="carType0" from="-gneE34" to="-gneE48" begin="37" end="37" number="1"/>
<flow id="car35" type="carType2" from="bottomleftU" to="bottomleftR" begin="39" end="39" number="1"/>
<flow id="car36" type="carType0" from="-gneE49" to="gneE50" begin="40" end="40" number="1"/>
<flow id="car37" type="carType1" from="gneE28" to="-gneE51" begin="42" end="42" number="1"/>
<flow id="car38" type="carType2" from="-gneE8" to="gneE22" begin="42" end="42" number="1"/>
<flow id="car39" type="carType1" from="-gneE13" to="-gneE34" begin="43" end="43" number="1"/>
<flow id="car40" type="carType2" from="gneE29" to="-gneE50" begin="43" end="43" number="1"/>
<flow id="car41" type="carType0" from="topleftR" to="gneE51" begin="44" end="44" number="1"/>
<flow id="car42" type="carType2" from="toprightD" to="-gneE37" begin="47" end="47" number="1"/>
<flow id="car43" type="carType0" from="bottomrightU" to="gneE21" begin="47" end="47" number="1"/>
<flow id="car44" type="carType1" from="bottomleftR" to="gneE37" begin="47" end="47" number="1"/>
<flow id="car45" type="carType2" from="toprightD" to="toprightL" begin="48" end="48" number="1"/>
<flow id="car46" type="carType2" from="toprightL" to="gneE42" begin="48" end="48" number="1"/>
<flow id="car47" type="carType1" from="toprightL" to="gneE34" begin="49" end="49" number="1"/>
<flow id="car48" type="carType0" from="gneE51" to="bottomleftU" begin="50" end="50" number="1"/>
<flow id="car49" type="carType2" from="gneE35" to="gneE27" begin="51" end="51" number="1"/>
<flow id="car50" type="carType1" from="gneE34" to="gneE45" begin="54" end="54" number="1"/>
<flow id="car51" type="carType2" from="-gneE37" to="gneE29" begin="55" end="55" number="1"/>
<flow id="car52" type="carType1" from="-gneE43" to="toprightL" begin="55" end="55" number="1"/>
<flow id="car53" type="carType1" from="gneE42" to="bottomrightU" begin="56" end="56" number="1"/>
<flow id="car54" type="carType1" from="-gneE7" to="gneE22" begin="57" end="57" number="1"/>
<flow id="car55" type="carType1" from="-gneE27" to="-gneE49" begin="58" end="58" number="1"/>
<flow id="car56" type="carType2" from="-gneE7" to="-gneE48" begin="59" end="59" number="1"/>
<flow id="car57" type="carType1" from="gneE21" to="gneE35" begin="61" end="61" number="1"/>
<flow id="car58" type="carType2" from="-gneE42" to="gneE37" begin="63" end="63" number="1"/>
<flow id="car59" type="carType1" from="gneE30" to="-gneE34" begin="63" end="63" number="1"/>
<flow id="car60" type="carType2" from="gneE8" to="-gneE18" begin="63" end="63" number="1"/>
<flow id="car61" type="carType0" from="gneE45" to="bottomleftU" begin="64" end="64" number="1"/>
<flow id="car62" type="carType2" from="gneE9" to="gneE30" begin="66" end="66" number="1"/>
<flow id="car63" type="carType2" from="toprightD" to="gneE34" begin="66" end="66" number="1"/>
<flow id="car64" type="carType0" from="-gneE44" to="gneE34" begin="67" end="67" number="1"/>
<flow id="car65" type="carType0" from="gneE42" to="gneE8" begin="67" end="67" number="1"/>
<flow id="car66" type="carType2" from="gneE43" to="-gneE51" begin="68" end="68" number="1"/>
<flow id="car67" type="carType0" from="bottomrightL" to="-gneE13" begin="69" end="69" number="1"/>
<flow id="car68" type="carType1" from="gneE42" to="gneE50" begin="70" end="70" number="1"/>
<flow id="car69" type="carType2" from="-gneE28" to="gneE42" begin="71" end="71" number="1"/>
<flow id="car70" type="carType2" from="-gneE44" to="-gneE13" begin="71" end="71" number="1"/>
<flow id="car71" type="carType2" from="-gneE7" to="gneE46" begin="73" end="73" number="1"/>
<flow id="car72" type="carType1" from="gneE9" to="gneE37" begin="73" end="73" number="1"/>
<flow id="car73" type="carType0" from="-gneE28" to="gneE22" begin="74" end="74" number="1"/>
<flow id="car74" type="carType1" from="gneE46" to="-gneE21" begin="75" end="75" number="1"/>
<flow id="car75" type="carType1" from="bottomrightU" to="gneE44" begin="75" end="75" number="1"/>
<flow id="car76" type="carType0" from="-gneE27" to="-gneE43" begin="76" end="76" number="1"/>
<flow id="car77" type="carType1" from="gneE9" to="gneE34" begin="77" end="77" number="1"/>
<flow id="car78" type="carType2" from="-gneE7" to="bottomrightL" begin="78" end="78" number="1"/>
<flow id="car79" type="carType2" from="gneE34" to="gneE45" begin="78" end="78" number="1"/>
<flow id="car80" type="carType2" from="-gneE13" to="-gneE37" begin="79" end="79" number="1"/>
<flow id="car81" type="carType2" from="-gneE51" to="gneE29" begin="80" end="80" number="1"/>
<flow id="car82" type="carType0" from="-gneE51" to="gneE30" begin="80" end="80" number="1"/>
<flow id="car83" type="carType1" from="gneE18" to="-gneE34" begin="80" end="80" number="1"/>
<flow id="car84" type="carType0" from="-gneE21" to="-gneE37" begin="84" end="84" number="1"/>
<flow id="car85" type="carType0" from="-gneE42" to="gneE46" begin="86" end="86" number="1"/>
<flow id="car86" type="carType1" from="-gneE37" to="-gneE34" begin="86" end="86" number="1"/>
<flow id="car87" type="carType0" from="gneE22" to="-gneE37" begin="87" end="87" number="1"/>
<flow id="car88" type="carType1" from="-gneE49" to="-gneE45" begin="88" end="88" number="1"/>
<flow id="car89" type="carType0" from="-gneE27" to="gneE30" begin="89" end="89" number="1"/>
<flow id="car90" type="carType1" from="gneE37" to="toprightD" begin="89" end="89" number="1"/>
<flow id="car91" type="carType2" from="-gneE27" to="-gneE34" begin="89" end="89" number="1"/>
<flow id="car92" type="carType0" from="-gneE8" to="-gneE37" begin="90" end="90" number="1"/>
<flow id="car93" type="carType2" from="gneE46" to="topleftR" begin="91" end="91" number="1"/>
<flow id="car94" type="carType0" from="-gneE42" to="gneE45" begin="93" end="93" number="1"/>
<flow id="car95" type="carType1" from="gneE42" to="-gneE13" begin="95" end="95" number="1"/>
<flow id="car96" type="carType0" from="-gneE27" to="topleftR" begin="97" end="97" number="1"/>
<flow id="car97" type="carType1" from="gneE30" to="-gneE49" begin="98" end="98" number="1"/>
<flow id="car98" type="carType1" from="gneE51" to="-gneE50" begin="99" end="99" number="1"/>
<flow id="car99" type="carType2" from="gneE34" to="-gneE7" begin="103" end="103" number="1"/>
<flow id="car100" type="carType0" from="gneE29" to="bottomrightL" begin="105" end="105" number="1"/>
<flow id="car101" type="carType0" from="gneE42" to="-gneE7" begin="109" end="109" number="1"/>
<flow id="car102" type="carType0" from="gneE34" to="-gneE18" begin="110" end="110" number="1"/>
<flow id="car103" type="carType0" from="-gneE43" to="gneE42" begin="111" end="111" number="1"/>
<flow id="car104" type="carType0" from="gneE34" to="bottomrightU" begin="112" end="112" number="1"/>
<flow id="car105" type="carType0" from="gneE42" to="gneE50" begin="114" end="114" number="1"/>
<flow id="car106" type="carType2" from="-gneE33" to="gneE45" begin="114" end="114" number="1"/>
<flow id="car107" type="carType1" from="bottomrightL" to="gneE35" begin="115" end="115" number="1"/>
<flow id="car108" type="carType2" from="gneE34" to="-gneE34" begin="115" end="115" number="1"/>
<flow id="car109" type="carType2" from="gneE46" to="-gneE33" begin="117" end="117" number="1"/>
<flow id="car110" type="carType2" from="-gneE13" to="-gneE28" begin="118" end="118" number="1"/>
<flow id="car111" type="carType1" from="-gneE49" to="-gneE33" begin="120" end="120" number="1"/>
<flow id="car112" type="carType1" from="gneE43" to="-gneE13" begin="121" end="121" number="1"/>
<flow id="car113" type="carType1" from="gneE22" to="gneE44" begin="122" end="122" number="1"/>
<flow id="car114" type="carType1" from="gneE8" to="gneE34" begin="123" end="123" number="1"/>
<flow id="car115" type="carType1" from="bottomrightU" to="gneE21" begin="124" end="124" number="1"/>
<flow id="car116" type="carType0" from="toprightD" to="toprightD" begin="125" end="125" number="1"/>
<flow id="car117" type="carType1" from="gneE43" to="-gneE43" begin="126" end="126" number="1"/>
<flow id="car118" type="carType2" from="-gneE28" to="gneE9" begin="128" end="128" number="1"/>
<flow id="car119" type="carType2" from="bottomrightL" to="-gneE45" begin="129" end="129" number="1"/>
<flow id="car120" type="carType1" from="gneE18" to="-gneE29" begin="129" end="129" number="1"/>
<flow id="car121" type="carType1" from="gneE30" to="gneE49" begin="130" end="130" number="1"/>
<flow id="car122" type="carType2" from="-gneE33" to="gneE44" begin="131" end="131" number="1"/>
<flow id="car123" type="carType1" from="-gneE13" to="gneE37" begin="131" end="131" number="1"/>
<flow id="car124" type="carType0" from="gneE8" to="-gneE44" begin="131" end="131" number="1"/>
<flow id="car125" type="carType0" from="-gneE34" to="gneE21" begin="134" end="134" number="1"/>
<flow id="car126" type="carType0" from="gneE44" to="bottomleftR" begin="135" end="135" number="1"/>
<flow id="car127" type="carType1" from="gneE45" to="-gneE21" begin="136" end="136" number="1"/>
<flow id="car128" type="carType0" from="-gneE13" to="-gneE27" begin="136" end="136" number="1"/>
<flow id="car129" type="carType2" from="toprightD" to="toprightD" begin="138" end="138" number="1"/>
<flow id="car130" type="carType0" from="gneE29" to="gneE44" begin="139" end="139" number="1"/>
<flow id="car131" type="carType0" from="bottomrightL" to="-gneE48" begin="142" end="142" number="1"/>
<flow id="car132" type="carType2" from="gneE43" to="toprightL" begin="142" end="142" number="1"/>
<flow id="car133" type="carType2" from="-gneE8" to="gneE48" begin="143" end="143" number="1"/>
<flow id="car134" type="carType0" from="gneE27" to="-gneE27" begin="143" end="143" number="1"/>
<flow id="car135" type="carType2" from="gneE51" to="-gneE50" begin="143" end="143" number="1"/>
<flow id="car136" type="carType1" from="gneE22" to="-gneE13" begin="145" end="145" number="1"/>
<flow id="car137" type="carType0" from="gneE18" to="-gneE45" begin="145" end="145" number="1"/>
<flow id="car138" type="carType0" from="gneE37" to="-gneE51" begin="146" end="146" number="1"/>
<flow id="car139" type="carType0" from="bottomrightL" to="-gneE18" begin="146" end="146" number="1"/>
<flow id="car140" type="carType1" from="-gneE8" to="gneE44" begin="146" end="146" number="1"/>
<flow id="car141" type="carType1" from="-gneE29" to="gneE9" begin="147" end="147" number="1"/>
<flow id="car142" type="carType1" from="gneE30" to="gneE35" begin="150" end="150" number="1"/>
<flow id="car143" type="carType0" from="-gneE50" to="gneE51" begin="150" end="150" number="1"/>
<flow id="car144" type="carType1" from="-gneE51" to="gneE21" begin="150" end="150" number="1"/>
<flow id="car145" type="carType1" from="gneE22" to="gneE46" begin="150" end="150" number="1"/>
<flow id="car146" type="carType1" from="-gneE45" to="gneE44" begin="155" end="155" number="1"/>
<flow id="car147" type="carType0" from="gneE18" to="gneE21" begin="155" end="155" number="1"/>
<flow id="car148" type="carType0" from="-gneE50" to="gneE9" begin="157" end="157" number="1"/>
<flow id="car149" type="carType2" from="gneE50" to="topleftR" begin="158" end="158" number="1"/>
<flow id="car150" type="carType1" from="gneE50" to="-gneE43" begin="158" end="158" number="1"/>
<flow id="car151" type="carType2" from="-gneE18" to="topleftR" begin="158" end="158" number="1"/>
<flow id="car152" type="carType1" from="topleftR" to="-gneE28" begin="162" end="162" number="1"/>
<flow id="car153" type="carType2" from="gneE28" to="gneE45" begin="162" end="162" number="1"/>
<flow id="car154" type="carType1" from="-gneE45" to="bottomrightL" begin="163" end="163" number="1"/>
<flow id="car155" type="carType2" from="-gneE28" to="-gneE18" begin="163" end="163" number="1"/>
<flow id="car156" type="carType1" from="-gneE29" to="bottomleftR" begin="164" end="164" number="1"/>
<flow id="car157" type="carType1" from="gneE35" to="bottomrightL" begin="164" end="164" number="1"/>
<flow id="car158" type="carType2" from="gneE34" to="-gneE8" begin="166" end="166" number="1"/>
<flow id="car159" type="carType1" from="-gneE43" to="-gneE45" begin="167" end="167" number="1"/>
<flow id="car160" type="carType2" from="gneE37" to="-gneE29" begin="170" end="170" number="1"/>
<flow id="car161" type="carType1" from="-gneE8" to="-gneE34" begin="170" end="170" number="1"/>
<flow id="car162" type="carType2" from="-gneE43" to="gneE48" begin="170" end="170" number="1"/>
<flow id="car163" type="carType2" from="gneE21" to="topleftD" begin="171" end="171" number="1"/>
<flow id="car164" type="carType0" from="-gneE28" to="gneE30" begin="173" end="173" number="1"/>
<flow id="car165" type="carType2" from="-gneE43" to="gneE21" begin="175" end="175" number="1"/>
<flow id="car166" type="carType0" from="topleftR" to="gneE9" begin="176" end="176" number="1"/>
<flow id="car167" type="carType2" from="-gneE50" to="-gneE34" begin="178" end="178" number="1"/>
<flow id="car168" type="carType0" from="gneE43" to="gneE34" begin="178" end="178" number="1"/>
<flow id="car169" type="carType0" from="gneE34" to="-gneE21" begin="180" end="180" number="1"/>
<flow id="car170" type="carType2" from="-gneE33" to="bottomrightU" begin="181" end="181" number="1"/>
<flow id="car171" type="carType1" from="-gneE18" to="gneE51" begin="181" end="181" number="1"/>
<flow id="car172" type="carType0" from="gneE46" to="gneE37" begin="182" end="182" number="1"/>
<flow id="car173" type="carType0" from="toprightD" to="-gneE28" begin="183" end="183" number="1"/>
<flow id="car174" type="carType0" from="gneE30" to="gneE46" begin="183" end="183" number="1"/>
<flow id="car175" type="carType1" from="gneE9" to="bottomleftU" begin="184" end="184" number="1"/>
<flow id="car176" type="carType0" from="bottomleftR" to="gneE48" begin="184" end="184" number="1"/>
<flow id="car177" type="carType0" from="-gneE8" to="-gneE50" begin="184" end="184" number="1"/>
<flow id="car178" type="carType2" from="-gneE8" to="-gneE7" begin="184" end="184" number="1"/>
<flow id="car179" type="carType2" from="gneE22" to="-gneE43" begin="186" end="186" number="1"/>
<flow id="car180" type="carType0" from="topleftD" to="-gneE28" begin="186" end="186" number="1"/>
<flow id="car181" type="carType0" from="bottomleftR" to="gneE37" begin="186" end="186" number="1"/>
<flow id="car182" type="carType0" from="-gneE13" to="gneE45" begin="186" end="186" number="1"/>
<flow id="car183" type="carType1" from="-gneE27" to="gneE8" begin="186" end="186" number="1"/>
<flow id="car184" type="carType2" from="gneE46" to="gneE49" begin="187" end="187" number="1"/>
<flow id="car185" type="carType0" from="gneE51" to="gneE43" begin="187" end="187" number="1"/>
<flow id="car186" type="carType1" from="toprightL" to="-gneE18" begin="187" end="187" number="1"/>
<flow id="car187" type="carType1" from="gneE44" to="gneE49" begin="187" end="187" number="1"/>
<flow id="car188" type="carType2" from="gneE30" to="gneE18" begin="188" end="188" number="1"/>
<flow id="car189" type="carType1" from="-gneE49" to="gneE46" begin="190" end="190" number="1"/>
<flow id="car190" type="carType2" from="gneE42" to="bottomleftR" begin="190" end="190" number="1"/>
<flow id="car191" type="carType0" from="-gneE51" to="gneE50" begin="190" end="190" number="1"/>
<flow id="car192" type="carType1" from="-gneE45" to="-gneE49" begin="192" end="192" number="1"/>
<flow id="car193" type="carType0" from="bottomleftU" to="-gneE45" begin="192" end="192" number="1"/>
<flow id="car194" type="carType2" from="-gneE27" to="gneE9" begin="195" end="195" number="1"/>
<flow id="car195" type="carType0" from="gneE51" to="bottomleftU" begin="195" end="195" number="1"/>
<flow id="car196" type="carType2" from="gneE37" to="topleftR" begin="196" end="196" number="1"/>
<flow id="car197" type="carType2" from="gneE43" to="-gneE33" begin="196" end="196" number="1"/>
<flow id="car198" type="carType1" from="topleftR" to="gneE43" begin="197" end="197" number="1"/>
<flow id="car199" type="carType1" from="gneE37" to="topleftR" begin="197" end="197" number="1"/>
</routes>
