<routes>
<vType id="carType0" length="7" maxSpeed="41.77" accel="2.41" decel="4.8" speedDev="0.2" sigma="0.23"/>
<vType id="carType1" length="7" maxSpeed="42.97" accel="3" decel="4.44" speedDev="0.2" sigma="0.18"/>
<vType id="carType2" length="9" maxSpeed="59.75" accel="2.88" decel="4.23" speedDev="0.2" sigma="0.2"/>
<flow id="car0" type="carType2" from="bottomrightU" to="-gneE34" begin="0" end="0" number="1"/>
<flow id="car1" type="carType1" from="gneE42" to="bottomrightU" begin="1" end="1" number="1"/>
<flow id="car2" type="carType0" from="-gneE45" to="gneE8" begin="1" end="1" number="1"/>
<flow id="car3" type="carType2" from="topleftR" to="-gneE43" begin="3" end="3" number="1"/>
<flow id="car4" type="carType1" from="-gneE43" to="-gneE48" begin="6" end="6" number="1"/>
<flow id="car5" type="carType1" from="gneE34" to="bottomrightU" begin="6" end="6" number="1"/>
<flow id="car6" type="carType1" from="gneE27" to="-gneE21" begin="10" end="10" number="1"/>
<flow id="car7" type="carType1" from="-gneE43" to="-gneE33" begin="11" end="11" number="1"/>
<flow id="car8" type="carType1" from="bottomrightL" to="-gneE42" begin="11" end="11" number="1"/>
<flow id="car9" type="carType1" from="gneE29" to="toprightD" begin="12" end="12" number="1"/>
<flow id="car10" type="carType1" from="-gneE49" to="topleftD" begin="13" end="13" number="1"/>
<flow id="car11" type="carType1" from="-gneE28" to="-gneE42" begin="13" end="13" number="1"/>
<flow id="car12" type="carType0" from="-gneE34" to="gneE45" begin="13" end="13" number="1"/>
<flow id="car13" type="carType2" from="-gneE50" to="-gneE21" begin="15" end="15" number="1"/>
<flow id="car14" type="carType2" from="gneE8" to="gneE35" begin="17" end="17" number="1"/>
<flow id="car15" type="carType0" from="bottomrightU" to="gneE46" begin="19" end="19" number="1"/>
<flow id="car16" type="carType2" from="gneE51" to="gneE9" begin="21" end="21" number="1"/>
<flow id="car17" type="carType0" from="gneE45" to="gneE29" begin="22" end="22" number="1"/>
<flow id="car18" type="carType1" from="gneE27" to="topleftD" begin="22" end="22" number="1"/>
<flow id="car19" type="carType1" from="-gneE8" to="gneE18" begin="25" end="25" number="1"/>
<flow id="car20" type="carType0" from="-gneE43" to="-gneE43" begin="25" end="25" number="1"/>
<flow id="car21" type="carType2" from="gneE35" to="gneE49" begin="27" end="27" number="1"/>
<flow id="car22" type="carType2" from="gneE46" to="-gneE48" begin="27" end="27" number="1"/>
<flow id="car23" type="carType0" from="gneE30" to="topleftR" begin="27" end="27" number="1"/>
<flow id="car24" type="carType0" from="-gneE48" to="-gneE42" begin="28" end="28" number="1"/>
<flow id="car25" type="carType0" from="gneE35" to="gneE43" begin="28" end="28" number="1"/>
<flow id="car26" type="carType1" from="-gneE27" to="gneE42" begin="29" end="29" number="1"/>
<flow id="car27" type="carType2" from="gneE29" to="gneE27" begin="30" end="30" number="1"/>
<flow id="car28" type="carType1" from="-gneE34" to="gneE45" begin="33" end="33" number="1"/>
<flow id="car29" type="carType0" from="-gneE42" to="gneE48" begin="33" end="33" number="1"/>
<flow id="car30" type="carType2" from="-gneE21" to="-gneE27" begin="34" end="34" number="1"/>
<flow id="car31" type="carType2" from="gneE42" to="-gneE8" begin="34" end="34" number="1"/>
<flow id="car32" type="carType2" from="-gneE51" to="bottomrightU" begin="35" end="35" number="1"/>
<flow id="car33" type="carType2" from="gneE29" to="bottomleftR" begin="35" end="35" number="1"/>
<flow id="car34" type="carType0" from="bottomleftR" to="-gneE49" begin="37" end="37" number="1"/>
<flow id="car35" type="carType2" from="-gneE18" to="-gneE18" begin="39" end="39" number="1"/>
<flow id="car36" type="carType0" from="topleftR" to="topleftR" begin="40" end="40" number="1"/>
<flow id="car37" type="carType1" from="bottomleftR" to="gneE46" begin="42" end="42" number="1"/>
<flow id="car38" type="carType0" from="-gneE34" to="gneE27" begin="43" end="43" number="1"/>
<flow id="car39" type="carType0" from="-gneE51" to="-gneE18" begin="43" end="43" number="1"/>
<flow id="car40" type="carType1" from="bottomleftR" to="gneE46" begin="45" end="45" number="1"/>
<flow id="car41" type="carType1" from="-gneE8" to="-gneE33" begin="46" end="46" number="1"/>
<flow id="car42" type="carType2" from="-gneE21" to="-gneE50" begin="47" end="47" number="1"/>
<flow id="car43" type="carType0" from="-gneE42" to="-gneE18" begin="48" end="48" number="1"/>
<flow id="car44" type="carType0" from="-gneE50" to="-gneE37" begin="48" end="48" number="1"/>
<flow id="car45" type="carType2" from="-gneE44" to="-gneE13" begin="50" end="50" number="1"/>
<flow id="car46" type="carType1" from="gneE8" to="bottomrightL" begin="50" end="50" number="1"/>
<flow id="car47" type="carType2" from="gneE49" to="gneE29" begin="50" end="50" number="1"/>
<flow id="car48" type="carType0" from="gneE45" to="gneE8" begin="51" end="51" number="1"/>
<flow id="car49" type="carType0" from="bottomrightL" to="-gneE29" begin="51" end="51" number="1"/>
<flow id="car50" type="carType2" from="toprightL" to="-gneE44" begin="51" end="51" number="1"/>
<flow id="car51" type="carType0" from="-gneE50" to="-gneE33" begin="56" end="56" number="1"/>
<flow id="car52" type="carType1" from="-gneE42" to="-gneE13" begin="56" end="56" number="1"/>
<flow id="car53" type="carType1" from="toprightD" to="-gneE42" begin="57" end="57" number="1"/>
<flow id="car54" type="carType0" from="gneE37" to="gneE27" begin="59" end="59" number="1"/>
<flow id="car55" type="carType0" from="gneE50" to="bottomleftR" begin="60" end="60" number="1"/>
<flow id="car56" type="carType0" from="-gneE49" to="gneE34" begin="61" end="61" number="1"/>
<flow id="car57" type="carType2" from="bottomrightL" to="gneE22" begin="61" end="61" number="1"/>
<flow id="car58" type="carType1" from="topleftD" to="gneE18" begin="62" end="62" number="1"/>
<flow id="car59" type="carType1" from="gneE48" to="gneE37" begin="63" end="63" number="1"/>
<flow id="car60" type="carType1" from="gneE30" to="gneE51" begin="65" end="65" number="1"/>
<flow id="car61" type="carType0" from="bottomleftR" to="topleftR" begin="65" end="65" number="1"/>
<flow id="car62" type="carType0" from="-gneE8" to="-gneE27" begin="66" end="66" number="1"/>
<flow id="car63" type="carType0" from="-gneE44" to="-gneE29" begin="67" end="67" number="1"/>
<flow id="car64" type="carType0" from="toprightL" to="gneE42" begin="68" end="68" number="1"/>
<flow id="car65" type="carType0" from="gneE9" to="toprightL" begin="70" end="70" number="1"/>
<flow id="car66" type="carType1" from="topleftR" to="topleftD" begin="70" end="70" number="1"/>
<flow id="car67" type="carType1" from="bottomrightL" to="-gneE51" begin="74" end="74" number="1"/>
<flow id="car68" type="carType1" from="-gneE50" to="-gneE44" begin="74" end="74" number="1"/>
<flow id="car69" type="carType0" from="gneE9" to="-gneE44" begin="75" end="75" number="1"/>
<flow id="car70" type="carType0" from="gneE18" to="gneE30" begin="76" end="76" number="1"/>
<flow id="car71" type="carType1" from="-gneE45" to="gneE28" begin="79" end="79" number="1"/>
<flow id="car72" type="carType1" from="-gneE48" to="bottomrightU" begin="81" end="81" number="1"/>
<flow id="car73" type="carType1" from="-gneE50" to="gneE30" begin="81" end="81" number="1"/>
<flow id="car74" type="carType2" from="gneE30" to="gneE30" begin="82" end="82" number="1"/>
<flow id="car75" type="carType2" from="-gneE37" to="gneE28" begin="84" end="84" number="1"/>
<flow id="car76" type="carType1" from="gneE34" to="gneE37" begin="84" end="84" number="1"/>
<flow id="car77" type="carType2" from="topleftD" to="bottomleftU" begin="86" end="86" number="1"/>
<flow id="car78" type="carType0" from="gneE42" to="topleftR" begin="89" end="89" number="1"/>
<flow id="car79" type="carType0" from="gneE37" to="gneE9" begin="91" end="91" number="1"/>
<flow id="car80" type="carType2" from="-gneE37" to="bottomleftR" begin="91" end="91" number="1"/>
<flow id="car81" type="carType2" from="-gneE42" to="gneE51" begin="93" end="93" number="1"/>
<flow id="car82" type="carType0" from="-gneE34" to="-gneE34" begin="95" end="95" number="1"/>
<flow id="car83" type="carType2" from="gneE27" to="bottomrightU" begin="95" end="95" number="1"/>
<flow id="car84" type="carType1" from="toprightL" to="bottomleftU" begin="95" end="95" number="1"/>
<flow id="car85" type="carType0" from="gneE29" to="-gneE8" begin="96" end="96" number="1"/>
<flow id="car86" type="carType0" from="gneE22" to="gneE45" begin="97" end="97" number="1"/>
<flow id="car87" type="carType0" from="topleftD" to="toprightL" begin="98" end="98" number="1"/>
<flow id="car88" type="carType2" from="bottomrightL" to="-gneE28" begin="100" end="100" number="1"/>
<flow id="car89" type="carType0" from="gneE49" to="-gneE37" begin="101" end="101" number="1"/>
<flow id="car90" type="carType2" from="-gneE48" to="gneE18" begin="101" end="101" number="1"/>
<flow id="car91" type="carType2" from="-gneE34" to="-gneE48" begin="101" end="101" number="1"/>
<flow id="car92" type="carType0" from="-gneE8" to="gneE46" begin="102" end="102" number="1"/>
<flow id="car93" type="carType2" from="gneE51" to="topleftD" begin="103" end="103" number="1"/>
<flow id="car94" type="carType2" from="gneE29" to="gneE37" begin="103" end="103" number="1"/>
<flow id="car95" type="carType2" from="gneE46" to="-gneE8" begin="104" end="104" number="1"/>
<flow id="car96" type="carType0" from="gneE34" to="gneE42" begin="106" end="106" number="1"/>
<flow id="car97" type="carType2" from="-gneE8" to="topleftR" begin="107" end="107" number="1"/>
<flow id="car98" type="carType0" from="-gneE7" to="gneE9" begin="107" end="107" number="1"/>
<flow id="car99" type="carType1" from="gneE27" to="-gneE49" begin="109" end="109" number="1"/>
<flow id="car100" type="carType0" from="topleftR" to="-gneE51" begin="109" end="109" number="1"/>
<flow id="car101" type="carType0" from="gneE42" to="gneE22" begin="111" end="111" number="1"/>
<flow id="car102" type="carType0" from="toprightL" to="toprightL" begin="112" end="112" number="1"/>
<flow id="car103" type="carType1" from="gneE51" to="toprightD" begin="114" end="114" number="1"/>
<flow id="car104" type="carType1" from="gneE8" to="gneE51" begin="116" end="116" number="1"/>
<flow id="car105" type="carType1" from="-gneE13" to="bottomleftR" begin="117" end="117" number="1"/>
<flow id="car106" type="carType0" from="-gneE29" to="-gneE51" begin="117" end="117" number="1"/>
<flow id="car107" type="carType2" from="-gneE34" to="-gneE28" begin="117" end="117" number="1"/>
<flow id="car108" type="carType2" from="-gneE50" to="-gneE28" begin="117" end="117" number="1"/>
<flow id="car109" type="carType2" from="gneE34" to="gneE27" begin="117" end="117" number="1"/>
<flow id="car110" type="carType0" from="bottomleftU" to="-gneE48" begin="118" end="118" number="1"/>
<flow id="car111" type="carType1" from="-gneE7" to="-gneE27" begin="119" end="119" number="1"/>
<flow id="car112" type="carType2" from="-gneE21" to="gneE42" begin="119" end="119" number="1"/>
<flow id="car113" type="carType2" from="gneE46" to="gneE22" begin="119" end="119" number="1"/>
<flow id="car114" type="carType2" from="-gneE8" to="gneE35" begin="121" end="121" number="1"/>
<flow id="car115" type="carType1" from="bottomleftU" to="gneE34" begin="122" end="122" number="1"/>
<flow id="car116" type="carType1" from="bottomrightU" to="-gneE49" begin="123" end="123" number="1"/>
<flow id="car117" type="carType2" from="-gneE18" to="gneE46" begin="124" end="124" number="1"/>
<flow id="car118" type="carType1" from="gneE34" to="bottomleftR" begin="124" end="124" number="1"/>
<flow id="car119" type="carType2" from="toprightD" to="-gneE21" begin="125" end="125" number="1"/>
<flow id="car120" type="carType2" from="gneE8" to="gneE43" begin="125" end="125" number="1"/>
<flow id="car121" type="carType0" from="-gneE42" to="-gneE33" begin="126" end="126" number="1"/>
<flow id="car122" type="carType2" from="gneE44" to="-gneE43" begin="126" end="126" number="1"/>
<flow id="car123" type="carType2" from="gneE34" to="gneE49" begin="129" end="129" number="1"/>
<flow id="car124" type="carType2" from="gneE48" to="-gneE27" begin="132" end="132" number="1"/>
<flow id="car125" type="carType0" from="gneE51" to="gneE29" begin="134" end="134" number="1"/>
<flow id="car126" type="carType1" from="-gneE42" to="gneE18" begin="135" end="135" number="1"/>
<flow id="car127" type="carType1" from="-gneE44" to="gneE8" begin="136" end="136" number="1"/>
<flow id="car128" type="carType2" from="gneE28" to="gneE29" begin="136" end="136" number="1"/>
<flow id="car129" type="carType2" from="toprightL" to="gneE46" begin="139" end="139" number="1"/>
<flow id="car130" type="carType1" from="-gneE21" to="-gneE28" begin="141" end="141" number="1"/>
<flow id="car131" type="carType0" from="-gneE13" to="gneE28" begin="141" end="141" number="1"/>
<flow id="car132" type="carType0" from="gneE44" to="gneE27" begin="141" end="141" number="1"/>
<flow id="car133" type="carType2" from="-gneE37" to="gneE34" begin="142" end="142" number="1"/>
<flow id="car134" type="carType2" from="gneE43" to="toprightL" begin="142" end="142" number="1"/>
<flow id="car135" type="carType1" from="gneE29" to="-gneE34" begin="142" end="142" number="1"/>
<flow id="car136" type="carType0" from="-gneE21" to="-gneE45" begin="143" end="143" number="1"/>
<flow id="car137" type="carType1" from="gneE48" to="bottomleftU" begin="144" end="144" number="1"/>
<flow id="car138" type="carType1" from="-gneE49" to="gneE44" begin="147" end="147" number="1"/>
<flow id="car139" type="carType0" from="-gneE48" to="gneE49" begin="148" end="148" number="1"/>
<flow id="car140" type="carType2" from="-gneE50" to="-gneE29" begin="149" end="149" number="1"/>
<flow id="car141" type="carType1" from="gneE49" to="gneE43" begin="150" end="150" number="1"/>
<flow id="car142" type="carType1" from="gneE48" to="-gneE8" begin="151" end="151" number="1"/>
<flow id="car143" type="carType0" from="bottomrightU" to="-gneE18" begin="152" end="152" number="1"/>
<flow id="car144" type="carType2" from="-gneE13" to="-gneE27" begin="154" end="154" number="1"/>
<flow id="car145" type="carType1" from="gneE29" to="gneE8" begin="156" end="156" number="1"/>
<flow id="car146" type="carType0" from="gneE21" to="bottomleftR" begin="156" end="156" number="1"/>
<flow id="car147" type="carType2" from="bottomleftU" to="gneE35" begin="157" end="157" number="1"/>
<flow id="car148" type="carType2" from="-gneE50" to="topleftD" begin="157" end="157" number="1"/>
<flow id="car149" type="carType2" from="gneE46" to="gneE35" begin="157" end="157" number="1"/>
<flow id="car150" type="carType0" from="-gneE43" to="gneE43" begin="159" end="159" number="1"/>
<flow id="car151" type="carType0" from="gneE49" to="-gneE13" begin="162" end="162" number="1"/>
<flow id="car152" type="carType1" from="-gneE49" to="toprightD" begin="163" end="163" number="1"/>
<flow id="car153" type="carType1" from="toprightD" to="gneE37" begin="166" end="166" number="1"/>
<flow id="car154" type="carType2" from="-gneE21" to="gneE35" begin="166" end="166" number="1"/>
<flow id="car155" type="carType0" from="bottomleftU" to="gneE29" begin="169" end="169" number="1"/>
<flow id="car156" type="carType0" from="gneE27" to="topleftR" begin="170" end="170" number="1"/>
<flow id="car157" type="carType0" from="-gneE27" to="gneE43" begin="170" end="170" number="1"/>
<flow id="car158" type="carType1" from="-gneE43" to="-gneE21" begin="170" end="170" number="1"/>
<flow id="car159" type="carType0" from="-gneE44" to="-gneE29" begin="171" end="171" number="1"/>
<flow id="car160" type="carType2" from="-gneE49" to="gneE8" begin="171" end="171" number="1"/>
<flow id="car161" type="carType0" from="-gneE13" to="bottomrightL" begin="172" end="172" number="1"/>
<flow id="car162" type="carType2" from="toprightD" to="topleftR" begin="173" end="173" number="1"/>
<flow id="car163" type="carType0" from="gneE45" to="gneE29" begin="173" end="173" number="1"/>
<flow id="car164" type="carType0" from="gneE21" to="gneE27" begin="175" end="175" number="1"/>
<flow id="car165" type="carType2" from="gneE28" to="-gneE18" begin="176" end="176" number="1"/>
<flow id="car166" type="carType0" from="gneE9" to="bottomrightL" begin="177" end="177" number="1"/>
<flow id="car167" type="carType1" from="-gneE51" to="-gneE51" begin="177" end="177" number="1"/>
<flow id="car168" type="carType1" from="-gneE44" to="-gneE13" begin="177" end="177" number="1"/>
<flow id="car169" type="carType0" from="gneE42" to="topleftR" begin="178" end="178" number="1"/>
<flow id="car170" type="carType1" from="-gneE45" to="gneE46" begin="179" end="179" number="1"/>
<flow id="car171" type="carType0" from="gneE51" to="bottomleftU" begin="179" end="179" number="1"/>
<flow id="car172" type="carType1" from="gneE22" to="-gneE27" begin="182" end="182" number="1"/>
<flow id="car173" type="carType2" from="-gneE7" to="-gneE37" begin="182" end="182" number="1"/>
<flow id="car174" type="carType2" from="gneE49" to="gneE37" begin="182" end="182" number="1"/>
<flow id="car175" type="carType0" from="gneE49" to="gneE8" begin="182" end="182" number="1"/>
<flow id="car176" type="carType0" from="-gneE8" to="gneE34" begin="183" end="183" number="1"/>
<flow id="car177" type="carType2" from="-gneE37" to="gneE43" begin="183" end="183" number="1"/>
<flow id="car178" type="carType2" from="bottomrightU" to="-gneE13" begin="184" end="184" number="1"/>
<flow id="car179" type="carType2" from="gneE28" to="gneE48" begin="184" end="184" number="1"/>
<flow id="car180" type="carType1" from="-gneE49" to="gneE35" begin="184" end="184" number="1"/>
<flow id="car181" type="carType2" from="-gneE45" to="bottomrightL" begin="185" end="185" number="1"/>
<flow id="car182" type="carType1" from="gneE49" to="-gneE34" begin="185" end="185" number="1"/>
<flow id="car183" type="carType0" from="-gneE51" to="-gneE49" begin="186" end="186" number="1"/>
<flow id="car184" type="carType0" from="-gneE34" to="topleftR" begin="187" end="187" number="1"/>
<flow id="car185" type="carType1" from="gneE22" to="gneE18" begin="187" end="187" number="1"/>
<flow id="car186" type="carType0" from="topleftD" to="-gneE7" begin="187" end="187" number="1"/>
<flow id="car187" type="carType0" from="-gneE49" to="gneE45" begin="189" end="189" number="1"/>
<flow id="car188" type="carType1" from="-gneE48" to="-gneE50" begin="189" end="189" number="1"/>
<flow id="car189" type="carType0" from="gneE34" to="gneE51" begin="191" end="191" number="1"/>
<flow id="car190" type="carType1" from="toprightL" to="gneE30" begin="192" end="192" number="1"/>
<flow id="car191" type="carType1" from="gneE48" to="-gneE49" begin="193" end="193" number="1"/>
<flow id="car192" type="carType0" from="gneE51" to="-gneE43" begin="194" end="194" number="1"/>
<flow id="car193" type="carType1" from="-gneE49" to="-gneE33" begin="194" end="194" number="1"/>
<flow id="car194" type="carType2" from="-gneE48" to="gneE8" begin="194" end="194" number="1"/>
<flow id="car195" type="carType2" from="gneE35" to="gneE45" begin="195" end="195" number="1"/>
<flow id="car196" type="carType2" from="-gneE42" to="-gneE18" begin="195" end="195" number="1"/>
<flow id="car197" type="carType0" from="gneE49" to="toprightL" begin="196" end="196" number="1"/>
<flow id="car198" type="carType0" from="gneE37" to="bottomleftU" begin="198" end="198" number="1"/>
<flow id="car199" type="carType1" from="-gneE13" to="gneE50" begin="199" end="199" number="1"/>
</routes>
