<routes>
<vType id="carType0" length="6" maxSpeed="40.44" accel="2.13" decel="4.33" speedDev="0.2" sigma="0.22"/>
<vType id="carType1" length="3" maxSpeed="43.54" accel="2.34" decel="5.05" speedDev="0.2" sigma="0.28"/>
<vType id="carType2" length="9" maxSpeed="55.81" accel="2.6" decel="5.81" speedDev="0.2" sigma="0.24"/>
<flow id="car0" type="carType0" from="gneE48" to="gneE18" begin="0" end="0" number="1"/>
<flow id="car1" type="carType1" from="gneE49" to="gneE29" begin="3" end="3" number="1"/>
<flow id="car2" type="carType0" from="-gneE45" to="-gneE33" begin="5" end="5" number="1"/>
<flow id="car3" type="carType1" from="-gneE45" to="bottomrightU" begin="5" end="5" number="1"/>
<flow id="car4" type="carType1" from="bottomrightU" to="gneE29" begin="5" end="5" number="1"/>
<flow id="car5" type="carType0" from="-gneE18" to="-gneE29" begin="8" end="8" number="1"/>
<flow id="car6" type="carType2" from="gneE51" to="gneE37" begin="12" end="12" number="1"/>
<flow id="car7" type="carType1" from="bottomleftR" to="gneE42" begin="14" end="14" number="1"/>
<flow id="car8" type="carType0" from="topleftR" to="gneE29" begin="15" end="15" number="1"/>
<flow id="car9" type="carType2" from="gneE42" to="gneE30" begin="17" end="17" number="1"/>
<flow id="car10" type="carType2" from="toprightL" to="gneE46" begin="17" end="17" number="1"/>
<flow id="car11" type="carType1" from="gneE27" to="bottomleftU" begin="18" end="18" number="1"/>
<flow id="car12" type="carType1" from="-gneE51" to="gneE30" begin="19" end="19" number="1"/>
<flow id="car13" type="carType1" from="gneE50" to="gneE21" begin="21" end="21" number="1"/>
<flow id="car14" type="carType0" from="-gneE27" to="-gneE33" begin="22" end="22" number="1"/>
<flow id="car15" type="carType1" from="-gneE34" to="gneE48" begin="22" end="22" number="1"/>
<flow id="car16" type="carType1" from="-gneE49" to="bottomleftU" begin="22" end="22" number="1"/>
<flow id="car17" type="carType2" from="gneE49" to="-gneE51" begin="23" end="23" number="1"/>
<flow id="car18" type="carType0" from="-gneE43" to="-gneE42" begin="25" end="25" number="1"/>
<flow id="car19" type="carType2" from="-gneE49" to="-gneE33" begin="25" end="25" number="1"/>
<flow id="car20" type="carType2" from="gneE28" to="gneE21" begin="26" end="26" number="1"/>
<flow id="car21" type="carType1" from="toprightL" to="-gneE44" begin="26" end="26" number="1"/>
<flow id="car22" type="carType0" from="-gneE29" to="-gneE27" begin="26" end="26" number="1"/>
<flow id="car23" type="carType0" from="topleftR" to="gneE30" begin="27" end="27" number="1"/>
<flow id="car24" type="carType1" from="-gneE21" to="bottomrightU" begin="27" end="27" number="1"/>
<flow id="car25" type="carType2" from="toprightL" to="-gneE34" begin="27" end="27" number="1"/>
<flow id="car26" type="carType0" from="-gneE42" to="gneE49" begin="28" end="28" number="1"/>
<flow id="car27" type="carType2" from="-gneE49" to="gneE48" begin="29" end="29" number="1"/>
<flow id="car28" type="carType0" from="-gneE42" to="-gneE34" begin="29" end="29" number="1"/>
<flow id="car29" type="carType2" from="-gneE34" to="toprightL" begin="30" end="30" number="1"/>
<flow id="car30" type="carType0" from="-gneE29" to="gneE21" begin="30" end="30" number="1"/>
<flow id="car31" type="carType2" from="-gneE7" to="gneE34" begin="32" end="32" number="1"/>
<flow id="car32" type="carType1" from="gneE37" to="-gneE18" begin="32" end="32" number="1"/>
<flow id="car33" type="carType2" from="gneE50" to="-gneE48" begin="32" end="32" number="1"/>
<flow id="car34" type="carType2" from="-gneE33" to="gneE30" begin="33" end="33" number="1"/>
<flow id="car35" type="carType1" from="gneE44" to="gneE21" begin="34" end="34" number="1"/>
<flow id="car36" type="carType2" from="-gneE44" to="-gneE29" begin="36" end="36" number="1"/>
<flow id="car37" type="carType0" from="-gneE33" to="topleftD" begin="37" end="37" number="1"/>
<flow id="car38" type="carType1" from="gneE42" to="-gneE50" begin="37" end="37" number="1"/>
<flow id="car39" type="carType2" from="toprightL" to="-gneE29" begin="39" end="39" number="1"/>
<flow id="car40" type="carType0" from="-gneE44" to="gneE9" begin="39" end="39" number="1"/>
<flow id="car41" type="carType2" from="topleftR" to="-gneE37" begin="40" end="40" number="1"/>
<flow id="car42" type="carType2" from="-gneE8" to="bottomleftR" begin="43" end="43" number="1"/>
<flow id="car43" type="carType0" from="-gneE37" to="gneE51" begin="43" end="43" number="1"/>
<flow id="car44" type="carType0" from="gneE34" to="-gneE42" begin="44" end="44" number="1"/>
<flow id="car45" type="carType1" from="topleftR" to="gneE45" begin="47" end="47" number="1"/>
<flow id="car46" type="carType2" from="-gneE21" to="-gneE13" begin="47" end="47" number="1"/>
<flow id="car47" type="carType0" from="-gneE33" to="-gneE42" begin="47" end="47" number="1"/>
<flow id="car48" type="carType2" from="-gneE8" to="-gneE49" begin="48" end="48" number="1"/>
<flow id="car49" type="carType0" from="bottomleftR" to="gneE29" begin="48" end="48" number="1"/>
<flow id="car50" type="carType2" from="gneE44" to="bottomleftU" begin="49" end="49" number="1"/>
<flow id="car51" type="carType1" from="gneE18" to="topleftD" begin="50" end="50" number="1"/>
<flow id="car52" type="carType2" from="gneE37" to="-gneE18" begin="53" end="53" number="1"/>
<flow id="car53" type="carType1" from="-gneE42" to="gneE37" begin="53" end="53" number="1"/>
<flow id="car54" type="carType0" from="toprightL" to="bottomleftR" begin="55" end="55" number="1"/>
<flow id="car55" type="carType0" from="gneE50" to="-gneE50" begin="56" end="56" number="1"/>
<flow id="car56" type="carType1" from="-gneE37" to="toprightL" begin="57" end="57" number="1"/>
<flow id="car57" type="carType0" from="gneE44" to="-gneE51" begin="58" end="58" number="1"/>
<flow id="car58" type="carType2" from="-gneE44" to="-gneE42" begin="58" end="58" number="1"/>
<flow id="car59" type="carType0" from="toprightD" to="toprightD" begin="59" end="59" number="1"/>
<flow id="car60" type="carType2" from="-gneE42" to="gneE27" begin="59" end="59" number="1"/>
<flow id="car61" type="carType2" from="-gneE18" to="-gneE37" begin="59" end="59" number="1"/>
<flow id="car62" type="carType2" from="-gneE37" to="-gneE8" begin="62" end="62" number="1"/>
<flow id="car63" type="carType2" from="gneE43" to="topleftR" begin="62" end="62" number="1"/>
<flow id="car64" type="carType1" from="gneE45" to="gneE50" begin="63" end="63" number="1"/>
<flow id="car65" type="carType2" from="-gneE43" to="-gneE51" begin="63" end="63" number="1"/>
<flow id="car66" type="carType0" from="gneE21" to="bottomleftU" begin="64" end="64" number="1"/>
<flow id="car67" type="carType1" from="gneE48" to="-gneE42" begin="64" end="64" number="1"/>
<flow id="car68" type="carType0" from="-gneE28" to="gneE22" begin="64" end="64" number="1"/>
<flow id="car69" type="carType1" from="-gneE43" to="-gneE8" begin="65" end="65" number="1"/>
<flow id="car70" type="carType1" from="gneE30" to="-gneE8" begin="68" end="68" number="1"/>
<flow id="car71" type="carType0" from="-gneE44" to="gneE44" begin="68" end="68" number="1"/>
<flow id="car72" type="carType1" from="gneE34" to="topleftD" begin="69" end="69" number="1"/>
<flow id="car73" type="carType0" from="-gneE7" to="-gneE18" begin="70" end="70" number="1"/>
<flow id="car74" type="carType0" from="bottomleftR" to="gneE8" begin="70" end="70" number="1"/>
<flow id="car75" type="carType1" from="gneE8" to="-gneE37" begin="71" end="71" number="1"/>
<flow id="car76" type="carType1" from="gneE30" to="-gneE13" begin="71" end="71" number="1"/>
<flow id="car77" type="carType1" from="gneE30" to="-gneE48" begin="72" end="72" number="1"/>
<flow id="car78" type="carType0" from="gneE18" to="gneE34" begin="73" end="73" number="1"/>
<flow id="car79" type="carType1" from="gneE8" to="-gneE43" begin="73" end="73" number="1"/>
<flow id="car80" type="carType0" from="-gneE33" to="-gneE7" begin="73" end="73" number="1"/>
<flow id="car81" type="carType2" from="gneE45" to="gneE8" begin="75" end="75" number="1"/>
<flow id="car82" type="carType0" from="-gneE8" to="-gneE34" begin="76" end="76" number="1"/>
<flow id="car83" type="carType2" from="-gneE34" to="-gneE48" begin="77" end="77" number="1"/>
<flow id="car84" type="carType2" from="-gneE33" to="topleftD" begin="78" end="78" number="1"/>
<flow id="car85" type="carType1" from="gneE51" to="bottomrightU" begin="79" end="79" number="1"/>
<flow id="car86" type="carType1" from="-gneE42" to="gneE8" begin="81" end="81" number="1"/>
<flow id="car87" type="carType1" from="gneE43" to="-gneE27" begin="83" end="83" number="1"/>
<flow id="car88" type="carType2" from="toprightD" to="-gneE13" begin="85" end="85" number="1"/>
<flow id="car89" type="carType2" from="gneE43" to="gneE37" begin="85" end="85" number="1"/>
<flow id="car90" type="carType0" from="gneE45" to="gneE27" begin="88" end="88" number="1"/>
<flow id="car91" type="carType0" from="gneE29" to="gneE50" begin="88" end="88" number="1"/>
<flow id="car92" type="carType0" from="gneE34" to="-gneE49" begin="89" end="89" number="1"/>
<flow id="car93" type="carType0" from="gneE37" to="gneE42" begin="90" end="90" number="1"/>
<flow id="car94" type="carType0" from="gneE27" to="-gneE8" begin="94" end="94" number="1"/>
<flow id="car95" type="carType2" from="gneE28" to="-gneE42" begin="95" end="95" number="1"/>
<flow id="car96" type="carType2" from="topleftR" to="-gneE43" begin="95" end="95" number="1"/>
<flow id="car97" type="carType2" from="gneE43" to="gneE43" begin="97" end="97" number="1"/>
<flow id="car98" type="carType2" from="-gneE48" to="toprightL" begin="97" end="97" number="1"/>
<flow id="car99" type="carType0" from="topleftD" to="topleftD" begin="99" end="99" number="1"/>
<flow id="car100" type="carType0" from="-gneE44" to="bottomrightL" begin="100" end="100" number="1"/>
<flow id="car101" type="carType2" from="-gneE51" to="gneE28" begin="101" end="101" number="1"/>
<flow id="car102" type="carType2" from="toprightL" to="-gneE33" begin="101" end="101" number="1"/>
<flow id="car103" type="carType0" from="-gneE29" to="-gneE51" begin="101" end="101" number="1"/>
<flow id="car104" type="carType2" from="gneE43" to="topleftR" begin="102" end="102" number="1"/>
<flow id="car105" type="carType2" from="gneE27" to="gneE48" begin="103" end="103" number="1"/>
<flow id="car106" type="carType0" from="gneE28" to="gneE27" begin="103" end="103" number="1"/>
<flow id="car107" type="carType2" from="gneE29" to="-gneE8" begin="104" end="104" number="1"/>
<flow id="car108" type="carType0" from="topleftD" to="-gneE49" begin="105" end="105" number="1"/>
<flow id="car109" type="carType2" from="gneE49" to="gneE48" begin="105" end="105" number="1"/>
<flow id="car110" type="carType1" from="gneE8" to="gneE22" begin="105" end="105" number="1"/>
<flow id="car111" type="carType0" from="-gneE27" to="-gneE42" begin="105" end="105" number="1"/>
<flow id="car112" type="carType1" from="-gneE18" to="bottomrightU" begin="105" end="105" number="1"/>
<flow id="car113" type="carType1" from="gneE18" to="gneE34" begin="108" end="108" number="1"/>
<flow id="car114" type="carType1" from="toprightD" to="gneE46" begin="108" end="108" number="1"/>
<flow id="car115" type="carType2" from="gneE34" to="gneE43" begin="108" end="108" number="1"/>
<flow id="car116" type="carType0" from="-gneE18" to="gneE37" begin="108" end="108" number="1"/>
<flow id="car117" type="carType2" from="topleftR" to="gneE21" begin="109" end="109" number="1"/>
<flow id="car118" type="carType2" from="gneE42" to="gneE9" begin="111" end="111" number="1"/>
<flow id="car119" type="carType2" from="-gneE29" to="-gneE50" begin="112" end="112" number="1"/>
<flow id="car120" type="carType1" from="gneE27" to="topleftD" begin="113" end="113" number="1"/>
<flow id="car121" type="carType1" from="gneE37" to="bottomrightL" begin="114" end="114" number="1"/>
<flow id="car122" type="carType2" from="gneE48" to="-gneE51" begin="116" end="116" number="1"/>
<flow id="car123" type="carType0" from="gneE22" to="gneE34" begin="121" end="121" number="1"/>
<flow id="car124" type="carType1" from="gneE50" to="gneE48" begin="121" end="121" number="1"/>
<flow id="car125" type="carType0" from="gneE45" to="-gneE27" begin="122" end="122" number="1"/>
<flow id="car126" type="carType1" from="gneE50" to="gneE50" begin="122" end="122" number="1"/>
<flow id="car127" type="carType1" from="gneE50" to="-gneE48" begin="122" end="122" number="1"/>
<flow id="car128" type="carType0" from="-gneE49" to="-gneE33" begin="122" end="122" number="1"/>
<flow id="car129" type="carType2" from="gneE30" to="gneE8" begin="122" end="122" number="1"/>
<flow id="car130" type="carType0" from="gneE42" to="gneE8" begin="124" end="124" number="1"/>
<flow id="car131" type="carType1" from="gneE22" to="gneE35" begin="125" end="125" number="1"/>
<flow id="car132" type="carType2" from="-gneE29" to="topleftD" begin="128" end="128" number="1"/>
<flow id="car133" type="carType0" from="-gneE28" to="gneE51" begin="128" end="128" number="1"/>
<flow id="car134" type="carType0" from="gneE28" to="-gneE7" begin="129" end="129" number="1"/>
<flow id="car135" type="carType0" from="gneE35" to="gneE9" begin="129" end="129" number="1"/>
<flow id="car136" type="carType1" from="bottomrightL" to="gneE49" begin="131" end="131" number="1"/>
<flow id="car137" type="carType2" from="gneE28" to="-gneE43" begin="132" end="132" number="1"/>
<flow id="car138" type="carType2" from="-gneE50" to="bottomleftR" begin="133" end="133" number="1"/>
<flow id="car139" type="carType0" from="bottomleftU" to="gneE48" begin="135" end="135" number="1"/>
<flow id="car140" type="carType2" from="-gneE44" to="-gneE21" begin="135" end="135" number="1"/>
<flow id="car141" type="carType0" from="-gneE50" to="gneE27" begin="136" end="136" number="1"/>
<flow id="car142" type="carType0" from="-gneE42" to="-gneE42" begin="137" end="137" number="1"/>
<flow id="car143" type="carType2" from="bottomrightU" to="-gneE21" begin="139" end="139" number="1"/>
<flow id="car144" type="carType0" from="gneE49" to="gneE43" begin="139" end="139" number="1"/>
<flow id="car145" type="carType1" from="gneE51" to="gneE45" begin="139" end="139" number="1"/>
<flow id="car146" type="carType2" from="-gneE7" to="-gneE43" begin="141" end="141" number="1"/>
<flow id="car147" type="carType0" from="-gneE49" to="gneE27" begin="141" end="141" number="1"/>
<flow id="car148" type="carType2" from="gneE46" to="-gneE49" begin="143" end="143" number="1"/>
<flow id="car149" type="carType1" from="-gneE33" to="gneE28" begin="144" end="144" number="1"/>
<flow id="car150" type="carType1" from="-gneE21" to="gneE46" begin="145" end="145" number="1"/>
<flow id="car151" type="carType1" from="gneE50" to="gneE21" begin="146" end="146" number="1"/>
<flow id="car152" type="carType0" from="-gneE29" to="gneE44" begin="151" end="151" number="1"/>
<flow id="car153" type="carType1" from="-gneE28" to="-gneE18" begin="152" end="152" number="1"/>
<flow id="car154" type="carType1" from="-gneE51" to="-gneE51" begin="153" end="153" number="1"/>
<flow id="car155" type="carType1" from="gneE27" to="-gneE21" begin="153" end="153" number="1"/>
<flow id="car156" type="carType1" from="gneE8" to="-gneE51" begin="154" end="154" number="1"/>
<flow id="car157" type="carType2" from="gneE37" to="gneE48" begin="155" end="155" number="1"/>
<flow id="car158" type="carType0" from="gneE21" to="bottomleftR" begin="155" end="155" number="1"/>
<flow id="car159" type="carType1" from="gneE46" to="gneE34" begin="156" end="156" number="1"/>
<flow id="car160" type="carType1" from="gneE50" to="-gneE13" begin="157" end="157" number="1"/>
<flow id="car161" type="carType0" from="gneE43" to="gneE51" begin="158" end="158" number="1"/>
<flow id="car162" type="carType0" from="-gneE44" to="-gneE48" begin="160" end="160" number="1"/>
<flow id="car163" type="carType2" from="gneE51" to="toprightL" begin="160" end="160" number="1"/>
<flow id="car164" type="carType2" from="-gneE50" to="-gneE21" begin="161" end="161" number="1"/>
<flow id="car165" type="carType0" from="-gneE27" to="gneE30" begin="161" end="161" number="1"/>
<flow id="car166" type="carType1" from="gneE51" to="gneE27" begin="162" end="162" number="1"/>
<flow id="car167" type="carType0" from="-gneE49" to="-gneE21" begin="163" end="163" number="1"/>
<flow id="car168" type="carType2" from="toprightD" to="toprightL" begin="163" end="163" number="1"/>
<flow id="car169" type="carType0" from="-gneE49" to="gneE43" begin="164" end="164" number="1"/>
<flow id="car170" type="carType2" from="-gneE45" to="gneE50" begin="165" end="165" number="1"/>
<flow id="car171" type="carType1" from="-gneE51" to="topleftR" begin="166" end="166" number="1"/>
<flow id="car172" type="carType1" from="-gneE50" to="bottomleftU" begin="172" end="172" number="1"/>
<flow id="car173" type="carType1" from="-gneE49" to="-gneE34" begin="172" end="172" number="1"/>
<flow id="car174" type="carType1" from="gneE43" to="-gneE33" begin="176" end="176" number="1"/>
<flow id="car175" type="carType2" from="gneE46" to="gneE46" begin="176" end="176" number="1"/>
<flow id="car176" type="carType2" from="topleftD" to="gneE42" begin="177" end="177" number="1"/>
<flow id="car177" type="carType0" from="-gneE37" to="-gneE18" begin="179" end="179" number="1"/>
<flow id="car178" type="carType2" from="-gneE28" to="-gneE8" begin="180" end="180" number="1"/>
<flow id="car179" type="carType1" from="-gneE50" to="gneE21" begin="181" end="181" number="1"/>
<flow id="car180" type="carType2" from="gneE9" to="-gneE33" begin="182" end="182" number="1"/>
<flow id="car181" type="carType0" from="gneE35" to="-gneE27" begin="183" end="183" number="1"/>
<flow id="car182" type="carType2" from="gneE8" to="-gneE28" begin="185" end="185" number="1"/>
<flow id="car183" type="carType2" from="topleftR" to="-gneE44" begin="186" end="186" number="1"/>
<flow id="car184" type="carType0" from="-gneE13" to="bottomleftR" begin="186" end="186" number="1"/>
<flow id="car185" type="carType1" from="gneE22" to="gneE28" begin="186" end="186" number="1"/>
<flow id="car186" type="carType1" from="-gneE13" to="gneE48" begin="187" end="187" number="1"/>
<flow id="car187" type="carType2" from="-gneE51" to="gneE18" begin="187" end="187" number="1"/>
<flow id="car188" type="carType1" from="bottomleftR" to="-gneE49" begin="190" end="190" number="1"/>
<flow id="car189" type="carType2" from="gneE30" to="gneE34" begin="191" end="191" number="1"/>
<flow id="car190" type="carType1" from="gneE42" to="toprightD" begin="191" end="191" number="1"/>
<flow id="car191" type="carType0" from="-gneE21" to="-gneE51" begin="192" end="192" number="1"/>
<flow id="car192" type="carType0" from="topleftR" to="topleftD" begin="192" end="192" number="1"/>
<flow id="car193" type="carType0" from="-gneE8" to="gneE27" begin="194" end="194" number="1"/>
<flow id="car194" type="carType2" from="gneE29" to="-gneE45" begin="194" end="194" number="1"/>
<flow id="car195" type="carType0" from="-gneE44" to="gneE27" begin="197" end="197" number="1"/>
<flow id="car196" type="carType0" from="gneE9" to="-gneE50" begin="197" end="197" number="1"/>
<flow id="car197" type="carType2" from="-gneE13" to="-gneE48" begin="197" end="197" number="1"/>
<flow id="car198" type="carType2" from="-gneE44" to="-gneE34" begin="198" end="198" number="1"/>
<flow id="car199" type="carType2" from="topleftD" to="-gneE51" begin="199" end="199" number="1"/>
</routes>
