<routes>
<vType id="carType0" length="6" maxSpeed="54.47" accel="2.49" decel="4.9" speedDev="0.2" sigma="0.29"/>
<vType id="carType1" length="7" maxSpeed="54.82" accel="2.09" decel="5.9" speedDev="0.2" sigma="0.18"/>
<vType id="carType2" length="3" maxSpeed="43.95" accel="2.68" decel="4.1" speedDev="0.2" sigma="0.29"/>
<flow id="car0" type="carType1" from="-gneE7" to="-gneE43" begin="0" end="0" number="1"/>
<flow id="car1" type="carType0" from="toprightL" to="gneE43" begin="0" end="0" number="1"/>
<flow id="car2" type="carType1" from="-gneE29" to="-gneE29" begin="1" end="1" number="1"/>
<flow id="car3" type="carType2" from="gneE43" to="gneE28" begin="3" end="3" number="1"/>
<flow id="car4" type="carType2" from="-gneE37" to="gneE28" begin="3" end="3" number="1"/>
<flow id="car5" type="carType1" from="gneE9" to="-gneE8" begin="4" end="4" number="1"/>
<flow id="car6" type="carType1" from="topleftR" to="-gneE45" begin="4" end="4" number="1"/>
<flow id="car7" type="carType2" from="gneE21" to="gneE9" begin="4" end="4" number="1"/>
<flow id="car8" type="carType2" from="gneE9" to="gneE18" begin="6" end="6" number="1"/>
<flow id="car9" type="carType2" from="-gneE34" to="gneE18" begin="8" end="8" number="1"/>
<flow id="car10" type="carType2" from="-gneE21" to="-gneE33" begin="10" end="10" number="1"/>
<flow id="car11" type="carType0" from="gneE48" to="gneE43" begin="11" end="11" number="1"/>
<flow id="car12" type="carType1" from="gneE34" to="-gneE50" begin="12" end="12" number="1"/>
<flow id="car13" type="carType1" from="-gneE51" to="-gneE49" begin="14" end="14" number="1"/>
<flow id="car14" type="carType1" from="-gneE42" to="gneE46" begin="14" end="14" number="1"/>
<flow id="car15" type="carType2" from="-gneE45" to="-gneE51" begin="17" end="17" number="1"/>
<flow id="car16" type="carType0" from="gneE8" to="-gneE51" begin="17" end="17" number="1"/>
<flow id="car17" type="carType2" from="-gneE50" to="-gneE18" begin="18" end="18" number="1"/>
<flow id="car18" type="carType0" from="bottomleftU" to="-gneE45" begin="19" end="19" number="1"/>
<flow id="car19" type="carType1" from="gneE21" to="gneE34" begin="22" end="22" number="1"/>
<flow id="car20" type="carType1" from="toprightL" to="gneE37" begin="25" end="25" number="1"/>
<flow id="car21" type="carType2" from="-gneE33" to="bottomrightL" begin="25" end="25" number="1"/>
<flow id="car22" type="carType1" from="-gneE49" to="-gneE33" begin="26" end="26" number="1"/>
<flow id="car23" type="carType2" from="-gneE42" to="gneE35" begin="27" end="27" number="1"/>
<flow id="car24" type="carType0" from="gneE50" to="bottomleftU" begin="28" end="28" number="1"/>
<flow id="car25" type="carType2" from="gneE30" to="bottomleftR" begin="32" end="32" number="1"/>
<flow id="car26" type="carType0" from="-gneE48" to="topleftR" begin="34" end="34" number="1"/>
<flow id="car27" type="carType0" from="gneE43" to="gneE18" begin="35" end="35" number="1"/>
<flow id="car28" type="carType2" from="gneE27" to="gneE43" begin="35" end="35" number="1"/>
<flow id="car29" type="carType2" from="-gneE43" to="-gneE42" begin="36" end="36" number="1"/>
<flow id="car30" type="carType0" from="toprightL" to="gneE27" begin="36" end="36" number="1"/>
<flow id="car31" type="carType1" from="gneE8" to="-gneE43" begin="38" end="38" number="1"/>
<flow id="car32" type="carType2" from="-gneE8" to="-gneE45" begin="40" end="40" number="1"/>
<flow id="car33" type="carType0" from="gneE22" to="-gneE21" begin="41" end="41" number="1"/>
<flow id="car34" type="carType2" from="gneE29" to="bottomrightU" begin="41" end="41" number="1"/>
<flow id="car35" type="carType0" from="toprightL" to="gneE51" begin="42" end="42" number="1"/>
<flow id="car36" type="carType1" from="toprightL" to="-gneE34" begin="42" end="42" number="1"/>
<flow id="car37" type="carType0" from="-gneE13" to="gneE50" begin="42" end="42" number="1"/>
<flow id="car38" type="carType2" from="gneE35" to="-gneE18" begin="42" end="42" number="1"/>
<flow id="car39" type="carType0" from="gneE29" to="gneE37" begin="44" end="44" number="1"/>
<flow id="car40" type="carType1" from="gneE48" to="-gneE48" begin="45" end="45" number="1"/>
<flow id="car41" type="carType1" from="gneE21" to="-gneE44" begin="48" end="48" number="1"/>
<flow id="car42" type="carType1" from="-gneE29" to="gneE49" begin="48" end="48" number="1"/>
<flow id="car43" type="carType2" from="gneE18" to="toprightD" begin="48" end="48" number="1"/>
<flow id="car44" type="carType0" from="-gneE37" to="-gneE43" begin="48" end="48" number="1"/>
<flow id="car45" type="carType0" from="gneE37" to="-gneE49" begin="52" end="52" number="1"/>
<flow id="car46" type="carType2" from="gneE30" to="bottomrightU" begin="54" end="54" number="1"/>
<flow id="car47" type="carType1" from="gneE18" to="gneE42" begin="55" end="55" number="1"/>
<flow id="car48" type="carType2" from="gneE34" to="bottomrightU" begin="56" end="56" number="1"/>
<flow id="car49" type="carType2" from="gneE43" to="-gneE48" begin="56" end="56" number="1"/>
<flow id="car50" type="carType2" from="gneE51" to="gneE34" begin="56" end="56" number="1"/>
<flow id="car51" type="carType0" from="gneE46" to="-gneE13" begin="58" end="58" number="1"/>
<flow id="car52" type="carType2" from="-gneE48" to="gneE27" begin="59" end="59" number="1"/>
<flow id="car53" type="carType2" from="gneE27" to="-gneE42" begin="60" end="60" number="1"/>
<flow id="car54" type="carType0" from="-gneE18" to="-gneE42" begin="63" end="63" number="1"/>
<flow id="car55" type="carType1" from="topleftR" to="gneE21" begin="64" end="64" number="1"/>
<flow id="car56" type="carType1" from="gneE48" to="gneE34" begin="64" end="64" number="1"/>
<flow id="car57" type="carType2" from="-gneE48" to="gneE50" begin="64" end="64" number="1"/>
<flow id="car58" type="carType0" from="-gneE43" to="gneE18" begin="67" end="67" number="1"/>
<flow id="car59" type="carType0" from="bottomleftR" to="-gneE34" begin="68" end="68" number="1"/>
<flow id="car60" type="carType2" from="-gneE49" to="gneE34" begin="70" end="70" number="1"/>
<flow id="car61" type="carType0" from="toprightD" to="gneE9" begin="70" end="70" number="1"/>
<flow id="car62" type="carType2" from="gneE43" to="gneE21" begin="71" end="71" number="1"/>
<flow id="car63" type="carType2" from="-gneE42" to="-gneE48" begin="72" end="72" number="1"/>
<flow id="car64" type="carType1" from="-gneE49" to="gneE49" begin="74" end="74" number="1"/>
<flow id="car65" type="carType2" from="bottomrightU" to="gneE27" begin="74" end="74" number="1"/>
<flow id="car66" type="carType0" from="gneE9" to="gneE21" begin="76" end="76" number="1"/>
<flow id="car67" type="carType1" from="gneE29" to="-gneE50" begin="78" end="78" number="1"/>
<flow id="car68" type="carType0" from="-gneE29" to="-gneE43" begin="78" end="78" number="1"/>
<flow id="car69" type="carType1" from="bottomrightL" to="-gneE48" begin="79" end="79" number="1"/>
<flow id="car70" type="carType0" from="gneE8" to="-gneE45" begin="80" end="80" number="1"/>
<flow id="car71" type="carType2" from="gneE9" to="-gneE42" begin="84" end="84" number="1"/>
<flow id="car72" type="carType1" from="-gneE51" to="gneE35" begin="85" end="85" number="1"/>
<flow id="car73" type="carType2" from="-gneE7" to="-gneE13" begin="86" end="86" number="1"/>
<flow id="car74" type="carType0" from="-gneE43" to="-gneE18" begin="86" end="86" number="1"/>
<flow id="car75" type="carType1" from="-gneE49" to="-gneE49" begin="88" end="88" number="1"/>
<flow id="car76" type="carType1" from="gneE28" to="-gneE7" begin="89" end="89" number="1"/>
<flow id="car77" type="carType1" from="gneE43" to="gneE22" begin="90" end="90" number="1"/>
<flow id="car78" type="carType1" from="gneE48" to="gneE49" begin="92" end="92" number="1"/>
<flow id="car79" type="carType2" from="-gneE28" to="-gneE49" begin="95" end="95" number="1"/>
<flow id="car80" type="carType0" from="gneE44" to="-gneE13" begin="95" end="95" number="1"/>
<flow id="car81" type="carType2" from="gneE9" to="gneE51" begin="98" end="98" number="1"/>
<flow id="car82" type="carType2" from="bottomrightU" to="gneE46" begin="100" end="100" number="1"/>
<flow id="car83" type="carType2" from="gneE30" to="-gneE48" begin="101" end="101" number="1"/>
<flow id="car84" type="carType0" from="gneE8" to="-gneE8" begin="102" end="102" number="1"/>
<flow id="car85" type="carType1" from="-gneE21" to="-gneE34" begin="103" end="103" number="1"/>
<flow id="car86" type="carType0" from="toprightL" to="-gneE33" begin="105" end="105" number="1"/>
<flow id="car87" type="carType2" from="-gneE33" to="-gneE7" begin="106" end="106" number="1"/>
<flow id="car88" type="carType1" from="gneE43" to="gneE50" begin="107" end="107" number="1"/>
<flow id="car89" type="carType0" from="-gneE13" to="gneE9" begin="107" end="107" number="1"/>
<flow id="car90" type="carType0" from="-gneE13" to="-gneE29" begin="107" end="107" number="1"/>
<flow id="car91" type="carType0" from="gneE18" to="topleftR" begin="110" end="110" number="1"/>
<flow id="car92" type="carType1" from="gneE35" to="gneE42" begin="110" end="110" number="1"/>
<flow id="car93" type="carType0" from="-gneE29" to="gneE46" begin="111" end="111" number="1"/>
<flow id="car94" type="carType2" from="-gneE37" to="gneE18" begin="111" end="111" number="1"/>
<flow id="car95" type="carType0" from="gneE34" to="bottomrightL" begin="111" end="111" number="1"/>
<flow id="car96" type="carType1" from="gneE34" to="-gneE49" begin="111" end="111" number="1"/>
<flow id="car97" type="carType0" from="-gneE42" to="-gneE43" begin="112" end="112" number="1"/>
<flow id="car98" type="carType1" from="-gneE34" to="topleftR" begin="113" end="113" number="1"/>
<flow id="car99" type="carType0" from="topleftD" to="gneE50" begin="114" end="114" number="1"/>
<flow id="car100" type="carType2" from="-gneE45" to="-gneE8" begin="114" end="114" number="1"/>
<flow id="car101" type="carType2" from="topleftR" to="toprightL" begin="117" end="117" number="1"/>
<flow id="car102" type="carType2" from="-gneE7" to="gneE22" begin="117" end="117" number="1"/>
<flow id="car103" type="carType2" from="-gneE43" to="gneE34" begin="118" end="118" number="1"/>
<flow id="car104" type="carType0" from="gneE22" to="gneE43" begin="118" end="118" number="1"/>
<flow id="car105" type="carType2" from="gneE27" to="-gneE51" begin="119" end="119" number="1"/>
<flow id="car106" type="carType1" from="toprightD" to="-gneE34" begin="119" end="119" number="1"/>
<flow id="car107" type="carType2" from="-gneE50" to="-gneE29" begin="121" end="121" number="1"/>
<flow id="car108" type="carType0" from="toprightD" to="-gneE48" begin="122" end="122" number="1"/>
<flow id="car109" type="carType2" from="-gneE44" to="gneE50" begin="123" end="123" number="1"/>
<flow id="car110" type="carType0" from="gneE49" to="-gneE8" begin="125" end="125" number="1"/>
<flow id="car111" type="carType2" from="gneE50" to="-gneE18" begin="127" end="127" number="1"/>
<flow id="car112" type="carType1" from="-gneE45" to="-gneE48" begin="127" end="127" number="1"/>
<flow id="car113" type="carType1" from="topleftR" to="topleftR" begin="127" end="127" number="1"/>
<flow id="car114" type="carType2" from="-gneE44" to="-gneE27" begin="128" end="128" number="1"/>
<flow id="car115" type="carType1" from="gneE35" to="gneE8" begin="128" end="128" number="1"/>
<flow id="car116" type="carType1" from="gneE35" to="-gneE37" begin="128" end="128" number="1"/>
<flow id="car117" type="carType2" from="bottomrightL" to="bottomleftU" begin="129" end="129" number="1"/>
<flow id="car118" type="carType0" from="-gneE50" to="gneE43" begin="130" end="130" number="1"/>
<flow id="car119" type="carType2" from="gneE45" to="gneE51" begin="131" end="131" number="1"/>
<flow id="car120" type="carType2" from="gneE37" to="topleftR" begin="132" end="132" number="1"/>
<flow id="car121" type="carType2" from="-gneE21" to="gneE49" begin="133" end="133" number="1"/>
<flow id="car122" type="carType0" from="-gneE51" to="bottomrightU" begin="134" end="134" number="1"/>
<flow id="car123" type="carType2" from="bottomrightU" to="gneE22" begin="134" end="134" number="1"/>
<flow id="car124" type="carType2" from="-gneE49" to="gneE51" begin="135" end="135" number="1"/>
<flow id="car125" type="carType1" from="-gneE8" to="-gneE49" begin="135" end="135" number="1"/>
<flow id="car126" type="carType2" from="bottomrightL" to="-gneE18" begin="136" end="136" number="1"/>
<flow id="car127" type="carType2" from="-gneE34" to="-gneE45" begin="136" end="136" number="1"/>
<flow id="car128" type="carType2" from="bottomrightU" to="-gneE7" begin="137" end="137" number="1"/>
<flow id="car129" type="carType2" from="-gneE37" to="toprightD" begin="139" end="139" number="1"/>
<flow id="car130" type="carType0" from="-gneE34" to="topleftD" begin="140" end="140" number="1"/>
<flow id="car131" type="carType1" from="-gneE49" to="-gneE7" begin="141" end="141" number="1"/>
<flow id="car132" type="carType1" from="gneE42" to="-gneE18" begin="141" end="141" number="1"/>
<flow id="car133" type="carType1" from="topleftR" to="gneE29" begin="142" end="142" number="1"/>
<flow id="car134" type="carType1" from="gneE48" to="gneE50" begin="143" end="143" number="1"/>
<flow id="car135" type="carType1" from="-gneE50" to="-gneE29" begin="147" end="147" number="1"/>
<flow id="car136" type="carType1" from="-gneE49" to="toprightL" begin="148" end="148" number="1"/>
<flow id="car137" type="carType1" from="gneE44" to="bottomrightU" begin="149" end="149" number="1"/>
<flow id="car138" type="carType1" from="gneE30" to="gneE43" begin="153" end="153" number="1"/>
<flow id="car139" type="carType2" from="-gneE49" to="gneE45" begin="153" end="153" number="1"/>
<flow id="car140" type="carType2" from="toprightL" to="-gneE8" begin="154" end="154" number="1"/>
<flow id="car141" type="carType1" from="-gneE37" to="bottomrightL" begin="154" end="154" number="1"/>
<flow id="car142" type="carType0" from="-gneE45" to="toprightD" begin="156" end="156" number="1"/>
<flow id="car143" type="carType0" from="-gneE49" to="gneE51" begin="157" end="157" number="1"/>
<flow id="car144" type="carType0" from="-gneE33" to="toprightD" begin="157" end="157" number="1"/>
<flow id="car145" type="carType1" from="gneE43" to="-gneE37" begin="158" end="158" number="1"/>
<flow id="car146" type="carType2" from="gneE43" to="bottomleftR" begin="159" end="159" number="1"/>
<flow id="car147" type="carType2" from="-gneE21" to="bottomrightU" begin="159" end="159" number="1"/>
<flow id="car148" type="carType0" from="-gneE34" to="-gneE50" begin="160" end="160" number="1"/>
<flow id="car149" type="carType1" from="-gneE44" to="gneE42" begin="161" end="161" number="1"/>
<flow id="car150" type="carType2" from="-gneE43" to="gneE42" begin="162" end="162" number="1"/>
<flow id="car151" type="carType2" from="-gneE27" to="-gneE28" begin="162" end="162" number="1"/>
<flow id="car152" type="carType1" from="toprightL" to="gneE21" begin="163" end="163" number="1"/>
<flow id="car153" type="carType1" from="-gneE29" to="-gneE48" begin="163" end="163" number="1"/>
<flow id="car154" type="carType0" from="gneE51" to="gneE34" begin="163" end="163" number="1"/>
<flow id="car155" type="carType2" from="gneE22" to="-gneE49" begin="164" end="164" number="1"/>
<flow id="car156" type="carType0" from="bottomleftU" to="-gneE37" begin="164" end="164" number="1"/>
<flow id="car157" type="carType1" from="gneE46" to="gneE27" begin="164" end="164" number="1"/>
<flow id="car158" type="carType2" from="gneE43" to="-gneE13" begin="165" end="165" number="1"/>
<flow id="car159" type="carType0" from="-gneE49" to="gneE46" begin="166" end="166" number="1"/>
<flow id="car160" type="carType1" from="bottomleftR" to="bottomrightU" begin="167" end="167" number="1"/>
<flow id="car161" type="carType0" from="-gneE50" to="gneE46" begin="167" end="167" number="1"/>
<flow id="car162" type="carType1" from="-gneE18" to="gneE9" begin="168" end="168" number="1"/>
<flow id="car163" type="carType0" from="toprightL" to="toprightL" begin="169" end="169" number="1"/>
<flow id="car164" type="carType2" from="-gneE37" to="-gneE8" begin="170" end="170" number="1"/>
<flow id="car165" type="carType1" from="gneE49" to="bottomleftR" begin="170" end="170" number="1"/>
<flow id="car166" type="carType1" from="-gneE42" to="gneE45" begin="170" end="170" number="1"/>
<flow id="car167" type="carType2" from="gneE42" to="-gneE21" begin="171" end="171" number="1"/>
<flow id="car168" type="carType0" from="gneE45" to="-gneE42" begin="171" end="171" number="1"/>
<flow id="car169" type="carType2" from="-gneE27" to="toprightD" begin="172" end="172" number="1"/>
<flow id="car170" type="carType0" from="gneE29" to="-gneE13" begin="174" end="174" number="1"/>
<flow id="car171" type="carType1" from="-gneE42" to="topleftD" begin="177" end="177" number="1"/>
<flow id="car172" type="carType0" from="gneE49" to="-gneE33" begin="177" end="177" number="1"/>
<flow id="car173" type="carType0" from="gneE44" to="-gneE33" begin="178" end="178" number="1"/>
<flow id="car174" type="carType0" from="-gneE37" to="gneE48" begin="178" end="178" number="1"/>
<flow id="car175" type="carType0" from="gneE18" to="gneE21" begin="179" end="179" number="1"/>
<flow id="car176" type="carType1" from="gneE9" to="-gneE34" begin="179" end="179" number="1"/>
<flow id="car177" type="carType0" from="toprightD" to="-gneE8" begin="180" end="180" number="1"/>
<flow id="car178" type="carType1" from="toprightL" to="gneE44" begin="182" end="182" number="1"/>
<flow id="car179" type="carType1" from="gneE37" to="-gneE21" begin="182" end="182" number="1"/>
<flow id="car180" type="carType0" from="-gneE7" to="gneE35" begin="182" end="182" number="1"/>
<flow id="car181" type="carType0" from="gneE28" to="-gneE13" begin="183" end="183" number="1"/>
<flow id="car182" type="carType2" from="gneE49" to="bottomrightU" begin="186" end="186" number="1"/>
<flow id="car183" type="carType1" from="gneE50" to="-gneE28" begin="187" end="187" number="1"/>
<flow id="car184" type="carType0" from="-gneE37" to="gneE27" begin="188" end="188" number="1"/>
<flow id="car185" type="carType0" from="-gneE43" to="bottomrightL" begin="188" end="188" number="1"/>
<flow id="car186" type="carType0" from="gneE34" to="-gneE8" begin="188" end="188" number="1"/>
<flow id="car187" type="carType0" from="-gneE7" to="-gneE28" begin="188" end="188" number="1"/>
<flow id="car188" type="carType1" from="gneE46" to="gneE18" begin="188" end="188" number="1"/>
<flow id="car189" type="carType2" from="-gneE28" to="-gneE7" begin="189" end="189" number="1"/>
<flow id="car190" type="carType1" from="gneE27" to="gneE50" begin="189" end="189" number="1"/>
<flow id="car191" type="carType2" from="gneE22" to="-gneE50" begin="191" end="191" number="1"/>
<flow id="car192" type="carType2" from="-gneE49" to="gneE37" begin="191" end="191" number="1"/>
<flow id="car193" type="carType0" from="-gneE37" to="-gneE8" begin="192" end="192" number="1"/>
<flow id="car194" type="carType0" from="-gneE43" to="gneE30" begin="194" end="194" number="1"/>
<flow id="car195" type="carType1" from="gneE22" to="gneE48" begin="195" end="195" number="1"/>
<flow id="car196" type="carType0" from="gneE28" to="gneE9" begin="197" end="197" number="1"/>
<flow id="car197" type="carType2" from="bottomrightL" to="bottomleftR" begin="198" end="198" number="1"/>
<flow id="car198" type="carType1" from="gneE49" to="-gneE45" begin="198" end="198" number="1"/>
<flow id="car199" type="carType0" from="gneE9" to="-gneE44" begin="199" end="199" number="1"/>
</routes>
