<routes>
<vType id="carType0" length="8" maxSpeed="52.14" accel="2.6" decel="4.24" speedDev="0.2" sigma="0.2"/>
<vType id="carType1" length="7" maxSpeed="42.09" accel="2.43" decel="5.82" speedDev="0.2" sigma="0.27"/>
<vType id="carType2" length="9" maxSpeed="49.87" accel="2.15" decel="4.69" speedDev="0.2" sigma="0.24"/>
<flow id="car0" type="carType1" from="-gneE34" to="gneE43" begin="1" end="1" number="1"/>
<flow id="car1" type="carType2" from="gneE45" to="gneE42" begin="1" end="1" number="1"/>
<flow id="car2" type="carType0" from="-gneE50" to="-gneE8" begin="2" end="2" number="1"/>
<flow id="car3" type="carType0" from="-gneE42" to="-gneE27" begin="3" end="3" number="1"/>
<flow id="car4" type="carType0" from="-gneE13" to="gneE44" begin="3" end="3" number="1"/>
<flow id="car5" type="carType2" from="gneE18" to="gneE30" begin="4" end="4" number="1"/>
<flow id="car6" type="carType2" from="-gneE43" to="-gneE43" begin="6" end="6" number="1"/>
<flow id="car7" type="carType0" from="gneE42" to="gneE27" begin="10" end="10" number="1"/>
<flow id="car8" type="carType2" from="-gneE34" to="-gneE48" begin="10" end="10" number="1"/>
<flow id="car9" type="carType1" from="gneE43" to="gneE29" begin="12" end="12" number="1"/>
<flow id="car10" type="carType2" from="gneE43" to="bottomleftU" begin="14" end="14" number="1"/>
<flow id="car11" type="carType1" from="gneE51" to="topleftR" begin="15" end="15" number="1"/>
<flow id="car12" type="carType1" from="gneE50" to="-gneE13" begin="18" end="18" number="1"/>
<flow id="car13" type="carType2" from="gneE28" to="-gneE49" begin="19" end="19" number="1"/>
<flow id="car14" type="carType1" from="gneE51" to="-gneE33" begin="20" end="20" number="1"/>
<flow id="car15" type="carType2" from="gneE37" to="-gneE28" begin="20" end="20" number="1"/>
<flow id="car16" type="carType0" from="gneE9" to="gneE49" begin="21" end="21" number="1"/>
<flow id="car17" type="carType2" from="gneE50" to="gneE42" begin="22" end="22" number="1"/>
<flow id="car18" type="carType0" from="-gneE48" to="-gneE27" begin="22" end="22" number="1"/>
<flow id="car19" type="carType0" from="-gneE8" to="-gneE8" begin="24" end="24" number="1"/>
<flow id="car20" type="carType0" from="gneE49" to="topleftD" begin="26" end="26" number="1"/>
<flow id="car21" type="carType1" from="gneE27" to="gneE50" begin="27" end="27" number="1"/>
<flow id="car22" type="carType1" from="-gneE48" to="gneE28" begin="27" end="27" number="1"/>
<flow id="car23" type="carType1" from="gneE9" to="-gneE45" begin="28" end="28" number="1"/>
<flow id="car24" type="carType2" from="gneE46" to="gneE8" begin="28" end="28" number="1"/>
<flow id="car25" type="carType0" from="gneE45" to="toprightD" begin="30" end="30" number="1"/>
<flow id="car26" type="carType2" from="gneE44" to="gneE49" begin="31" end="31" number="1"/>
<flow id="car27" type="carType0" from="gneE42" to="-gneE49" begin="31" end="31" number="1"/>
<flow id="car28" type="carType2" from="gneE34" to="toprightL" begin="32" end="32" number="1"/>
<flow id="car29" type="carType2" from="gneE9" to="bottomrightU" begin="35" end="35" number="1"/>
<flow id="car30" type="carType2" from="gneE45" to="-gneE29" begin="35" end="35" number="1"/>
<flow id="car31" type="carType0" from="-gneE28" to="-gneE50" begin="36" end="36" number="1"/>
<flow id="car32" type="carType2" from="-gneE48" to="gneE34" begin="36" end="36" number="1"/>
<flow id="car33" type="carType1" from="-gneE44" to="-gneE29" begin="37" end="37" number="1"/>
<flow id="car34" type="carType0" from="gneE51" to="-gneE49" begin="38" end="38" number="1"/>
<flow id="car35" type="carType0" from="topleftR" to="-gneE34" begin="38" end="38" number="1"/>
<flow id="car36" type="carType1" from="-gneE45" to="toprightD" begin="38" end="38" number="1"/>
<flow id="car37" type="carType1" from="-gneE42" to="-gneE37" begin="39" end="39" number="1"/>
<flow id="car38" type="carType1" from="gneE8" to="gneE37" begin="41" end="41" number="1"/>
<flow id="car39" type="carType1" from="topleftR" to="gneE18" begin="42" end="42" number="1"/>
<flow id="car40" type="carType0" from="gneE44" to="-gneE27" begin="43" end="43" number="1"/>
<flow id="car41" type="carType0" from="gneE30" to="-gneE51" begin="44" end="44" number="1"/>
<flow id="car42" type="carType2" from="topleftD" to="gneE22" begin="45" end="45" number="1"/>
<flow id="car43" type="carType2" from="-gneE21" to="-gneE37" begin="46" end="46" number="1"/>
<flow id="car44" type="carType0" from="gneE27" to="gneE28" begin="46" end="46" number="1"/>
<flow id="car45" type="carType2" from="gneE30" to="gneE21" begin="46" end="46" number="1"/>
<flow id="car46" type="carType2" from="toprightL" to="-gneE34" begin="47" end="47" number="1"/>
<flow id="car47" type="carType1" from="gneE45" to="gneE51" begin="47" end="47" number="1"/>
<flow id="car48" type="carType2" from="gneE42" to="-gneE49" begin="49" end="49" number="1"/>
<flow id="car49" type="carType2" from="-gneE18" to="gneE45" begin="50" end="50" number="1"/>
<flow id="car50" type="carType1" from="-gneE28" to="bottomrightU" begin="50" end="50" number="1"/>
<flow id="car51" type="carType2" from="gneE18" to="-gneE28" begin="50" end="50" number="1"/>
<flow id="car52" type="carType1" from="bottomleftR" to="-gneE7" begin="50" end="50" number="1"/>
<flow id="car53" type="carType2" from="-gneE44" to="toprightL" begin="51" end="51" number="1"/>
<flow id="car54" type="carType0" from="-gneE45" to="bottomleftR" begin="52" end="52" number="1"/>
<flow id="car55" type="carType1" from="bottomrightU" to="gneE50" begin="53" end="53" number="1"/>
<flow id="car56" type="carType2" from="gneE18" to="-gneE13" begin="53" end="53" number="1"/>
<flow id="car57" type="carType2" from="bottomleftR" to="-gneE18" begin="56" end="56" number="1"/>
<flow id="car58" type="carType0" from="-gneE29" to="-gneE7" begin="56" end="56" number="1"/>
<flow id="car59" type="carType2" from="gneE22" to="gneE18" begin="58" end="58" number="1"/>
<flow id="car60" type="carType2" from="-gneE7" to="-gneE44" begin="58" end="58" number="1"/>
<flow id="car61" type="carType0" from="gneE45" to="-gneE43" begin="58" end="58" number="1"/>
<flow id="car62" type="carType1" from="toprightL" to="-gneE13" begin="63" end="63" number="1"/>
<flow id="car63" type="carType0" from="-gneE18" to="gneE18" begin="63" end="63" number="1"/>
<flow id="car64" type="carType2" from="toprightD" to="-gneE21" begin="63" end="63" number="1"/>
<flow id="car65" type="carType0" from="-gneE18" to="gneE27" begin="64" end="64" number="1"/>
<flow id="car66" type="carType2" from="-gneE45" to="-gneE29" begin="65" end="65" number="1"/>
<flow id="car67" type="carType0" from="-gneE44" to="gneE42" begin="68" end="68" number="1"/>
<flow id="car68" type="carType1" from="gneE22" to="gneE30" begin="70" end="70" number="1"/>
<flow id="car69" type="carType0" from="-gneE48" to="-gneE37" begin="72" end="72" number="1"/>
<flow id="car70" type="carType2" from="-gneE13" to="gneE34" begin="74" end="74" number="1"/>
<flow id="car71" type="carType2" from="-gneE18" to="-gneE37" begin="75" end="75" number="1"/>
<flow id="car72" type="carType1" from="gneE50" to="-gneE34" begin="75" end="75" number="1"/>
<flow id="car73" type="carType2" from="bottomrightU" to="topleftR" begin="76" end="76" number="1"/>
<flow id="car74" type="carType2" from="gneE45" to="-gneE49" begin="76" end="76" number="1"/>
<flow id="car75" type="carType2" from="-gneE29" to="gneE8" begin="77" end="77" number="1"/>
<flow id="car76" type="carType0" from="-gneE21" to="topleftR" begin="77" end="77" number="1"/>
<flow id="car77" type="carType2" from="-gneE50" to="-gneE29" begin="80" end="80" number="1"/>
<flow id="car78" type="carType0" from="gneE44" to="-gneE49" begin="80" end="80" number="1"/>
<flow id="car79" type="carType2" from="gneE22" to="-gneE7" begin="81" end="81" number="1"/>
<flow id="car80" type="carType2" from="gneE43" to="-gneE13" begin="81" end="81" number="1"/>
<flow id="car81" type="carType0" from="gneE28" to="toprightD" begin="81" end="81" number="1"/>
<flow id="car82" type="carType2" from="gneE37" to="gneE9" begin="81" end="81" number="1"/>
<flow id="car83" type="carType0" from="toprightL" to="-gneE44" begin="81" end="81" number="1"/>
<flow id="car84" type="carType1" from="gneE44" to="gneE44" begin="81" end="81" number="1"/>
<flow id="car85" type="carType0" from="-gneE28" to="gneE29" begin="82" end="82" number="1"/>
<flow id="car86" type="carType1" from="-gneE37" to="-gneE27" begin="83" end="83" number="1"/>
<flow id="car87" type="carType1" from="gneE22" to="gneE42" begin="84" end="84" number="1"/>
<flow id="car88" type="carType1" from="-gneE43" to="-gneE42" begin="85" end="85" number="1"/>
<flow id="car89" type="carType1" from="-gneE29" to="-gneE13" begin="86" end="86" number="1"/>
<flow id="car90" type="carType2" from="gneE44" to="topleftD" begin="88" end="88" number="1"/>
<flow id="car91" type="carType0" from="toprightD" to="-gneE13" begin="89" end="89" number="1"/>
<flow id="car92" type="carType0" from="-gneE50" to="gneE30" begin="90" end="90" number="1"/>
<flow id="car93" type="carType2" from="gneE46" to="-gneE51" begin="90" end="90" number="1"/>
<flow id="car94" type="carType2" from="-gneE8" to="gneE8" begin="91" end="91" number="1"/>
<flow id="car95" type="carType0" from="-gneE7" to="-gneE42" begin="91" end="91" number="1"/>
<flow id="car96" type="carType2" from="gneE34" to="gneE34" begin="95" end="95" number="1"/>
<flow id="car97" type="carType1" from="gneE37" to="gneE29" begin="95" end="95" number="1"/>
<flow id="car98" type="carType2" from="-gneE28" to="-gneE18" begin="96" end="96" number="1"/>
<flow id="car99" type="carType1" from="gneE34" to="gneE44" begin="96" end="96" number="1"/>
<flow id="car100" type="carType0" from="-gneE50" to="-gneE51" begin="99" end="99" number="1"/>
<flow id="car101" type="carType2" from="topleftR" to="bottomrightU" begin="100" end="100" number="1"/>
<flow id="car102" type="carType0" from="-gneE50" to="gneE37" begin="102" end="102" number="1"/>
<flow id="car103" type="carType0" from="gneE50" to="-gneE28" begin="102" end="102" number="1"/>
<flow id="car104" type="carType1" from="-gneE34" to="-gneE48" begin="106" end="106" number="1"/>
<flow id="car105" type="carType0" from="-gneE28" to="gneE44" begin="106" end="106" number="1"/>
<flow id="car106" type="carType2" from="-gneE28" to="-gneE49" begin="106" end="106" number="1"/>
<flow id="car107" type="carType1" from="-gneE45" to="gneE35" begin="107" end="107" number="1"/>
<flow id="car108" type="carType1" from="topleftR" to="gneE35" begin="108" end="108" number="1"/>
<flow id="car109" type="carType2" from="gneE34" to="gneE29" begin="108" end="108" number="1"/>
<flow id="car110" type="carType2" from="gneE42" to="gneE30" begin="111" end="111" number="1"/>
<flow id="car111" type="carType0" from="gneE21" to="bottomrightL" begin="112" end="112" number="1"/>
<flow id="car112" type="carType2" from="bottomrightL" to="gneE35" begin="113" end="113" number="1"/>
<flow id="car113" type="carType0" from="gneE51" to="-gneE50" begin="114" end="114" number="1"/>
<flow id="car114" type="carType2" from="-gneE49" to="gneE44" begin="115" end="115" number="1"/>
<flow id="car115" type="carType1" from="gneE51" to="gneE21" begin="115" end="115" number="1"/>
<flow id="car116" type="carType1" from="-gneE27" to="topleftR" begin="116" end="116" number="1"/>
<flow id="car117" type="carType0" from="gneE43" to="-gneE33" begin="117" end="117" number="1"/>
<flow id="car118" type="carType2" from="toprightD" to="gneE48" begin="117" end="117" number="1"/>
<flow id="car119" type="carType2" from="gneE50" to="gneE28" begin="117" end="117" number="1"/>
<flow id="car120" type="carType2" from="-gneE51" to="gneE48" begin="118" end="118" number="1"/>
<flow id="car121" type="carType1" from="gneE34" to="-gneE33" begin="118" end="118" number="1"/>
<flow id="car122" type="carType0" from="gneE51" to="gneE48" begin="118" end="118" number="1"/>
<flow id="car123" type="carType2" from="topleftD" to="gneE22" begin="119" end="119" number="1"/>
<flow id="car124" type="carType1" from="-gneE27" to="gneE48" begin="119" end="119" number="1"/>
<flow id="car125" type="carType1" from="gneE35" to="gneE22" begin="119" end="119" number="1"/>
<flow id="car126" type="carType0" from="gneE44" to="-gneE45" begin="120" end="120" number="1"/>
<flow id="car127" type="carType1" from="-gneE42" to="gneE49" begin="122" end="122" number="1"/>
<flow id="car128" type="carType2" from="-gneE27" to="toprightD" begin="124" end="124" number="1"/>
<flow id="car129" type="carType2" from="gneE37" to="gneE44" begin="125" end="125" number="1"/>
<flow id="car130" type="carType0" from="topleftR" to="-gneE48" begin="125" end="125" number="1"/>
<flow id="car131" type="carType2" from="gneE28" to="-gneE21" begin="128" end="128" number="1"/>
<flow id="car132" type="carType0" from="-gneE28" to="gneE42" begin="128" end="128" number="1"/>
<flow id="car133" type="carType0" from="toprightD" to="bottomrightL" begin="128" end="128" number="1"/>
<flow id="car134" type="carType2" from="gneE27" to="-gneE37" begin="128" end="128" number="1"/>
<flow id="car135" type="carType2" from="-gneE44" to="gneE50" begin="132" end="132" number="1"/>
<flow id="car136" type="carType2" from="gneE34" to="-gneE43" begin="135" end="135" number="1"/>
<flow id="car137" type="carType0" from="gneE22" to="gneE21" begin="136" end="136" number="1"/>
<flow id="car138" type="carType2" from="-gneE44" to="gneE28" begin="136" end="136" number="1"/>
<flow id="car139" type="carType2" from="gneE29" to="gneE43" begin="137" end="137" number="1"/>
<flow id="car140" type="carType2" from="-gneE34" to="gneE50" begin="137" end="137" number="1"/>
<flow id="car141" type="carType2" from="gneE9" to="-gneE49" begin="139" end="139" number="1"/>
<flow id="car142" type="carType1" from="-gneE28" to="-gneE33" begin="142" end="142" number="1"/>
<flow id="car143" type="carType1" from="-gneE43" to="gneE18" begin="143" end="143" number="1"/>
<flow id="car144" type="carType2" from="-gneE42" to="gneE22" begin="144" end="144" number="1"/>
<flow id="car145" type="carType1" from="gneE46" to="-gneE8" begin="144" end="144" number="1"/>
<flow id="car146" type="carType1" from="-gneE37" to="gneE45" begin="144" end="144" number="1"/>
<flow id="car147" type="carType0" from="-gneE50" to="-gneE49" begin="145" end="145" number="1"/>
<flow id="car148" type="carType2" from="-gneE29" to="gneE49" begin="146" end="146" number="1"/>
<flow id="car149" type="carType0" from="topleftD" to="gneE28" begin="146" end="146" number="1"/>
<flow id="car150" type="carType2" from="gneE18" to="gneE46" begin="150" end="150" number="1"/>
<flow id="car151" type="carType1" from="gneE18" to="toprightL" begin="150" end="150" number="1"/>
<flow id="car152" type="carType0" from="gneE42" to="-gneE50" begin="150" end="150" number="1"/>
<flow id="car153" type="carType2" from="toprightD" to="bottomrightU" begin="152" end="152" number="1"/>
<flow id="car154" type="carType2" from="gneE22" to="gneE51" begin="153" end="153" number="1"/>
<flow id="car155" type="carType0" from="gneE46" to="gneE22" begin="153" end="153" number="1"/>
<flow id="car156" type="carType2" from="-gneE49" to="bottomleftR" begin="153" end="153" number="1"/>
<flow id="car157" type="carType2" from="-gneE7" to="-gneE29" begin="154" end="154" number="1"/>
<flow id="car158" type="carType1" from="-gneE50" to="toprightL" begin="154" end="154" number="1"/>
<flow id="car159" type="carType0" from="gneE50" to="gneE9" begin="154" end="154" number="1"/>
<flow id="car160" type="carType0" from="topleftD" to="gneE37" begin="154" end="154" number="1"/>
<flow id="car161" type="carType1" from="-gneE7" to="gneE42" begin="155" end="155" number="1"/>
<flow id="car162" type="carType2" from="bottomrightL" to="-gneE33" begin="158" end="158" number="1"/>
<flow id="car163" type="carType0" from="gneE43" to="gneE34" begin="158" end="158" number="1"/>
<flow id="car164" type="carType1" from="gneE46" to="gneE48" begin="163" end="163" number="1"/>
<flow id="car165" type="carType1" from="gneE34" to="gneE42" begin="163" end="163" number="1"/>
<flow id="car166" type="carType0" from="topleftR" to="-gneE51" begin="163" end="163" number="1"/>
<flow id="car167" type="carType2" from="bottomleftR" to="topleftR" begin="164" end="164" number="1"/>
<flow id="car168" type="carType0" from="gneE44" to="-gneE44" begin="165" end="165" number="1"/>
<flow id="car169" type="carType0" from="-gneE18" to="toprightL" begin="165" end="165" number="1"/>
<flow id="car170" type="carType1" from="-gneE8" to="-gneE7" begin="165" end="165" number="1"/>
<flow id="car171" type="carType1" from="toprightL" to="-gneE28" begin="166" end="166" number="1"/>
<flow id="car172" type="carType2" from="gneE42" to="bottomrightL" begin="167" end="167" number="1"/>
<flow id="car173" type="carType2" from="-gneE27" to="-gneE42" begin="169" end="169" number="1"/>
<flow id="car174" type="carType1" from="-gneE45" to="-gneE49" begin="169" end="169" number="1"/>
<flow id="car175" type="carType2" from="gneE43" to="gneE29" begin="170" end="170" number="1"/>
<flow id="car176" type="carType1" from="bottomleftR" to="-gneE45" begin="172" end="172" number="1"/>
<flow id="car177" type="carType2" from="gneE30" to="toprightD" begin="172" end="172" number="1"/>
<flow id="car178" type="carType2" from="gneE45" to="gneE34" begin="173" end="173" number="1"/>
<flow id="car179" type="carType0" from="gneE35" to="-gneE33" begin="178" end="178" number="1"/>
<flow id="car180" type="carType1" from="topleftD" to="-gneE37" begin="180" end="180" number="1"/>
<flow id="car181" type="carType0" from="gneE49" to="gneE35" begin="180" end="180" number="1"/>
<flow id="car182" type="carType1" from="gneE29" to="bottomleftR" begin="181" end="181" number="1"/>
<flow id="car183" type="carType1" from="-gneE49" to="-gneE49" begin="182" end="182" number="1"/>
<flow id="car184" type="carType2" from="-gneE29" to="gneE50" begin="184" end="184" number="1"/>
<flow id="car185" type="carType1" from="-gneE48" to="gneE22" begin="185" end="185" number="1"/>
<flow id="car186" type="carType0" from="gneE34" to="-gneE21" begin="185" end="185" number="1"/>
<flow id="car187" type="carType1" from="-gneE42" to="gneE48" begin="186" end="186" number="1"/>
<flow id="car188" type="carType2" from="gneE34" to="gneE22" begin="188" end="188" number="1"/>
<flow id="car189" type="carType0" from="gneE34" to="-gneE45" begin="188" end="188" number="1"/>
<flow id="car190" type="carType2" from="gneE22" to="bottomleftR" begin="189" end="189" number="1"/>
<flow id="car191" type="carType1" from="gneE30" to="gneE37" begin="190" end="190" number="1"/>
<flow id="car192" type="carType2" from="bottomrightL" to="gneE30" begin="191" end="191" number="1"/>
<flow id="car193" type="carType2" from="gneE51" to="topleftD" begin="193" end="193" number="1"/>
<flow id="car194" type="carType0" from="gneE21" to="gneE21" begin="194" end="194" number="1"/>
<flow id="car195" type="carType0" from="-gneE45" to="gneE51" begin="195" end="195" number="1"/>
<flow id="car196" type="carType2" from="gneE34" to="gneE22" begin="195" end="195" number="1"/>
<flow id="car197" type="carType0" from="gneE43" to="gneE51" begin="195" end="195" number="1"/>
<flow id="car198" type="carType0" from="-gneE44" to="-gneE51" begin="196" end="196" number="1"/>
<flow id="car199" type="carType1" from="gneE48" to="-gneE48" begin="199" end="199" number="1"/>
</routes>
