<routes>
<vType id="carType0" length="9" maxSpeed="50.92" accel="2.68" decel="4" speedDev="0.2" sigma="0.27"/>
<vType id="carType1" length="7" maxSpeed="48.24" accel="2.69" decel="4.44" speedDev="0.2" sigma="0.13"/>
<vType id="carType2" length="6" maxSpeed="50.07" accel="2.63" decel="5.72" speedDev="0.2" sigma="0.22"/>
<flow id="car0" type="carType0" from="topleftD" to="toprightD" begin="1" end="1" number="1"/>
<flow id="car1" type="carType2" from="toprightL" to="-gneE27" begin="2" end="2" number="1"/>
<flow id="car2" type="carType0" from="-gneE7" to="gneE35" begin="3" end="3" number="1"/>
<flow id="car3" type="carType1" from="-gneE29" to="gneE21" begin="5" end="5" number="1"/>
<flow id="car4" type="carType1" from="-gneE42" to="toprightD" begin="6" end="6" number="1"/>
<flow id="car5" type="carType2" from="gneE30" to="gneE9" begin="8" end="8" number="1"/>
<flow id="car6" type="carType2" from="topleftD" to="gneE18" begin="9" end="9" number="1"/>
<flow id="car7" type="carType2" from="gneE44" to="-gneE8" begin="10" end="10" number="1"/>
<flow id="car8" type="carType0" from="gneE34" to="gneE18" begin="10" end="10" number="1"/>
<flow id="car9" type="carType2" from="gneE28" to="gneE50" begin="12" end="12" number="1"/>
<flow id="car10" type="carType1" from="-gneE34" to="gneE27" begin="12" end="12" number="1"/>
<flow id="car11" type="carType2" from="-gneE7" to="-gneE45" begin="12" end="12" number="1"/>
<flow id="car12" type="carType0" from="bottomleftR" to="-gneE27" begin="14" end="14" number="1"/>
<flow id="car13" type="carType0" from="-gneE18" to="topleftR" begin="15" end="15" number="1"/>
<flow id="car14" type="carType2" from="-gneE48" to="bottomleftR" begin="17" end="17" number="1"/>
<flow id="car15" type="carType2" from="-gneE49" to="-gneE18" begin="17" end="17" number="1"/>
<flow id="car16" type="carType0" from="gneE50" to="gneE21" begin="18" end="18" number="1"/>
<flow id="car17" type="carType2" from="gneE18" to="gneE37" begin="20" end="20" number="1"/>
<flow id="car18" type="carType1" from="-gneE37" to="-gneE45" begin="20" end="20" number="1"/>
<flow id="car19" type="carType2" from="gneE30" to="-gneE8" begin="21" end="21" number="1"/>
<flow id="car20" type="carType2" from="-gneE33" to="-gneE28" begin="21" end="21" number="1"/>
<flow id="car21" type="carType0" from="gneE28" to="gneE34" begin="22" end="22" number="1"/>
<flow id="car22" type="carType1" from="toprightD" to="-gneE33" begin="22" end="22" number="1"/>
<flow id="car23" type="carType0" from="-gneE34" to="-gneE44" begin="22" end="22" number="1"/>
<flow id="car24" type="carType1" from="-gneE50" to="gneE29" begin="23" end="23" number="1"/>
<flow id="car25" type="carType1" from="gneE43" to="gneE37" begin="25" end="25" number="1"/>
<flow id="car26" type="carType0" from="gneE50" to="-gneE29" begin="26" end="26" number="1"/>
<flow id="car27" type="carType2" from="gneE46" to="bottomleftR" begin="26" end="26" number="1"/>
<flow id="car28" type="carType0" from="topleftR" to="-gneE37" begin="27" end="27" number="1"/>
<flow id="car29" type="carType1" from="-gneE44" to="toprightD" begin="28" end="28" number="1"/>
<flow id="car30" type="carType1" from="bottomleftU" to="gneE45" begin="29" end="29" number="1"/>
<flow id="car31" type="carType1" from="gneE27" to="gneE22" begin="29" end="29" number="1"/>
<flow id="car32" type="carType1" from="-gneE21" to="-gneE50" begin="29" end="29" number="1"/>
<flow id="car33" type="carType1" from="gneE34" to="-gneE33" begin="31" end="31" number="1"/>
<flow id="car34" type="carType1" from="-gneE48" to="toprightD" begin="31" end="31" number="1"/>
<flow id="car35" type="carType1" from="gneE51" to="-gneE43" begin="33" end="33" number="1"/>
<flow id="car36" type="carType0" from="-gneE7" to="-gneE29" begin="36" end="36" number="1"/>
<flow id="car37" type="carType2" from="-gneE45" to="gneE22" begin="37" end="37" number="1"/>
<flow id="car38" type="carType1" from="gneE46" to="-gneE13" begin="40" end="40" number="1"/>
<flow id="car39" type="carType0" from="-gneE21" to="gneE21" begin="42" end="42" number="1"/>
<flow id="car40" type="carType2" from="gneE22" to="bottomrightL" begin="43" end="43" number="1"/>
<flow id="car41" type="carType0" from="toprightD" to="-gneE28" begin="43" end="43" number="1"/>
<flow id="car42" type="carType2" from="-gneE42" to="-gneE42" begin="45" end="45" number="1"/>
<flow id="car43" type="carType0" from="bottomrightU" to="-gneE8" begin="45" end="45" number="1"/>
<flow id="car44" type="carType0" from="-gneE44" to="gneE44" begin="45" end="45" number="1"/>
<flow id="car45" type="carType0" from="-gneE45" to="gneE30" begin="45" end="45" number="1"/>
<flow id="car46" type="carType2" from="bottomrightL" to="gneE48" begin="47" end="47" number="1"/>
<flow id="car47" type="carType0" from="gneE48" to="gneE9" begin="48" end="48" number="1"/>
<flow id="car48" type="carType0" from="gneE30" to="-gneE45" begin="50" end="50" number="1"/>
<flow id="car49" type="carType1" from="gneE21" to="gneE45" begin="50" end="50" number="1"/>
<flow id="car50" type="carType2" from="bottomrightU" to="gneE29" begin="53" end="53" number="1"/>
<flow id="car51" type="carType0" from="gneE35" to="-gneE28" begin="54" end="54" number="1"/>
<flow id="car52" type="carType2" from="gneE29" to="gneE46" begin="54" end="54" number="1"/>
<flow id="car53" type="carType2" from="gneE44" to="topleftD" begin="55" end="55" number="1"/>
<flow id="car54" type="carType1" from="toprightL" to="-gneE42" begin="56" end="56" number="1"/>
<flow id="car55" type="carType1" from="gneE51" to="-gneE28" begin="58" end="58" number="1"/>
<flow id="car56" type="carType2" from="-gneE45" to="gneE46" begin="58" end="58" number="1"/>
<flow id="car57" type="carType1" from="-gneE13" to="gneE21" begin="59" end="59" number="1"/>
<flow id="car58" type="carType1" from="gneE42" to="-gneE42" begin="59" end="59" number="1"/>
<flow id="car59" type="carType1" from="gneE18" to="gneE22" begin="59" end="59" number="1"/>
<flow id="car60" type="carType2" from="bottomleftU" to="-gneE28" begin="60" end="60" number="1"/>
<flow id="car61" type="carType2" from="gneE50" to="-gneE27" begin="61" end="61" number="1"/>
<flow id="car62" type="carType1" from="gneE51" to="bottomleftU" begin="62" end="62" number="1"/>
<flow id="car63" type="carType1" from="-gneE27" to="-gneE49" begin="63" end="63" number="1"/>
<flow id="car64" type="carType2" from="gneE18" to="bottomrightU" begin="63" end="63" number="1"/>
<flow id="car65" type="carType2" from="bottomrightU" to="gneE30" begin="65" end="65" number="1"/>
<flow id="car66" type="carType0" from="toprightL" to="-gneE37" begin="65" end="65" number="1"/>
<flow id="car67" type="carType0" from="gneE37" to="topleftR" begin="66" end="66" number="1"/>
<flow id="car68" type="carType1" from="-gneE28" to="-gneE28" begin="67" end="67" number="1"/>
<flow id="car69" type="carType1" from="-gneE27" to="gneE45" begin="68" end="68" number="1"/>
<flow id="car70" type="carType1" from="-gneE50" to="gneE46" begin="69" end="69" number="1"/>
<flow id="car71" type="carType1" from="-gneE43" to="-gneE33" begin="71" end="71" number="1"/>
<flow id="car72" type="carType1" from="topleftD" to="-gneE21" begin="72" end="72" number="1"/>
<flow id="car73" type="carType1" from="-gneE28" to="-gneE37" begin="73" end="73" number="1"/>
<flow id="car74" type="carType2" from="gneE29" to="gneE37" begin="74" end="74" number="1"/>
<flow id="car75" type="carType1" from="-gneE37" to="gneE8" begin="74" end="74" number="1"/>
<flow id="car76" type="carType2" from="gneE27" to="-gneE28" begin="76" end="76" number="1"/>
<flow id="car77" type="carType2" from="gneE48" to="gneE46" begin="76" end="76" number="1"/>
<flow id="car78" type="carType0" from="toprightL" to="gneE28" begin="76" end="76" number="1"/>
<flow id="car79" type="carType2" from="gneE21" to="gneE35" begin="77" end="77" number="1"/>
<flow id="car80" type="carType1" from="-gneE7" to="toprightL" begin="77" end="77" number="1"/>
<flow id="car81" type="carType2" from="-gneE21" to="-gneE34" begin="78" end="78" number="1"/>
<flow id="car82" type="carType0" from="gneE49" to="-gneE45" begin="79" end="79" number="1"/>
<flow id="car83" type="carType2" from="-gneE48" to="-gneE51" begin="79" end="79" number="1"/>
<flow id="car84" type="carType1" from="-gneE18" to="-gneE33" begin="79" end="79" number="1"/>
<flow id="car85" type="carType2" from="gneE42" to="toprightD" begin="80" end="80" number="1"/>
<flow id="car86" type="carType0" from="-gneE33" to="bottomleftR" begin="81" end="81" number="1"/>
<flow id="car87" type="carType1" from="-gneE27" to="-gneE37" begin="82" end="82" number="1"/>
<flow id="car88" type="carType1" from="bottomleftR" to="gneE22" begin="82" end="82" number="1"/>
<flow id="car89" type="carType0" from="-gneE28" to="gneE46" begin="83" end="83" number="1"/>
<flow id="car90" type="carType1" from="gneE18" to="-gneE13" begin="83" end="83" number="1"/>
<flow id="car91" type="carType1" from="gneE46" to="-gneE43" begin="83" end="83" number="1"/>
<flow id="car92" type="carType0" from="gneE21" to="-gneE13" begin="87" end="87" number="1"/>
<flow id="car93" type="carType0" from="-gneE34" to="gneE43" begin="93" end="93" number="1"/>
<flow id="car94" type="carType2" from="gneE45" to="gneE42" begin="94" end="94" number="1"/>
<flow id="car95" type="carType0" from="toprightL" to="topleftD" begin="95" end="95" number="1"/>
<flow id="car96" type="carType2" from="gneE18" to="gneE27" begin="95" end="95" number="1"/>
<flow id="car97" type="carType1" from="-gneE51" to="toprightD" begin="96" end="96" number="1"/>
<flow id="car98" type="carType2" from="-gneE44" to="toprightD" begin="97" end="97" number="1"/>
<flow id="car99" type="carType0" from="-gneE43" to="bottomleftU" begin="97" end="97" number="1"/>
<flow id="car100" type="carType0" from="-gneE7" to="-gneE21" begin="98" end="98" number="1"/>
<flow id="car101" type="carType2" from="-gneE27" to="gneE48" begin="99" end="99" number="1"/>
<flow id="car102" type="carType1" from="-gneE42" to="gneE21" begin="100" end="100" number="1"/>
<flow id="car103" type="carType2" from="bottomleftU" to="-gneE8" begin="101" end="101" number="1"/>
<flow id="car104" type="carType2" from="gneE9" to="toprightL" begin="102" end="102" number="1"/>
<flow id="car105" type="carType1" from="-gneE42" to="gneE27" begin="104" end="104" number="1"/>
<flow id="car106" type="carType0" from="toprightL" to="gneE51" begin="105" end="105" number="1"/>
<flow id="car107" type="carType0" from="gneE27" to="gneE8" begin="105" end="105" number="1"/>
<flow id="car108" type="carType1" from="gneE28" to="gneE22" begin="106" end="106" number="1"/>
<flow id="car109" type="carType1" from="gneE21" to="gneE43" begin="111" end="111" number="1"/>
<flow id="car110" type="carType1" from="gneE21" to="-gneE34" begin="111" end="111" number="1"/>
<flow id="car111" type="carType2" from="gneE30" to="gneE18" begin="111" end="111" number="1"/>
<flow id="car112" type="carType0" from="gneE37" to="gneE18" begin="112" end="112" number="1"/>
<flow id="car113" type="carType1" from="toprightL" to="-gneE37" begin="115" end="115" number="1"/>
<flow id="car114" type="carType0" from="bottomleftU" to="-gneE42" begin="116" end="116" number="1"/>
<flow id="car115" type="carType0" from="-gneE44" to="topleftD" begin="118" end="118" number="1"/>
<flow id="car116" type="carType2" from="-gneE43" to="gneE29" begin="119" end="119" number="1"/>
<flow id="car117" type="carType1" from="-gneE13" to="gneE27" begin="120" end="120" number="1"/>
<flow id="car118" type="carType2" from="gneE22" to="gneE27" begin="122" end="122" number="1"/>
<flow id="car119" type="carType2" from="bottomrightL" to="topleftR" begin="123" end="123" number="1"/>
<flow id="car120" type="carType1" from="-gneE51" to="gneE29" begin="124" end="124" number="1"/>
<flow id="car121" type="carType2" from="gneE9" to="gneE49" begin="124" end="124" number="1"/>
<flow id="car122" type="carType1" from="gneE48" to="gneE49" begin="126" end="126" number="1"/>
<flow id="car123" type="carType2" from="gneE50" to="-gneE13" begin="127" end="127" number="1"/>
<flow id="car124" type="carType1" from="topleftR" to="-gneE44" begin="127" end="127" number="1"/>
<flow id="car125" type="carType1" from="gneE34" to="-gneE49" begin="128" end="128" number="1"/>
<flow id="car126" type="carType2" from="gneE42" to="-gneE7" begin="128" end="128" number="1"/>
<flow id="car127" type="carType0" from="gneE27" to="gneE29" begin="128" end="128" number="1"/>
<flow id="car128" type="carType1" from="-gneE44" to="-gneE13" begin="129" end="129" number="1"/>
<flow id="car129" type="carType0" from="-gneE43" to="gneE45" begin="129" end="129" number="1"/>
<flow id="car130" type="carType0" from="-gneE34" to="-gneE7" begin="130" end="130" number="1"/>
<flow id="car131" type="carType1" from="gneE8" to="-gneE13" begin="131" end="131" number="1"/>
<flow id="car132" type="carType1" from="gneE42" to="topleftD" begin="134" end="134" number="1"/>
<flow id="car133" type="carType2" from="toprightL" to="gneE18" begin="135" end="135" number="1"/>
<flow id="car134" type="carType0" from="-gneE27" to="bottomrightU" begin="136" end="136" number="1"/>
<flow id="car135" type="carType1" from="-gneE7" to="-gneE29" begin="137" end="137" number="1"/>
<flow id="car136" type="carType1" from="gneE18" to="-gneE45" begin="139" end="139" number="1"/>
<flow id="car137" type="carType2" from="-gneE7" to="gneE44" begin="139" end="139" number="1"/>
<flow id="car138" type="carType1" from="gneE27" to="gneE51" begin="139" end="139" number="1"/>
<flow id="car139" type="carType2" from="bottomleftU" to="-gneE33" begin="139" end="139" number="1"/>
<flow id="car140" type="carType1" from="gneE51" to="toprightD" begin="140" end="140" number="1"/>
<flow id="car141" type="carType0" from="gneE44" to="-gneE45" begin="141" end="141" number="1"/>
<flow id="car142" type="carType0" from="-gneE7" to="gneE51" begin="142" end="142" number="1"/>
<flow id="car143" type="carType0" from="-gneE18" to="bottomrightU" begin="142" end="142" number="1"/>
<flow id="car144" type="carType0" from="gneE35" to="gneE37" begin="145" end="145" number="1"/>
<flow id="car145" type="carType0" from="gneE45" to="topleftD" begin="145" end="145" number="1"/>
<flow id="car146" type="carType1" from="bottomrightL" to="gneE30" begin="149" end="149" number="1"/>
<flow id="car147" type="carType1" from="toprightL" to="gneE34" begin="149" end="149" number="1"/>
<flow id="car148" type="carType0" from="-gneE29" to="-gneE42" begin="150" end="150" number="1"/>
<flow id="car149" type="carType0" from="gneE34" to="gneE42" begin="150" end="150" number="1"/>
<flow id="car150" type="carType1" from="gneE45" to="gneE45" begin="152" end="152" number="1"/>
<flow id="car151" type="carType1" from="-gneE18" to="bottomleftR" begin="152" end="152" number="1"/>
<flow id="car152" type="carType1" from="topleftD" to="gneE42" begin="152" end="152" number="1"/>
<flow id="car153" type="carType2" from="gneE43" to="gneE22" begin="156" end="156" number="1"/>
<flow id="car154" type="carType0" from="gneE30" to="gneE27" begin="157" end="157" number="1"/>
<flow id="car155" type="carType0" from="topleftR" to="-gneE29" begin="158" end="158" number="1"/>
<flow id="car156" type="carType2" from="gneE49" to="gneE51" begin="159" end="159" number="1"/>
<flow id="car157" type="carType2" from="-gneE21" to="gneE21" begin="160" end="160" number="1"/>
<flow id="car158" type="carType0" from="bottomleftU" to="-gneE50" begin="160" end="160" number="1"/>
<flow id="car159" type="carType2" from="-gneE34" to="gneE21" begin="163" end="163" number="1"/>
<flow id="car160" type="carType2" from="-gneE34" to="topleftD" begin="167" end="167" number="1"/>
<flow id="car161" type="carType0" from="gneE8" to="-gneE48" begin="167" end="167" number="1"/>
<flow id="car162" type="carType0" from="-gneE51" to="bottomrightL" begin="169" end="169" number="1"/>
<flow id="car163" type="carType0" from="gneE18" to="-gneE42" begin="171" end="171" number="1"/>
<flow id="car164" type="carType2" from="gneE18" to="gneE51" begin="173" end="173" number="1"/>
<flow id="car165" type="carType0" from="bottomleftU" to="gneE50" begin="173" end="173" number="1"/>
<flow id="car166" type="carType2" from="gneE22" to="-gneE37" begin="173" end="173" number="1"/>
<flow id="car167" type="carType2" from="gneE28" to="gneE44" begin="176" end="176" number="1"/>
<flow id="car168" type="carType2" from="-gneE27" to="bottomleftR" begin="176" end="176" number="1"/>
<flow id="car169" type="carType2" from="bottomrightU" to="-gneE43" begin="177" end="177" number="1"/>
<flow id="car170" type="carType0" from="-gneE44" to="gneE49" begin="178" end="178" number="1"/>
<flow id="car171" type="carType1" from="-gneE37" to="gneE44" begin="178" end="178" number="1"/>
<flow id="car172" type="carType2" from="-gneE49" to="bottomleftR" begin="178" end="178" number="1"/>
<flow id="car173" type="carType1" from="-gneE29" to="gneE34" begin="180" end="180" number="1"/>
<flow id="car174" type="carType1" from="-gneE43" to="-gneE8" begin="180" end="180" number="1"/>
<flow id="car175" type="carType1" from="gneE18" to="-gneE21" begin="181" end="181" number="1"/>
<flow id="car176" type="carType2" from="gneE21" to="gneE34" begin="182" end="182" number="1"/>
<flow id="car177" type="carType1" from="topleftR" to="gneE43" begin="183" end="183" number="1"/>
<flow id="car178" type="carType1" from="-gneE51" to="-gneE18" begin="185" end="185" number="1"/>
<flow id="car179" type="carType1" from="gneE42" to="gneE50" begin="185" end="185" number="1"/>
<flow id="car180" type="carType2" from="gneE9" to="gneE35" begin="185" end="185" number="1"/>
<flow id="car181" type="carType0" from="gneE48" to="-gneE43" begin="186" end="186" number="1"/>
<flow id="car182" type="carType2" from="-gneE42" to="-gneE21" begin="186" end="186" number="1"/>
<flow id="car183" type="carType0" from="gneE18" to="gneE45" begin="187" end="187" number="1"/>
<flow id="car184" type="carType1" from="topleftR" to="-gneE18" begin="188" end="188" number="1"/>
<flow id="car185" type="carType0" from="gneE44" to="gneE51" begin="188" end="188" number="1"/>
<flow id="car186" type="carType2" from="gneE51" to="-gneE50" begin="189" end="189" number="1"/>
<flow id="car187" type="carType2" from="gneE42" to="gneE34" begin="189" end="189" number="1"/>
<flow id="car188" type="carType2" from="bottomrightU" to="gneE45" begin="190" end="190" number="1"/>
<flow id="car189" type="carType1" from="gneE44" to="-gneE18" begin="190" end="190" number="1"/>
<flow id="car190" type="carType2" from="gneE9" to="gneE46" begin="191" end="191" number="1"/>
<flow id="car191" type="carType2" from="bottomrightL" to="-gneE45" begin="192" end="192" number="1"/>
<flow id="car192" type="carType0" from="bottomleftR" to="-gneE29" begin="192" end="192" number="1"/>
<flow id="car193" type="carType2" from="gneE49" to="gneE18" begin="195" end="195" number="1"/>
<flow id="car194" type="carType2" from="-gneE44" to="-gneE37" begin="197" end="197" number="1"/>
<flow id="car195" type="carType1" from="gneE35" to="bottomrightU" begin="197" end="197" number="1"/>
<flow id="car196" type="carType2" from="-gneE18" to="-gneE42" begin="198" end="198" number="1"/>
<flow id="car197" type="carType2" from="gneE29" to="gneE8" begin="198" end="198" number="1"/>
<flow id="car198" type="carType0" from="gneE21" to="gneE45" begin="199" end="199" number="1"/>
<flow id="car199" type="carType0" from="gneE37" to="gneE34" begin="199" end="199" number="1"/>
</routes>
