<routes>
<vType id="carType0" length="9" maxSpeed="59.21" accel="2.11" decel="5.37" speedDev="0.2" sigma="0.25"/>
<vType id="carType1" length="4" maxSpeed="51.84" accel="2.06" decel="4.39" speedDev="0.2" sigma="0.29"/>
<vType id="carType2" length="5" maxSpeed="43.23" accel="2.2" decel="5.26" speedDev="0.2" sigma="0.11"/>
<flow id="car0" type="carType0" from="gneE8" to="-gneE49" begin="0" end="0" number="1"/>
<flow id="car1" type="carType2" from="gneE45" to="-gneE21" begin="0" end="0" number="1"/>
<flow id="car2" type="carType2" from="gneE45" to="bottomrightU" begin="2" end="2" number="1"/>
<flow id="car3" type="carType2" from="gneE29" to="gneE50" begin="2" end="2" number="1"/>
<flow id="car4" type="carType2" from="gneE43" to="toprightL" begin="3" end="3" number="1"/>
<flow id="car5" type="carType0" from="gneE22" to="gneE50" begin="3" end="3" number="1"/>
<flow id="car6" type="carType0" from="gneE29" to="gneE28" begin="5" end="5" number="1"/>
<flow id="car7" type="carType0" from="-gneE34" to="gneE43" begin="5" end="5" number="1"/>
<flow id="car8" type="carType2" from="gneE8" to="gneE49" begin="6" end="6" number="1"/>
<flow id="car9" type="carType1" from="-gneE45" to="-gneE18" begin="8" end="8" number="1"/>
<flow id="car10" type="carType0" from="bottomleftR" to="gneE18" begin="9" end="9" number="1"/>
<flow id="car11" type="carType2" from="gneE45" to="-gneE44" begin="13" end="13" number="1"/>
<flow id="car12" type="carType2" from="-gneE44" to="-gneE29" begin="15" end="15" number="1"/>
<flow id="car13" type="carType2" from="gneE51" to="gneE48" begin="15" end="15" number="1"/>
<flow id="car14" type="carType1" from="gneE35" to="gneE51" begin="16" end="16" number="1"/>
<flow id="car15" type="carType1" from="gneE51" to="toprightD" begin="17" end="17" number="1"/>
<flow id="car16" type="carType0" from="bottomrightU" to="-gneE21" begin="22" end="22" number="1"/>
<flow id="car17" type="carType0" from="-gneE27" to="-gneE42" begin="23" end="23" number="1"/>
<flow id="car18" type="carType1" from="gneE34" to="gneE49" begin="24" end="24" number="1"/>
<flow id="car19" type="carType1" from="toprightD" to="gneE49" begin="25" end="25" number="1"/>
<flow id="car20" type="carType1" from="toprightL" to="-gneE7" begin="26" end="26" number="1"/>
<flow id="car21" type="carType1" from="topleftD" to="-gneE21" begin="29" end="29" number="1"/>
<flow id="car22" type="carType0" from="-gneE8" to="toprightL" begin="30" end="30" number="1"/>
<flow id="car23" type="carType1" from="bottomrightL" to="gneE37" begin="32" end="32" number="1"/>
<flow id="car24" type="carType2" from="-gneE42" to="-gneE18" begin="33" end="33" number="1"/>
<flow id="car25" type="carType1" from="-gneE13" to="bottomrightU" begin="33" end="33" number="1"/>
<flow id="car26" type="carType2" from="gneE35" to="-gneE45" begin="34" end="34" number="1"/>
<flow id="car27" type="carType1" from="-gneE43" to="-gneE45" begin="34" end="34" number="1"/>
<flow id="car28" type="carType0" from="gneE44" to="-gneE13" begin="34" end="34" number="1"/>
<flow id="car29" type="carType2" from="-gneE13" to="-gneE42" begin="34" end="34" number="1"/>
<flow id="car30" type="carType1" from="-gneE34" to="gneE29" begin="36" end="36" number="1"/>
<flow id="car31" type="carType2" from="gneE9" to="gneE49" begin="36" end="36" number="1"/>
<flow id="car32" type="carType2" from="gneE28" to="-gneE49" begin="37" end="37" number="1"/>
<flow id="car33" type="carType2" from="-gneE45" to="-gneE21" begin="38" end="38" number="1"/>
<flow id="car34" type="carType0" from="-gneE21" to="bottomrightU" begin="38" end="38" number="1"/>
<flow id="car35" type="carType0" from="-gneE37" to="-gneE45" begin="38" end="38" number="1"/>
<flow id="car36" type="carType1" from="gneE21" to="gneE29" begin="39" end="39" number="1"/>
<flow id="car37" type="carType2" from="bottomrightU" to="gneE21" begin="40" end="40" number="1"/>
<flow id="car38" type="carType0" from="-gneE33" to="gneE35" begin="40" end="40" number="1"/>
<flow id="car39" type="carType1" from="bottomrightL" to="gneE21" begin="41" end="41" number="1"/>
<flow id="car40" type="carType1" from="gneE46" to="bottomleftR" begin="41" end="41" number="1"/>
<flow id="car41" type="carType2" from="-gneE29" to="gneE30" begin="41" end="41" number="1"/>
<flow id="car42" type="carType2" from="gneE50" to="bottomleftR" begin="41" end="41" number="1"/>
<flow id="car43" type="carType2" from="-gneE27" to="gneE50" begin="41" end="41" number="1"/>
<flow id="car44" type="carType2" from="gneE27" to="-gneE43" begin="42" end="42" number="1"/>
<flow id="car45" type="carType2" from="-gneE8" to="bottomrightL" begin="43" end="43" number="1"/>
<flow id="car46" type="carType2" from="-gneE37" to="-gneE21" begin="43" end="43" number="1"/>
<flow id="car47" type="carType2" from="gneE27" to="gneE42" begin="43" end="43" number="1"/>
<flow id="car48" type="carType2" from="gneE48" to="gneE29" begin="44" end="44" number="1"/>
<flow id="car49" type="carType0" from="-gneE27" to="toprightD" begin="44" end="44" number="1"/>
<flow id="car50" type="carType1" from="gneE8" to="gneE44" begin="46" end="46" number="1"/>
<flow id="car51" type="carType2" from="gneE28" to="gneE18" begin="48" end="48" number="1"/>
<flow id="car52" type="carType1" from="gneE48" to="gneE8" begin="48" end="48" number="1"/>
<flow id="car53" type="carType2" from="gneE45" to="gneE42" begin="49" end="49" number="1"/>
<flow id="car54" type="carType0" from="-gneE18" to="-gneE28" begin="49" end="49" number="1"/>
<flow id="car55" type="carType2" from="-gneE27" to="-gneE18" begin="49" end="49" number="1"/>
<flow id="car56" type="carType2" from="gneE50" to="gneE8" begin="50" end="50" number="1"/>
<flow id="car57" type="carType2" from="-gneE18" to="-gneE34" begin="51" end="51" number="1"/>
<flow id="car58" type="carType0" from="gneE46" to="-gneE37" begin="52" end="52" number="1"/>
<flow id="car59" type="carType2" from="topleftR" to="gneE8" begin="52" end="52" number="1"/>
<flow id="car60" type="carType1" from="gneE45" to="gneE50" begin="53" end="53" number="1"/>
<flow id="car61" type="carType1" from="topleftD" to="gneE46" begin="53" end="53" number="1"/>
<flow id="car62" type="carType2" from="-gneE44" to="gneE35" begin="56" end="56" number="1"/>
<flow id="car63" type="carType2" from="bottomleftU" to="-gneE21" begin="58" end="58" number="1"/>
<flow id="car64" type="carType2" from="-gneE33" to="gneE27" begin="58" end="58" number="1"/>
<flow id="car65" type="carType1" from="gneE45" to="-gneE29" begin="61" end="61" number="1"/>
<flow id="car66" type="carType0" from="gneE35" to="gneE34" begin="63" end="63" number="1"/>
<flow id="car67" type="carType0" from="gneE22" to="-gneE7" begin="63" end="63" number="1"/>
<flow id="car68" type="carType2" from="gneE9" to="-gneE49" begin="63" end="63" number="1"/>
<flow id="car69" type="carType2" from="topleftD" to="gneE18" begin="64" end="64" number="1"/>
<flow id="car70" type="carType1" from="gneE9" to="-gneE42" begin="64" end="64" number="1"/>
<flow id="car71" type="carType0" from="bottomrightU" to="gneE21" begin="64" end="64" number="1"/>
<flow id="car72" type="carType2" from="-gneE21" to="gneE44" begin="65" end="65" number="1"/>
<flow id="car73" type="carType0" from="gneE9" to="gneE28" begin="66" end="66" number="1"/>
<flow id="car74" type="carType0" from="-gneE48" to="-gneE33" begin="66" end="66" number="1"/>
<flow id="car75" type="carType2" from="gneE51" to="gneE34" begin="67" end="67" number="1"/>
<flow id="car76" type="carType1" from="-gneE42" to="gneE28" begin="69" end="69" number="1"/>
<flow id="car77" type="carType0" from="bottomrightL" to="-gneE51" begin="70" end="70" number="1"/>
<flow id="car78" type="carType1" from="-gneE50" to="gneE29" begin="70" end="70" number="1"/>
<flow id="car79" type="carType2" from="gneE30" to="-gneE33" begin="71" end="71" number="1"/>
<flow id="car80" type="carType0" from="-gneE33" to="-gneE7" begin="73" end="73" number="1"/>
<flow id="car81" type="carType0" from="gneE51" to="bottomleftU" begin="73" end="73" number="1"/>
<flow id="car82" type="carType1" from="bottomleftR" to="-gneE28" begin="74" end="74" number="1"/>
<flow id="car83" type="carType1" from="gneE37" to="gneE30" begin="76" end="76" number="1"/>
<flow id="car84" type="carType2" from="gneE21" to="toprightD" begin="76" end="76" number="1"/>
<flow id="car85" type="carType2" from="gneE49" to="-gneE48" begin="77" end="77" number="1"/>
<flow id="car86" type="carType0" from="gneE50" to="gneE30" begin="78" end="78" number="1"/>
<flow id="car87" type="carType0" from="gneE44" to="-gneE50" begin="78" end="78" number="1"/>
<flow id="car88" type="carType0" from="-gneE21" to="topleftR" begin="78" end="78" number="1"/>
<flow id="car89" type="carType0" from="gneE9" to="-gneE18" begin="79" end="79" number="1"/>
<flow id="car90" type="carType0" from="gneE35" to="-gneE8" begin="81" end="81" number="1"/>
<flow id="car91" type="carType1" from="-gneE42" to="gneE22" begin="83" end="83" number="1"/>
<flow id="car92" type="carType1" from="-gneE48" to="-gneE45" begin="83" end="83" number="1"/>
<flow id="car93" type="carType1" from="gneE50" to="gneE46" begin="83" end="83" number="1"/>
<flow id="car94" type="carType2" from="-gneE34" to="gneE37" begin="85" end="85" number="1"/>
<flow id="car95" type="carType2" from="gneE18" to="topleftD" begin="85" end="85" number="1"/>
<flow id="car96" type="carType1" from="-gneE42" to="bottomrightU" begin="87" end="87" number="1"/>
<flow id="car97" type="carType2" from="-gneE45" to="-gneE13" begin="87" end="87" number="1"/>
<flow id="car98" type="carType1" from="bottomrightL" to="gneE9" begin="87" end="87" number="1"/>
<flow id="car99" type="carType0" from="-gneE42" to="-gneE33" begin="88" end="88" number="1"/>
<flow id="car100" type="carType2" from="gneE29" to="gneE37" begin="88" end="88" number="1"/>
<flow id="car101" type="carType0" from="gneE22" to="gneE43" begin="92" end="92" number="1"/>
<flow id="car102" type="carType2" from="-gneE37" to="-gneE27" begin="92" end="92" number="1"/>
<flow id="car103" type="carType2" from="bottomleftR" to="-gneE34" begin="93" end="93" number="1"/>
<flow id="car104" type="carType1" from="-gneE49" to="gneE28" begin="93" end="93" number="1"/>
<flow id="car105" type="carType1" from="gneE18" to="gneE50" begin="94" end="94" number="1"/>
<flow id="car106" type="carType0" from="bottomrightL" to="bottomrightL" begin="95" end="95" number="1"/>
<flow id="car107" type="carType1" from="toprightL" to="bottomleftU" begin="95" end="95" number="1"/>
<flow id="car108" type="carType0" from="gneE27" to="bottomleftR" begin="97" end="97" number="1"/>
<flow id="car109" type="carType2" from="gneE49" to="gneE37" begin="100" end="100" number="1"/>
<flow id="car110" type="carType1" from="-gneE44" to="gneE35" begin="101" end="101" number="1"/>
<flow id="car111" type="carType2" from="bottomleftU" to="gneE27" begin="101" end="101" number="1"/>
<flow id="car112" type="carType0" from="topleftD" to="bottomrightU" begin="102" end="102" number="1"/>
<flow id="car113" type="carType2" from="gneE48" to="topleftR" begin="102" end="102" number="1"/>
<flow id="car114" type="carType0" from="gneE8" to="gneE45" begin="102" end="102" number="1"/>
<flow id="car115" type="carType0" from="gneE42" to="gneE35" begin="104" end="104" number="1"/>
<flow id="car116" type="carType1" from="gneE48" to="-gneE42" begin="106" end="106" number="1"/>
<flow id="car117" type="carType0" from="-gneE37" to="gneE28" begin="107" end="107" number="1"/>
<flow id="car118" type="carType1" from="gneE43" to="gneE30" begin="108" end="108" number="1"/>
<flow id="car119" type="carType2" from="topleftR" to="-gneE18" begin="109" end="109" number="1"/>
<flow id="car120" type="carType0" from="bottomrightL" to="gneE29" begin="109" end="109" number="1"/>
<flow id="car121" type="carType1" from="-gneE44" to="gneE28" begin="110" end="110" number="1"/>
<flow id="car122" type="carType2" from="-gneE48" to="gneE43" begin="110" end="110" number="1"/>
<flow id="car123" type="carType0" from="gneE29" to="gneE30" begin="112" end="112" number="1"/>
<flow id="car124" type="carType1" from="gneE49" to="gneE37" begin="114" end="114" number="1"/>
<flow id="car125" type="carType0" from="gneE49" to="topleftR" begin="116" end="116" number="1"/>
<flow id="car126" type="carType1" from="-gneE27" to="bottomrightL" begin="117" end="117" number="1"/>
<flow id="car127" type="carType2" from="gneE48" to="gneE35" begin="117" end="117" number="1"/>
<flow id="car128" type="carType2" from="gneE22" to="gneE50" begin="118" end="118" number="1"/>
<flow id="car129" type="carType1" from="-gneE45" to="gneE18" begin="118" end="118" number="1"/>
<flow id="car130" type="carType0" from="-gneE50" to="bottomleftR" begin="119" end="119" number="1"/>
<flow id="car131" type="carType1" from="gneE37" to="bottomleftR" begin="119" end="119" number="1"/>
<flow id="car132" type="carType2" from="-gneE45" to="-gneE42" begin="119" end="119" number="1"/>
<flow id="car133" type="carType1" from="gneE44" to="gneE44" begin="119" end="119" number="1"/>
<flow id="car134" type="carType1" from="gneE48" to="gneE43" begin="120" end="120" number="1"/>
<flow id="car135" type="carType0" from="topleftD" to="-gneE50" begin="120" end="120" number="1"/>
<flow id="car136" type="carType2" from="gneE50" to="gneE44" begin="126" end="126" number="1"/>
<flow id="car137" type="carType0" from="gneE43" to="-gneE18" begin="129" end="129" number="1"/>
<flow id="car138" type="carType0" from="-gneE34" to="topleftD" begin="129" end="129" number="1"/>
<flow id="car139" type="carType1" from="-gneE43" to="-gneE42" begin="130" end="130" number="1"/>
<flow id="car140" type="carType1" from="bottomrightU" to="-gneE34" begin="131" end="131" number="1"/>
<flow id="car141" type="carType1" from="topleftR" to="gneE18" begin="134" end="134" number="1"/>
<flow id="car142" type="carType0" from="-gneE28" to="gneE8" begin="134" end="134" number="1"/>
<flow id="car143" type="carType1" from="bottomrightL" to="topleftD" begin="135" end="135" number="1"/>
<flow id="car144" type="carType0" from="gneE21" to="-gneE37" begin="136" end="136" number="1"/>
<flow id="car145" type="carType2" from="gneE27" to="gneE51" begin="136" end="136" number="1"/>
<flow id="car146" type="carType2" from="gneE37" to="bottomleftU" begin="139" end="139" number="1"/>
<flow id="car147" type="carType0" from="-gneE34" to="-gneE29" begin="141" end="141" number="1"/>
<flow id="car148" type="carType2" from="-gneE44" to="-gneE45" begin="141" end="141" number="1"/>
<flow id="car149" type="carType0" from="gneE44" to="-gneE27" begin="142" end="142" number="1"/>
<flow id="car150" type="carType2" from="gneE45" to="-gneE8" begin="143" end="143" number="1"/>
<flow id="car151" type="carType2" from="-gneE33" to="gneE43" begin="144" end="144" number="1"/>
<flow id="car152" type="carType1" from="-gneE18" to="gneE22" begin="150" end="150" number="1"/>
<flow id="car153" type="carType1" from="gneE45" to="gneE29" begin="150" end="150" number="1"/>
<flow id="car154" type="carType1" from="gneE44" to="topleftR" begin="151" end="151" number="1"/>
<flow id="car155" type="carType2" from="gneE27" to="-gneE29" begin="151" end="151" number="1"/>
<flow id="car156" type="carType2" from="-gneE44" to="-gneE28" begin="152" end="152" number="1"/>
<flow id="car157" type="carType0" from="gneE51" to="bottomrightU" begin="152" end="152" number="1"/>
<flow id="car158" type="carType0" from="-gneE21" to="gneE44" begin="154" end="154" number="1"/>
<flow id="car159" type="carType2" from="toprightL" to="gneE8" begin="154" end="154" number="1"/>
<flow id="car160" type="carType0" from="-gneE27" to="gneE37" begin="156" end="156" number="1"/>
<flow id="car161" type="carType0" from="gneE8" to="bottomleftR" begin="156" end="156" number="1"/>
<flow id="car162" type="carType1" from="-gneE48" to="gneE44" begin="157" end="157" number="1"/>
<flow id="car163" type="carType0" from="-gneE7" to="-gneE51" begin="157" end="157" number="1"/>
<flow id="car164" type="carType1" from="gneE35" to="bottomleftU" begin="157" end="157" number="1"/>
<flow id="car165" type="carType1" from="toprightL" to="toprightD" begin="157" end="157" number="1"/>
<flow id="car166" type="carType2" from="-gneE13" to="gneE48" begin="158" end="158" number="1"/>
<flow id="car167" type="carType2" from="toprightL" to="-gneE18" begin="160" end="160" number="1"/>
<flow id="car168" type="carType0" from="-gneE27" to="-gneE21" begin="162" end="162" number="1"/>
<flow id="car169" type="carType2" from="-gneE33" to="gneE28" begin="162" end="162" number="1"/>
<flow id="car170" type="carType1" from="gneE45" to="-gneE8" begin="163" end="163" number="1"/>
<flow id="car171" type="carType1" from="gneE44" to="-gneE50" begin="166" end="166" number="1"/>
<flow id="car172" type="carType0" from="gneE30" to="bottomleftR" begin="166" end="166" number="1"/>
<flow id="car173" type="carType1" from="bottomrightL" to="gneE50" begin="167" end="167" number="1"/>
<flow id="car174" type="carType0" from="-gneE33" to="-gneE18" begin="169" end="169" number="1"/>
<flow id="car175" type="carType1" from="gneE8" to="-gneE42" begin="169" end="169" number="1"/>
<flow id="car176" type="carType0" from="bottomleftU" to="-gneE44" begin="170" end="170" number="1"/>
<flow id="car177" type="carType2" from="-gneE33" to="-gneE50" begin="173" end="173" number="1"/>
<flow id="car178" type="carType0" from="toprightL" to="bottomrightL" begin="173" end="173" number="1"/>
<flow id="car179" type="carType1" from="gneE35" to="gneE49" begin="174" end="174" number="1"/>
<flow id="car180" type="carType0" from="bottomleftR" to="gneE9" begin="176" end="176" number="1"/>
<flow id="car181" type="carType1" from="topleftR" to="-gneE29" begin="176" end="176" number="1"/>
<flow id="car182" type="carType1" from="-gneE33" to="gneE49" begin="177" end="177" number="1"/>
<flow id="car183" type="carType2" from="-gneE34" to="gneE43" begin="179" end="179" number="1"/>
<flow id="car184" type="carType2" from="gneE37" to="-gneE49" begin="182" end="182" number="1"/>
<flow id="car185" type="carType1" from="gneE8" to="-gneE28" begin="182" end="182" number="1"/>
<flow id="car186" type="carType2" from="-gneE48" to="gneE51" begin="184" end="184" number="1"/>
<flow id="car187" type="carType1" from="gneE8" to="-gneE8" begin="185" end="185" number="1"/>
<flow id="car188" type="carType2" from="-gneE43" to="-gneE18" begin="185" end="185" number="1"/>
<flow id="car189" type="carType1" from="gneE43" to="-gneE21" begin="187" end="187" number="1"/>
<flow id="car190" type="carType0" from="gneE46" to="gneE27" begin="188" end="188" number="1"/>
<flow id="car191" type="carType1" from="gneE8" to="-gneE27" begin="189" end="189" number="1"/>
<flow id="car192" type="carType0" from="bottomrightL" to="bottomleftU" begin="190" end="190" number="1"/>
<flow id="car193" type="carType1" from="gneE46" to="gneE44" begin="191" end="191" number="1"/>
<flow id="car194" type="carType2" from="gneE48" to="gneE51" begin="193" end="193" number="1"/>
<flow id="car195" type="carType1" from="-gneE45" to="gneE50" begin="194" end="194" number="1"/>
<flow id="car196" type="carType0" from="toprightL" to="toprightD" begin="196" end="196" number="1"/>
<flow id="car197" type="carType2" from="-gneE51" to="-gneE51" begin="197" end="197" number="1"/>
<flow id="car198" type="carType1" from="-gneE48" to="-gneE27" begin="198" end="198" number="1"/>
<flow id="car199" type="carType1" from="toprightL" to="-gneE7" begin="198" end="198" number="1"/>
</routes>
