<routes>
<vType id="carType0" length="4" maxSpeed="54.82" accel="2.14" decel="4.2" speedDev="0.2" sigma="0.27"/>
<vType id="carType1" length="9" maxSpeed="58.2" accel="2.33" decel="4.56" speedDev="0.2" sigma="0.21"/>
<vType id="carType2" length="6" maxSpeed="53.17" accel="2.8" decel="4.28" speedDev="0.2" sigma="0.23"/>
<flow id="car0" type="carType1" from="-gneE37" to="gneE42" begin="0" end="0" number="1"/>
<flow id="car1" type="carType1" from="gneE18" to="-gneE44" begin="1" end="1" number="1"/>
<flow id="car2" type="carType2" from="gneE21" to="bottomleftR" begin="2" end="2" number="1"/>
<flow id="car3" type="carType0" from="gneE50" to="bottomleftU" begin="3" end="3" number="1"/>
<flow id="car4" type="carType1" from="gneE34" to="-gneE44" begin="6" end="6" number="1"/>
<flow id="car5" type="carType2" from="gneE49" to="-gneE27" begin="6" end="6" number="1"/>
<flow id="car6" type="carType0" from="gneE50" to="bottomleftU" begin="7" end="7" number="1"/>
<flow id="car7" type="carType2" from="-gneE27" to="bottomleftU" begin="7" end="7" number="1"/>
<flow id="car8" type="carType2" from="-gneE42" to="gneE28" begin="7" end="7" number="1"/>
<flow id="car9" type="carType0" from="gneE46" to="gneE28" begin="7" end="7" number="1"/>
<flow id="car10" type="carType2" from="-gneE43" to="gneE48" begin="9" end="9" number="1"/>
<flow id="car11" type="carType1" from="-gneE50" to="gneE44" begin="10" end="10" number="1"/>
<flow id="car12" type="carType2" from="bottomleftU" to="gneE28" begin="11" end="11" number="1"/>
<flow id="car13" type="carType1" from="gneE21" to="-gneE7" begin="11" end="11" number="1"/>
<flow id="car14" type="carType2" from="-gneE37" to="gneE34" begin="12" end="12" number="1"/>
<flow id="car15" type="carType1" from="gneE18" to="-gneE27" begin="13" end="13" number="1"/>
<flow id="car16" type="carType0" from="gneE22" to="-gneE51" begin="13" end="13" number="1"/>
<flow id="car17" type="carType0" from="gneE18" to="gneE51" begin="14" end="14" number="1"/>
<flow id="car18" type="carType1" from="topleftR" to="gneE44" begin="14" end="14" number="1"/>
<flow id="car19" type="carType1" from="bottomrightU" to="gneE9" begin="14" end="14" number="1"/>
<flow id="car20" type="carType1" from="gneE28" to="gneE48" begin="19" end="19" number="1"/>
<flow id="car21" type="carType1" from="gneE22" to="-gneE7" begin="20" end="20" number="1"/>
<flow id="car22" type="carType0" from="gneE29" to="gneE34" begin="20" end="20" number="1"/>
<flow id="car23" type="carType0" from="gneE28" to="gneE22" begin="22" end="22" number="1"/>
<flow id="car24" type="carType0" from="-gneE27" to="gneE51" begin="24" end="24" number="1"/>
<flow id="car25" type="carType2" from="-gneE42" to="-gneE33" begin="25" end="25" number="1"/>
<flow id="car26" type="carType2" from="gneE21" to="bottomleftU" begin="26" end="26" number="1"/>
<flow id="car27" type="carType1" from="-gneE45" to="gneE45" begin="26" end="26" number="1"/>
<flow id="car28" type="carType1" from="-gneE33" to="gneE49" begin="27" end="27" number="1"/>
<flow id="car29" type="carType2" from="-gneE50" to="gneE30" begin="28" end="28" number="1"/>
<flow id="car30" type="carType2" from="gneE34" to="gneE45" begin="28" end="28" number="1"/>
<flow id="car31" type="carType1" from="-gneE27" to="toprightD" begin="29" end="29" number="1"/>
<flow id="car32" type="carType1" from="-gneE8" to="bottomleftR" begin="30" end="30" number="1"/>
<flow id="car33" type="carType1" from="-gneE21" to="gneE8" begin="30" end="30" number="1"/>
<flow id="car34" type="carType2" from="gneE44" to="-gneE42" begin="32" end="32" number="1"/>
<flow id="car35" type="carType0" from="-gneE49" to="gneE30" begin="32" end="32" number="1"/>
<flow id="car36" type="carType0" from="gneE34" to="-gneE51" begin="34" end="34" number="1"/>
<flow id="car37" type="carType2" from="gneE49" to="-gneE27" begin="35" end="35" number="1"/>
<flow id="car38" type="carType1" from="-gneE29" to="-gneE13" begin="36" end="36" number="1"/>
<flow id="car39" type="carType1" from="topleftR" to="-gneE45" begin="36" end="36" number="1"/>
<flow id="car40" type="carType1" from="gneE46" to="gneE9" begin="38" end="38" number="1"/>
<flow id="car41" type="carType0" from="gneE35" to="gneE9" begin="38" end="38" number="1"/>
<flow id="car42" type="carType2" from="-gneE48" to="-gneE34" begin="39" end="39" number="1"/>
<flow id="car43" type="carType1" from="-gneE44" to="-gneE44" begin="39" end="39" number="1"/>
<flow id="car44" type="carType0" from="gneE35" to="gneE30" begin="40" end="40" number="1"/>
<flow id="car45" type="carType1" from="topleftD" to="-gneE43" begin="40" end="40" number="1"/>
<flow id="car46" type="carType0" from="-gneE28" to="bottomrightL" begin="40" end="40" number="1"/>
<flow id="car47" type="carType2" from="-gneE29" to="-gneE42" begin="42" end="42" number="1"/>
<flow id="car48" type="carType0" from="bottomrightU" to="-gneE44" begin="43" end="43" number="1"/>
<flow id="car49" type="carType1" from="gneE34" to="-gneE42" begin="44" end="44" number="1"/>
<flow id="car50" type="carType2" from="-gneE27" to="gneE21" begin="44" end="44" number="1"/>
<flow id="car51" type="carType0" from="gneE9" to="bottomrightL" begin="45" end="45" number="1"/>
<flow id="car52" type="carType2" from="gneE42" to="gneE51" begin="48" end="48" number="1"/>
<flow id="car53" type="carType0" from="-gneE44" to="gneE27" begin="48" end="48" number="1"/>
<flow id="car54" type="carType0" from="gneE34" to="-gneE33" begin="49" end="49" number="1"/>
<flow id="car55" type="carType1" from="-gneE29" to="toprightL" begin="49" end="49" number="1"/>
<flow id="car56" type="carType0" from="toprightL" to="-gneE51" begin="50" end="50" number="1"/>
<flow id="car57" type="carType2" from="bottomrightU" to="-gneE50" begin="53" end="53" number="1"/>
<flow id="car58" type="carType0" from="-gneE7" to="gneE18" begin="54" end="54" number="1"/>
<flow id="car59" type="carType1" from="gneE51" to="bottomleftR" begin="54" end="54" number="1"/>
<flow id="car60" type="carType2" from="-gneE44" to="-gneE45" begin="56" end="56" number="1"/>
<flow id="car61" type="carType0" from="gneE30" to="-gneE13" begin="57" end="57" number="1"/>
<flow id="car62" type="carType0" from="gneE37" to="gneE43" begin="57" end="57" number="1"/>
<flow id="car63" type="carType0" from="-gneE21" to="gneE43" begin="58" end="58" number="1"/>
<flow id="car64" type="carType0" from="-gneE45" to="gneE45" begin="59" end="59" number="1"/>
<flow id="car65" type="carType1" from="-gneE44" to="gneE46" begin="59" end="59" number="1"/>
<flow id="car66" type="carType0" from="-gneE48" to="-gneE33" begin="60" end="60" number="1"/>
<flow id="car67" type="carType2" from="gneE27" to="gneE8" begin="63" end="63" number="1"/>
<flow id="car68" type="carType2" from="-gneE51" to="gneE44" begin="65" end="65" number="1"/>
<flow id="car69" type="carType2" from="gneE51" to="-gneE43" begin="66" end="66" number="1"/>
<flow id="car70" type="carType2" from="gneE22" to="bottomleftR" begin="67" end="67" number="1"/>
<flow id="car71" type="carType1" from="gneE8" to="gneE46" begin="68" end="68" number="1"/>
<flow id="car72" type="carType2" from="-gneE21" to="gneE44" begin="69" end="69" number="1"/>
<flow id="car73" type="carType0" from="gneE35" to="toprightL" begin="70" end="70" number="1"/>
<flow id="car74" type="carType1" from="gneE29" to="gneE51" begin="70" end="70" number="1"/>
<flow id="car75" type="carType1" from="gneE35" to="-gneE27" begin="71" end="71" number="1"/>
<flow id="car76" type="carType1" from="gneE8" to="toprightL" begin="72" end="72" number="1"/>
<flow id="car77" type="carType2" from="gneE50" to="gneE21" begin="73" end="73" number="1"/>
<flow id="car78" type="carType2" from="-gneE33" to="gneE48" begin="74" end="74" number="1"/>
<flow id="car79" type="carType0" from="gneE21" to="-gneE18" begin="74" end="74" number="1"/>
<flow id="car80" type="carType0" from="-gneE21" to="-gneE42" begin="74" end="74" number="1"/>
<flow id="car81" type="carType0" from="bottomleftR" to="toprightD" begin="74" end="74" number="1"/>
<flow id="car82" type="carType2" from="gneE30" to="topleftR" begin="75" end="75" number="1"/>
<flow id="car83" type="carType0" from="gneE34" to="-gneE37" begin="77" end="77" number="1"/>
<flow id="car84" type="carType2" from="gneE27" to="gneE21" begin="77" end="77" number="1"/>
<flow id="car85" type="carType1" from="topleftD" to="bottomrightL" begin="77" end="77" number="1"/>
<flow id="car86" type="carType0" from="bottomrightL" to="gneE18" begin="78" end="78" number="1"/>
<flow id="car87" type="carType2" from="-gneE18" to="bottomrightU" begin="80" end="80" number="1"/>
<flow id="car88" type="carType1" from="-gneE37" to="-gneE13" begin="82" end="82" number="1"/>
<flow id="car89" type="carType1" from="gneE8" to="gneE22" begin="85" end="85" number="1"/>
<flow id="car90" type="carType1" from="-gneE8" to="-gneE21" begin="86" end="86" number="1"/>
<flow id="car91" type="carType1" from="-gneE48" to="gneE44" begin="87" end="87" number="1"/>
<flow id="car92" type="carType1" from="bottomleftU" to="-gneE8" begin="88" end="88" number="1"/>
<flow id="car93" type="carType1" from="-gneE42" to="-gneE44" begin="90" end="90" number="1"/>
<flow id="car94" type="carType2" from="-gneE51" to="gneE48" begin="90" end="90" number="1"/>
<flow id="car95" type="carType0" from="-gneE43" to="gneE28" begin="91" end="91" number="1"/>
<flow id="car96" type="carType2" from="gneE8" to="gneE46" begin="93" end="93" number="1"/>
<flow id="car97" type="carType2" from="gneE22" to="gneE28" begin="93" end="93" number="1"/>
<flow id="car98" type="carType1" from="gneE51" to="-gneE13" begin="97" end="97" number="1"/>
<flow id="car99" type="carType2" from="-gneE33" to="-gneE13" begin="98" end="98" number="1"/>
<flow id="car100" type="carType2" from="bottomrightU" to="gneE8" begin="98" end="98" number="1"/>
<flow id="car101" type="carType0" from="-gneE21" to="bottomrightU" begin="98" end="98" number="1"/>
<flow id="car102" type="carType0" from="gneE22" to="gneE27" begin="99" end="99" number="1"/>
<flow id="car103" type="carType1" from="topleftD" to="gneE21" begin="100" end="100" number="1"/>
<flow id="car104" type="carType2" from="-gneE37" to="gneE51" begin="100" end="100" number="1"/>
<flow id="car105" type="carType2" from="-gneE49" to="-gneE27" begin="102" end="102" number="1"/>
<flow id="car106" type="carType2" from="gneE18" to="-gneE50" begin="102" end="102" number="1"/>
<flow id="car107" type="carType2" from="-gneE43" to="gneE49" begin="103" end="103" number="1"/>
<flow id="car108" type="carType2" from="gneE46" to="gneE50" begin="103" end="103" number="1"/>
<flow id="car109" type="carType2" from="gneE51" to="gneE49" begin="105" end="105" number="1"/>
<flow id="car110" type="carType2" from="gneE43" to="gneE21" begin="107" end="107" number="1"/>
<flow id="car111" type="carType2" from="bottomrightU" to="gneE43" begin="107" end="107" number="1"/>
<flow id="car112" type="carType1" from="-gneE27" to="gneE27" begin="108" end="108" number="1"/>
<flow id="car113" type="carType0" from="-gneE33" to="gneE35" begin="110" end="110" number="1"/>
<flow id="car114" type="carType2" from="bottomrightL" to="-gneE44" begin="110" end="110" number="1"/>
<flow id="car115" type="carType1" from="-gneE7" to="-gneE28" begin="110" end="110" number="1"/>
<flow id="car116" type="carType1" from="gneE50" to="-gneE48" begin="111" end="111" number="1"/>
<flow id="car117" type="carType2" from="-gneE7" to="gneE35" begin="112" end="112" number="1"/>
<flow id="car118" type="carType1" from="gneE46" to="-gneE42" begin="112" end="112" number="1"/>
<flow id="car119" type="carType1" from="gneE29" to="gneE48" begin="113" end="113" number="1"/>
<flow id="car120" type="carType1" from="gneE27" to="-gneE29" begin="113" end="113" number="1"/>
<flow id="car121" type="carType0" from="bottomleftU" to="-gneE49" begin="114" end="114" number="1"/>
<flow id="car122" type="carType1" from="bottomleftU" to="gneE46" begin="115" end="115" number="1"/>
<flow id="car123" type="carType2" from="topleftD" to="gneE42" begin="117" end="117" number="1"/>
<flow id="car124" type="carType0" from="topleftR" to="topleftD" begin="117" end="117" number="1"/>
<flow id="car125" type="carType1" from="-gneE45" to="gneE49" begin="119" end="119" number="1"/>
<flow id="car126" type="carType1" from="-gneE21" to="gneE9" begin="119" end="119" number="1"/>
<flow id="car127" type="carType1" from="gneE18" to="-gneE7" begin="120" end="120" number="1"/>
<flow id="car128" type="carType2" from="-gneE34" to="toprightD" begin="121" end="121" number="1"/>
<flow id="car129" type="carType1" from="toprightL" to="gneE51" begin="126" end="126" number="1"/>
<flow id="car130" type="carType1" from="gneE44" to="bottomrightL" begin="126" end="126" number="1"/>
<flow id="car131" type="carType1" from="gneE45" to="gneE45" begin="127" end="127" number="1"/>
<flow id="car132" type="carType0" from="topleftR" to="gneE8" begin="127" end="127" number="1"/>
<flow id="car133" type="carType1" from="-gneE42" to="-gneE48" begin="129" end="129" number="1"/>
<flow id="car134" type="carType0" from="gneE48" to="gneE45" begin="129" end="129" number="1"/>
<flow id="car135" type="carType0" from="gneE35" to="gneE28" begin="130" end="130" number="1"/>
<flow id="car136" type="carType1" from="gneE21" to="-gneE34" begin="131" end="131" number="1"/>
<flow id="car137" type="carType2" from="gneE8" to="-gneE49" begin="132" end="132" number="1"/>
<flow id="car138" type="carType2" from="topleftD" to="-gneE42" begin="133" end="133" number="1"/>
<flow id="car139" type="carType2" from="toprightD" to="gneE28" begin="134" end="134" number="1"/>
<flow id="car140" type="carType0" from="gneE18" to="gneE27" begin="134" end="134" number="1"/>
<flow id="car141" type="carType2" from="gneE29" to="bottomleftR" begin="134" end="134" number="1"/>
<flow id="car142" type="carType2" from="gneE22" to="-gneE44" begin="135" end="135" number="1"/>
<flow id="car143" type="carType1" from="gneE51" to="-gneE43" begin="135" end="135" number="1"/>
<flow id="car144" type="carType1" from="-gneE28" to="gneE22" begin="135" end="135" number="1"/>
<flow id="car145" type="carType1" from="gneE50" to="gneE45" begin="136" end="136" number="1"/>
<flow id="car146" type="carType0" from="gneE37" to="bottomleftU" begin="136" end="136" number="1"/>
<flow id="car147" type="carType0" from="-gneE29" to="-gneE48" begin="138" end="138" number="1"/>
<flow id="car148" type="carType0" from="-gneE33" to="-gneE51" begin="139" end="139" number="1"/>
<flow id="car149" type="carType0" from="gneE34" to="gneE22" begin="139" end="139" number="1"/>
<flow id="car150" type="carType0" from="gneE21" to="-gneE21" begin="139" end="139" number="1"/>
<flow id="car151" type="carType0" from="-gneE13" to="-gneE37" begin="141" end="141" number="1"/>
<flow id="car152" type="carType0" from="gneE42" to="-gneE51" begin="142" end="142" number="1"/>
<flow id="car153" type="carType0" from="gneE44" to="-gneE43" begin="143" end="143" number="1"/>
<flow id="car154" type="carType1" from="topleftR" to="-gneE33" begin="145" end="145" number="1"/>
<flow id="car155" type="carType1" from="-gneE50" to="-gneE49" begin="148" end="148" number="1"/>
<flow id="car156" type="carType2" from="gneE21" to="gneE35" begin="150" end="150" number="1"/>
<flow id="car157" type="carType1" from="gneE48" to="-gneE7" begin="151" end="151" number="1"/>
<flow id="car158" type="carType0" from="gneE46" to="-gneE48" begin="154" end="154" number="1"/>
<flow id="car159" type="carType1" from="gneE30" to="-gneE27" begin="155" end="155" number="1"/>
<flow id="car160" type="carType1" from="-gneE18" to="toprightD" begin="156" end="156" number="1"/>
<flow id="car161" type="carType0" from="-gneE44" to="gneE35" begin="157" end="157" number="1"/>
<flow id="car162" type="carType2" from="-gneE29" to="bottomleftU" begin="158" end="158" number="1"/>
<flow id="car163" type="carType1" from="gneE51" to="gneE46" begin="158" end="158" number="1"/>
<flow id="car164" type="carType1" from="-gneE42" to="-gneE42" begin="158" end="158" number="1"/>
<flow id="car165" type="carType2" from="gneE30" to="gneE45" begin="162" end="162" number="1"/>
<flow id="car166" type="carType2" from="-gneE33" to="gneE50" begin="165" end="165" number="1"/>
<flow id="car167" type="carType2" from="-gneE7" to="bottomrightU" begin="165" end="165" number="1"/>
<flow id="car168" type="carType0" from="gneE45" to="gneE30" begin="165" end="165" number="1"/>
<flow id="car169" type="carType2" from="-gneE37" to="gneE46" begin="165" end="165" number="1"/>
<flow id="car170" type="carType1" from="gneE49" to="gneE28" begin="166" end="166" number="1"/>
<flow id="car171" type="carType0" from="-gneE27" to="-gneE42" begin="167" end="167" number="1"/>
<flow id="car172" type="carType1" from="toprightL" to="gneE51" begin="167" end="167" number="1"/>
<flow id="car173" type="carType1" from="gneE18" to="gneE43" begin="171" end="171" number="1"/>
<flow id="car174" type="carType0" from="gneE50" to="gneE18" begin="172" end="172" number="1"/>
<flow id="car175" type="carType2" from="gneE45" to="-gneE49" begin="173" end="173" number="1"/>
<flow id="car176" type="carType1" from="gneE28" to="-gneE45" begin="173" end="173" number="1"/>
<flow id="car177" type="carType2" from="gneE9" to="gneE28" begin="173" end="173" number="1"/>
<flow id="car178" type="carType1" from="-gneE18" to="gneE9" begin="176" end="176" number="1"/>
<flow id="car179" type="carType0" from="-gneE48" to="-gneE13" begin="177" end="177" number="1"/>
<flow id="car180" type="carType1" from="-gneE43" to="gneE34" begin="181" end="181" number="1"/>
<flow id="car181" type="carType1" from="gneE45" to="gneE50" begin="182" end="182" number="1"/>
<flow id="car182" type="carType1" from="-gneE29" to="toprightL" begin="183" end="183" number="1"/>
<flow id="car183" type="carType0" from="gneE42" to="gneE42" begin="184" end="184" number="1"/>
<flow id="car184" type="carType1" from="gneE51" to="-gneE29" begin="184" end="184" number="1"/>
<flow id="car185" type="carType1" from="gneE21" to="bottomrightL" begin="186" end="186" number="1"/>
<flow id="car186" type="carType1" from="gneE50" to="-gneE8" begin="186" end="186" number="1"/>
<flow id="car187" type="carType2" from="gneE50" to="-gneE42" begin="187" end="187" number="1"/>
<flow id="car188" type="carType0" from="-gneE34" to="gneE22" begin="188" end="188" number="1"/>
<flow id="car189" type="carType2" from="-gneE29" to="-gneE13" begin="188" end="188" number="1"/>
<flow id="car190" type="carType1" from="-gneE18" to="-gneE21" begin="188" end="188" number="1"/>
<flow id="car191" type="carType1" from="gneE42" to="-gneE44" begin="190" end="190" number="1"/>
<flow id="car192" type="carType0" from="-gneE43" to="gneE51" begin="193" end="193" number="1"/>
<flow id="car193" type="carType0" from="gneE9" to="-gneE13" begin="196" end="196" number="1"/>
<flow id="car194" type="carType1" from="gneE22" to="gneE28" begin="197" end="197" number="1"/>
<flow id="car195" type="carType0" from="gneE34" to="-gneE42" begin="197" end="197" number="1"/>
<flow id="car196" type="carType0" from="gneE22" to="gneE50" begin="197" end="197" number="1"/>
<flow id="car197" type="carType1" from="gneE34" to="-gneE13" begin="197" end="197" number="1"/>
<flow id="car198" type="carType0" from="-gneE21" to="topleftD" begin="198" end="198" number="1"/>
<flow id="car199" type="carType2" from="-gneE50" to="-gneE45" begin="199" end="199" number="1"/>
</routes>
