<routes>
<vType id="carType0" length="6" maxSpeed="49.16" accel="2.78" decel="5.82" speedDev="0.2" sigma="0.17"/>
<vType id="carType1" length="7" maxSpeed="47.31" accel="2.3" decel="5.24" speedDev="0.2" sigma="0.28"/>
<vType id="carType2" length="3" maxSpeed="42.76" accel="2.67" decel="4.83" speedDev="0.2" sigma="0.2"/>
<flow id="car0" type="carType1" from="-gneE13" to="-gneE50" begin="0" end="0" number="1"/>
<flow id="car1" type="carType2" from="-gneE28" to="toprightL" begin="1" end="1" number="1"/>
<flow id="car2" type="carType0" from="toprightL" to="-gneE7" begin="1" end="1" number="1"/>
<flow id="car3" type="carType1" from="gneE43" to="gneE45" begin="2" end="2" number="1"/>
<flow id="car4" type="carType1" from="-gneE34" to="-gneE48" begin="2" end="2" number="1"/>
<flow id="car5" type="carType0" from="gneE43" to="gneE48" begin="3" end="3" number="1"/>
<flow id="car6" type="carType0" from="-gneE51" to="gneE27" begin="5" end="5" number="1"/>
<flow id="car7" type="carType2" from="-gneE21" to="bottomleftR" begin="5" end="5" number="1"/>
<flow id="car8" type="carType2" from="gneE29" to="gneE46" begin="5" end="5" number="1"/>
<flow id="car9" type="carType0" from="bottomleftU" to="bottomleftU" begin="6" end="6" number="1"/>
<flow id="car10" type="carType1" from="gneE42" to="-gneE49" begin="7" end="7" number="1"/>
<flow id="car11" type="carType0" from="-gneE28" to="-gneE21" begin="7" end="7" number="1"/>
<flow id="car12" type="carType1" from="gneE27" to="gneE8" begin="7" end="7" number="1"/>
<flow id="car13" type="carType2" from="-gneE13" to="gneE21" begin="8" end="8" number="1"/>
<flow id="car14" type="carType2" from="-gneE7" to="gneE28" begin="8" end="8" number="1"/>
<flow id="car15" type="carType2" from="gneE45" to="-gneE48" begin="9" end="9" number="1"/>
<flow id="car16" type="carType1" from="bottomrightL" to="gneE35" begin="9" end="9" number="1"/>
<flow id="car17" type="carType0" from="gneE27" to="topleftR" begin="10" end="10" number="1"/>
<flow id="car18" type="carType0" from="-gneE33" to="-gneE21" begin="10" end="10" number="1"/>
<flow id="car19" type="carType2" from="-gneE42" to="-gneE49" begin="11" end="11" number="1"/>
<flow id="car20" type="carType0" from="gneE22" to="-gneE13" begin="13" end="13" number="1"/>
<flow id="car21" type="carType0" from="-gneE18" to="-gneE37" begin="13" end="13" number="1"/>
<flow id="car22" type="carType0" from="gneE45" to="-gneE50" begin="13" end="13" number="1"/>
<flow id="car23" type="carType0" from="-gneE44" to="-gneE34" begin="13" end="13" number="1"/>
<flow id="car24" type="carType1" from="gneE28" to="-gneE29" begin="15" end="15" number="1"/>
<flow id="car25" type="carType2" from="gneE8" to="-gneE43" begin="16" end="16" number="1"/>
<flow id="car26" type="carType1" from="gneE35" to="-gneE21" begin="18" end="18" number="1"/>
<flow id="car27" type="carType2" from="gneE46" to="gneE21" begin="18" end="18" number="1"/>
<flow id="car28" type="carType1" from="bottomrightU" to="-gneE27" begin="20" end="20" number="1"/>
<flow id="car29" type="carType1" from="-gneE13" to="-gneE34" begin="24" end="24" number="1"/>
<flow id="car30" type="carType0" from="topleftR" to="topleftR" begin="24" end="24" number="1"/>
<flow id="car31" type="carType2" from="gneE28" to="-gneE43" begin="24" end="24" number="1"/>
<flow id="car32" type="carType0" from="-gneE18" to="gneE22" begin="26" end="26" number="1"/>
<flow id="car33" type="carType1" from="gneE21" to="-gneE8" begin="27" end="27" number="1"/>
<flow id="car34" type="carType0" from="gneE48" to="gneE35" begin="28" end="28" number="1"/>
<flow id="car35" type="carType0" from="toprightD" to="gneE48" begin="28" end="28" number="1"/>
<flow id="car36" type="carType2" from="-gneE37" to="gneE37" begin="29" end="29" number="1"/>
<flow id="car37" type="carType2" from="-gneE8" to="-gneE8" begin="29" end="29" number="1"/>
<flow id="car38" type="carType0" from="-gneE49" to="bottomrightU" begin="31" end="31" number="1"/>
<flow id="car39" type="carType2" from="gneE18" to="-gneE27" begin="33" end="33" number="1"/>
<flow id="car40" type="carType2" from="topleftD" to="gneE18" begin="35" end="35" number="1"/>
<flow id="car41" type="carType0" from="gneE9" to="gneE51" begin="35" end="35" number="1"/>
<flow id="car42" type="carType1" from="gneE29" to="gneE51" begin="35" end="35" number="1"/>
<flow id="car43" type="carType0" from="-gneE43" to="-gneE29" begin="36" end="36" number="1"/>
<flow id="car44" type="carType0" from="gneE49" to="gneE21" begin="37" end="37" number="1"/>
<flow id="car45" type="carType0" from="gneE29" to="gneE18" begin="38" end="38" number="1"/>
<flow id="car46" type="carType1" from="gneE18" to="toprightL" begin="39" end="39" number="1"/>
<flow id="car47" type="carType0" from="gneE27" to="topleftD" begin="41" end="41" number="1"/>
<flow id="car48" type="carType0" from="-gneE42" to="bottomleftU" begin="41" end="41" number="1"/>
<flow id="car49" type="carType2" from="-gneE7" to="bottomrightU" begin="41" end="41" number="1"/>
<flow id="car50" type="carType0" from="gneE22" to="gneE44" begin="43" end="43" number="1"/>
<flow id="car51" type="carType0" from="-gneE33" to="toprightD" begin="43" end="43" number="1"/>
<flow id="car52" type="carType0" from="toprightL" to="-gneE13" begin="44" end="44" number="1"/>
<flow id="car53" type="carType0" from="-gneE34" to="gneE49" begin="44" end="44" number="1"/>
<flow id="car54" type="carType2" from="gneE46" to="topleftD" begin="45" end="45" number="1"/>
<flow id="car55" type="carType2" from="bottomrightL" to="gneE48" begin="45" end="45" number="1"/>
<flow id="car56" type="carType2" from="bottomrightU" to="-gneE43" begin="46" end="46" number="1"/>
<flow id="car57" type="carType0" from="bottomleftR" to="gneE8" begin="49" end="49" number="1"/>
<flow id="car58" type="carType2" from="gneE8" to="gneE30" begin="50" end="50" number="1"/>
<flow id="car59" type="carType0" from="gneE43" to="-gneE50" begin="51" end="51" number="1"/>
<flow id="car60" type="carType1" from="gneE51" to="gneE18" begin="51" end="51" number="1"/>
<flow id="car61" type="carType0" from="bottomleftU" to="gneE35" begin="52" end="52" number="1"/>
<flow id="car62" type="carType2" from="gneE51" to="gneE50" begin="52" end="52" number="1"/>
<flow id="car63" type="carType1" from="gneE27" to="gneE42" begin="54" end="54" number="1"/>
<flow id="car64" type="carType2" from="-gneE48" to="gneE51" begin="54" end="54" number="1"/>
<flow id="car65" type="carType1" from="gneE29" to="-gneE42" begin="54" end="54" number="1"/>
<flow id="car66" type="carType1" from="bottomrightL" to="gneE8" begin="55" end="55" number="1"/>
<flow id="car67" type="carType1" from="gneE49" to="gneE46" begin="60" end="60" number="1"/>
<flow id="car68" type="carType2" from="bottomrightL" to="-gneE13" begin="61" end="61" number="1"/>
<flow id="car69" type="carType0" from="-gneE45" to="gneE48" begin="63" end="63" number="1"/>
<flow id="car70" type="carType0" from="gneE49" to="gneE51" begin="64" end="64" number="1"/>
<flow id="car71" type="carType1" from="gneE21" to="-gneE33" begin="66" end="66" number="1"/>
<flow id="car72" type="carType2" from="-gneE8" to="-gneE37" begin="67" end="67" number="1"/>
<flow id="car73" type="carType1" from="-gneE7" to="-gneE44" begin="67" end="67" number="1"/>
<flow id="car74" type="carType1" from="-gneE8" to="gneE44" begin="68" end="68" number="1"/>
<flow id="car75" type="carType0" from="gneE9" to="gneE50" begin="68" end="68" number="1"/>
<flow id="car76" type="carType0" from="-gneE37" to="-gneE18" begin="70" end="70" number="1"/>
<flow id="car77" type="carType1" from="gneE29" to="-gneE48" begin="70" end="70" number="1"/>
<flow id="car78" type="carType0" from="toprightD" to="-gneE29" begin="72" end="72" number="1"/>
<flow id="car79" type="carType1" from="-gneE29" to="gneE22" begin="72" end="72" number="1"/>
<flow id="car80" type="carType1" from="-gneE51" to="-gneE44" begin="73" end="73" number="1"/>
<flow id="car81" type="carType2" from="-gneE8" to="gneE34" begin="73" end="73" number="1"/>
<flow id="car82" type="carType2" from="bottomleftR" to="-gneE21" begin="74" end="74" number="1"/>
<flow id="car83" type="carType1" from="-gneE29" to="gneE22" begin="74" end="74" number="1"/>
<flow id="car84" type="carType2" from="bottomrightU" to="-gneE33" begin="74" end="74" number="1"/>
<flow id="car85" type="carType1" from="-gneE27" to="-gneE34" begin="75" end="75" number="1"/>
<flow id="car86" type="carType0" from="-gneE33" to="-gneE37" begin="76" end="76" number="1"/>
<flow id="car87" type="carType2" from="-gneE28" to="-gneE44" begin="80" end="80" number="1"/>
<flow id="car88" type="carType0" from="gneE51" to="gneE30" begin="80" end="80" number="1"/>
<flow id="car89" type="carType2" from="-gneE13" to="gneE29" begin="81" end="81" number="1"/>
<flow id="car90" type="carType1" from="gneE42" to="gneE35" begin="81" end="81" number="1"/>
<flow id="car91" type="carType0" from="gneE48" to="gneE35" begin="84" end="84" number="1"/>
<flow id="car92" type="carType2" from="gneE22" to="gneE21" begin="84" end="84" number="1"/>
<flow id="car93" type="carType1" from="-gneE7" to="-gneE49" begin="88" end="88" number="1"/>
<flow id="car94" type="carType1" from="-gneE8" to="-gneE48" begin="92" end="92" number="1"/>
<flow id="car95" type="carType0" from="bottomrightL" to="gneE29" begin="96" end="96" number="1"/>
<flow id="car96" type="carType2" from="-gneE49" to="bottomleftR" begin="97" end="97" number="1"/>
<flow id="car97" type="carType2" from="gneE21" to="topleftD" begin="98" end="98" number="1"/>
<flow id="car98" type="carType0" from="-gneE50" to="gneE43" begin="98" end="98" number="1"/>
<flow id="car99" type="carType0" from="-gneE48" to="-gneE49" begin="98" end="98" number="1"/>
<flow id="car100" type="carType1" from="bottomleftR" to="-gneE28" begin="99" end="99" number="1"/>
<flow id="car101" type="carType2" from="gneE48" to="gneE44" begin="99" end="99" number="1"/>
<flow id="car102" type="carType0" from="gneE28" to="gneE9" begin="101" end="101" number="1"/>
<flow id="car103" type="carType0" from="-gneE44" to="gneE28" begin="101" end="101" number="1"/>
<flow id="car104" type="carType2" from="gneE51" to="-gneE21" begin="102" end="102" number="1"/>
<flow id="car105" type="carType2" from="gneE50" to="-gneE37" begin="104" end="104" number="1"/>
<flow id="car106" type="carType1" from="-gneE8" to="bottomleftR" begin="105" end="105" number="1"/>
<flow id="car107" type="carType0" from="-gneE45" to="-gneE37" begin="107" end="107" number="1"/>
<flow id="car108" type="carType0" from="-gneE27" to="gneE18" begin="107" end="107" number="1"/>
<flow id="car109" type="carType1" from="topleftR" to="topleftD" begin="109" end="109" number="1"/>
<flow id="car110" type="carType0" from="-gneE33" to="gneE27" begin="110" end="110" number="1"/>
<flow id="car111" type="carType1" from="gneE8" to="-gneE43" begin="111" end="111" number="1"/>
<flow id="car112" type="carType2" from="gneE37" to="gneE18" begin="112" end="112" number="1"/>
<flow id="car113" type="carType0" from="gneE48" to="-gneE42" begin="113" end="113" number="1"/>
<flow id="car114" type="carType2" from="bottomrightL" to="gneE30" begin="115" end="115" number="1"/>
<flow id="car115" type="carType2" from="gneE30" to="gneE37" begin="116" end="116" number="1"/>
<flow id="car116" type="carType2" from="-gneE43" to="topleftD" begin="116" end="116" number="1"/>
<flow id="car117" type="carType1" from="gneE8" to="gneE51" begin="116" end="116" number="1"/>
<flow id="car118" type="carType0" from="bottomrightL" to="-gneE43" begin="118" end="118" number="1"/>
<flow id="car119" type="carType1" from="-gneE48" to="-gneE48" begin="121" end="121" number="1"/>
<flow id="car120" type="carType1" from="-gneE21" to="topleftR" begin="121" end="121" number="1"/>
<flow id="car121" type="carType2" from="gneE18" to="gneE45" begin="123" end="123" number="1"/>
<flow id="car122" type="carType2" from="bottomleftU" to="bottomleftR" begin="123" end="123" number="1"/>
<flow id="car123" type="carType2" from="gneE29" to="-gneE28" begin="123" end="123" number="1"/>
<flow id="car124" type="carType0" from="-gneE28" to="-gneE18" begin="124" end="124" number="1"/>
<flow id="car125" type="carType1" from="gneE8" to="-gneE21" begin="125" end="125" number="1"/>
<flow id="car126" type="carType1" from="gneE9" to="-gneE28" begin="127" end="127" number="1"/>
<flow id="car127" type="carType2" from="-gneE28" to="-gneE33" begin="127" end="127" number="1"/>
<flow id="car128" type="carType2" from="gneE46" to="topleftD" begin="129" end="129" number="1"/>
<flow id="car129" type="carType2" from="gneE18" to="bottomrightU" begin="131" end="131" number="1"/>
<flow id="car130" type="carType2" from="-gneE8" to="toprightL" begin="131" end="131" number="1"/>
<flow id="car131" type="carType1" from="gneE46" to="bottomleftR" begin="132" end="132" number="1"/>
<flow id="car132" type="carType2" from="-gneE29" to="-gneE44" begin="132" end="132" number="1"/>
<flow id="car133" type="carType0" from="-gneE7" to="gneE37" begin="133" end="133" number="1"/>
<flow id="car134" type="carType1" from="gneE46" to="-gneE42" begin="133" end="133" number="1"/>
<flow id="car135" type="carType1" from="-gneE44" to="-gneE49" begin="133" end="133" number="1"/>
<flow id="car136" type="carType0" from="gneE42" to="-gneE27" begin="136" end="136" number="1"/>
<flow id="car137" type="carType0" from="gneE51" to="topleftR" begin="139" end="139" number="1"/>
<flow id="car138" type="carType1" from="gneE27" to="gneE48" begin="139" end="139" number="1"/>
<flow id="car139" type="carType2" from="-gneE27" to="-gneE7" begin="140" end="140" number="1"/>
<flow id="car140" type="carType0" from="gneE9" to="-gneE37" begin="141" end="141" number="1"/>
<flow id="car141" type="carType1" from="gneE22" to="-gneE45" begin="142" end="142" number="1"/>
<flow id="car142" type="carType1" from="gneE45" to="-gneE42" begin="142" end="142" number="1"/>
<flow id="car143" type="carType1" from="-gneE44" to="-gneE34" begin="144" end="144" number="1"/>
<flow id="car144" type="carType1" from="gneE46" to="-gneE13" begin="145" end="145" number="1"/>
<flow id="car145" type="carType0" from="-gneE51" to="gneE43" begin="147" end="147" number="1"/>
<flow id="car146" type="carType0" from="gneE46" to="topleftR" begin="148" end="148" number="1"/>
<flow id="car147" type="carType2" from="bottomleftR" to="gneE34" begin="149" end="149" number="1"/>
<flow id="car148" type="carType0" from="gneE35" to="gneE28" begin="151" end="151" number="1"/>
<flow id="car149" type="carType2" from="gneE28" to="-gneE44" begin="153" end="153" number="1"/>
<flow id="car150" type="carType1" from="-gneE7" to="-gneE50" begin="153" end="153" number="1"/>
<flow id="car151" type="carType0" from="bottomleftU" to="-gneE33" begin="155" end="155" number="1"/>
<flow id="car152" type="carType0" from="gneE42" to="gneE29" begin="155" end="155" number="1"/>
<flow id="car153" type="carType2" from="-gneE18" to="-gneE34" begin="155" end="155" number="1"/>
<flow id="car154" type="carType1" from="gneE49" to="toprightD" begin="156" end="156" number="1"/>
<flow id="car155" type="carType1" from="-gneE51" to="gneE35" begin="156" end="156" number="1"/>
<flow id="car156" type="carType0" from="-gneE44" to="gneE46" begin="159" end="159" number="1"/>
<flow id="car157" type="carType0" from="-gneE27" to="gneE27" begin="160" end="160" number="1"/>
<flow id="car158" type="carType2" from="-gneE21" to="-gneE21" begin="161" end="161" number="1"/>
<flow id="car159" type="carType2" from="bottomleftR" to="gneE9" begin="164" end="164" number="1"/>
<flow id="car160" type="carType1" from="gneE49" to="-gneE43" begin="166" end="166" number="1"/>
<flow id="car161" type="carType1" from="-gneE18" to="gneE37" begin="167" end="167" number="1"/>
<flow id="car162" type="carType2" from="-gneE45" to="-gneE18" begin="167" end="167" number="1"/>
<flow id="car163" type="carType0" from="gneE22" to="gneE8" begin="168" end="168" number="1"/>
<flow id="car164" type="carType2" from="gneE46" to="-gneE50" begin="168" end="168" number="1"/>
<flow id="car165" type="carType2" from="toprightD" to="-gneE43" begin="168" end="168" number="1"/>
<flow id="car166" type="carType0" from="-gneE42" to="-gneE48" begin="171" end="171" number="1"/>
<flow id="car167" type="carType1" from="-gneE28" to="-gneE44" begin="172" end="172" number="1"/>
<flow id="car168" type="carType0" from="bottomleftU" to="gneE43" begin="174" end="174" number="1"/>
<flow id="car169" type="carType1" from="gneE35" to="bottomrightL" begin="176" end="176" number="1"/>
<flow id="car170" type="carType2" from="topleftD" to="gneE43" begin="177" end="177" number="1"/>
<flow id="car171" type="carType0" from="gneE46" to="gneE35" begin="178" end="178" number="1"/>
<flow id="car172" type="carType0" from="-gneE34" to="gneE48" begin="179" end="179" number="1"/>
<flow id="car173" type="carType0" from="bottomleftR" to="bottomrightL" begin="179" end="179" number="1"/>
<flow id="car174" type="carType1" from="gneE43" to="gneE45" begin="180" end="180" number="1"/>
<flow id="car175" type="carType1" from="gneE49" to="topleftD" begin="180" end="180" number="1"/>
<flow id="car176" type="carType0" from="gneE21" to="bottomleftU" begin="181" end="181" number="1"/>
<flow id="car177" type="carType0" from="gneE27" to="-gneE43" begin="182" end="182" number="1"/>
<flow id="car178" type="carType2" from="-gneE37" to="-gneE37" begin="183" end="183" number="1"/>
<flow id="car179" type="carType2" from="gneE35" to="gneE37" begin="186" end="186" number="1"/>
<flow id="car180" type="carType2" from="gneE18" to="toprightL" begin="186" end="186" number="1"/>
<flow id="car181" type="carType0" from="gneE51" to="-gneE49" begin="187" end="187" number="1"/>
<flow id="car182" type="carType0" from="gneE30" to="bottomleftU" begin="190" end="190" number="1"/>
<flow id="car183" type="carType1" from="bottomleftR" to="gneE34" begin="191" end="191" number="1"/>
<flow id="car184" type="carType1" from="-gneE37" to="gneE34" begin="192" end="192" number="1"/>
<flow id="car185" type="carType0" from="gneE43" to="gneE45" begin="193" end="193" number="1"/>
<flow id="car186" type="carType2" from="-gneE7" to="topleftR" begin="194" end="194" number="1"/>
<flow id="car187" type="carType2" from="gneE48" to="-gneE50" begin="194" end="194" number="1"/>
<flow id="car188" type="carType0" from="toprightD" to="-gneE42" begin="195" end="195" number="1"/>
<flow id="car189" type="carType2" from="-gneE13" to="gneE28" begin="195" end="195" number="1"/>
<flow id="car190" type="carType1" from="bottomleftU" to="gneE48" begin="197" end="197" number="1"/>
<flow id="car191" type="carType2" from="-gneE37" to="-gneE7" begin="197" end="197" number="1"/>
<flow id="car192" type="carType1" from="gneE42" to="gneE51" begin="197" end="197" number="1"/>
<flow id="car193" type="carType0" from="gneE35" to="gneE45" begin="197" end="197" number="1"/>
<flow id="car194" type="carType0" from="gneE34" to="gneE27" begin="198" end="198" number="1"/>
<flow id="car195" type="carType0" from="gneE42" to="gneE21" begin="198" end="198" number="1"/>
<flow id="car196" type="carType2" from="-gneE48" to="topleftR" begin="198" end="198" number="1"/>
<flow id="car197" type="carType0" from="gneE34" to="gneE30" begin="198" end="198" number="1"/>
<flow id="car198" type="carType0" from="gneE49" to="-gneE45" begin="199" end="199" number="1"/>
<flow id="car199" type="carType1" from="gneE22" to="-gneE27" begin="199" end="199" number="1"/>
</routes>
