<routes>
<vType id="carType0" length="5" maxSpeed="42.62" accel="2.31" decel="5.43" speedDev="0.2" sigma="0.28"/>
<vType id="carType1" length="7" maxSpeed="50.69" accel="2.64" decel="4.36" speedDev="0.2" sigma="0.18"/>
<vType id="carType2" length="9" maxSpeed="43.52" accel="2.94" decel="5.36" speedDev="0.2" sigma="0.17"/>
<flow id="car0" type="carType2" from="-gneE28" to="gneE21" begin="1" end="1" number="1"/>
<flow id="car1" type="carType0" from="topleftR" to="gneE34" begin="3" end="3" number="1"/>
<flow id="car2" type="carType0" from="gneE22" to="-gneE37" begin="3" end="3" number="1"/>
<flow id="car3" type="carType2" from="-gneE29" to="-gneE50" begin="4" end="4" number="1"/>
<flow id="car4" type="carType1" from="-gneE13" to="gneE43" begin="5" end="5" number="1"/>
<flow id="car5" type="carType1" from="bottomleftU" to="gneE37" begin="6" end="6" number="1"/>
<flow id="car6" type="carType2" from="gneE21" to="toprightL" begin="6" end="6" number="1"/>
<flow id="car7" type="carType0" from="-gneE45" to="gneE45" begin="7" end="7" number="1"/>
<flow id="car8" type="carType2" from="-gneE28" to="gneE42" begin="8" end="8" number="1"/>
<flow id="car9" type="carType1" from="bottomleftR" to="bottomleftR" begin="8" end="8" number="1"/>
<flow id="car10" type="carType2" from="gneE44" to="-gneE8" begin="9" end="9" number="1"/>
<flow id="car11" type="carType2" from="gneE51" to="gneE21" begin="9" end="9" number="1"/>
<flow id="car12" type="carType1" from="-gneE13" to="-gneE13" begin="10" end="10" number="1"/>
<flow id="car13" type="carType0" from="-gneE50" to="gneE50" begin="10" end="10" number="1"/>
<flow id="car14" type="carType2" from="-gneE21" to="gneE9" begin="11" end="11" number="1"/>
<flow id="car15" type="carType1" from="-gneE44" to="-gneE33" begin="12" end="12" number="1"/>
<flow id="car16" type="carType0" from="gneE27" to="-gneE42" begin="13" end="13" number="1"/>
<flow id="car17" type="carType2" from="gneE9" to="-gneE7" begin="13" end="13" number="1"/>
<flow id="car18" type="carType1" from="gneE28" to="-gneE8" begin="14" end="14" number="1"/>
<flow id="car19" type="carType0" from="-gneE34" to="bottomleftU" begin="14" end="14" number="1"/>
<flow id="car20" type="carType0" from="-gneE42" to="bottomrightL" begin="15" end="15" number="1"/>
<flow id="car21" type="carType1" from="-gneE37" to="gneE45" begin="19" end="19" number="1"/>
<flow id="car22" type="carType1" from="-gneE50" to="bottomrightU" begin="21" end="21" number="1"/>
<flow id="car23" type="carType2" from="-gneE27" to="-gneE44" begin="22" end="22" number="1"/>
<flow id="car24" type="carType1" from="-gneE8" to="bottomrightL" begin="23" end="23" number="1"/>
<flow id="car25" type="carType1" from="gneE29" to="gneE50" begin="23" end="23" number="1"/>
<flow id="car26" type="carType1" from="gneE30" to="-gneE13" begin="24" end="24" number="1"/>
<flow id="car27" type="carType2" from="gneE34" to="gneE28" begin="24" end="24" number="1"/>
<flow id="car28" type="carType1" from="-gneE48" to="gneE45" begin="25" end="25" number="1"/>
<flow id="car29" type="carType0" from="gneE49" to="bottomleftU" begin="27" end="27" number="1"/>
<flow id="car30" type="carType2" from="bottomrightU" to="-gneE27" begin="27" end="27" number="1"/>
<flow id="car31" type="carType2" from="gneE30" to="-gneE27" begin="31" end="31" number="1"/>
<flow id="car32" type="carType0" from="gneE8" to="-gneE48" begin="31" end="31" number="1"/>
<flow id="car33" type="carType2" from="-gneE34" to="-gneE50" begin="31" end="31" number="1"/>
<flow id="car34" type="carType2" from="gneE50" to="-gneE27" begin="33" end="33" number="1"/>
<flow id="car35" type="carType1" from="gneE44" to="gneE27" begin="36" end="36" number="1"/>
<flow id="car36" type="carType1" from="gneE22" to="toprightL" begin="38" end="38" number="1"/>
<flow id="car37" type="carType2" from="toprightL" to="-gneE43" begin="39" end="39" number="1"/>
<flow id="car38" type="carType2" from="-gneE43" to="gneE42" begin="39" end="39" number="1"/>
<flow id="car39" type="carType0" from="gneE49" to="topleftD" begin="39" end="39" number="1"/>
<flow id="car40" type="carType2" from="gneE28" to="-gneE45" begin="41" end="41" number="1"/>
<flow id="car41" type="carType1" from="-gneE50" to="-gneE50" begin="41" end="41" number="1"/>
<flow id="car42" type="carType2" from="-gneE44" to="bottomrightL" begin="41" end="41" number="1"/>
<flow id="car43" type="carType1" from="-gneE50" to="-gneE27" begin="41" end="41" number="1"/>
<flow id="car44" type="carType0" from="gneE30" to="bottomleftR" begin="45" end="45" number="1"/>
<flow id="car45" type="carType1" from="-gneE28" to="-gneE21" begin="45" end="45" number="1"/>
<flow id="car46" type="carType1" from="-gneE42" to="gneE51" begin="45" end="45" number="1"/>
<flow id="car47" type="carType0" from="bottomleftR" to="-gneE7" begin="46" end="46" number="1"/>
<flow id="car48" type="carType1" from="gneE18" to="-gneE51" begin="46" end="46" number="1"/>
<flow id="car49" type="carType2" from="bottomrightU" to="-gneE51" begin="47" end="47" number="1"/>
<flow id="car50" type="carType2" from="gneE21" to="gneE45" begin="48" end="48" number="1"/>
<flow id="car51" type="carType0" from="-gneE8" to="gneE45" begin="49" end="49" number="1"/>
<flow id="car52" type="carType1" from="bottomrightU" to="gneE43" begin="49" end="49" number="1"/>
<flow id="car53" type="carType2" from="gneE22" to="bottomrightL" begin="51" end="51" number="1"/>
<flow id="car54" type="carType2" from="gneE18" to="bottomrightU" begin="57" end="57" number="1"/>
<flow id="car55" type="carType2" from="-gneE27" to="gneE42" begin="60" end="60" number="1"/>
<flow id="car56" type="carType0" from="gneE51" to="-gneE7" begin="60" end="60" number="1"/>
<flow id="car57" type="carType0" from="gneE9" to="gneE46" begin="60" end="60" number="1"/>
<flow id="car58" type="carType1" from="gneE42" to="gneE50" begin="61" end="61" number="1"/>
<flow id="car59" type="carType0" from="topleftR" to="gneE37" begin="62" end="62" number="1"/>
<flow id="car60" type="carType0" from="-gneE37" to="-gneE8" begin="66" end="66" number="1"/>
<flow id="car61" type="carType0" from="gneE48" to="-gneE28" begin="66" end="66" number="1"/>
<flow id="car62" type="carType2" from="-gneE28" to="gneE43" begin="67" end="67" number="1"/>
<flow id="car63" type="carType2" from="gneE42" to="gneE30" begin="68" end="68" number="1"/>
<flow id="car64" type="carType2" from="gneE22" to="gneE48" begin="68" end="68" number="1"/>
<flow id="car65" type="carType0" from="-gneE51" to="-gneE51" begin="70" end="70" number="1"/>
<flow id="car66" type="carType2" from="gneE18" to="gneE27" begin="70" end="70" number="1"/>
<flow id="car67" type="carType2" from="-gneE49" to="-gneE34" begin="72" end="72" number="1"/>
<flow id="car68" type="carType0" from="gneE27" to="gneE48" begin="76" end="76" number="1"/>
<flow id="car69" type="carType1" from="-gneE28" to="-gneE37" begin="76" end="76" number="1"/>
<flow id="car70" type="carType1" from="-gneE13" to="topleftD" begin="78" end="78" number="1"/>
<flow id="car71" type="carType1" from="gneE29" to="-gneE33" begin="78" end="78" number="1"/>
<flow id="car72" type="carType2" from="gneE9" to="-gneE7" begin="79" end="79" number="1"/>
<flow id="car73" type="carType1" from="-gneE18" to="gneE50" begin="81" end="81" number="1"/>
<flow id="car74" type="carType1" from="gneE22" to="-gneE50" begin="82" end="82" number="1"/>
<flow id="car75" type="carType0" from="gneE44" to="-gneE45" begin="85" end="85" number="1"/>
<flow id="car76" type="carType0" from="-gneE42" to="gneE42" begin="85" end="85" number="1"/>
<flow id="car77" type="carType1" from="bottomrightU" to="-gneE48" begin="85" end="85" number="1"/>
<flow id="car78" type="carType1" from="-gneE50" to="bottomleftR" begin="85" end="85" number="1"/>
<flow id="car79" type="carType0" from="gneE9" to="gneE21" begin="86" end="86" number="1"/>
<flow id="car80" type="carType2" from="gneE42" to="gneE8" begin="87" end="87" number="1"/>
<flow id="car81" type="carType0" from="gneE27" to="gneE9" begin="88" end="88" number="1"/>
<flow id="car82" type="carType1" from="gneE30" to="gneE34" begin="88" end="88" number="1"/>
<flow id="car83" type="carType0" from="-gneE8" to="toprightL" begin="90" end="90" number="1"/>
<flow id="car84" type="carType1" from="gneE43" to="gneE45" begin="91" end="91" number="1"/>
<flow id="car85" type="carType0" from="gneE30" to="topleftR" begin="95" end="95" number="1"/>
<flow id="car86" type="carType2" from="gneE43" to="-gneE48" begin="95" end="95" number="1"/>
<flow id="car87" type="carType1" from="gneE27" to="bottomleftR" begin="96" end="96" number="1"/>
<flow id="car88" type="carType2" from="-gneE42" to="gneE35" begin="97" end="97" number="1"/>
<flow id="car89" type="carType0" from="gneE46" to="-gneE49" begin="98" end="98" number="1"/>
<flow id="car90" type="carType2" from="gneE9" to="topleftR" begin="98" end="98" number="1"/>
<flow id="car91" type="carType0" from="-gneE34" to="gneE37" begin="100" end="100" number="1"/>
<flow id="car92" type="carType2" from="bottomleftU" to="-gneE27" begin="100" end="100" number="1"/>
<flow id="car93" type="carType2" from="gneE49" to="-gneE33" begin="101" end="101" number="1"/>
<flow id="car94" type="carType1" from="-gneE48" to="-gneE18" begin="103" end="103" number="1"/>
<flow id="car95" type="carType1" from="toprightD" to="gneE45" begin="103" end="103" number="1"/>
<flow id="car96" type="carType1" from="bottomrightU" to="-gneE27" begin="103" end="103" number="1"/>
<flow id="car97" type="carType2" from="-gneE34" to="-gneE29" begin="105" end="105" number="1"/>
<flow id="car98" type="carType1" from="gneE8" to="gneE42" begin="106" end="106" number="1"/>
<flow id="car99" type="carType1" from="gneE51" to="gneE45" begin="107" end="107" number="1"/>
<flow id="car100" type="carType0" from="toprightL" to="gneE45" begin="108" end="108" number="1"/>
<flow id="car101" type="carType1" from="topleftD" to="gneE29" begin="109" end="109" number="1"/>
<flow id="car102" type="carType0" from="gneE30" to="-gneE44" begin="109" end="109" number="1"/>
<flow id="car103" type="carType0" from="toprightD" to="-gneE34" begin="110" end="110" number="1"/>
<flow id="car104" type="carType2" from="-gneE8" to="gneE48" begin="111" end="111" number="1"/>
<flow id="car105" type="carType2" from="-gneE43" to="gneE21" begin="113" end="113" number="1"/>
<flow id="car106" type="carType1" from="toprightD" to="gneE28" begin="114" end="114" number="1"/>
<flow id="car107" type="carType1" from="-gneE18" to="gneE18" begin="116" end="116" number="1"/>
<flow id="car108" type="carType2" from="gneE50" to="topleftD" begin="120" end="120" number="1"/>
<flow id="car109" type="carType2" from="-gneE33" to="gneE18" begin="120" end="120" number="1"/>
<flow id="car110" type="carType1" from="-gneE33" to="-gneE18" begin="120" end="120" number="1"/>
<flow id="car111" type="carType2" from="-gneE18" to="-gneE27" begin="122" end="122" number="1"/>
<flow id="car112" type="carType1" from="-gneE45" to="-gneE28" begin="123" end="123" number="1"/>
<flow id="car113" type="carType0" from="-gneE13" to="gneE48" begin="123" end="123" number="1"/>
<flow id="car114" type="carType0" from="-gneE21" to="-gneE37" begin="125" end="125" number="1"/>
<flow id="car115" type="carType2" from="-gneE43" to="-gneE27" begin="126" end="126" number="1"/>
<flow id="car116" type="carType1" from="bottomrightL" to="toprightD" begin="127" end="127" number="1"/>
<flow id="car117" type="carType1" from="gneE35" to="gneE45" begin="128" end="128" number="1"/>
<flow id="car118" type="carType1" from="-gneE37" to="gneE43" begin="129" end="129" number="1"/>
<flow id="car119" type="carType0" from="-gneE8" to="gneE43" begin="132" end="132" number="1"/>
<flow id="car120" type="carType1" from="-gneE21" to="gneE18" begin="134" end="134" number="1"/>
<flow id="car121" type="carType0" from="-gneE29" to="gneE29" begin="134" end="134" number="1"/>
<flow id="car122" type="carType0" from="-gneE42" to="topleftD" begin="134" end="134" number="1"/>
<flow id="car123" type="carType2" from="gneE35" to="gneE28" begin="135" end="135" number="1"/>
<flow id="car124" type="carType0" from="bottomrightL" to="toprightL" begin="137" end="137" number="1"/>
<flow id="car125" type="carType2" from="-gneE27" to="gneE49" begin="139" end="139" number="1"/>
<flow id="car126" type="carType2" from="gneE28" to="-gneE13" begin="140" end="140" number="1"/>
<flow id="car127" type="carType1" from="-gneE50" to="-gneE28" begin="140" end="140" number="1"/>
<flow id="car128" type="carType1" from="-gneE44" to="-gneE29" begin="140" end="140" number="1"/>
<flow id="car129" type="carType2" from="gneE21" to="-gneE21" begin="140" end="140" number="1"/>
<flow id="car130" type="carType1" from="gneE27" to="gneE27" begin="141" end="141" number="1"/>
<flow id="car131" type="carType0" from="-gneE29" to="gneE34" begin="141" end="141" number="1"/>
<flow id="car132" type="carType0" from="-gneE27" to="gneE45" begin="142" end="142" number="1"/>
<flow id="car133" type="carType2" from="-gneE43" to="gneE22" begin="143" end="143" number="1"/>
<flow id="car134" type="carType1" from="gneE8" to="-gneE18" begin="144" end="144" number="1"/>
<flow id="car135" type="carType2" from="bottomleftU" to="-gneE13" begin="144" end="144" number="1"/>
<flow id="car136" type="carType1" from="gneE48" to="-gneE8" begin="144" end="144" number="1"/>
<flow id="car137" type="carType0" from="-gneE33" to="topleftD" begin="145" end="145" number="1"/>
<flow id="car138" type="carType0" from="bottomleftU" to="gneE8" begin="146" end="146" number="1"/>
<flow id="car139" type="carType1" from="-gneE27" to="-gneE8" begin="146" end="146" number="1"/>
<flow id="car140" type="carType2" from="-gneE37" to="gneE27" begin="148" end="148" number="1"/>
<flow id="car141" type="carType0" from="gneE48" to="gneE34" begin="148" end="148" number="1"/>
<flow id="car142" type="carType1" from="gneE34" to="bottomleftR" begin="148" end="148" number="1"/>
<flow id="car143" type="carType0" from="gneE45" to="gneE29" begin="149" end="149" number="1"/>
<flow id="car144" type="carType1" from="gneE27" to="topleftD" begin="150" end="150" number="1"/>
<flow id="car145" type="carType1" from="gneE21" to="gneE51" begin="151" end="151" number="1"/>
<flow id="car146" type="carType2" from="-gneE51" to="-gneE37" begin="153" end="153" number="1"/>
<flow id="car147" type="carType0" from="-gneE34" to="-gneE27" begin="154" end="154" number="1"/>
<flow id="car148" type="carType0" from="gneE46" to="topleftR" begin="154" end="154" number="1"/>
<flow id="car149" type="carType2" from="-gneE34" to="-gneE44" begin="154" end="154" number="1"/>
<flow id="car150" type="carType0" from="gneE48" to="bottomleftR" begin="155" end="155" number="1"/>
<flow id="car151" type="carType1" from="-gneE34" to="-gneE29" begin="155" end="155" number="1"/>
<flow id="car152" type="carType2" from="-gneE27" to="topleftD" begin="156" end="156" number="1"/>
<flow id="car153" type="carType2" from="gneE45" to="-gneE51" begin="157" end="157" number="1"/>
<flow id="car154" type="carType0" from="-gneE27" to="gneE28" begin="157" end="157" number="1"/>
<flow id="car155" type="carType1" from="-gneE48" to="-gneE45" begin="158" end="158" number="1"/>
<flow id="car156" type="carType2" from="-gneE45" to="gneE9" begin="160" end="160" number="1"/>
<flow id="car157" type="carType1" from="-gneE29" to="gneE8" begin="160" end="160" number="1"/>
<flow id="car158" type="carType2" from="gneE9" to="-gneE44" begin="160" end="160" number="1"/>
<flow id="car159" type="carType0" from="-gneE8" to="-gneE28" begin="160" end="160" number="1"/>
<flow id="car160" type="carType1" from="-gneE33" to="gneE43" begin="161" end="161" number="1"/>
<flow id="car161" type="carType1" from="gneE18" to="gneE8" begin="162" end="162" number="1"/>
<flow id="car162" type="carType0" from="gneE35" to="gneE49" begin="163" end="163" number="1"/>
<flow id="car163" type="carType0" from="-gneE43" to="gneE35" begin="163" end="163" number="1"/>
<flow id="car164" type="carType0" from="gneE27" to="-gneE34" begin="164" end="164" number="1"/>
<flow id="car165" type="carType1" from="toprightL" to="-gneE13" begin="167" end="167" number="1"/>
<flow id="car166" type="carType2" from="-gneE51" to="gneE18" begin="168" end="168" number="1"/>
<flow id="car167" type="carType0" from="-gneE33" to="gneE51" begin="168" end="168" number="1"/>
<flow id="car168" type="carType1" from="-gneE13" to="gneE28" begin="171" end="171" number="1"/>
<flow id="car169" type="carType0" from="gneE50" to="-gneE28" begin="172" end="172" number="1"/>
<flow id="car170" type="carType0" from="-gneE7" to="gneE51" begin="173" end="173" number="1"/>
<flow id="car171" type="carType2" from="gneE37" to="-gneE7" begin="173" end="173" number="1"/>
<flow id="car172" type="carType1" from="bottomrightL" to="toprightD" begin="173" end="173" number="1"/>
<flow id="car173" type="carType2" from="gneE28" to="gneE42" begin="174" end="174" number="1"/>
<flow id="car174" type="carType0" from="topleftR" to="-gneE18" begin="175" end="175" number="1"/>
<flow id="car175" type="carType0" from="-gneE43" to="gneE9" begin="175" end="175" number="1"/>
<flow id="car176" type="carType1" from="-gneE50" to="gneE50" begin="175" end="175" number="1"/>
<flow id="car177" type="carType1" from="toprightD" to="gneE28" begin="177" end="177" number="1"/>
<flow id="car178" type="carType1" from="-gneE50" to="-gneE49" begin="178" end="178" number="1"/>
<flow id="car179" type="carType0" from="gneE18" to="gneE46" begin="180" end="180" number="1"/>
<flow id="car180" type="carType2" from="-gneE33" to="-gneE21" begin="180" end="180" number="1"/>
<flow id="car181" type="carType0" from="gneE22" to="gneE35" begin="180" end="180" number="1"/>
<flow id="car182" type="carType2" from="-gneE43" to="gneE51" begin="180" end="180" number="1"/>
<flow id="car183" type="carType0" from="gneE50" to="bottomleftU" begin="180" end="180" number="1"/>
<flow id="car184" type="carType2" from="gneE51" to="-gneE43" begin="182" end="182" number="1"/>
<flow id="car185" type="carType2" from="gneE44" to="gneE8" begin="182" end="182" number="1"/>
<flow id="car186" type="carType2" from="-gneE29" to="-gneE42" begin="183" end="183" number="1"/>
<flow id="car187" type="carType1" from="gneE8" to="-gneE13" begin="185" end="185" number="1"/>
<flow id="car188" type="carType0" from="-gneE51" to="-gneE44" begin="186" end="186" number="1"/>
<flow id="car189" type="carType0" from="toprightL" to="-gneE49" begin="187" end="187" number="1"/>
<flow id="car190" type="carType0" from="gneE43" to="gneE49" begin="188" end="188" number="1"/>
<flow id="car191" type="carType2" from="gneE46" to="gneE18" begin="189" end="189" number="1"/>
<flow id="car192" type="carType1" from="-gneE43" to="gneE28" begin="190" end="190" number="1"/>
<flow id="car193" type="carType2" from="-gneE21" to="-gneE50" begin="190" end="190" number="1"/>
<flow id="car194" type="carType2" from="-gneE37" to="gneE18" begin="191" end="191" number="1"/>
<flow id="car195" type="carType1" from="gneE46" to="gneE44" begin="192" end="192" number="1"/>
<flow id="car196" type="carType0" from="-gneE51" to="bottomleftR" begin="194" end="194" number="1"/>
<flow id="car197" type="carType2" from="-gneE13" to="-gneE29" begin="196" end="196" number="1"/>
<flow id="car198" type="carType1" from="gneE49" to="-gneE28" begin="196" end="196" number="1"/>
<flow id="car199" type="carType2" from="gneE44" to="-gneE43" begin="196" end="196" number="1"/>
</routes>
