<routes>
<vType id="carType0" length="9" maxSpeed="44.79" accel="2.24" decel="5.2" speedDev="0.2" sigma="0.17"/>
<vType id="carType1" length="6" maxSpeed="41.3" accel="2.35" decel="4.75" speedDev="0.2" sigma="0.23"/>
<vType id="carType2" length="8" maxSpeed="49.69" accel="2.62" decel="5.05" speedDev="0.2" sigma="0.26"/>
<flow id="car0" type="carType1" from="-gneE8" to="gneE49" begin="1" end="1" number="1"/>
<flow id="car1" type="carType1" from="gneE29" to="-gneE13" begin="3" end="3" number="1"/>
<flow id="car2" type="carType0" from="-gneE13" to="topleftD" begin="3" end="3" number="1"/>
<flow id="car3" type="carType0" from="bottomleftR" to="toprightL" begin="4" end="4" number="1"/>
<flow id="car4" type="carType1" from="-gneE8" to="-gneE48" begin="6" end="6" number="1"/>
<flow id="car5" type="carType2" from="-gneE48" to="-gneE42" begin="6" end="6" number="1"/>
<flow id="car6" type="carType0" from="-gneE34" to="gneE22" begin="8" end="8" number="1"/>
<flow id="car7" type="carType1" from="-gneE51" to="-gneE29" begin="8" end="8" number="1"/>
<flow id="car8" type="carType2" from="topleftD" to="-gneE33" begin="8" end="8" number="1"/>
<flow id="car9" type="carType1" from="-gneE44" to="gneE22" begin="10" end="10" number="1"/>
<flow id="car10" type="carType0" from="gneE28" to="-gneE27" begin="10" end="10" number="1"/>
<flow id="car11" type="carType0" from="gneE50" to="-gneE42" begin="11" end="11" number="1"/>
<flow id="car12" type="carType1" from="-gneE51" to="topleftD" begin="12" end="12" number="1"/>
<flow id="car13" type="carType1" from="bottomrightU" to="gneE46" begin="13" end="13" number="1"/>
<flow id="car14" type="carType0" from="-gneE50" to="gneE34" begin="14" end="14" number="1"/>
<flow id="car15" type="carType1" from="-gneE21" to="-gneE49" begin="14" end="14" number="1"/>
<flow id="car16" type="carType0" from="bottomleftR" to="-gneE27" begin="21" end="21" number="1"/>
<flow id="car17" type="carType1" from="-gneE18" to="-gneE8" begin="22" end="22" number="1"/>
<flow id="car18" type="carType1" from="gneE29" to="gneE45" begin="24" end="24" number="1"/>
<flow id="car19" type="carType1" from="-gneE34" to="gneE30" begin="26" end="26" number="1"/>
<flow id="car20" type="carType2" from="-gneE49" to="bottomrightU" begin="27" end="27" number="1"/>
<flow id="car21" type="carType2" from="gneE22" to="gneE34" begin="28" end="28" number="1"/>
<flow id="car22" type="carType0" from="gneE37" to="-gneE34" begin="28" end="28" number="1"/>
<flow id="car23" type="carType2" from="-gneE44" to="-gneE50" begin="28" end="28" number="1"/>
<flow id="car24" type="carType1" from="gneE27" to="-gneE48" begin="29" end="29" number="1"/>
<flow id="car25" type="carType1" from="gneE21" to="-gneE37" begin="29" end="29" number="1"/>
<flow id="car26" type="carType0" from="gneE28" to="-gneE50" begin="29" end="29" number="1"/>
<flow id="car27" type="carType2" from="toprightL" to="-gneE33" begin="31" end="31" number="1"/>
<flow id="car28" type="carType0" from="bottomleftR" to="-gneE48" begin="31" end="31" number="1"/>
<flow id="car29" type="carType2" from="toprightL" to="gneE48" begin="32" end="32" number="1"/>
<flow id="car30" type="carType0" from="-gneE13" to="-gneE33" begin="32" end="32" number="1"/>
<flow id="car31" type="carType1" from="gneE51" to="toprightL" begin="34" end="34" number="1"/>
<flow id="car32" type="carType1" from="-gneE28" to="-gneE50" begin="34" end="34" number="1"/>
<flow id="car33" type="carType1" from="topleftR" to="bottomleftU" begin="35" end="35" number="1"/>
<flow id="car34" type="carType2" from="-gneE44" to="-gneE45" begin="36" end="36" number="1"/>
<flow id="car35" type="carType0" from="gneE34" to="bottomrightU" begin="37" end="37" number="1"/>
<flow id="car36" type="carType1" from="bottomleftU" to="toprightL" begin="37" end="37" number="1"/>
<flow id="car37" type="carType0" from="gneE43" to="gneE8" begin="39" end="39" number="1"/>
<flow id="car38" type="carType2" from="gneE28" to="gneE43" begin="39" end="39" number="1"/>
<flow id="car39" type="carType2" from="gneE9" to="gneE44" begin="40" end="40" number="1"/>
<flow id="car40" type="carType2" from="gneE9" to="gneE50" begin="40" end="40" number="1"/>
<flow id="car41" type="carType2" from="-gneE27" to="-gneE21" begin="41" end="41" number="1"/>
<flow id="car42" type="carType2" from="-gneE51" to="gneE21" begin="43" end="43" number="1"/>
<flow id="car43" type="carType2" from="-gneE28" to="-gneE21" begin="44" end="44" number="1"/>
<flow id="car44" type="carType2" from="-gneE51" to="gneE27" begin="45" end="45" number="1"/>
<flow id="car45" type="carType1" from="-gneE21" to="-gneE49" begin="48" end="48" number="1"/>
<flow id="car46" type="carType0" from="gneE28" to="gneE30" begin="50" end="50" number="1"/>
<flow id="car47" type="carType1" from="gneE46" to="-gneE13" begin="53" end="53" number="1"/>
<flow id="car48" type="carType0" from="-gneE51" to="-gneE27" begin="53" end="53" number="1"/>
<flow id="car49" type="carType1" from="gneE8" to="gneE43" begin="55" end="55" number="1"/>
<flow id="car50" type="carType2" from="gneE42" to="topleftD" begin="55" end="55" number="1"/>
<flow id="car51" type="carType1" from="-gneE43" to="gneE9" begin="55" end="55" number="1"/>
<flow id="car52" type="carType0" from="gneE29" to="-gneE43" begin="56" end="56" number="1"/>
<flow id="car53" type="carType1" from="gneE42" to="-gneE43" begin="56" end="56" number="1"/>
<flow id="car54" type="carType0" from="gneE45" to="bottomrightU" begin="56" end="56" number="1"/>
<flow id="car55" type="carType1" from="-gneE8" to="gneE21" begin="58" end="58" number="1"/>
<flow id="car56" type="carType0" from="-gneE27" to="bottomrightU" begin="58" end="58" number="1"/>
<flow id="car57" type="carType1" from="bottomrightL" to="-gneE51" begin="58" end="58" number="1"/>
<flow id="car58" type="carType1" from="gneE27" to="gneE9" begin="59" end="59" number="1"/>
<flow id="car59" type="carType2" from="-gneE42" to="-gneE33" begin="60" end="60" number="1"/>
<flow id="car60" type="carType0" from="-gneE28" to="gneE46" begin="63" end="63" number="1"/>
<flow id="car61" type="carType2" from="-gneE7" to="gneE9" begin="63" end="63" number="1"/>
<flow id="car62" type="carType2" from="gneE35" to="gneE37" begin="65" end="65" number="1"/>
<flow id="car63" type="carType0" from="gneE27" to="gneE50" begin="66" end="66" number="1"/>
<flow id="car64" type="carType2" from="gneE34" to="gneE27" begin="66" end="66" number="1"/>
<flow id="car65" type="carType1" from="gneE44" to="bottomleftR" begin="67" end="67" number="1"/>
<flow id="car66" type="carType2" from="gneE29" to="-gneE33" begin="68" end="68" number="1"/>
<flow id="car67" type="carType1" from="gneE22" to="-gneE13" begin="69" end="69" number="1"/>
<flow id="car68" type="carType2" from="gneE30" to="-gneE13" begin="71" end="71" number="1"/>
<flow id="car69" type="carType0" from="-gneE28" to="-gneE42" begin="72" end="72" number="1"/>
<flow id="car70" type="carType0" from="-gneE18" to="bottomrightL" begin="73" end="73" number="1"/>
<flow id="car71" type="carType0" from="toprightD" to="gneE34" begin="73" end="73" number="1"/>
<flow id="car72" type="carType2" from="gneE43" to="-gneE21" begin="76" end="76" number="1"/>
<flow id="car73" type="carType1" from="gneE29" to="-gneE18" begin="76" end="76" number="1"/>
<flow id="car74" type="carType1" from="gneE51" to="-gneE18" begin="78" end="78" number="1"/>
<flow id="car75" type="carType1" from="-gneE28" to="gneE35" begin="78" end="78" number="1"/>
<flow id="car76" type="carType0" from="-gneE48" to="gneE9" begin="80" end="80" number="1"/>
<flow id="car77" type="carType1" from="gneE37" to="-gneE45" begin="80" end="80" number="1"/>
<flow id="car78" type="carType1" from="bottomleftR" to="-gneE18" begin="82" end="82" number="1"/>
<flow id="car79" type="carType2" from="gneE42" to="gneE35" begin="86" end="86" number="1"/>
<flow id="car80" type="carType1" from="gneE51" to="gneE34" begin="88" end="88" number="1"/>
<flow id="car81" type="carType0" from="-gneE42" to="toprightL" begin="88" end="88" number="1"/>
<flow id="car82" type="carType0" from="bottomleftR" to="-gneE50" begin="89" end="89" number="1"/>
<flow id="car83" type="carType1" from="-gneE37" to="gneE18" begin="89" end="89" number="1"/>
<flow id="car84" type="carType2" from="gneE48" to="bottomrightL" begin="91" end="91" number="1"/>
<flow id="car85" type="carType0" from="gneE27" to="-gneE33" begin="91" end="91" number="1"/>
<flow id="car86" type="carType2" from="bottomrightU" to="-gneE34" begin="92" end="92" number="1"/>
<flow id="car87" type="carType1" from="gneE18" to="gneE43" begin="92" end="92" number="1"/>
<flow id="car88" type="carType1" from="gneE30" to="-gneE44" begin="93" end="93" number="1"/>
<flow id="car89" type="carType0" from="gneE22" to="gneE27" begin="94" end="94" number="1"/>
<flow id="car90" type="carType2" from="gneE27" to="gneE51" begin="95" end="95" number="1"/>
<flow id="car91" type="carType2" from="-gneE13" to="gneE29" begin="96" end="96" number="1"/>
<flow id="car92" type="carType1" from="gneE44" to="-gneE43" begin="100" end="100" number="1"/>
<flow id="car93" type="carType1" from="gneE48" to="gneE8" begin="100" end="100" number="1"/>
<flow id="car94" type="carType2" from="gneE48" to="-gneE29" begin="102" end="102" number="1"/>
<flow id="car95" type="carType0" from="gneE28" to="-gneE48" begin="103" end="103" number="1"/>
<flow id="car96" type="carType1" from="gneE46" to="bottomleftR" begin="105" end="105" number="1"/>
<flow id="car97" type="carType0" from="gneE51" to="bottomrightU" begin="105" end="105" number="1"/>
<flow id="car98" type="carType1" from="-gneE51" to="-gneE28" begin="105" end="105" number="1"/>
<flow id="car99" type="carType1" from="gneE35" to="gneE42" begin="106" end="106" number="1"/>
<flow id="car100" type="carType1" from="-gneE51" to="gneE29" begin="107" end="107" number="1"/>
<flow id="car101" type="carType2" from="-gneE28" to="gneE35" begin="112" end="112" number="1"/>
<flow id="car102" type="carType0" from="gneE51" to="-gneE27" begin="115" end="115" number="1"/>
<flow id="car103" type="carType2" from="-gneE51" to="-gneE13" begin="118" end="118" number="1"/>
<flow id="car104" type="carType2" from="gneE37" to="bottomrightU" begin="118" end="118" number="1"/>
<flow id="car105" type="carType1" from="-gneE34" to="bottomrightU" begin="118" end="118" number="1"/>
<flow id="car106" type="carType1" from="gneE43" to="topleftD" begin="118" end="118" number="1"/>
<flow id="car107" type="carType0" from="bottomleftR" to="gneE21" begin="118" end="118" number="1"/>
<flow id="car108" type="carType0" from="gneE22" to="-gneE51" begin="119" end="119" number="1"/>
<flow id="car109" type="carType1" from="gneE28" to="-gneE44" begin="120" end="120" number="1"/>
<flow id="car110" type="carType0" from="-gneE45" to="-gneE18" begin="120" end="120" number="1"/>
<flow id="car111" type="carType2" from="-gneE13" to="toprightD" begin="120" end="120" number="1"/>
<flow id="car112" type="carType2" from="gneE44" to="-gneE29" begin="121" end="121" number="1"/>
<flow id="car113" type="carType1" from="-gneE43" to="gneE9" begin="121" end="121" number="1"/>
<flow id="car114" type="carType1" from="-gneE29" to="gneE9" begin="121" end="121" number="1"/>
<flow id="car115" type="carType0" from="gneE8" to="gneE9" begin="122" end="122" number="1"/>
<flow id="car116" type="carType0" from="topleftD" to="-gneE42" begin="122" end="122" number="1"/>
<flow id="car117" type="carType0" from="gneE51" to="-gneE45" begin="124" end="124" number="1"/>
<flow id="car118" type="carType0" from="-gneE13" to="gneE44" begin="124" end="124" number="1"/>
<flow id="car119" type="carType1" from="-gneE7" to="topleftR" begin="127" end="127" number="1"/>
<flow id="car120" type="carType1" from="gneE18" to="gneE48" begin="128" end="128" number="1"/>
<flow id="car121" type="carType0" from="gneE49" to="gneE51" begin="128" end="128" number="1"/>
<flow id="car122" type="carType2" from="gneE8" to="gneE9" begin="135" end="135" number="1"/>
<flow id="car123" type="carType2" from="bottomleftU" to="gneE50" begin="135" end="135" number="1"/>
<flow id="car124" type="carType1" from="-gneE18" to="gneE45" begin="137" end="137" number="1"/>
<flow id="car125" type="carType1" from="gneE29" to="gneE22" begin="138" end="138" number="1"/>
<flow id="car126" type="carType2" from="toprightL" to="gneE27" begin="138" end="138" number="1"/>
<flow id="car127" type="carType1" from="-gneE42" to="bottomrightL" begin="139" end="139" number="1"/>
<flow id="car128" type="carType1" from="gneE30" to="-gneE48" begin="139" end="139" number="1"/>
<flow id="car129" type="carType0" from="gneE44" to="topleftD" begin="141" end="141" number="1"/>
<flow id="car130" type="carType0" from="-gneE44" to="-gneE50" begin="141" end="141" number="1"/>
<flow id="car131" type="carType0" from="gneE18" to="gneE28" begin="143" end="143" number="1"/>
<flow id="car132" type="carType1" from="gneE30" to="gneE48" begin="144" end="144" number="1"/>
<flow id="car133" type="carType2" from="-gneE29" to="gneE34" begin="145" end="145" number="1"/>
<flow id="car134" type="carType0" from="-gneE29" to="-gneE18" begin="145" end="145" number="1"/>
<flow id="car135" type="carType1" from="gneE34" to="-gneE44" begin="145" end="145" number="1"/>
<flow id="car136" type="carType2" from="-gneE51" to="gneE35" begin="146" end="146" number="1"/>
<flow id="car137" type="carType2" from="gneE50" to="gneE18" begin="147" end="147" number="1"/>
<flow id="car138" type="carType2" from="gneE50" to="-gneE27" begin="148" end="148" number="1"/>
<flow id="car139" type="carType2" from="gneE28" to="bottomrightU" begin="149" end="149" number="1"/>
<flow id="car140" type="carType0" from="gneE18" to="gneE42" begin="150" end="150" number="1"/>
<flow id="car141" type="carType2" from="gneE30" to="gneE9" begin="150" end="150" number="1"/>
<flow id="car142" type="carType1" from="gneE43" to="gneE42" begin="151" end="151" number="1"/>
<flow id="car143" type="carType0" from="gneE46" to="-gneE21" begin="151" end="151" number="1"/>
<flow id="car144" type="carType2" from="gneE50" to="gneE9" begin="152" end="152" number="1"/>
<flow id="car145" type="carType1" from="-gneE7" to="-gneE33" begin="152" end="152" number="1"/>
<flow id="car146" type="carType2" from="topleftD" to="-gneE34" begin="152" end="152" number="1"/>
<flow id="car147" type="carType1" from="gneE29" to="gneE37" begin="152" end="152" number="1"/>
<flow id="car148" type="carType0" from="-gneE13" to="-gneE21" begin="153" end="153" number="1"/>
<flow id="car149" type="carType0" from="toprightL" to="-gneE21" begin="154" end="154" number="1"/>
<flow id="car150" type="carType0" from="-gneE34" to="gneE21" begin="155" end="155" number="1"/>
<flow id="car151" type="carType0" from="gneE18" to="-gneE49" begin="156" end="156" number="1"/>
<flow id="car152" type="carType1" from="bottomrightU" to="-gneE21" begin="157" end="157" number="1"/>
<flow id="car153" type="carType1" from="gneE29" to="-gneE51" begin="157" end="157" number="1"/>
<flow id="car154" type="carType1" from="-gneE43" to="topleftD" begin="157" end="157" number="1"/>
<flow id="car155" type="carType2" from="toprightD" to="gneE9" begin="160" end="160" number="1"/>
<flow id="car156" type="carType1" from="gneE45" to="-gneE18" begin="160" end="160" number="1"/>
<flow id="car157" type="carType2" from="gneE34" to="gneE9" begin="162" end="162" number="1"/>
<flow id="car158" type="carType2" from="gneE42" to="-gneE18" begin="162" end="162" number="1"/>
<flow id="car159" type="carType1" from="gneE18" to="gneE22" begin="163" end="163" number="1"/>
<flow id="car160" type="carType1" from="-gneE33" to="gneE30" begin="163" end="163" number="1"/>
<flow id="car161" type="carType2" from="gneE34" to="gneE28" begin="164" end="164" number="1"/>
<flow id="car162" type="carType0" from="gneE50" to="gneE8" begin="164" end="164" number="1"/>
<flow id="car163" type="carType2" from="-gneE29" to="-gneE8" begin="164" end="164" number="1"/>
<flow id="car164" type="carType2" from="-gneE27" to="bottomrightL" begin="164" end="164" number="1"/>
<flow id="car165" type="carType2" from="-gneE21" to="-gneE45" begin="166" end="166" number="1"/>
<flow id="car166" type="carType1" from="-gneE51" to="gneE18" begin="168" end="168" number="1"/>
<flow id="car167" type="carType0" from="-gneE29" to="-gneE33" begin="170" end="170" number="1"/>
<flow id="car168" type="carType0" from="-gneE28" to="gneE35" begin="171" end="171" number="1"/>
<flow id="car169" type="carType0" from="gneE28" to="-gneE34" begin="171" end="171" number="1"/>
<flow id="car170" type="carType1" from="-gneE43" to="gneE35" begin="173" end="173" number="1"/>
<flow id="car171" type="carType1" from="gneE49" to="gneE8" begin="173" end="173" number="1"/>
<flow id="car172" type="carType2" from="gneE43" to="-gneE29" begin="175" end="175" number="1"/>
<flow id="car173" type="carType2" from="gneE18" to="gneE34" begin="177" end="177" number="1"/>
<flow id="car174" type="carType2" from="-gneE43" to="-gneE50" begin="178" end="178" number="1"/>
<flow id="car175" type="carType2" from="-gneE42" to="-gneE34" begin="178" end="178" number="1"/>
<flow id="car176" type="carType1" from="-gneE43" to="-gneE44" begin="180" end="180" number="1"/>
<flow id="car177" type="carType2" from="bottomrightL" to="bottomrightL" begin="185" end="185" number="1"/>
<flow id="car178" type="carType1" from="topleftD" to="-gneE51" begin="186" end="186" number="1"/>
<flow id="car179" type="carType0" from="bottomrightL" to="gneE27" begin="186" end="186" number="1"/>
<flow id="car180" type="carType2" from="gneE44" to="-gneE50" begin="186" end="186" number="1"/>
<flow id="car181" type="carType1" from="-gneE49" to="-gneE33" begin="187" end="187" number="1"/>
<flow id="car182" type="carType1" from="-gneE33" to="gneE21" begin="189" end="189" number="1"/>
<flow id="car183" type="carType1" from="-gneE45" to="toprightD" begin="190" end="190" number="1"/>
<flow id="car184" type="carType0" from="-gneE48" to="-gneE42" begin="191" end="191" number="1"/>
<flow id="car185" type="carType0" from="gneE50" to="gneE21" begin="192" end="192" number="1"/>
<flow id="car186" type="carType2" from="gneE22" to="bottomrightL" begin="192" end="192" number="1"/>
<flow id="car187" type="carType1" from="-gneE33" to="gneE30" begin="193" end="193" number="1"/>
<flow id="car188" type="carType1" from="gneE51" to="bottomleftU" begin="193" end="193" number="1"/>
<flow id="car189" type="carType1" from="-gneE21" to="-gneE13" begin="194" end="194" number="1"/>
<flow id="car190" type="carType2" from="toprightD" to="bottomleftU" begin="195" end="195" number="1"/>
<flow id="car191" type="carType2" from="gneE9" to="gneE46" begin="195" end="195" number="1"/>
<flow id="car192" type="carType1" from="gneE29" to="gneE9" begin="196" end="196" number="1"/>
<flow id="car193" type="carType1" from="gneE42" to="-gneE8" begin="197" end="197" number="1"/>
<flow id="car194" type="carType0" from="-gneE50" to="-gneE37" begin="197" end="197" number="1"/>
<flow id="car195" type="carType1" from="gneE49" to="topleftR" begin="197" end="197" number="1"/>
<flow id="car196" type="carType2" from="-gneE18" to="-gneE13" begin="197" end="197" number="1"/>
<flow id="car197" type="carType1" from="gneE9" to="gneE42" begin="198" end="198" number="1"/>
<flow id="car198" type="carType0" from="topleftR" to="-gneE37" begin="199" end="199" number="1"/>
<flow id="car199" type="carType0" from="-gneE8" to="toprightL" begin="199" end="199" number="1"/>
</routes>
