<routes>
<vType id="carType0" length="9" maxSpeed="54.31" accel="2.31" decel="5.03" speedDev="0.2" sigma="0.11"/>
<vType id="carType1" length="7" maxSpeed="52.42" accel="2.58" decel="4.95" speedDev="0.2" sigma="0.11"/>
<vType id="carType2" length="3" maxSpeed="48.24" accel="2.02" decel="5.44" speedDev="0.2" sigma="0.25"/>
<flow id="car0" type="carType0" from="-gneE8" to="gneE30" begin="0" end="0" number="1"/>
<flow id="car1" type="carType0" from="gneE42" to="bottomleftR" begin="1" end="1" number="1"/>
<flow id="car2" type="carType1" from="bottomleftU" to="toprightL" begin="2" end="2" number="1"/>
<flow id="car3" type="carType1" from="gneE37" to="-gneE42" begin="3" end="3" number="1"/>
<flow id="car4" type="carType0" from="gneE43" to="gneE50" begin="4" end="4" number="1"/>
<flow id="car5" type="carType1" from="toprightL" to="gneE8" begin="6" end="6" number="1"/>
<flow id="car6" type="carType0" from="gneE28" to="-gneE49" begin="7" end="7" number="1"/>
<flow id="car7" type="carType0" from="-gneE29" to="gneE29" begin="8" end="8" number="1"/>
<flow id="car8" type="carType1" from="gneE21" to="gneE27" begin="8" end="8" number="1"/>
<flow id="car9" type="carType0" from="-gneE44" to="-gneE13" begin="9" end="9" number="1"/>
<flow id="car10" type="carType1" from="gneE48" to="-gneE50" begin="9" end="9" number="1"/>
<flow id="car11" type="carType0" from="-gneE8" to="-gneE48" begin="9" end="9" number="1"/>
<flow id="car12" type="carType0" from="-gneE28" to="topleftR" begin="12" end="12" number="1"/>
<flow id="car13" type="carType1" from="-gneE37" to="gneE18" begin="13" end="13" number="1"/>
<flow id="car14" type="carType1" from="topleftR" to="gneE30" begin="13" end="13" number="1"/>
<flow id="car15" type="carType2" from="gneE44" to="-gneE49" begin="14" end="14" number="1"/>
<flow id="car16" type="carType2" from="gneE22" to="gneE29" begin="14" end="14" number="1"/>
<flow id="car17" type="carType2" from="gneE37" to="gneE9" begin="15" end="15" number="1"/>
<flow id="car18" type="carType2" from="-gneE44" to="gneE22" begin="17" end="17" number="1"/>
<flow id="car19" type="carType1" from="gneE51" to="bottomrightU" begin="19" end="19" number="1"/>
<flow id="car20" type="carType0" from="gneE18" to="gneE28" begin="19" end="19" number="1"/>
<flow id="car21" type="carType1" from="gneE44" to="bottomleftU" begin="20" end="20" number="1"/>
<flow id="car22" type="carType1" from="-gneE8" to="bottomleftU" begin="21" end="21" number="1"/>
<flow id="car23" type="carType1" from="gneE50" to="-gneE42" begin="22" end="22" number="1"/>
<flow id="car24" type="carType2" from="gneE29" to="gneE45" begin="22" end="22" number="1"/>
<flow id="car25" type="carType0" from="gneE29" to="-gneE42" begin="22" end="22" number="1"/>
<flow id="car26" type="carType0" from="gneE21" to="-gneE44" begin="23" end="23" number="1"/>
<flow id="car27" type="carType1" from="bottomleftU" to="-gneE13" begin="23" end="23" number="1"/>
<flow id="car28" type="carType0" from="-gneE27" to="-gneE51" begin="23" end="23" number="1"/>
<flow id="car29" type="carType0" from="gneE29" to="gneE28" begin="26" end="26" number="1"/>
<flow id="car30" type="carType2" from="gneE22" to="bottomrightU" begin="28" end="28" number="1"/>
<flow id="car31" type="carType2" from="-gneE21" to="toprightL" begin="28" end="28" number="1"/>
<flow id="car32" type="carType0" from="gneE28" to="gneE50" begin="28" end="28" number="1"/>
<flow id="car33" type="carType2" from="topleftD" to="-gneE34" begin="29" end="29" number="1"/>
<flow id="car34" type="carType0" from="gneE48" to="gneE50" begin="30" end="30" number="1"/>
<flow id="car35" type="carType2" from="-gneE28" to="-gneE37" begin="30" end="30" number="1"/>
<flow id="car36" type="carType0" from="gneE51" to="-gneE48" begin="31" end="31" number="1"/>
<flow id="car37" type="carType2" from="-gneE13" to="gneE21" begin="32" end="32" number="1"/>
<flow id="car38" type="carType1" from="gneE8" to="-gneE13" begin="32" end="32" number="1"/>
<flow id="car39" type="carType1" from="-gneE13" to="-gneE7" begin="33" end="33" number="1"/>
<flow id="car40" type="carType0" from="-gneE27" to="bottomleftR" begin="35" end="35" number="1"/>
<flow id="car41" type="carType2" from="gneE50" to="gneE27" begin="37" end="37" number="1"/>
<flow id="car42" type="carType2" from="gneE28" to="toprightD" begin="37" end="37" number="1"/>
<flow id="car43" type="carType0" from="gneE18" to="gneE51" begin="38" end="38" number="1"/>
<flow id="car44" type="carType2" from="-gneE37" to="gneE46" begin="38" end="38" number="1"/>
<flow id="car45" type="carType0" from="gneE9" to="-gneE50" begin="39" end="39" number="1"/>
<flow id="car46" type="carType2" from="topleftR" to="-gneE28" begin="39" end="39" number="1"/>
<flow id="car47" type="carType2" from="-gneE27" to="-gneE50" begin="39" end="39" number="1"/>
<flow id="car48" type="carType0" from="gneE46" to="gneE46" begin="39" end="39" number="1"/>
<flow id="car49" type="carType2" from="gneE18" to="gneE51" begin="41" end="41" number="1"/>
<flow id="car50" type="carType0" from="topleftR" to="-gneE8" begin="41" end="41" number="1"/>
<flow id="car51" type="carType2" from="-gneE50" to="-gneE33" begin="41" end="41" number="1"/>
<flow id="car52" type="carType0" from="-gneE37" to="gneE35" begin="44" end="44" number="1"/>
<flow id="car53" type="carType2" from="gneE48" to="-gneE21" begin="44" end="44" number="1"/>
<flow id="car54" type="carType0" from="-gneE42" to="gneE43" begin="46" end="46" number="1"/>
<flow id="car55" type="carType0" from="-gneE28" to="toprightL" begin="47" end="47" number="1"/>
<flow id="car56" type="carType2" from="-gneE43" to="-gneE49" begin="49" end="49" number="1"/>
<flow id="car57" type="carType2" from="topleftR" to="-gneE37" begin="49" end="49" number="1"/>
<flow id="car58" type="carType1" from="gneE51" to="-gneE48" begin="50" end="50" number="1"/>
<flow id="car59" type="carType2" from="gneE42" to="-gneE13" begin="51" end="51" number="1"/>
<flow id="car60" type="carType2" from="-gneE34" to="gneE49" begin="55" end="55" number="1"/>
<flow id="car61" type="carType2" from="-gneE28" to="-gneE42" begin="56" end="56" number="1"/>
<flow id="car62" type="carType2" from="gneE46" to="-gneE51" begin="56" end="56" number="1"/>
<flow id="car63" type="carType2" from="gneE28" to="gneE43" begin="57" end="57" number="1"/>
<flow id="car64" type="carType2" from="gneE51" to="bottomrightU" begin="58" end="58" number="1"/>
<flow id="car65" type="carType0" from="topleftD" to="gneE46" begin="58" end="58" number="1"/>
<flow id="car66" type="carType1" from="-gneE7" to="toprightL" begin="59" end="59" number="1"/>
<flow id="car67" type="carType1" from="gneE37" to="bottomrightL" begin="61" end="61" number="1"/>
<flow id="car68" type="carType2" from="gneE44" to="-gneE7" begin="62" end="62" number="1"/>
<flow id="car69" type="carType2" from="bottomrightU" to="bottomrightU" begin="63" end="63" number="1"/>
<flow id="car70" type="carType1" from="gneE9" to="-gneE37" begin="65" end="65" number="1"/>
<flow id="car71" type="carType0" from="bottomrightU" to="gneE34" begin="67" end="67" number="1"/>
<flow id="car72" type="carType2" from="-gneE49" to="gneE42" begin="67" end="67" number="1"/>
<flow id="car73" type="carType1" from="gneE45" to="gneE43" begin="68" end="68" number="1"/>
<flow id="car74" type="carType0" from="topleftR" to="gneE50" begin="68" end="68" number="1"/>
<flow id="car75" type="carType0" from="-gneE27" to="gneE35" begin="68" end="68" number="1"/>
<flow id="car76" type="carType2" from="gneE37" to="-gneE8" begin="69" end="69" number="1"/>
<flow id="car77" type="carType1" from="gneE43" to="gneE51" begin="69" end="69" number="1"/>
<flow id="car78" type="carType0" from="-gneE28" to="gneE27" begin="70" end="70" number="1"/>
<flow id="car79" type="carType0" from="bottomrightU" to="-gneE21" begin="70" end="70" number="1"/>
<flow id="car80" type="carType2" from="-gneE42" to="bottomleftU" begin="70" end="70" number="1"/>
<flow id="car81" type="carType1" from="-gneE21" to="-gneE21" begin="71" end="71" number="1"/>
<flow id="car82" type="carType0" from="-gneE13" to="-gneE45" begin="72" end="72" number="1"/>
<flow id="car83" type="carType0" from="gneE34" to="gneE43" begin="74" end="74" number="1"/>
<flow id="car84" type="carType1" from="-gneE13" to="-gneE21" begin="75" end="75" number="1"/>
<flow id="car85" type="carType2" from="gneE18" to="-gneE13" begin="76" end="76" number="1"/>
<flow id="car86" type="carType1" from="gneE18" to="gneE8" begin="76" end="76" number="1"/>
<flow id="car87" type="carType1" from="-gneE21" to="toprightL" begin="76" end="76" number="1"/>
<flow id="car88" type="carType2" from="-gneE42" to="topleftD" begin="78" end="78" number="1"/>
<flow id="car89" type="carType0" from="-gneE42" to="-gneE49" begin="80" end="80" number="1"/>
<flow id="car90" type="carType1" from="gneE21" to="bottomrightL" begin="81" end="81" number="1"/>
<flow id="car91" type="carType2" from="-gneE18" to="gneE27" begin="83" end="83" number="1"/>
<flow id="car92" type="carType0" from="topleftR" to="bottomrightL" begin="83" end="83" number="1"/>
<flow id="car93" type="carType2" from="-gneE8" to="gneE46" begin="83" end="83" number="1"/>
<flow id="car94" type="carType0" from="gneE9" to="-gneE21" begin="84" end="84" number="1"/>
<flow id="car95" type="carType1" from="gneE21" to="toprightD" begin="86" end="86" number="1"/>
<flow id="car96" type="carType1" from="gneE28" to="gneE28" begin="86" end="86" number="1"/>
<flow id="car97" type="carType0" from="gneE51" to="-gneE21" begin="88" end="88" number="1"/>
<flow id="car98" type="carType1" from="gneE28" to="gneE51" begin="90" end="90" number="1"/>
<flow id="car99" type="carType2" from="gneE21" to="-gneE37" begin="92" end="92" number="1"/>
<flow id="car100" type="carType2" from="topleftD" to="-gneE28" begin="93" end="93" number="1"/>
<flow id="car101" type="carType1" from="gneE21" to="-gneE27" begin="93" end="93" number="1"/>
<flow id="car102" type="carType0" from="gneE42" to="gneE8" begin="94" end="94" number="1"/>
<flow id="car103" type="carType1" from="-gneE29" to="-gneE51" begin="95" end="95" number="1"/>
<flow id="car104" type="carType2" from="topleftR" to="-gneE51" begin="97" end="97" number="1"/>
<flow id="car105" type="carType1" from="gneE18" to="-gneE50" begin="97" end="97" number="1"/>
<flow id="car106" type="carType2" from="-gneE28" to="-gneE48" begin="97" end="97" number="1"/>
<flow id="car107" type="carType2" from="gneE42" to="-gneE27" begin="100" end="100" number="1"/>
<flow id="car108" type="carType1" from="bottomleftR" to="gneE44" begin="103" end="103" number="1"/>
<flow id="car109" type="carType2" from="gneE43" to="-gneE50" begin="104" end="104" number="1"/>
<flow id="car110" type="carType1" from="gneE48" to="-gneE49" begin="105" end="105" number="1"/>
<flow id="car111" type="carType2" from="gneE48" to="bottomrightU" begin="105" end="105" number="1"/>
<flow id="car112" type="carType0" from="topleftD" to="-gneE37" begin="105" end="105" number="1"/>
<flow id="car113" type="carType0" from="gneE43" to="-gneE34" begin="106" end="106" number="1"/>
<flow id="car114" type="carType2" from="gneE45" to="gneE45" begin="106" end="106" number="1"/>
<flow id="car115" type="carType1" from="gneE35" to="gneE29" begin="108" end="108" number="1"/>
<flow id="car116" type="carType2" from="bottomleftR" to="gneE43" begin="109" end="109" number="1"/>
<flow id="car117" type="carType0" from="-gneE34" to="gneE22" begin="109" end="109" number="1"/>
<flow id="car118" type="carType2" from="gneE48" to="-gneE21" begin="110" end="110" number="1"/>
<flow id="car119" type="carType2" from="-gneE42" to="gneE18" begin="111" end="111" number="1"/>
<flow id="car120" type="carType0" from="-gneE49" to="bottomrightU" begin="113" end="113" number="1"/>
<flow id="car121" type="carType2" from="toprightD" to="gneE48" begin="116" end="116" number="1"/>
<flow id="car122" type="carType0" from="gneE45" to="gneE30" begin="117" end="117" number="1"/>
<flow id="car123" type="carType2" from="-gneE44" to="-gneE27" begin="117" end="117" number="1"/>
<flow id="car124" type="carType2" from="-gneE48" to="-gneE21" begin="117" end="117" number="1"/>
<flow id="car125" type="carType1" from="bottomleftU" to="-gneE48" begin="117" end="117" number="1"/>
<flow id="car126" type="carType0" from="-gneE34" to="gneE34" begin="120" end="120" number="1"/>
<flow id="car127" type="carType1" from="gneE43" to="-gneE33" begin="121" end="121" number="1"/>
<flow id="car128" type="carType2" from="gneE35" to="-gneE37" begin="122" end="122" number="1"/>
<flow id="car129" type="carType0" from="gneE34" to="gneE49" begin="123" end="123" number="1"/>
<flow id="car130" type="carType2" from="-gneE51" to="-gneE44" begin="124" end="124" number="1"/>
<flow id="car131" type="carType0" from="gneE22" to="-gneE48" begin="124" end="124" number="1"/>
<flow id="car132" type="carType1" from="-gneE28" to="gneE8" begin="124" end="124" number="1"/>
<flow id="car133" type="carType1" from="gneE51" to="-gneE48" begin="125" end="125" number="1"/>
<flow id="car134" type="carType0" from="gneE45" to="-gneE8" begin="125" end="125" number="1"/>
<flow id="car135" type="carType0" from="topleftR" to="gneE51" begin="125" end="125" number="1"/>
<flow id="car136" type="carType2" from="gneE28" to="-gneE50" begin="126" end="126" number="1"/>
<flow id="car137" type="carType2" from="-gneE7" to="gneE30" begin="126" end="126" number="1"/>
<flow id="car138" type="carType2" from="gneE29" to="gneE29" begin="128" end="128" number="1"/>
<flow id="car139" type="carType1" from="bottomrightU" to="gneE29" begin="128" end="128" number="1"/>
<flow id="car140" type="carType0" from="gneE34" to="gneE37" begin="129" end="129" number="1"/>
<flow id="car141" type="carType0" from="-gneE27" to="-gneE29" begin="129" end="129" number="1"/>
<flow id="car142" type="carType0" from="bottomrightL" to="-gneE7" begin="129" end="129" number="1"/>
<flow id="car143" type="carType2" from="-gneE29" to="-gneE18" begin="131" end="131" number="1"/>
<flow id="car144" type="carType0" from="gneE21" to="bottomrightU" begin="132" end="132" number="1"/>
<flow id="car145" type="carType1" from="gneE42" to="gneE35" begin="134" end="134" number="1"/>
<flow id="car146" type="carType0" from="gneE27" to="-gneE48" begin="136" end="136" number="1"/>
<flow id="car147" type="carType1" from="gneE50" to="gneE46" begin="136" end="136" number="1"/>
<flow id="car148" type="carType1" from="-gneE49" to="-gneE7" begin="136" end="136" number="1"/>
<flow id="car149" type="carType1" from="gneE18" to="bottomrightU" begin="137" end="137" number="1"/>
<flow id="car150" type="carType1" from="gneE29" to="gneE49" begin="137" end="137" number="1"/>
<flow id="car151" type="carType2" from="gneE34" to="gneE21" begin="138" end="138" number="1"/>
<flow id="car152" type="carType1" from="bottomrightU" to="topleftD" begin="139" end="139" number="1"/>
<flow id="car153" type="carType2" from="gneE30" to="-gneE51" begin="143" end="143" number="1"/>
<flow id="car154" type="carType0" from="-gneE7" to="gneE43" begin="143" end="143" number="1"/>
<flow id="car155" type="carType0" from="bottomleftU" to="-gneE18" begin="144" end="144" number="1"/>
<flow id="car156" type="carType0" from="gneE18" to="-gneE33" begin="144" end="144" number="1"/>
<flow id="car157" type="carType1" from="-gneE21" to="-gneE49" begin="147" end="147" number="1"/>
<flow id="car158" type="carType2" from="-gneE37" to="bottomleftR" begin="148" end="148" number="1"/>
<flow id="car159" type="carType0" from="-gneE27" to="bottomrightU" begin="150" end="150" number="1"/>
<flow id="car160" type="carType2" from="bottomrightL" to="-gneE42" begin="151" end="151" number="1"/>
<flow id="car161" type="carType0" from="gneE21" to="gneE30" begin="153" end="153" number="1"/>
<flow id="car162" type="carType1" from="gneE8" to="-gneE49" begin="154" end="154" number="1"/>
<flow id="car163" type="carType2" from="gneE44" to="-gneE8" begin="155" end="155" number="1"/>
<flow id="car164" type="carType2" from="gneE21" to="-gneE51" begin="156" end="156" number="1"/>
<flow id="car165" type="carType0" from="topleftD" to="gneE37" begin="159" end="159" number="1"/>
<flow id="car166" type="carType0" from="gneE35" to="-gneE33" begin="160" end="160" number="1"/>
<flow id="car167" type="carType2" from="-gneE7" to="toprightD" begin="162" end="162" number="1"/>
<flow id="car168" type="carType0" from="gneE48" to="gneE44" begin="162" end="162" number="1"/>
<flow id="car169" type="carType0" from="gneE30" to="gneE21" begin="164" end="164" number="1"/>
<flow id="car170" type="carType0" from="-gneE37" to="gneE30" begin="165" end="165" number="1"/>
<flow id="car171" type="carType1" from="-gneE33" to="-gneE28" begin="167" end="167" number="1"/>
<flow id="car172" type="carType0" from="-gneE13" to="bottomrightU" begin="168" end="168" number="1"/>
<flow id="car173" type="carType2" from="gneE46" to="gneE22" begin="171" end="171" number="1"/>
<flow id="car174" type="carType1" from="-gneE49" to="-gneE21" begin="172" end="172" number="1"/>
<flow id="car175" type="carType0" from="-gneE43" to="gneE18" begin="173" end="173" number="1"/>
<flow id="car176" type="carType1" from="-gneE37" to="topleftR" begin="174" end="174" number="1"/>
<flow id="car177" type="carType0" from="gneE51" to="gneE34" begin="175" end="175" number="1"/>
<flow id="car178" type="carType0" from="gneE18" to="-gneE18" begin="176" end="176" number="1"/>
<flow id="car179" type="carType1" from="gneE21" to="-gneE51" begin="177" end="177" number="1"/>
<flow id="car180" type="carType2" from="-gneE50" to="bottomleftU" begin="182" end="182" number="1"/>
<flow id="car181" type="carType0" from="gneE9" to="gneE9" begin="183" end="183" number="1"/>
<flow id="car182" type="carType0" from="gneE43" to="gneE49" begin="183" end="183" number="1"/>
<flow id="car183" type="carType0" from="gneE28" to="gneE9" begin="183" end="183" number="1"/>
<flow id="car184" type="carType2" from="-gneE45" to="gneE49" begin="185" end="185" number="1"/>
<flow id="car185" type="carType2" from="gneE30" to="gneE21" begin="186" end="186" number="1"/>
<flow id="car186" type="carType1" from="-gneE42" to="-gneE48" begin="186" end="186" number="1"/>
<flow id="car187" type="carType1" from="-gneE51" to="-gneE21" begin="187" end="187" number="1"/>
<flow id="car188" type="carType2" from="bottomleftU" to="gneE37" begin="190" end="190" number="1"/>
<flow id="car189" type="carType2" from="bottomrightL" to="-gneE51" begin="192" end="192" number="1"/>
<flow id="car190" type="carType2" from="-gneE29" to="gneE46" begin="193" end="193" number="1"/>
<flow id="car191" type="carType0" from="gneE51" to="gneE43" begin="193" end="193" number="1"/>
<flow id="car192" type="carType1" from="gneE29" to="-gneE49" begin="194" end="194" number="1"/>
<flow id="car193" type="carType0" from="gneE49" to="bottomleftR" begin="194" end="194" number="1"/>
<flow id="car194" type="carType2" from="-gneE37" to="toprightD" begin="194" end="194" number="1"/>
<flow id="car195" type="carType1" from="gneE8" to="-gneE21" begin="195" end="195" number="1"/>
<flow id="car196" type="carType0" from="gneE18" to="gneE27" begin="195" end="195" number="1"/>
<flow id="car197" type="carType1" from="-gneE28" to="-gneE43" begin="196" end="196" number="1"/>
<flow id="car198" type="carType1" from="gneE51" to="gneE22" begin="196" end="196" number="1"/>
<flow id="car199" type="carType1" from="gneE18" to="topleftR" begin="198" end="198" number="1"/>
</routes>
