<routes>
<vType id="carType0" length="5" maxSpeed="42.45" accel="2.65" decel="5.54" speedDev="0.2" sigma="0.28"/>
<vType id="carType1" length="4" maxSpeed="49.95" accel="2.97" decel="4.07" speedDev="0.2" sigma="0.26"/>
<vType id="carType2" length="4" maxSpeed="51.6" accel="2.22" decel="4.09" speedDev="0.2" sigma="0.14"/>
<flow id="car0" type="carType1" from="gneE22" to="toprightD" begin="2" end="2" number="1"/>
<flow id="car1" type="carType2" from="gneE49" to="-gneE43" begin="3" end="3" number="1"/>
<flow id="car2" type="carType1" from="toprightL" to="-gneE45" begin="5" end="5" number="1"/>
<flow id="car3" type="carType2" from="-gneE8" to="toprightL" begin="7" end="7" number="1"/>
<flow id="car4" type="carType0" from="gneE22" to="-gneE7" begin="7" end="7" number="1"/>
<flow id="car5" type="carType2" from="gneE43" to="-gneE28" begin="8" end="8" number="1"/>
<flow id="car6" type="carType1" from="-gneE18" to="-gneE51" begin="9" end="9" number="1"/>
<flow id="car7" type="carType0" from="gneE9" to="-gneE21" begin="10" end="10" number="1"/>
<flow id="car8" type="carType2" from="gneE48" to="gneE34" begin="10" end="10" number="1"/>
<flow id="car9" type="carType0" from="-gneE21" to="gneE27" begin="11" end="11" number="1"/>
<flow id="car10" type="carType0" from="-gneE49" to="bottomrightU" begin="13" end="13" number="1"/>
<flow id="car11" type="carType2" from="-gneE18" to="-gneE34" begin="14" end="14" number="1"/>
<flow id="car12" type="carType0" from="gneE27" to="gneE34" begin="15" end="15" number="1"/>
<flow id="car13" type="carType0" from="-gneE34" to="-gneE18" begin="15" end="15" number="1"/>
<flow id="car14" type="carType2" from="-gneE18" to="-gneE33" begin="15" end="15" number="1"/>
<flow id="car15" type="carType1" from="-gneE28" to="-gneE29" begin="16" end="16" number="1"/>
<flow id="car16" type="carType2" from="-gneE37" to="-gneE21" begin="17" end="17" number="1"/>
<flow id="car17" type="carType0" from="gneE35" to="bottomrightL" begin="18" end="18" number="1"/>
<flow id="car18" type="carType0" from="bottomleftR" to="gneE49" begin="26" end="26" number="1"/>
<flow id="car19" type="carType0" from="gneE42" to="-gneE49" begin="27" end="27" number="1"/>
<flow id="car20" type="carType0" from="gneE8" to="gneE34" begin="27" end="27" number="1"/>
<flow id="car21" type="carType0" from="topleftD" to="-gneE21" begin="28" end="28" number="1"/>
<flow id="car22" type="carType2" from="gneE35" to="bottomleftR" begin="29" end="29" number="1"/>
<flow id="car23" type="carType0" from="-gneE49" to="-gneE51" begin="31" end="31" number="1"/>
<flow id="car24" type="carType2" from="gneE29" to="gneE48" begin="33" end="33" number="1"/>
<flow id="car25" type="carType1" from="bottomleftR" to="gneE50" begin="35" end="35" number="1"/>
<flow id="car26" type="carType2" from="gneE29" to="-gneE18" begin="36" end="36" number="1"/>
<flow id="car27" type="carType2" from="gneE45" to="-gneE18" begin="37" end="37" number="1"/>
<flow id="car28" type="carType1" from="bottomrightL" to="gneE28" begin="38" end="38" number="1"/>
<flow id="car29" type="carType0" from="toprightL" to="toprightL" begin="39" end="39" number="1"/>
<flow id="car30" type="carType2" from="gneE34" to="gneE18" begin="40" end="40" number="1"/>
<flow id="car31" type="carType1" from="gneE46" to="gneE29" begin="40" end="40" number="1"/>
<flow id="car32" type="carType2" from="gneE50" to="-gneE42" begin="40" end="40" number="1"/>
<flow id="car33" type="carType2" from="gneE34" to="-gneE48" begin="41" end="41" number="1"/>
<flow id="car34" type="carType2" from="toprightL" to="-gneE43" begin="42" end="42" number="1"/>
<flow id="car35" type="carType0" from="-gneE50" to="gneE18" begin="42" end="42" number="1"/>
<flow id="car36" type="carType1" from="gneE51" to="gneE44" begin="45" end="45" number="1"/>
<flow id="car37" type="carType2" from="gneE43" to="-gneE42" begin="45" end="45" number="1"/>
<flow id="car38" type="carType2" from="-gneE33" to="-gneE8" begin="47" end="47" number="1"/>
<flow id="car39" type="carType1" from="-gneE37" to="gneE48" begin="48" end="48" number="1"/>
<flow id="car40" type="carType1" from="bottomleftR" to="-gneE13" begin="49" end="49" number="1"/>
<flow id="car41" type="carType0" from="gneE46" to="-gneE7" begin="49" end="49" number="1"/>
<flow id="car42" type="carType1" from="gneE48" to="-gneE37" begin="49" end="49" number="1"/>
<flow id="car43" type="carType0" from="-gneE48" to="-gneE44" begin="51" end="51" number="1"/>
<flow id="car44" type="carType0" from="gneE22" to="-gneE48" begin="52" end="52" number="1"/>
<flow id="car45" type="carType2" from="-gneE8" to="gneE30" begin="52" end="52" number="1"/>
<flow id="car46" type="carType2" from="gneE44" to="-gneE29" begin="52" end="52" number="1"/>
<flow id="car47" type="carType0" from="-gneE50" to="gneE43" begin="53" end="53" number="1"/>
<flow id="car48" type="carType0" from="gneE22" to="gneE51" begin="54" end="54" number="1"/>
<flow id="car49" type="carType0" from="-gneE42" to="-gneE50" begin="54" end="54" number="1"/>
<flow id="car50" type="carType2" from="toprightL" to="gneE50" begin="54" end="54" number="1"/>
<flow id="car51" type="carType1" from="-gneE37" to="gneE30" begin="54" end="54" number="1"/>
<flow id="car52" type="carType1" from="gneE29" to="gneE29" begin="57" end="57" number="1"/>
<flow id="car53" type="carType0" from="gneE18" to="gneE48" begin="60" end="60" number="1"/>
<flow id="car54" type="carType0" from="gneE27" to="gneE22" begin="61" end="61" number="1"/>
<flow id="car55" type="carType2" from="gneE9" to="gneE35" begin="62" end="62" number="1"/>
<flow id="car56" type="carType1" from="-gneE37" to="-gneE42" begin="62" end="62" number="1"/>
<flow id="car57" type="carType2" from="-gneE48" to="gneE37" begin="62" end="62" number="1"/>
<flow id="car58" type="carType0" from="gneE49" to="gneE48" begin="63" end="63" number="1"/>
<flow id="car59" type="carType2" from="gneE9" to="gneE9" begin="63" end="63" number="1"/>
<flow id="car60" type="carType2" from="-gneE8" to="-gneE29" begin="65" end="65" number="1"/>
<flow id="car61" type="carType0" from="-gneE29" to="-gneE13" begin="66" end="66" number="1"/>
<flow id="car62" type="carType1" from="gneE42" to="-gneE33" begin="69" end="69" number="1"/>
<flow id="car63" type="carType0" from="-gneE44" to="gneE50" begin="70" end="70" number="1"/>
<flow id="car64" type="carType0" from="gneE46" to="gneE35" begin="71" end="71" number="1"/>
<flow id="car65" type="carType1" from="gneE49" to="gneE29" begin="71" end="71" number="1"/>
<flow id="car66" type="carType2" from="-gneE29" to="topleftD" begin="71" end="71" number="1"/>
<flow id="car67" type="carType0" from="-gneE29" to="toprightD" begin="72" end="72" number="1"/>
<flow id="car68" type="carType1" from="-gneE29" to="-gneE43" begin="73" end="73" number="1"/>
<flow id="car69" type="carType1" from="gneE37" to="gneE29" begin="74" end="74" number="1"/>
<flow id="car70" type="carType2" from="-gneE8" to="gneE9" begin="76" end="76" number="1"/>
<flow id="car71" type="carType2" from="-gneE34" to="gneE42" begin="78" end="78" number="1"/>
<flow id="car72" type="carType1" from="-gneE7" to="-gneE28" begin="78" end="78" number="1"/>
<flow id="car73" type="carType0" from="gneE18" to="-gneE27" begin="79" end="79" number="1"/>
<flow id="car74" type="carType0" from="-gneE50" to="gneE8" begin="82" end="82" number="1"/>
<flow id="car75" type="carType0" from="toprightL" to="gneE43" begin="85" end="85" number="1"/>
<flow id="car76" type="carType1" from="gneE46" to="gneE22" begin="85" end="85" number="1"/>
<flow id="car77" type="carType1" from="gneE48" to="topleftD" begin="86" end="86" number="1"/>
<flow id="car78" type="carType1" from="-gneE34" to="-gneE45" begin="86" end="86" number="1"/>
<flow id="car79" type="carType0" from="gneE50" to="toprightD" begin="87" end="87" number="1"/>
<flow id="car80" type="carType2" from="gneE42" to="-gneE7" begin="87" end="87" number="1"/>
<flow id="car81" type="carType0" from="-gneE51" to="gneE34" begin="90" end="90" number="1"/>
<flow id="car82" type="carType0" from="-gneE48" to="gneE48" begin="91" end="91" number="1"/>
<flow id="car83" type="carType1" from="-gneE42" to="gneE45" begin="93" end="93" number="1"/>
<flow id="car84" type="carType2" from="gneE35" to="gneE22" begin="94" end="94" number="1"/>
<flow id="car85" type="carType0" from="gneE50" to="gneE34" begin="98" end="98" number="1"/>
<flow id="car86" type="carType1" from="gneE49" to="toprightD" begin="99" end="99" number="1"/>
<flow id="car87" type="carType2" from="gneE51" to="bottomrightU" begin="100" end="100" number="1"/>
<flow id="car88" type="carType0" from="gneE28" to="gneE45" begin="100" end="100" number="1"/>
<flow id="car89" type="carType0" from="gneE30" to="gneE37" begin="104" end="104" number="1"/>
<flow id="car90" type="carType0" from="-gneE33" to="-gneE48" begin="105" end="105" number="1"/>
<flow id="car91" type="carType0" from="-gneE34" to="-gneE42" begin="105" end="105" number="1"/>
<flow id="car92" type="carType0" from="gneE37" to="-gneE37" begin="105" end="105" number="1"/>
<flow id="car93" type="carType1" from="gneE8" to="gneE9" begin="107" end="107" number="1"/>
<flow id="car94" type="carType2" from="-gneE13" to="gneE27" begin="108" end="108" number="1"/>
<flow id="car95" type="carType0" from="-gneE7" to="-gneE44" begin="109" end="109" number="1"/>
<flow id="car96" type="carType1" from="-gneE50" to="gneE28" begin="110" end="110" number="1"/>
<flow id="car97" type="carType0" from="-gneE44" to="gneE44" begin="111" end="111" number="1"/>
<flow id="car98" type="carType0" from="-gneE42" to="gneE27" begin="111" end="111" number="1"/>
<flow id="car99" type="carType0" from="gneE9" to="-gneE8" begin="112" end="112" number="1"/>
<flow id="car100" type="carType0" from="gneE21" to="-gneE21" begin="112" end="112" number="1"/>
<flow id="car101" type="carType2" from="gneE18" to="gneE43" begin="113" end="113" number="1"/>
<flow id="car102" type="carType2" from="-gneE7" to="gneE8" begin="114" end="114" number="1"/>
<flow id="car103" type="carType2" from="-gneE18" to="-gneE28" begin="114" end="114" number="1"/>
<flow id="car104" type="carType1" from="-gneE49" to="gneE30" begin="115" end="115" number="1"/>
<flow id="car105" type="carType2" from="gneE46" to="gneE49" begin="115" end="115" number="1"/>
<flow id="car106" type="carType1" from="toprightL" to="-gneE44" begin="116" end="116" number="1"/>
<flow id="car107" type="carType2" from="-gneE13" to="-gneE49" begin="117" end="117" number="1"/>
<flow id="car108" type="carType2" from="gneE35" to="gneE46" begin="117" end="117" number="1"/>
<flow id="car109" type="carType2" from="bottomrightL" to="gneE45" begin="119" end="119" number="1"/>
<flow id="car110" type="carType0" from="-gneE28" to="gneE44" begin="121" end="121" number="1"/>
<flow id="car111" type="carType0" from="-gneE8" to="-gneE43" begin="122" end="122" number="1"/>
<flow id="car112" type="carType0" from="gneE30" to="-gneE45" begin="122" end="122" number="1"/>
<flow id="car113" type="carType2" from="bottomleftR" to="-gneE21" begin="123" end="123" number="1"/>
<flow id="car114" type="carType2" from="gneE43" to="-gneE51" begin="124" end="124" number="1"/>
<flow id="car115" type="carType2" from="gneE18" to="gneE51" begin="125" end="125" number="1"/>
<flow id="car116" type="carType1" from="-gneE21" to="gneE28" begin="126" end="126" number="1"/>
<flow id="car117" type="carType1" from="gneE37" to="-gneE43" begin="126" end="126" number="1"/>
<flow id="car118" type="carType1" from="-gneE50" to="-gneE28" begin="128" end="128" number="1"/>
<flow id="car119" type="carType0" from="-gneE28" to="gneE48" begin="129" end="129" number="1"/>
<flow id="car120" type="carType1" from="gneE22" to="toprightL" begin="129" end="129" number="1"/>
<flow id="car121" type="carType1" from="gneE49" to="gneE44" begin="129" end="129" number="1"/>
<flow id="car122" type="carType1" from="-gneE8" to="gneE50" begin="131" end="131" number="1"/>
<flow id="car123" type="carType0" from="-gneE29" to="gneE51" begin="131" end="131" number="1"/>
<flow id="car124" type="carType0" from="gneE46" to="gneE30" begin="132" end="132" number="1"/>
<flow id="car125" type="carType1" from="gneE44" to="-gneE43" begin="133" end="133" number="1"/>
<flow id="car126" type="carType2" from="-gneE21" to="gneE21" begin="134" end="134" number="1"/>
<flow id="car127" type="carType2" from="gneE43" to="-gneE18" begin="134" end="134" number="1"/>
<flow id="car128" type="carType1" from="gneE9" to="gneE43" begin="134" end="134" number="1"/>
<flow id="car129" type="carType0" from="toprightL" to="gneE9" begin="135" end="135" number="1"/>
<flow id="car130" type="carType0" from="gneE45" to="gneE21" begin="135" end="135" number="1"/>
<flow id="car131" type="carType1" from="gneE44" to="gneE27" begin="136" end="136" number="1"/>
<flow id="car132" type="carType2" from="gneE51" to="gneE50" begin="137" end="137" number="1"/>
<flow id="car133" type="carType1" from="-gneE49" to="toprightL" begin="139" end="139" number="1"/>
<flow id="car134" type="carType1" from="gneE9" to="-gneE50" begin="139" end="139" number="1"/>
<flow id="car135" type="carType1" from="-gneE29" to="gneE27" begin="140" end="140" number="1"/>
<flow id="car136" type="carType1" from="-gneE43" to="-gneE42" begin="140" end="140" number="1"/>
<flow id="car137" type="carType0" from="-gneE8" to="topleftR" begin="142" end="142" number="1"/>
<flow id="car138" type="carType0" from="gneE28" to="-gneE43" begin="143" end="143" number="1"/>
<flow id="car139" type="carType2" from="gneE30" to="-gneE44" begin="146" end="146" number="1"/>
<flow id="car140" type="carType2" from="-gneE45" to="bottomrightL" begin="146" end="146" number="1"/>
<flow id="car141" type="carType0" from="gneE42" to="-gneE29" begin="149" end="149" number="1"/>
<flow id="car142" type="carType1" from="-gneE49" to="-gneE28" begin="149" end="149" number="1"/>
<flow id="car143" type="carType1" from="-gneE8" to="gneE42" begin="152" end="152" number="1"/>
<flow id="car144" type="carType0" from="-gneE43" to="gneE8" begin="152" end="152" number="1"/>
<flow id="car145" type="carType2" from="-gneE8" to="gneE34" begin="152" end="152" number="1"/>
<flow id="car146" type="carType2" from="-gneE42" to="gneE46" begin="153" end="153" number="1"/>
<flow id="car147" type="carType0" from="gneE35" to="bottomrightL" begin="154" end="154" number="1"/>
<flow id="car148" type="carType1" from="-gneE7" to="gneE49" begin="156" end="156" number="1"/>
<flow id="car149" type="carType2" from="-gneE7" to="-gneE48" begin="157" end="157" number="1"/>
<flow id="car150" type="carType2" from="-gneE7" to="gneE27" begin="159" end="159" number="1"/>
<flow id="car151" type="carType1" from="gneE27" to="gneE43" begin="159" end="159" number="1"/>
<flow id="car152" type="carType1" from="-gneE7" to="-gneE45" begin="162" end="162" number="1"/>
<flow id="car153" type="carType1" from="bottomrightU" to="topleftD" begin="162" end="162" number="1"/>
<flow id="car154" type="carType1" from="gneE35" to="gneE30" begin="162" end="162" number="1"/>
<flow id="car155" type="carType2" from="gneE37" to="-gneE13" begin="163" end="163" number="1"/>
<flow id="car156" type="carType0" from="gneE43" to="gneE9" begin="165" end="165" number="1"/>
<flow id="car157" type="carType2" from="-gneE27" to="-gneE29" begin="165" end="165" number="1"/>
<flow id="car158" type="carType1" from="gneE22" to="-gneE29" begin="165" end="165" number="1"/>
<flow id="car159" type="carType0" from="gneE34" to="bottomleftR" begin="167" end="167" number="1"/>
<flow id="car160" type="carType0" from="gneE43" to="-gneE43" begin="167" end="167" number="1"/>
<flow id="car161" type="carType2" from="gneE29" to="topleftR" begin="170" end="170" number="1"/>
<flow id="car162" type="carType0" from="gneE27" to="bottomrightL" begin="170" end="170" number="1"/>
<flow id="car163" type="carType2" from="bottomleftU" to="-gneE33" begin="171" end="171" number="1"/>
<flow id="car164" type="carType1" from="gneE49" to="-gneE21" begin="172" end="172" number="1"/>
<flow id="car165" type="carType0" from="gneE21" to="-gneE45" begin="173" end="173" number="1"/>
<flow id="car166" type="carType1" from="gneE29" to="-gneE43" begin="173" end="173" number="1"/>
<flow id="car167" type="carType1" from="gneE37" to="gneE27" begin="174" end="174" number="1"/>
<flow id="car168" type="carType1" from="gneE30" to="toprightL" begin="174" end="174" number="1"/>
<flow id="car169" type="carType2" from="bottomleftU" to="-gneE42" begin="175" end="175" number="1"/>
<flow id="car170" type="carType2" from="-gneE29" to="-gneE7" begin="176" end="176" number="1"/>
<flow id="car171" type="carType2" from="gneE8" to="bottomleftU" begin="176" end="176" number="1"/>
<flow id="car172" type="carType0" from="-gneE29" to="topleftD" begin="176" end="176" number="1"/>
<flow id="car173" type="carType2" from="gneE37" to="-gneE44" begin="178" end="178" number="1"/>
<flow id="car174" type="carType2" from="gneE27" to="gneE28" begin="180" end="180" number="1"/>
<flow id="car175" type="carType2" from="gneE44" to="-gneE51" begin="180" end="180" number="1"/>
<flow id="car176" type="carType2" from="gneE50" to="bottomrightL" begin="180" end="180" number="1"/>
<flow id="car177" type="carType1" from="gneE28" to="-gneE51" begin="181" end="181" number="1"/>
<flow id="car178" type="carType1" from="gneE28" to="gneE22" begin="181" end="181" number="1"/>
<flow id="car179" type="carType1" from="gneE43" to="-gneE21" begin="182" end="182" number="1"/>
<flow id="car180" type="carType0" from="gneE46" to="bottomrightL" begin="183" end="183" number="1"/>
<flow id="car181" type="carType0" from="-gneE48" to="gneE34" begin="185" end="185" number="1"/>
<flow id="car182" type="carType0" from="gneE43" to="gneE37" begin="186" end="186" number="1"/>
<flow id="car183" type="carType0" from="-gneE34" to="bottomleftR" begin="187" end="187" number="1"/>
<flow id="car184" type="carType1" from="gneE22" to="gneE35" begin="187" end="187" number="1"/>
<flow id="car185" type="carType0" from="gneE27" to="-gneE33" begin="188" end="188" number="1"/>
<flow id="car186" type="carType0" from="bottomrightL" to="-gneE50" begin="189" end="189" number="1"/>
<flow id="car187" type="carType2" from="bottomleftR" to="-gneE42" begin="190" end="190" number="1"/>
<flow id="car188" type="carType0" from="bottomleftR" to="-gneE42" begin="192" end="192" number="1"/>
<flow id="car189" type="carType2" from="gneE28" to="-gneE51" begin="193" end="193" number="1"/>
<flow id="car190" type="carType0" from="gneE37" to="gneE42" begin="194" end="194" number="1"/>
<flow id="car191" type="carType1" from="gneE45" to="-gneE48" begin="195" end="195" number="1"/>
<flow id="car192" type="carType2" from="gneE18" to="gneE30" begin="195" end="195" number="1"/>
<flow id="car193" type="carType2" from="bottomrightU" to="gneE42" begin="196" end="196" number="1"/>
<flow id="car194" type="carType2" from="gneE22" to="-gneE34" begin="196" end="196" number="1"/>
<flow id="car195" type="carType2" from="gneE37" to="gneE46" begin="197" end="197" number="1"/>
<flow id="car196" type="carType1" from="-gneE28" to="gneE51" begin="198" end="198" number="1"/>
<flow id="car197" type="carType1" from="bottomrightL" to="gneE50" begin="199" end="199" number="1"/>
<flow id="car198" type="carType0" from="gneE51" to="bottomrightU" begin="199" end="199" number="1"/>
<flow id="car199" type="carType2" from="gneE27" to="gneE21" begin="199" end="199" number="1"/>
</routes>
