<routes>
<vType id="carType0" length="9" maxSpeed="48.53" accel="2.92" decel="4.9" speedDev="0.2" sigma="0.25"/>
<vType id="carType1" length="5" maxSpeed="42.9" accel="2.67" decel="4.82" speedDev="0.2" sigma="0.2"/>
<vType id="carType2" length="3" maxSpeed="42.59" accel="2.73" decel="4.57" speedDev="0.2" sigma="0.18"/>
<flow id="car0" type="carType0" from="gneE28" to="bottomrightL" begin="1" end="1" number="1"/>
<flow id="car1" type="carType1" from="gneE49" to="-gneE29" begin="2" end="2" number="1"/>
<flow id="car2" type="carType2" from="gneE22" to="-gneE34" begin="2" end="2" number="1"/>
<flow id="car3" type="carType2" from="-gneE51" to="bottomleftU" begin="3" end="3" number="1"/>
<flow id="car4" type="carType2" from="gneE22" to="gneE37" begin="3" end="3" number="1"/>
<flow id="car5" type="carType2" from="gneE49" to="gneE21" begin="5" end="5" number="1"/>
<flow id="car6" type="carType0" from="gneE48" to="bottomrightU" begin="5" end="5" number="1"/>
<flow id="car7" type="carType0" from="gneE45" to="-gneE7" begin="7" end="7" number="1"/>
<flow id="car8" type="carType1" from="gneE37" to="topleftR" begin="7" end="7" number="1"/>
<flow id="car9" type="carType1" from="gneE51" to="gneE45" begin="7" end="7" number="1"/>
<flow id="car10" type="carType0" from="toprightL" to="gneE51" begin="7" end="7" number="1"/>
<flow id="car11" type="carType1" from="topleftR" to="gneE35" begin="9" end="9" number="1"/>
<flow id="car12" type="carType1" from="gneE50" to="-gneE18" begin="10" end="10" number="1"/>
<flow id="car13" type="carType2" from="gneE27" to="topleftR" begin="12" end="12" number="1"/>
<flow id="car14" type="carType0" from="-gneE33" to="-gneE13" begin="13" end="13" number="1"/>
<flow id="car15" type="carType0" from="-gneE7" to="-gneE48" begin="13" end="13" number="1"/>
<flow id="car16" type="carType2" from="-gneE44" to="-gneE51" begin="14" end="14" number="1"/>
<flow id="car17" type="carType0" from="-gneE48" to="gneE49" begin="15" end="15" number="1"/>
<flow id="car18" type="carType0" from="-gneE13" to="gneE44" begin="15" end="15" number="1"/>
<flow id="car19" type="carType1" from="-gneE43" to="topleftR" begin="18" end="18" number="1"/>
<flow id="car20" type="carType2" from="gneE48" to="gneE37" begin="20" end="20" number="1"/>
<flow id="car21" type="carType0" from="-gneE48" to="gneE37" begin="23" end="23" number="1"/>
<flow id="car22" type="carType0" from="gneE21" to="-gneE8" begin="24" end="24" number="1"/>
<flow id="car23" type="carType0" from="gneE9" to="gneE42" begin="24" end="24" number="1"/>
<flow id="car24" type="carType2" from="gneE18" to="-gneE21" begin="27" end="27" number="1"/>
<flow id="car25" type="carType1" from="gneE18" to="toprightD" begin="27" end="27" number="1"/>
<flow id="car26" type="carType2" from="-gneE45" to="-gneE29" begin="29" end="29" number="1"/>
<flow id="car27" type="carType2" from="bottomleftR" to="gneE48" begin="30" end="30" number="1"/>
<flow id="car28" type="carType1" from="bottomleftU" to="gneE45" begin="32" end="32" number="1"/>
<flow id="car29" type="carType1" from="bottomleftR" to="bottomrightL" begin="34" end="34" number="1"/>
<flow id="car30" type="carType0" from="bottomleftR" to="-gneE13" begin="35" end="35" number="1"/>
<flow id="car31" type="carType0" from="gneE49" to="gneE28" begin="35" end="35" number="1"/>
<flow id="car32" type="carType2" from="gneE50" to="gneE22" begin="35" end="35" number="1"/>
<flow id="car33" type="carType0" from="-gneE44" to="bottomleftR" begin="36" end="36" number="1"/>
<flow id="car34" type="carType2" from="-gneE18" to="-gneE44" begin="36" end="36" number="1"/>
<flow id="car35" type="carType1" from="gneE28" to="gneE27" begin="40" end="40" number="1"/>
<flow id="car36" type="carType0" from="-gneE13" to="gneE35" begin="42" end="42" number="1"/>
<flow id="car37" type="carType1" from="-gneE18" to="-gneE34" begin="43" end="43" number="1"/>
<flow id="car38" type="carType2" from="-gneE44" to="gneE30" begin="43" end="43" number="1"/>
<flow id="car39" type="carType1" from="-gneE43" to="-gneE45" begin="44" end="44" number="1"/>
<flow id="car40" type="carType1" from="gneE8" to="-gneE48" begin="45" end="45" number="1"/>
<flow id="car41" type="carType1" from="-gneE28" to="gneE44" begin="45" end="45" number="1"/>
<flow id="car42" type="carType2" from="gneE43" to="gneE48" begin="46" end="46" number="1"/>
<flow id="car43" type="carType0" from="gneE49" to="bottomleftR" begin="47" end="47" number="1"/>
<flow id="car44" type="carType2" from="-gneE45" to="-gneE37" begin="48" end="48" number="1"/>
<flow id="car45" type="carType0" from="gneE30" to="gneE51" begin="49" end="49" number="1"/>
<flow id="car46" type="carType1" from="-gneE48" to="gneE35" begin="50" end="50" number="1"/>
<flow id="car47" type="carType0" from="-gneE7" to="-gneE18" begin="51" end="51" number="1"/>
<flow id="car48" type="carType2" from="-gneE28" to="-gneE37" begin="53" end="53" number="1"/>
<flow id="car49" type="carType0" from="-gneE42" to="-gneE42" begin="55" end="55" number="1"/>
<flow id="car50" type="carType2" from="-gneE50" to="-gneE28" begin="56" end="56" number="1"/>
<flow id="car51" type="carType2" from="gneE48" to="topleftR" begin="57" end="57" number="1"/>
<flow id="car52" type="carType1" from="gneE44" to="-gneE49" begin="60" end="60" number="1"/>
<flow id="car53" type="carType2" from="-gneE21" to="gneE35" begin="60" end="60" number="1"/>
<flow id="car54" type="carType1" from="-gneE44" to="gneE42" begin="61" end="61" number="1"/>
<flow id="car55" type="carType0" from="gneE8" to="topleftR" begin="61" end="61" number="1"/>
<flow id="car56" type="carType0" from="-gneE21" to="-gneE28" begin="62" end="62" number="1"/>
<flow id="car57" type="carType0" from="-gneE48" to="bottomrightL" begin="62" end="62" number="1"/>
<flow id="car58" type="carType2" from="gneE18" to="-gneE28" begin="62" end="62" number="1"/>
<flow id="car59" type="carType2" from="-gneE43" to="-gneE33" begin="62" end="62" number="1"/>
<flow id="car60" type="carType1" from="gneE48" to="gneE18" begin="63" end="63" number="1"/>
<flow id="car61" type="carType0" from="gneE9" to="gneE35" begin="64" end="64" number="1"/>
<flow id="car62" type="carType2" from="gneE9" to="-gneE34" begin="68" end="68" number="1"/>
<flow id="car63" type="carType2" from="-gneE43" to="gneE28" begin="68" end="68" number="1"/>
<flow id="car64" type="carType2" from="gneE30" to="gneE48" begin="68" end="68" number="1"/>
<flow id="car65" type="carType2" from="-gneE44" to="toprightL" begin="69" end="69" number="1"/>
<flow id="car66" type="carType2" from="-gneE33" to="bottomleftR" begin="69" end="69" number="1"/>
<flow id="car67" type="carType1" from="gneE51" to="-gneE18" begin="70" end="70" number="1"/>
<flow id="car68" type="carType0" from="gneE37" to="gneE22" begin="71" end="71" number="1"/>
<flow id="car69" type="carType2" from="-gneE29" to="bottomleftR" begin="72" end="72" number="1"/>
<flow id="car70" type="carType1" from="-gneE42" to="-gneE7" begin="72" end="72" number="1"/>
<flow id="car71" type="carType2" from="-gneE42" to="gneE29" begin="73" end="73" number="1"/>
<flow id="car72" type="carType2" from="-gneE8" to="gneE50" begin="75" end="75" number="1"/>
<flow id="car73" type="carType2" from="gneE43" to="gneE43" begin="76" end="76" number="1"/>
<flow id="car74" type="carType2" from="gneE30" to="-gneE45" begin="78" end="78" number="1"/>
<flow id="car75" type="carType0" from="toprightD" to="gneE50" begin="79" end="79" number="1"/>
<flow id="car76" type="carType2" from="-gneE43" to="gneE21" begin="82" end="82" number="1"/>
<flow id="car77" type="carType1" from="gneE29" to="gneE21" begin="83" end="83" number="1"/>
<flow id="car78" type="carType0" from="gneE49" to="-gneE42" begin="84" end="84" number="1"/>
<flow id="car79" type="carType2" from="gneE27" to="gneE44" begin="84" end="84" number="1"/>
<flow id="car80" type="carType0" from="gneE28" to="gneE29" begin="84" end="84" number="1"/>
<flow id="car81" type="carType2" from="gneE43" to="-gneE48" begin="85" end="85" number="1"/>
<flow id="car82" type="carType2" from="topleftD" to="gneE50" begin="88" end="88" number="1"/>
<flow id="car83" type="carType1" from="-gneE7" to="-gneE44" begin="88" end="88" number="1"/>
<flow id="car84" type="carType0" from="-gneE51" to="bottomrightU" begin="89" end="89" number="1"/>
<flow id="car85" type="carType2" from="gneE46" to="-gneE51" begin="90" end="90" number="1"/>
<flow id="car86" type="carType1" from="gneE42" to="gneE30" begin="91" end="91" number="1"/>
<flow id="car87" type="carType0" from="gneE48" to="gneE35" begin="92" end="92" number="1"/>
<flow id="car88" type="carType2" from="-gneE44" to="gneE27" begin="92" end="92" number="1"/>
<flow id="car89" type="carType0" from="bottomleftR" to="gneE30" begin="94" end="94" number="1"/>
<flow id="car90" type="carType1" from="bottomrightU" to="gneE28" begin="95" end="95" number="1"/>
<flow id="car91" type="carType2" from="gneE18" to="gneE30" begin="97" end="97" number="1"/>
<flow id="car92" type="carType0" from="-gneE37" to="gneE43" begin="97" end="97" number="1"/>
<flow id="car93" type="carType0" from="-gneE33" to="gneE34" begin="99" end="99" number="1"/>
<flow id="car94" type="carType2" from="-gneE29" to="-gneE50" begin="100" end="100" number="1"/>
<flow id="car95" type="carType2" from="gneE27" to="-gneE33" begin="101" end="101" number="1"/>
<flow id="car96" type="carType1" from="gneE50" to="gneE48" begin="102" end="102" number="1"/>
<flow id="car97" type="carType0" from="-gneE49" to="gneE44" begin="102" end="102" number="1"/>
<flow id="car98" type="carType2" from="bottomrightL" to="gneE28" begin="104" end="104" number="1"/>
<flow id="car99" type="carType2" from="gneE51" to="-gneE49" begin="104" end="104" number="1"/>
<flow id="car100" type="carType0" from="gneE50" to="gneE48" begin="105" end="105" number="1"/>
<flow id="car101" type="carType1" from="gneE50" to="gneE34" begin="107" end="107" number="1"/>
<flow id="car102" type="carType1" from="gneE29" to="-gneE18" begin="108" end="108" number="1"/>
<flow id="car103" type="carType0" from="gneE44" to="gneE34" begin="110" end="110" number="1"/>
<flow id="car104" type="carType2" from="gneE29" to="topleftD" begin="110" end="110" number="1"/>
<flow id="car105" type="carType1" from="-gneE42" to="gneE29" begin="114" end="114" number="1"/>
<flow id="car106" type="carType0" from="toprightL" to="toprightD" begin="114" end="114" number="1"/>
<flow id="car107" type="carType2" from="-gneE42" to="-gneE7" begin="115" end="115" number="1"/>
<flow id="car108" type="carType0" from="-gneE34" to="-gneE8" begin="115" end="115" number="1"/>
<flow id="car109" type="carType0" from="gneE34" to="-gneE50" begin="116" end="116" number="1"/>
<flow id="car110" type="carType2" from="gneE50" to="-gneE7" begin="117" end="117" number="1"/>
<flow id="car111" type="carType1" from="gneE28" to="bottomrightL" begin="118" end="118" number="1"/>
<flow id="car112" type="carType0" from="-gneE21" to="gneE28" begin="122" end="122" number="1"/>
<flow id="car113" type="carType1" from="-gneE37" to="-gneE48" begin="122" end="122" number="1"/>
<flow id="car114" type="carType0" from="gneE45" to="-gneE8" begin="122" end="122" number="1"/>
<flow id="car115" type="carType2" from="toprightD" to="gneE49" begin="122" end="122" number="1"/>
<flow id="car116" type="carType2" from="bottomrightL" to="gneE30" begin="125" end="125" number="1"/>
<flow id="car117" type="carType0" from="gneE51" to="-gneE7" begin="125" end="125" number="1"/>
<flow id="car118" type="carType0" from="-gneE28" to="-gneE33" begin="125" end="125" number="1"/>
<flow id="car119" type="carType0" from="gneE37" to="-gneE18" begin="126" end="126" number="1"/>
<flow id="car120" type="carType2" from="-gneE18" to="-gneE48" begin="128" end="128" number="1"/>
<flow id="car121" type="carType0" from="bottomleftR" to="gneE29" begin="128" end="128" number="1"/>
<flow id="car122" type="carType1" from="toprightD" to="gneE43" begin="130" end="130" number="1"/>
<flow id="car123" type="carType2" from="-gneE28" to="-gneE51" begin="131" end="131" number="1"/>
<flow id="car124" type="carType1" from="gneE29" to="-gneE28" begin="132" end="132" number="1"/>
<flow id="car125" type="carType2" from="-gneE49" to="-gneE42" begin="132" end="132" number="1"/>
<flow id="car126" type="carType0" from="gneE34" to="gneE9" begin="132" end="132" number="1"/>
<flow id="car127" type="carType2" from="topleftD" to="-gneE7" begin="134" end="134" number="1"/>
<flow id="car128" type="carType2" from="gneE46" to="gneE44" begin="134" end="134" number="1"/>
<flow id="car129" type="carType0" from="-gneE33" to="-gneE7" begin="136" end="136" number="1"/>
<flow id="car130" type="carType0" from="gneE22" to="gneE22" begin="136" end="136" number="1"/>
<flow id="car131" type="carType1" from="-gneE45" to="-gneE50" begin="137" end="137" number="1"/>
<flow id="car132" type="carType2" from="-gneE27" to="gneE21" begin="137" end="137" number="1"/>
<flow id="car133" type="carType2" from="bottomleftU" to="-gneE18" begin="139" end="139" number="1"/>
<flow id="car134" type="carType2" from="gneE35" to="gneE21" begin="139" end="139" number="1"/>
<flow id="car135" type="carType2" from="bottomrightL" to="gneE51" begin="141" end="141" number="1"/>
<flow id="car136" type="carType2" from="gneE27" to="-gneE29" begin="142" end="142" number="1"/>
<flow id="car137" type="carType1" from="-gneE18" to="gneE27" begin="143" end="143" number="1"/>
<flow id="car138" type="carType1" from="-gneE43" to="bottomleftU" begin="143" end="143" number="1"/>
<flow id="car139" type="carType2" from="gneE34" to="gneE45" begin="144" end="144" number="1"/>
<flow id="car140" type="carType2" from="-gneE49" to="gneE21" begin="144" end="144" number="1"/>
<flow id="car141" type="carType1" from="bottomrightL" to="gneE49" begin="145" end="145" number="1"/>
<flow id="car142" type="carType2" from="gneE45" to="gneE18" begin="145" end="145" number="1"/>
<flow id="car143" type="carType1" from="-gneE33" to="toprightD" begin="148" end="148" number="1"/>
<flow id="car144" type="carType2" from="gneE35" to="gneE30" begin="149" end="149" number="1"/>
<flow id="car145" type="carType1" from="gneE35" to="gneE44" begin="151" end="151" number="1"/>
<flow id="car146" type="carType0" from="gneE27" to="-gneE27" begin="152" end="152" number="1"/>
<flow id="car147" type="carType1" from="gneE29" to="gneE35" begin="153" end="153" number="1"/>
<flow id="car148" type="carType0" from="gneE44" to="gneE35" begin="153" end="153" number="1"/>
<flow id="car149" type="carType2" from="gneE34" to="-gneE18" begin="155" end="155" number="1"/>
<flow id="car150" type="carType1" from="-gneE21" to="gneE48" begin="155" end="155" number="1"/>
<flow id="car151" type="carType0" from="-gneE18" to="gneE51" begin="156" end="156" number="1"/>
<flow id="car152" type="carType2" from="-gneE28" to="gneE45" begin="156" end="156" number="1"/>
<flow id="car153" type="carType1" from="toprightD" to="toprightD" begin="157" end="157" number="1"/>
<flow id="car154" type="carType2" from="gneE27" to="-gneE43" begin="157" end="157" number="1"/>
<flow id="car155" type="carType0" from="gneE18" to="-gneE13" begin="158" end="158" number="1"/>
<flow id="car156" type="carType0" from="-gneE29" to="-gneE18" begin="158" end="158" number="1"/>
<flow id="car157" type="carType2" from="-gneE13" to="gneE18" begin="159" end="159" number="1"/>
<flow id="car158" type="carType2" from="gneE49" to="-gneE13" begin="160" end="160" number="1"/>
<flow id="car159" type="carType1" from="-gneE13" to="-gneE7" begin="160" end="160" number="1"/>
<flow id="car160" type="carType2" from="-gneE48" to="gneE21" begin="161" end="161" number="1"/>
<flow id="car161" type="carType0" from="gneE9" to="gneE22" begin="162" end="162" number="1"/>
<flow id="car162" type="carType0" from="gneE49" to="toprightL" begin="162" end="162" number="1"/>
<flow id="car163" type="carType1" from="bottomleftR" to="toprightD" begin="162" end="162" number="1"/>
<flow id="car164" type="carType2" from="gneE28" to="gneE44" begin="166" end="166" number="1"/>
<flow id="car165" type="carType1" from="gneE29" to="-gneE29" begin="167" end="167" number="1"/>
<flow id="car166" type="carType1" from="-gneE48" to="-gneE51" begin="167" end="167" number="1"/>
<flow id="car167" type="carType2" from="gneE34" to="gneE18" begin="169" end="169" number="1"/>
<flow id="car168" type="carType0" from="toprightD" to="gneE45" begin="171" end="171" number="1"/>
<flow id="car169" type="carType2" from="-gneE49" to="gneE8" begin="172" end="172" number="1"/>
<flow id="car170" type="carType1" from="-gneE48" to="gneE35" begin="173" end="173" number="1"/>
<flow id="car171" type="carType1" from="gneE49" to="-gneE33" begin="173" end="173" number="1"/>
<flow id="car172" type="carType2" from="-gneE21" to="-gneE21" begin="173" end="173" number="1"/>
<flow id="car173" type="carType2" from="gneE29" to="-gneE34" begin="174" end="174" number="1"/>
<flow id="car174" type="carType2" from="-gneE8" to="gneE51" begin="174" end="174" number="1"/>
<flow id="car175" type="carType2" from="gneE34" to="gneE44" begin="176" end="176" number="1"/>
<flow id="car176" type="carType0" from="-gneE44" to="gneE21" begin="176" end="176" number="1"/>
<flow id="car177" type="carType0" from="gneE22" to="-gneE13" begin="177" end="177" number="1"/>
<flow id="car178" type="carType0" from="-gneE50" to="gneE46" begin="178" end="178" number="1"/>
<flow id="car179" type="carType0" from="-gneE44" to="topleftD" begin="179" end="179" number="1"/>
<flow id="car180" type="carType1" from="-gneE27" to="-gneE21" begin="181" end="181" number="1"/>
<flow id="car181" type="carType0" from="-gneE27" to="gneE9" begin="183" end="183" number="1"/>
<flow id="car182" type="carType2" from="-gneE49" to="-gneE27" begin="184" end="184" number="1"/>
<flow id="car183" type="carType1" from="-gneE42" to="gneE50" begin="186" end="186" number="1"/>
<flow id="car184" type="carType0" from="-gneE28" to="-gneE33" begin="187" end="187" number="1"/>
<flow id="car185" type="carType1" from="gneE42" to="gneE48" begin="187" end="187" number="1"/>
<flow id="car186" type="carType1" from="gneE30" to="toprightL" begin="188" end="188" number="1"/>
<flow id="car187" type="carType0" from="toprightD" to="-gneE33" begin="188" end="188" number="1"/>
<flow id="car188" type="carType2" from="gneE30" to="gneE43" begin="189" end="189" number="1"/>
<flow id="car189" type="carType0" from="-gneE29" to="gneE50" begin="189" end="189" number="1"/>
<flow id="car190" type="carType1" from="gneE30" to="-gneE49" begin="190" end="190" number="1"/>
<flow id="car191" type="carType2" from="toprightL" to="-gneE45" begin="191" end="191" number="1"/>
<flow id="car192" type="carType1" from="-gneE27" to="gneE37" begin="191" end="191" number="1"/>
<flow id="car193" type="carType2" from="-gneE44" to="-gneE44" begin="191" end="191" number="1"/>
<flow id="car194" type="carType2" from="-gneE33" to="bottomrightU" begin="192" end="192" number="1"/>
<flow id="car195" type="carType0" from="gneE51" to="gneE29" begin="192" end="192" number="1"/>
<flow id="car196" type="carType1" from="topleftR" to="gneE27" begin="192" end="192" number="1"/>
<flow id="car197" type="carType1" from="-gneE18" to="-gneE43" begin="196" end="196" number="1"/>
<flow id="car198" type="carType1" from="gneE44" to="gneE27" begin="196" end="196" number="1"/>
<flow id="car199" type="carType2" from="-gneE44" to="gneE51" begin="197" end="197" number="1"/>
</routes>
