<routes>
<vType id="carType0" length="5" maxSpeed="54.24" accel="2.19" decel="4.63" speedDev="0.2" sigma="0.25"/>
<vType id="carType1" length="6" maxSpeed="49.44" accel="2.71" decel="5.58" speedDev="0.2" sigma="0.24"/>
<vType id="carType2" length="5" maxSpeed="40.94" accel="2.58" decel="4.41" speedDev="0.2" sigma="0.1"/>
<flow id="car0" type="carType2" from="gneE34" to="-gneE29" begin="1" end="1" number="1"/>
<flow id="car1" type="carType1" from="gneE42" to="gneE34" begin="2" end="2" number="1"/>
<flow id="car2" type="carType1" from="gneE50" to="gneE50" begin="3" end="3" number="1"/>
<flow id="car3" type="carType0" from="gneE30" to="bottomleftU" begin="4" end="4" number="1"/>
<flow id="car4" type="carType2" from="-gneE42" to="-gneE37" begin="4" end="4" number="1"/>
<flow id="car5" type="carType0" from="-gneE34" to="gneE35" begin="5" end="5" number="1"/>
<flow id="car6" type="carType1" from="gneE37" to="gneE48" begin="5" end="5" number="1"/>
<flow id="car7" type="carType0" from="toprightD" to="gneE49" begin="8" end="8" number="1"/>
<flow id="car8" type="carType2" from="-gneE13" to="-gneE29" begin="8" end="8" number="1"/>
<flow id="car9" type="carType0" from="gneE35" to="gneE22" begin="9" end="9" number="1"/>
<flow id="car10" type="carType1" from="-gneE50" to="gneE48" begin="11" end="11" number="1"/>
<flow id="car11" type="carType1" from="-gneE37" to="-gneE18" begin="13" end="13" number="1"/>
<flow id="car12" type="carType1" from="topleftR" to="-gneE42" begin="15" end="15" number="1"/>
<flow id="car13" type="carType2" from="-gneE44" to="gneE46" begin="17" end="17" number="1"/>
<flow id="car14" type="carType0" from="gneE9" to="gneE18" begin="18" end="18" number="1"/>
<flow id="car15" type="carType2" from="gneE44" to="-gneE21" begin="19" end="19" number="1"/>
<flow id="car16" type="carType1" from="toprightD" to="-gneE42" begin="19" end="19" number="1"/>
<flow id="car17" type="carType0" from="gneE18" to="-gneE37" begin="20" end="20" number="1"/>
<flow id="car18" type="carType2" from="bottomleftU" to="-gneE7" begin="22" end="22" number="1"/>
<flow id="car19" type="carType2" from="-gneE27" to="-gneE51" begin="23" end="23" number="1"/>
<flow id="car20" type="carType2" from="gneE50" to="bottomrightL" begin="23" end="23" number="1"/>
<flow id="car21" type="carType1" from="gneE8" to="gneE49" begin="23" end="23" number="1"/>
<flow id="car22" type="carType2" from="-gneE29" to="gneE29" begin="23" end="23" number="1"/>
<flow id="car23" type="carType1" from="-gneE45" to="-gneE28" begin="24" end="24" number="1"/>
<flow id="car24" type="carType0" from="-gneE8" to="gneE9" begin="25" end="25" number="1"/>
<flow id="car25" type="carType1" from="gneE8" to="gneE18" begin="25" end="25" number="1"/>
<flow id="car26" type="carType2" from="bottomrightU" to="-gneE37" begin="28" end="28" number="1"/>
<flow id="car27" type="carType1" from="bottomleftR" to="gneE35" begin="28" end="28" number="1"/>
<flow id="car28" type="carType0" from="-gneE29" to="-gneE49" begin="31" end="31" number="1"/>
<flow id="car29" type="carType2" from="gneE29" to="gneE51" begin="32" end="32" number="1"/>
<flow id="car30" type="carType2" from="-gneE49" to="-gneE27" begin="33" end="33" number="1"/>
<flow id="car31" type="carType1" from="gneE29" to="gneE48" begin="37" end="37" number="1"/>
<flow id="car32" type="carType1" from="bottomleftU" to="topleftD" begin="38" end="38" number="1"/>
<flow id="car33" type="carType1" from="-gneE45" to="-gneE13" begin="39" end="39" number="1"/>
<flow id="car34" type="carType0" from="gneE8" to="gneE8" begin="39" end="39" number="1"/>
<flow id="car35" type="carType0" from="gneE50" to="-gneE33" begin="41" end="41" number="1"/>
<flow id="car36" type="carType0" from="gneE18" to="gneE45" begin="45" end="45" number="1"/>
<flow id="car37" type="carType1" from="-gneE33" to="gneE37" begin="45" end="45" number="1"/>
<flow id="car38" type="carType2" from="-gneE50" to="toprightL" begin="45" end="45" number="1"/>
<flow id="car39" type="carType2" from="-gneE44" to="gneE9" begin="46" end="46" number="1"/>
<flow id="car40" type="carType1" from="-gneE28" to="gneE48" begin="46" end="46" number="1"/>
<flow id="car41" type="carType2" from="-gneE43" to="gneE9" begin="47" end="47" number="1"/>
<flow id="car42" type="carType1" from="-gneE21" to="gneE44" begin="47" end="47" number="1"/>
<flow id="car43" type="carType0" from="-gneE51" to="-gneE50" begin="50" end="50" number="1"/>
<flow id="car44" type="carType0" from="gneE21" to="-gneE18" begin="51" end="51" number="1"/>
<flow id="car45" type="carType2" from="gneE9" to="-gneE28" begin="51" end="51" number="1"/>
<flow id="car46" type="carType2" from="-gneE27" to="gneE34" begin="52" end="52" number="1"/>
<flow id="car47" type="carType2" from="gneE22" to="topleftD" begin="53" end="53" number="1"/>
<flow id="car48" type="carType1" from="-gneE29" to="-gneE18" begin="54" end="54" number="1"/>
<flow id="car49" type="carType2" from="bottomleftR" to="gneE48" begin="54" end="54" number="1"/>
<flow id="car50" type="carType1" from="topleftD" to="gneE30" begin="55" end="55" number="1"/>
<flow id="car51" type="carType0" from="gneE9" to="-gneE18" begin="57" end="57" number="1"/>
<flow id="car52" type="carType2" from="-gneE18" to="toprightL" begin="59" end="59" number="1"/>
<flow id="car53" type="carType1" from="-gneE49" to="gneE46" begin="60" end="60" number="1"/>
<flow id="car54" type="carType1" from="gneE30" to="topleftD" begin="60" end="60" number="1"/>
<flow id="car55" type="carType0" from="toprightD" to="-gneE28" begin="61" end="61" number="1"/>
<flow id="car56" type="carType1" from="-gneE42" to="gneE35" begin="64" end="64" number="1"/>
<flow id="car57" type="carType2" from="-gneE51" to="gneE34" begin="64" end="64" number="1"/>
<flow id="car58" type="carType0" from="-gneE7" to="toprightL" begin="67" end="67" number="1"/>
<flow id="car59" type="carType1" from="bottomleftR" to="bottomrightL" begin="68" end="68" number="1"/>
<flow id="car60" type="carType1" from="gneE46" to="-gneE37" begin="68" end="68" number="1"/>
<flow id="car61" type="carType2" from="bottomleftU" to="bottomrightL" begin="71" end="71" number="1"/>
<flow id="car62" type="carType0" from="-gneE28" to="gneE42" begin="71" end="71" number="1"/>
<flow id="car63" type="carType2" from="toprightL" to="toprightL" begin="73" end="73" number="1"/>
<flow id="car64" type="carType0" from="-gneE21" to="gneE43" begin="73" end="73" number="1"/>
<flow id="car65" type="carType0" from="-gneE37" to="gneE28" begin="75" end="75" number="1"/>
<flow id="car66" type="carType2" from="gneE22" to="bottomrightU" begin="75" end="75" number="1"/>
<flow id="car67" type="carType1" from="-gneE29" to="gneE50" begin="75" end="75" number="1"/>
<flow id="car68" type="carType1" from="gneE44" to="toprightD" begin="75" end="75" number="1"/>
<flow id="car69" type="carType2" from="-gneE42" to="-gneE7" begin="77" end="77" number="1"/>
<flow id="car70" type="carType0" from="toprightD" to="gneE28" begin="77" end="77" number="1"/>
<flow id="car71" type="carType2" from="-gneE28" to="gneE35" begin="81" end="81" number="1"/>
<flow id="car72" type="carType2" from="gneE18" to="gneE21" begin="83" end="83" number="1"/>
<flow id="car73" type="carType1" from="-gneE33" to="gneE30" begin="83" end="83" number="1"/>
<flow id="car74" type="carType1" from="gneE51" to="gneE18" begin="84" end="84" number="1"/>
<flow id="car75" type="carType0" from="gneE48" to="-gneE51" begin="85" end="85" number="1"/>
<flow id="car76" type="carType2" from="gneE37" to="gneE28" begin="86" end="86" number="1"/>
<flow id="car77" type="carType1" from="-gneE13" to="gneE46" begin="86" end="86" number="1"/>
<flow id="car78" type="carType0" from="toprightD" to="gneE8" begin="88" end="88" number="1"/>
<flow id="car79" type="carType0" from="gneE45" to="-gneE49" begin="89" end="89" number="1"/>
<flow id="car80" type="carType2" from="bottomrightU" to="-gneE13" begin="89" end="89" number="1"/>
<flow id="car81" type="carType0" from="-gneE7" to="-gneE45" begin="93" end="93" number="1"/>
<flow id="car82" type="carType2" from="gneE42" to="gneE35" begin="95" end="95" number="1"/>
<flow id="car83" type="carType0" from="gneE30" to="topleftR" begin="95" end="95" number="1"/>
<flow id="car84" type="carType1" from="-gneE21" to="gneE30" begin="96" end="96" number="1"/>
<flow id="car85" type="carType1" from="bottomleftU" to="gneE27" begin="96" end="96" number="1"/>
<flow id="car86" type="carType0" from="-gneE49" to="gneE21" begin="98" end="98" number="1"/>
<flow id="car87" type="carType2" from="-gneE44" to="-gneE42" begin="99" end="99" number="1"/>
<flow id="car88" type="carType0" from="-gneE7" to="-gneE50" begin="101" end="101" number="1"/>
<flow id="car89" type="carType0" from="gneE9" to="gneE30" begin="102" end="102" number="1"/>
<flow id="car90" type="carType2" from="-gneE7" to="gneE45" begin="102" end="102" number="1"/>
<flow id="car91" type="carType1" from="gneE28" to="gneE8" begin="103" end="103" number="1"/>
<flow id="car92" type="carType2" from="bottomrightL" to="gneE35" begin="103" end="103" number="1"/>
<flow id="car93" type="carType1" from="gneE21" to="-gneE44" begin="104" end="104" number="1"/>
<flow id="car94" type="carType1" from="gneE29" to="gneE29" begin="104" end="104" number="1"/>
<flow id="car95" type="carType2" from="-gneE43" to="-gneE51" begin="104" end="104" number="1"/>
<flow id="car96" type="carType1" from="gneE9" to="gneE28" begin="105" end="105" number="1"/>
<flow id="car97" type="carType2" from="-gneE34" to="gneE9" begin="105" end="105" number="1"/>
<flow id="car98" type="carType0" from="-gneE43" to="-gneE45" begin="105" end="105" number="1"/>
<flow id="car99" type="carType1" from="gneE8" to="topleftD" begin="105" end="105" number="1"/>
<flow id="car100" type="carType1" from="topleftD" to="-gneE44" begin="109" end="109" number="1"/>
<flow id="car101" type="carType1" from="bottomrightU" to="-gneE8" begin="110" end="110" number="1"/>
<flow id="car102" type="carType0" from="gneE43" to="-gneE18" begin="111" end="111" number="1"/>
<flow id="car103" type="carType2" from="gneE49" to="-gneE43" begin="111" end="111" number="1"/>
<flow id="car104" type="carType2" from="-gneE42" to="-gneE37" begin="112" end="112" number="1"/>
<flow id="car105" type="carType0" from="gneE27" to="gneE48" begin="113" end="113" number="1"/>
<flow id="car106" type="carType0" from="-gneE8" to="gneE29" begin="115" end="115" number="1"/>
<flow id="car107" type="carType1" from="-gneE18" to="bottomrightU" begin="116" end="116" number="1"/>
<flow id="car108" type="carType2" from="gneE42" to="-gneE33" begin="116" end="116" number="1"/>
<flow id="car109" type="carType1" from="-gneE48" to="gneE49" begin="116" end="116" number="1"/>
<flow id="car110" type="carType0" from="gneE45" to="gneE48" begin="119" end="119" number="1"/>
<flow id="car111" type="carType2" from="-gneE29" to="-gneE7" begin="120" end="120" number="1"/>
<flow id="car112" type="carType2" from="topleftD" to="-gneE27" begin="120" end="120" number="1"/>
<flow id="car113" type="carType2" from="-gneE7" to="gneE18" begin="121" end="121" number="1"/>
<flow id="car114" type="carType2" from="bottomleftR" to="bottomrightU" begin="122" end="122" number="1"/>
<flow id="car115" type="carType0" from="bottomrightU" to="gneE37" begin="122" end="122" number="1"/>
<flow id="car116" type="carType2" from="gneE28" to="gneE43" begin="123" end="123" number="1"/>
<flow id="car117" type="carType1" from="topleftR" to="gneE51" begin="124" end="124" number="1"/>
<flow id="car118" type="carType1" from="gneE18" to="gneE22" begin="124" end="124" number="1"/>
<flow id="car119" type="carType2" from="gneE34" to="bottomrightU" begin="125" end="125" number="1"/>
<flow id="car120" type="carType0" from="gneE49" to="-gneE28" begin="126" end="126" number="1"/>
<flow id="car121" type="carType1" from="gneE48" to="gneE44" begin="129" end="129" number="1"/>
<flow id="car122" type="carType0" from="-gneE7" to="gneE30" begin="129" end="129" number="1"/>
<flow id="car123" type="carType1" from="gneE42" to="gneE22" begin="131" end="131" number="1"/>
<flow id="car124" type="carType2" from="gneE37" to="-gneE27" begin="131" end="131" number="1"/>
<flow id="car125" type="carType0" from="-gneE27" to="gneE35" begin="132" end="132" number="1"/>
<flow id="car126" type="carType1" from="-gneE18" to="gneE27" begin="132" end="132" number="1"/>
<flow id="car127" type="carType2" from="bottomleftR" to="-gneE21" begin="134" end="134" number="1"/>
<flow id="car128" type="carType2" from="gneE45" to="gneE30" begin="134" end="134" number="1"/>
<flow id="car129" type="carType0" from="gneE50" to="-gneE37" begin="134" end="134" number="1"/>
<flow id="car130" type="carType0" from="gneE45" to="gneE44" begin="136" end="136" number="1"/>
<flow id="car131" type="carType1" from="-gneE8" to="gneE49" begin="138" end="138" number="1"/>
<flow id="car132" type="carType1" from="gneE37" to="-gneE50" begin="138" end="138" number="1"/>
<flow id="car133" type="carType0" from="-gneE18" to="gneE42" begin="138" end="138" number="1"/>
<flow id="car134" type="carType2" from="-gneE43" to="gneE46" begin="141" end="141" number="1"/>
<flow id="car135" type="carType2" from="-gneE43" to="-gneE13" begin="144" end="144" number="1"/>
<flow id="car136" type="carType1" from="-gneE29" to="gneE35" begin="146" end="146" number="1"/>
<flow id="car137" type="carType0" from="bottomleftU" to="gneE22" begin="146" end="146" number="1"/>
<flow id="car138" type="carType0" from="gneE48" to="-gneE21" begin="146" end="146" number="1"/>
<flow id="car139" type="carType0" from="gneE8" to="-gneE13" begin="147" end="147" number="1"/>
<flow id="car140" type="carType2" from="-gneE29" to="gneE9" begin="148" end="148" number="1"/>
<flow id="car141" type="carType0" from="bottomleftR" to="-gneE44" begin="150" end="150" number="1"/>
<flow id="car142" type="carType0" from="topleftR" to="gneE18" begin="151" end="151" number="1"/>
<flow id="car143" type="carType2" from="topleftR" to="-gneE28" begin="152" end="152" number="1"/>
<flow id="car144" type="carType1" from="bottomrightL" to="gneE49" begin="152" end="152" number="1"/>
<flow id="car145" type="carType1" from="gneE18" to="gneE37" begin="154" end="154" number="1"/>
<flow id="car146" type="carType1" from="-gneE43" to="gneE43" begin="155" end="155" number="1"/>
<flow id="car147" type="carType2" from="-gneE8" to="gneE35" begin="155" end="155" number="1"/>
<flow id="car148" type="carType2" from="-gneE50" to="-gneE50" begin="155" end="155" number="1"/>
<flow id="car149" type="carType0" from="-gneE33" to="-gneE48" begin="157" end="157" number="1"/>
<flow id="car150" type="carType1" from="gneE50" to="bottomleftR" begin="157" end="157" number="1"/>
<flow id="car151" type="carType0" from="-gneE7" to="gneE21" begin="158" end="158" number="1"/>
<flow id="car152" type="carType1" from="-gneE8" to="toprightL" begin="158" end="158" number="1"/>
<flow id="car153" type="carType0" from="gneE37" to="-gneE8" begin="159" end="159" number="1"/>
<flow id="car154" type="carType1" from="bottomleftR" to="-gneE49" begin="161" end="161" number="1"/>
<flow id="car155" type="carType1" from="gneE9" to="-gneE48" begin="161" end="161" number="1"/>
<flow id="car156" type="carType1" from="-gneE27" to="gneE18" begin="162" end="162" number="1"/>
<flow id="car157" type="carType2" from="gneE34" to="gneE34" begin="163" end="163" number="1"/>
<flow id="car158" type="carType0" from="gneE9" to="-gneE51" begin="163" end="163" number="1"/>
<flow id="car159" type="carType2" from="gneE8" to="-gneE37" begin="163" end="163" number="1"/>
<flow id="car160" type="carType1" from="-gneE33" to="gneE43" begin="165" end="165" number="1"/>
<flow id="car161" type="carType1" from="-gneE45" to="gneE45" begin="167" end="167" number="1"/>
<flow id="car162" type="carType1" from="gneE27" to="gneE8" begin="167" end="167" number="1"/>
<flow id="car163" type="carType0" from="topleftD" to="-gneE21" begin="168" end="168" number="1"/>
<flow id="car164" type="carType1" from="-gneE28" to="-gneE8" begin="169" end="169" number="1"/>
<flow id="car165" type="carType2" from="-gneE48" to="-gneE7" begin="170" end="170" number="1"/>
<flow id="car166" type="carType1" from="topleftD" to="gneE49" begin="171" end="171" number="1"/>
<flow id="car167" type="carType1" from="gneE29" to="-gneE27" begin="172" end="172" number="1"/>
<flow id="car168" type="carType2" from="gneE44" to="-gneE37" begin="172" end="172" number="1"/>
<flow id="car169" type="carType1" from="-gneE33" to="-gneE18" begin="172" end="172" number="1"/>
<flow id="car170" type="carType2" from="-gneE33" to="gneE46" begin="172" end="172" number="1"/>
<flow id="car171" type="carType1" from="gneE9" to="-gneE13" begin="173" end="173" number="1"/>
<flow id="car172" type="carType0" from="-gneE8" to="-gneE34" begin="174" end="174" number="1"/>
<flow id="car173" type="carType1" from="-gneE21" to="bottomleftR" begin="174" end="174" number="1"/>
<flow id="car174" type="carType2" from="-gneE8" to="-gneE7" begin="174" end="174" number="1"/>
<flow id="car175" type="carType1" from="gneE30" to="gneE9" begin="178" end="178" number="1"/>
<flow id="car176" type="carType1" from="-gneE51" to="-gneE7" begin="178" end="178" number="1"/>
<flow id="car177" type="carType1" from="-gneE51" to="bottomrightL" begin="179" end="179" number="1"/>
<flow id="car178" type="carType1" from="toprightL" to="gneE9" begin="179" end="179" number="1"/>
<flow id="car179" type="carType0" from="gneE8" to="gneE37" begin="179" end="179" number="1"/>
<flow id="car180" type="carType1" from="gneE48" to="-gneE50" begin="180" end="180" number="1"/>
<flow id="car181" type="carType1" from="-gneE18" to="-gneE33" begin="180" end="180" number="1"/>
<flow id="car182" type="carType2" from="-gneE8" to="bottomleftU" begin="181" end="181" number="1"/>
<flow id="car183" type="carType2" from="gneE44" to="gneE42" begin="183" end="183" number="1"/>
<flow id="car184" type="carType0" from="gneE49" to="gneE49" begin="183" end="183" number="1"/>
<flow id="car185" type="carType2" from="-gneE7" to="-gneE27" begin="183" end="183" number="1"/>
<flow id="car186" type="carType2" from="gneE8" to="gneE18" begin="188" end="188" number="1"/>
<flow id="car187" type="carType2" from="gneE48" to="bottomrightL" begin="189" end="189" number="1"/>
<flow id="car188" type="carType0" from="-gneE50" to="-gneE37" begin="189" end="189" number="1"/>
<flow id="car189" type="carType0" from="bottomleftU" to="gneE28" begin="190" end="190" number="1"/>
<flow id="car190" type="carType0" from="-gneE7" to="gneE29" begin="190" end="190" number="1"/>
<flow id="car191" type="carType0" from="gneE29" to="-gneE45" begin="191" end="191" number="1"/>
<flow id="car192" type="carType1" from="gneE50" to="bottomleftR" begin="191" end="191" number="1"/>
<flow id="car193" type="carType2" from="-gneE29" to="topleftD" begin="193" end="193" number="1"/>
<flow id="car194" type="carType0" from="gneE29" to="gneE21" begin="193" end="193" number="1"/>
<flow id="car195" type="carType0" from="-gneE44" to="topleftD" begin="193" end="193" number="1"/>
<flow id="car196" type="carType1" from="-gneE50" to="gneE21" begin="195" end="195" number="1"/>
<flow id="car197" type="carType0" from="gneE21" to="-gneE43" begin="198" end="198" number="1"/>
<flow id="car198" type="carType2" from="-gneE21" to="-gneE44" begin="199" end="199" number="1"/>
<flow id="car199" type="carType1" from="-gneE37" to="-gneE34" begin="199" end="199" number="1"/>
</routes>
