<routes>
<vType id="carType0" length="5" maxSpeed="57.37" accel="2.01" decel="4.57" speedDev="0.2" sigma="0.17"/>
<vType id="carType1" length="6" maxSpeed="52.51" accel="2.37" decel="5.15" speedDev="0.2" sigma="0.13"/>
<vType id="carType2" length="9" maxSpeed="46.48" accel="2.36" decel="4.69" speedDev="0.2" sigma="0.1"/>
<flow id="car0" type="carType1" from="-gneE42" to="-gneE42" begin="2" end="2" number="1"/>
<flow id="car1" type="carType2" from="-gneE37" to="-gneE43" begin="6" end="6" number="1"/>
<flow id="car2" type="carType1" from="topleftD" to="bottomrightU" begin="6" end="6" number="1"/>
<flow id="car3" type="carType0" from="-gneE18" to="gneE9" begin="6" end="6" number="1"/>
<flow id="car4" type="carType1" from="gneE21" to="bottomrightU" begin="7" end="7" number="1"/>
<flow id="car5" type="carType1" from="-gneE7" to="topleftR" begin="9" end="9" number="1"/>
<flow id="car6" type="carType1" from="gneE28" to="gneE27" begin="9" end="9" number="1"/>
<flow id="car7" type="carType2" from="-gneE7" to="gneE18" begin="10" end="10" number="1"/>
<flow id="car8" type="carType0" from="-gneE48" to="-gneE42" begin="10" end="10" number="1"/>
<flow id="car9" type="carType1" from="gneE46" to="gneE29" begin="11" end="11" number="1"/>
<flow id="car10" type="carType1" from="gneE37" to="gneE48" begin="12" end="12" number="1"/>
<flow id="car11" type="carType0" from="-gneE44" to="gneE35" begin="12" end="12" number="1"/>
<flow id="car12" type="carType1" from="-gneE29" to="gneE34" begin="15" end="15" number="1"/>
<flow id="car13" type="carType2" from="gneE46" to="gneE44" begin="17" end="17" number="1"/>
<flow id="car14" type="carType2" from="-gneE28" to="gneE8" begin="17" end="17" number="1"/>
<flow id="car15" type="carType0" from="gneE30" to="gneE8" begin="19" end="19" number="1"/>
<flow id="car16" type="carType2" from="gneE45" to="gneE21" begin="19" end="19" number="1"/>
<flow id="car17" type="carType2" from="-gneE13" to="bottomrightU" begin="20" end="20" number="1"/>
<flow id="car18" type="carType1" from="gneE29" to="gneE8" begin="20" end="20" number="1"/>
<flow id="car19" type="carType2" from="-gneE29" to="bottomleftR" begin="20" end="20" number="1"/>
<flow id="car20" type="carType2" from="toprightD" to="gneE50" begin="21" end="21" number="1"/>
<flow id="car21" type="carType1" from="-gneE37" to="gneE27" begin="23" end="23" number="1"/>
<flow id="car22" type="carType1" from="gneE29" to="gneE8" begin="26" end="26" number="1"/>
<flow id="car23" type="carType2" from="gneE37" to="gneE44" begin="27" end="27" number="1"/>
<flow id="car24" type="carType2" from="-gneE43" to="-gneE44" begin="27" end="27" number="1"/>
<flow id="car25" type="carType0" from="-gneE28" to="toprightL" begin="28" end="28" number="1"/>
<flow id="car26" type="carType0" from="gneE48" to="-gneE28" begin="28" end="28" number="1"/>
<flow id="car27" type="carType2" from="gneE35" to="-gneE34" begin="30" end="30" number="1"/>
<flow id="car28" type="carType2" from="gneE43" to="toprightL" begin="30" end="30" number="1"/>
<flow id="car29" type="carType2" from="gneE51" to="-gneE21" begin="30" end="30" number="1"/>
<flow id="car30" type="carType0" from="gneE50" to="gneE30" begin="33" end="33" number="1"/>
<flow id="car31" type="carType1" from="-gneE28" to="gneE35" begin="34" end="34" number="1"/>
<flow id="car32" type="carType0" from="-gneE7" to="bottomleftR" begin="34" end="34" number="1"/>
<flow id="car33" type="carType2" from="gneE30" to="-gneE28" begin="35" end="35" number="1"/>
<flow id="car34" type="carType0" from="-gneE29" to="-gneE13" begin="36" end="36" number="1"/>
<flow id="car35" type="carType0" from="-gneE50" to="-gneE7" begin="37" end="37" number="1"/>
<flow id="car36" type="carType0" from="-gneE34" to="gneE45" begin="38" end="38" number="1"/>
<flow id="car37" type="carType0" from="gneE27" to="gneE21" begin="38" end="38" number="1"/>
<flow id="car38" type="carType2" from="gneE28" to="gneE9" begin="38" end="38" number="1"/>
<flow id="car39" type="carType1" from="gneE45" to="-gneE50" begin="39" end="39" number="1"/>
<flow id="car40" type="carType0" from="gneE46" to="gneE51" begin="39" end="39" number="1"/>
<flow id="car41" type="carType0" from="gneE29" to="gneE27" begin="41" end="41" number="1"/>
<flow id="car42" type="carType0" from="gneE29" to="-gneE7" begin="41" end="41" number="1"/>
<flow id="car43" type="carType0" from="-gneE50" to="-gneE28" begin="42" end="42" number="1"/>
<flow id="car44" type="carType0" from="gneE28" to="-gneE8" begin="42" end="42" number="1"/>
<flow id="car45" type="carType1" from="-gneE42" to="gneE35" begin="43" end="43" number="1"/>
<flow id="car46" type="carType0" from="-gneE33" to="-gneE28" begin="45" end="45" number="1"/>
<flow id="car47" type="carType1" from="-gneE37" to="gneE34" begin="45" end="45" number="1"/>
<flow id="car48" type="carType2" from="gneE42" to="-gneE48" begin="47" end="47" number="1"/>
<flow id="car49" type="carType0" from="gneE21" to="gneE48" begin="47" end="47" number="1"/>
<flow id="car50" type="carType0" from="-gneE29" to="-gneE42" begin="48" end="48" number="1"/>
<flow id="car51" type="carType2" from="gneE43" to="-gneE44" begin="48" end="48" number="1"/>
<flow id="car52" type="carType2" from="gneE45" to="-gneE45" begin="49" end="49" number="1"/>
<flow id="car53" type="carType0" from="-gneE28" to="gneE50" begin="49" end="49" number="1"/>
<flow id="car54" type="carType2" from="toprightD" to="-gneE8" begin="51" end="51" number="1"/>
<flow id="car55" type="carType1" from="bottomrightL" to="-gneE45" begin="52" end="52" number="1"/>
<flow id="car56" type="carType0" from="gneE27" to="gneE30" begin="53" end="53" number="1"/>
<flow id="car57" type="carType0" from="gneE51" to="bottomleftR" begin="55" end="55" number="1"/>
<flow id="car58" type="carType2" from="gneE35" to="gneE43" begin="57" end="57" number="1"/>
<flow id="car59" type="carType2" from="-gneE51" to="-gneE34" begin="58" end="58" number="1"/>
<flow id="car60" type="carType0" from="-gneE34" to="gneE51" begin="58" end="58" number="1"/>
<flow id="car61" type="carType0" from="gneE8" to="gneE45" begin="60" end="60" number="1"/>
<flow id="car62" type="carType0" from="-gneE29" to="-gneE33" begin="62" end="62" number="1"/>
<flow id="car63" type="carType1" from="topleftD" to="-gneE21" begin="63" end="63" number="1"/>
<flow id="car64" type="carType0" from="bottomrightU" to="-gneE27" begin="64" end="64" number="1"/>
<flow id="car65" type="carType0" from="topleftR" to="bottomrightL" begin="64" end="64" number="1"/>
<flow id="car66" type="carType0" from="gneE29" to="-gneE43" begin="64" end="64" number="1"/>
<flow id="car67" type="carType2" from="-gneE28" to="gneE27" begin="65" end="65" number="1"/>
<flow id="car68" type="carType0" from="gneE9" to="-gneE34" begin="65" end="65" number="1"/>
<flow id="car69" type="carType2" from="-gneE49" to="-gneE7" begin="66" end="66" number="1"/>
<flow id="car70" type="carType0" from="gneE42" to="gneE9" begin="66" end="66" number="1"/>
<flow id="car71" type="carType1" from="-gneE50" to="gneE29" begin="67" end="67" number="1"/>
<flow id="car72" type="carType0" from="gneE50" to="gneE42" begin="68" end="68" number="1"/>
<flow id="car73" type="carType1" from="gneE43" to="-gneE42" begin="69" end="69" number="1"/>
<flow id="car74" type="carType0" from="-gneE45" to="gneE44" begin="69" end="69" number="1"/>
<flow id="car75" type="carType1" from="-gneE51" to="-gneE8" begin="70" end="70" number="1"/>
<flow id="car76" type="carType2" from="topleftR" to="bottomleftU" begin="73" end="73" number="1"/>
<flow id="car77" type="carType1" from="bottomleftR" to="gneE35" begin="73" end="73" number="1"/>
<flow id="car78" type="carType1" from="bottomleftU" to="bottomrightL" begin="75" end="75" number="1"/>
<flow id="car79" type="carType1" from="gneE22" to="gneE18" begin="75" end="75" number="1"/>
<flow id="car80" type="carType2" from="toprightL" to="-gneE29" begin="75" end="75" number="1"/>
<flow id="car81" type="carType2" from="gneE50" to="gneE27" begin="77" end="77" number="1"/>
<flow id="car82" type="carType0" from="-gneE44" to="gneE30" begin="78" end="78" number="1"/>
<flow id="car83" type="carType0" from="gneE50" to="-gneE49" begin="79" end="79" number="1"/>
<flow id="car84" type="carType0" from="bottomrightU" to="gneE28" begin="79" end="79" number="1"/>
<flow id="car85" type="carType2" from="gneE42" to="-gneE48" begin="79" end="79" number="1"/>
<flow id="car86" type="carType2" from="-gneE45" to="bottomleftU" begin="79" end="79" number="1"/>
<flow id="car87" type="carType2" from="gneE49" to="gneE37" begin="81" end="81" number="1"/>
<flow id="car88" type="carType1" from="-gneE49" to="bottomleftU" begin="81" end="81" number="1"/>
<flow id="car89" type="carType1" from="-gneE8" to="-gneE48" begin="82" end="82" number="1"/>
<flow id="car90" type="carType1" from="-gneE51" to="-gneE44" begin="83" end="83" number="1"/>
<flow id="car91" type="carType1" from="gneE48" to="-gneE21" begin="86" end="86" number="1"/>
<flow id="car92" type="carType0" from="bottomleftU" to="toprightD" begin="86" end="86" number="1"/>
<flow id="car93" type="carType0" from="gneE8" to="-gneE51" begin="86" end="86" number="1"/>
<flow id="car94" type="carType2" from="-gneE28" to="topleftR" begin="86" end="86" number="1"/>
<flow id="car95" type="carType1" from="gneE30" to="bottomleftU" begin="87" end="87" number="1"/>
<flow id="car96" type="carType2" from="toprightD" to="gneE18" begin="87" end="87" number="1"/>
<flow id="car97" type="carType2" from="-gneE48" to="-gneE37" begin="88" end="88" number="1"/>
<flow id="car98" type="carType2" from="gneE51" to="-gneE48" begin="89" end="89" number="1"/>
<flow id="car99" type="carType2" from="gneE43" to="-gneE34" begin="89" end="89" number="1"/>
<flow id="car100" type="carType1" from="gneE28" to="-gneE44" begin="89" end="89" number="1"/>
<flow id="car101" type="carType1" from="toprightD" to="-gneE42" begin="91" end="91" number="1"/>
<flow id="car102" type="carType0" from="-gneE21" to="-gneE48" begin="93" end="93" number="1"/>
<flow id="car103" type="carType0" from="gneE18" to="topleftD" begin="93" end="93" number="1"/>
<flow id="car104" type="carType2" from="-gneE50" to="gneE49" begin="94" end="94" number="1"/>
<flow id="car105" type="carType0" from="-gneE48" to="gneE9" begin="94" end="94" number="1"/>
<flow id="car106" type="carType2" from="-gneE49" to="-gneE45" begin="94" end="94" number="1"/>
<flow id="car107" type="carType2" from="bottomrightL" to="-gneE45" begin="96" end="96" number="1"/>
<flow id="car108" type="carType0" from="gneE30" to="gneE37" begin="97" end="97" number="1"/>
<flow id="car109" type="carType2" from="topleftR" to="gneE48" begin="99" end="99" number="1"/>
<flow id="car110" type="carType0" from="gneE29" to="gneE22" begin="99" end="99" number="1"/>
<flow id="car111" type="carType0" from="gneE21" to="topleftR" begin="101" end="101" number="1"/>
<flow id="car112" type="carType0" from="bottomrightL" to="bottomleftU" begin="101" end="101" number="1"/>
<flow id="car113" type="carType2" from="toprightL" to="-gneE48" begin="102" end="102" number="1"/>
<flow id="car114" type="carType1" from="gneE46" to="gneE29" begin="102" end="102" number="1"/>
<flow id="car115" type="carType1" from="-gneE45" to="-gneE13" begin="103" end="103" number="1"/>
<flow id="car116" type="carType1" from="gneE50" to="gneE42" begin="105" end="105" number="1"/>
<flow id="car117" type="carType0" from="-gneE13" to="-gneE13" begin="105" end="105" number="1"/>
<flow id="car118" type="carType1" from="-gneE13" to="-gneE18" begin="106" end="106" number="1"/>
<flow id="car119" type="carType2" from="bottomleftR" to="gneE48" begin="107" end="107" number="1"/>
<flow id="car120" type="carType2" from="-gneE13" to="-gneE43" begin="109" end="109" number="1"/>
<flow id="car121" type="carType1" from="gneE29" to="-gneE34" begin="109" end="109" number="1"/>
<flow id="car122" type="carType2" from="-gneE13" to="gneE28" begin="109" end="109" number="1"/>
<flow id="car123" type="carType1" from="topleftR" to="gneE51" begin="109" end="109" number="1"/>
<flow id="car124" type="carType0" from="gneE22" to="gneE29" begin="113" end="113" number="1"/>
<flow id="car125" type="carType0" from="gneE42" to="topleftR" begin="113" end="113" number="1"/>
<flow id="car126" type="carType0" from="toprightD" to="-gneE7" begin="113" end="113" number="1"/>
<flow id="car127" type="carType0" from="gneE46" to="gneE28" begin="115" end="115" number="1"/>
<flow id="car128" type="carType1" from="-gneE42" to="bottomrightU" begin="119" end="119" number="1"/>
<flow id="car129" type="carType1" from="gneE21" to="topleftD" begin="119" end="119" number="1"/>
<flow id="car130" type="carType1" from="gneE49" to="gneE35" begin="119" end="119" number="1"/>
<flow id="car131" type="carType1" from="gneE34" to="-gneE44" begin="120" end="120" number="1"/>
<flow id="car132" type="carType2" from="gneE27" to="gneE49" begin="122" end="122" number="1"/>
<flow id="car133" type="carType0" from="gneE30" to="-gneE28" begin="125" end="125" number="1"/>
<flow id="car134" type="carType0" from="gneE51" to="-gneE45" begin="126" end="126" number="1"/>
<flow id="car135" type="carType2" from="-gneE48" to="-gneE43" begin="127" end="127" number="1"/>
<flow id="car136" type="carType2" from="toprightD" to="bottomrightU" begin="128" end="128" number="1"/>
<flow id="car137" type="carType0" from="gneE43" to="gneE8" begin="130" end="130" number="1"/>
<flow id="car138" type="carType2" from="gneE51" to="gneE37" begin="133" end="133" number="1"/>
<flow id="car139" type="carType0" from="-gneE49" to="bottomleftU" begin="133" end="133" number="1"/>
<flow id="car140" type="carType2" from="gneE30" to="gneE45" begin="137" end="137" number="1"/>
<flow id="car141" type="carType1" from="gneE49" to="-gneE42" begin="138" end="138" number="1"/>
<flow id="car142" type="carType2" from="gneE29" to="topleftD" begin="139" end="139" number="1"/>
<flow id="car143" type="carType0" from="-gneE29" to="-gneE50" begin="141" end="141" number="1"/>
<flow id="car144" type="carType1" from="-gneE51" to="bottomleftR" begin="142" end="142" number="1"/>
<flow id="car145" type="carType2" from="-gneE18" to="-gneE43" begin="143" end="143" number="1"/>
<flow id="car146" type="carType2" from="gneE9" to="bottomrightU" begin="143" end="143" number="1"/>
<flow id="car147" type="carType2" from="-gneE18" to="-gneE34" begin="144" end="144" number="1"/>
<flow id="car148" type="carType1" from="gneE51" to="-gneE48" begin="145" end="145" number="1"/>
<flow id="car149" type="carType0" from="gneE21" to="-gneE37" begin="147" end="147" number="1"/>
<flow id="car150" type="carType1" from="gneE42" to="-gneE48" begin="147" end="147" number="1"/>
<flow id="car151" type="carType0" from="-gneE27" to="gneE51" begin="147" end="147" number="1"/>
<flow id="car152" type="carType1" from="bottomrightL" to="-gneE28" begin="148" end="148" number="1"/>
<flow id="car153" type="carType2" from="topleftR" to="gneE28" begin="151" end="151" number="1"/>
<flow id="car154" type="carType0" from="gneE50" to="-gneE33" begin="152" end="152" number="1"/>
<flow id="car155" type="carType1" from="gneE35" to="-gneE7" begin="154" end="154" number="1"/>
<flow id="car156" type="carType1" from="-gneE48" to="gneE8" begin="155" end="155" number="1"/>
<flow id="car157" type="carType2" from="gneE46" to="-gneE50" begin="157" end="157" number="1"/>
<flow id="car158" type="carType1" from="gneE27" to="topleftR" begin="159" end="159" number="1"/>
<flow id="car159" type="carType2" from="gneE43" to="-gneE28" begin="161" end="161" number="1"/>
<flow id="car160" type="carType0" from="-gneE49" to="gneE18" begin="162" end="162" number="1"/>
<flow id="car161" type="carType2" from="topleftD" to="gneE18" begin="163" end="163" number="1"/>
<flow id="car162" type="carType1" from="bottomrightU" to="-gneE45" begin="163" end="163" number="1"/>
<flow id="car163" type="carType2" from="gneE22" to="gneE9" begin="166" end="166" number="1"/>
<flow id="car164" type="carType2" from="gneE35" to="gneE22" begin="166" end="166" number="1"/>
<flow id="car165" type="carType0" from="-gneE8" to="gneE30" begin="166" end="166" number="1"/>
<flow id="car166" type="carType2" from="gneE37" to="bottomleftU" begin="166" end="166" number="1"/>
<flow id="car167" type="carType2" from="-gneE50" to="-gneE45" begin="168" end="168" number="1"/>
<flow id="car168" type="carType2" from="-gneE33" to="-gneE27" begin="168" end="168" number="1"/>
<flow id="car169" type="carType0" from="gneE50" to="toprightL" begin="169" end="169" number="1"/>
<flow id="car170" type="carType0" from="gneE34" to="-gneE7" begin="170" end="170" number="1"/>
<flow id="car171" type="carType1" from="-gneE34" to="-gneE49" begin="172" end="172" number="1"/>
<flow id="car172" type="carType0" from="-gneE51" to="gneE22" begin="172" end="172" number="1"/>
<flow id="car173" type="carType2" from="-gneE18" to="-gneE48" begin="172" end="172" number="1"/>
<flow id="car174" type="carType1" from="-gneE37" to="-gneE18" begin="173" end="173" number="1"/>
<flow id="car175" type="carType1" from="gneE37" to="bottomleftU" begin="175" end="175" number="1"/>
<flow id="car176" type="carType1" from="-gneE37" to="-gneE50" begin="175" end="175" number="1"/>
<flow id="car177" type="carType0" from="toprightL" to="-gneE18" begin="181" end="181" number="1"/>
<flow id="car178" type="carType2" from="-gneE21" to="topleftR" begin="181" end="181" number="1"/>
<flow id="car179" type="carType1" from="-gneE45" to="-gneE42" begin="182" end="182" number="1"/>
<flow id="car180" type="carType0" from="-gneE48" to="-gneE51" begin="182" end="182" number="1"/>
<flow id="car181" type="carType0" from="topleftR" to="gneE46" begin="182" end="182" number="1"/>
<flow id="car182" type="carType2" from="gneE49" to="toprightD" begin="183" end="183" number="1"/>
<flow id="car183" type="carType0" from="-gneE29" to="-gneE43" begin="184" end="184" number="1"/>
<flow id="car184" type="carType2" from="-gneE48" to="bottomrightL" begin="185" end="185" number="1"/>
<flow id="car185" type="carType1" from="-gneE8" to="gneE22" begin="185" end="185" number="1"/>
<flow id="car186" type="carType0" from="gneE51" to="-gneE7" begin="186" end="186" number="1"/>
<flow id="car187" type="carType0" from="toprightD" to="-gneE37" begin="186" end="186" number="1"/>
<flow id="car188" type="carType1" from="-gneE33" to="-gneE50" begin="188" end="188" number="1"/>
<flow id="car189" type="carType0" from="gneE34" to="-gneE8" begin="188" end="188" number="1"/>
<flow id="car190" type="carType1" from="topleftD" to="gneE46" begin="192" end="192" number="1"/>
<flow id="car191" type="carType1" from="-gneE45" to="-gneE51" begin="194" end="194" number="1"/>
<flow id="car192" type="carType2" from="-gneE29" to="gneE48" begin="195" end="195" number="1"/>
<flow id="car193" type="carType2" from="gneE46" to="toprightD" begin="195" end="195" number="1"/>
<flow id="car194" type="carType2" from="gneE42" to="-gneE37" begin="195" end="195" number="1"/>
<flow id="car195" type="carType1" from="gneE30" to="gneE44" begin="196" end="196" number="1"/>
<flow id="car196" type="carType1" from="-gneE29" to="topleftR" begin="196" end="196" number="1"/>
<flow id="car197" type="carType2" from="-gneE7" to="gneE43" begin="197" end="197" number="1"/>
<flow id="car198" type="carType1" from="-gneE28" to="-gneE43" begin="198" end="198" number="1"/>
<flow id="car199" type="carType2" from="gneE34" to="gneE51" begin="199" end="199" number="1"/>
</routes>
