<routes>
<vType id="carType0" length="7" maxSpeed="47.31" accel="2.05" decel="5.97" speedDev="0.2" sigma="0.2"/>
<vType id="carType1" length="3" maxSpeed="48.16" accel="2.27" decel="5.09" speedDev="0.2" sigma="0.24"/>
<vType id="carType2" length="7" maxSpeed="50.1" accel="2.92" decel="4.64" speedDev="0.2" sigma="0.29"/>
<flow id="car0" type="carType1" from="-gneE13" to="toprightD" begin="0" end="0" number="1"/>
<flow id="car1" type="carType0" from="bottomleftR" to="-gneE8" begin="1" end="1" number="1"/>
<flow id="car2" type="carType1" from="gneE22" to="gneE50" begin="1" end="1" number="1"/>
<flow id="car3" type="carType2" from="gneE28" to="gneE22" begin="2" end="2" number="1"/>
<flow id="car4" type="carType0" from="-gneE34" to="toprightD" begin="4" end="4" number="1"/>
<flow id="car5" type="carType2" from="gneE30" to="topleftR" begin="4" end="4" number="1"/>
<flow id="car6" type="carType1" from="-gneE43" to="gneE50" begin="5" end="5" number="1"/>
<flow id="car7" type="carType2" from="gneE43" to="gneE45" begin="5" end="5" number="1"/>
<flow id="car8" type="carType2" from="gneE8" to="-gneE44" begin="8" end="8" number="1"/>
<flow id="car9" type="carType1" from="-gneE51" to="bottomrightL" begin="9" end="9" number="1"/>
<flow id="car10" type="carType0" from="-gneE37" to="bottomrightU" begin="9" end="9" number="1"/>
<flow id="car11" type="carType0" from="-gneE44" to="toprightL" begin="9" end="9" number="1"/>
<flow id="car12" type="carType1" from="gneE22" to="toprightD" begin="9" end="9" number="1"/>
<flow id="car13" type="carType0" from="gneE43" to="gneE9" begin="10" end="10" number="1"/>
<flow id="car14" type="carType0" from="-gneE21" to="gneE45" begin="13" end="13" number="1"/>
<flow id="car15" type="carType0" from="-gneE27" to="bottomrightU" begin="15" end="15" number="1"/>
<flow id="car16" type="carType1" from="-gneE27" to="gneE30" begin="15" end="15" number="1"/>
<flow id="car17" type="carType0" from="bottomrightL" to="gneE21" begin="16" end="16" number="1"/>
<flow id="car18" type="carType2" from="toprightD" to="-gneE29" begin="17" end="17" number="1"/>
<flow id="car19" type="carType0" from="-gneE44" to="topleftD" begin="17" end="17" number="1"/>
<flow id="car20" type="carType2" from="-gneE13" to="-gneE42" begin="19" end="19" number="1"/>
<flow id="car21" type="carType0" from="-gneE27" to="-gneE43" begin="19" end="19" number="1"/>
<flow id="car22" type="carType0" from="gneE30" to="-gneE7" begin="20" end="20" number="1"/>
<flow id="car23" type="carType1" from="-gneE8" to="gneE44" begin="21" end="21" number="1"/>
<flow id="car24" type="carType2" from="-gneE37" to="-gneE42" begin="22" end="22" number="1"/>
<flow id="car25" type="carType0" from="-gneE42" to="gneE21" begin="23" end="23" number="1"/>
<flow id="car26" type="carType0" from="-gneE44" to="gneE35" begin="23" end="23" number="1"/>
<flow id="car27" type="carType1" from="topleftR" to="-gneE50" begin="23" end="23" number="1"/>
<flow id="car28" type="carType0" from="topleftD" to="-gneE45" begin="24" end="24" number="1"/>
<flow id="car29" type="carType0" from="gneE50" to="gneE27" begin="26" end="26" number="1"/>
<flow id="car30" type="carType2" from="-gneE43" to="-gneE21" begin="28" end="28" number="1"/>
<flow id="car31" type="carType1" from="-gneE44" to="gneE9" begin="28" end="28" number="1"/>
<flow id="car32" type="carType0" from="-gneE8" to="-gneE37" begin="33" end="33" number="1"/>
<flow id="car33" type="carType0" from="-gneE43" to="gneE43" begin="35" end="35" number="1"/>
<flow id="car34" type="carType1" from="-gneE21" to="gneE29" begin="36" end="36" number="1"/>
<flow id="car35" type="carType2" from="-gneE33" to="-gneE29" begin="36" end="36" number="1"/>
<flow id="car36" type="carType1" from="gneE29" to="gneE34" begin="37" end="37" number="1"/>
<flow id="car37" type="carType2" from="-gneE27" to="-gneE18" begin="38" end="38" number="1"/>
<flow id="car38" type="carType1" from="gneE44" to="-gneE44" begin="40" end="40" number="1"/>
<flow id="car39" type="carType2" from="gneE21" to="-gneE44" begin="40" end="40" number="1"/>
<flow id="car40" type="carType2" from="bottomrightL" to="topleftD" begin="40" end="40" number="1"/>
<flow id="car41" type="carType2" from="gneE34" to="-gneE28" begin="41" end="41" number="1"/>
<flow id="car42" type="carType1" from="gneE50" to="bottomrightU" begin="42" end="42" number="1"/>
<flow id="car43" type="carType1" from="gneE48" to="-gneE8" begin="43" end="43" number="1"/>
<flow id="car44" type="carType2" from="-gneE48" to="-gneE51" begin="48" end="48" number="1"/>
<flow id="car45" type="carType2" from="-gneE7" to="gneE49" begin="48" end="48" number="1"/>
<flow id="car46" type="carType1" from="-gneE28" to="-gneE45" begin="49" end="49" number="1"/>
<flow id="car47" type="carType2" from="gneE27" to="gneE49" begin="50" end="50" number="1"/>
<flow id="car48" type="carType0" from="-gneE42" to="gneE21" begin="50" end="50" number="1"/>
<flow id="car49" type="carType1" from="-gneE42" to="gneE44" begin="51" end="51" number="1"/>
<flow id="car50" type="carType2" from="gneE37" to="gneE29" begin="52" end="52" number="1"/>
<flow id="car51" type="carType2" from="gneE21" to="bottomrightL" begin="53" end="53" number="1"/>
<flow id="car52" type="carType1" from="gneE46" to="bottomleftU" begin="53" end="53" number="1"/>
<flow id="car53" type="carType1" from="-gneE29" to="topleftR" begin="54" end="54" number="1"/>
<flow id="car54" type="carType1" from="-gneE37" to="gneE45" begin="55" end="55" number="1"/>
<flow id="car55" type="carType0" from="-gneE34" to="gneE37" begin="56" end="56" number="1"/>
<flow id="car56" type="carType0" from="-gneE18" to="gneE45" begin="57" end="57" number="1"/>
<flow id="car57" type="carType1" from="bottomleftR" to="-gneE48" begin="58" end="58" number="1"/>
<flow id="car58" type="carType0" from="-gneE42" to="gneE29" begin="59" end="59" number="1"/>
<flow id="car59" type="carType1" from="-gneE18" to="gneE8" begin="60" end="60" number="1"/>
<flow id="car60" type="carType0" from="topleftR" to="-gneE7" begin="63" end="63" number="1"/>
<flow id="car61" type="carType1" from="-gneE33" to="-gneE8" begin="64" end="64" number="1"/>
<flow id="car62" type="carType1" from="bottomrightU" to="-gneE45" begin="65" end="65" number="1"/>
<flow id="car63" type="carType1" from="bottomrightL" to="-gneE13" begin="67" end="67" number="1"/>
<flow id="car64" type="carType0" from="toprightL" to="gneE9" begin="67" end="67" number="1"/>
<flow id="car65" type="carType1" from="gneE28" to="-gneE50" begin="68" end="68" number="1"/>
<flow id="car66" type="carType0" from="-gneE44" to="gneE29" begin="68" end="68" number="1"/>
<flow id="car67" type="carType0" from="bottomrightL" to="-gneE45" begin="70" end="70" number="1"/>
<flow id="car68" type="carType0" from="gneE48" to="gneE44" begin="70" end="70" number="1"/>
<flow id="car69" type="carType1" from="-gneE13" to="-gneE21" begin="71" end="71" number="1"/>
<flow id="car70" type="carType2" from="gneE8" to="gneE34" begin="71" end="71" number="1"/>
<flow id="car71" type="carType0" from="-gneE8" to="topleftD" begin="71" end="71" number="1"/>
<flow id="car72" type="carType2" from="toprightL" to="-gneE50" begin="71" end="71" number="1"/>
<flow id="car73" type="carType1" from="-gneE45" to="-gneE28" begin="72" end="72" number="1"/>
<flow id="car74" type="carType2" from="gneE34" to="bottomleftR" begin="73" end="73" number="1"/>
<flow id="car75" type="carType0" from="bottomrightL" to="-gneE51" begin="75" end="75" number="1"/>
<flow id="car76" type="carType0" from="gneE28" to="-gneE42" begin="77" end="77" number="1"/>
<flow id="car77" type="carType2" from="-gneE49" to="-gneE21" begin="78" end="78" number="1"/>
<flow id="car78" type="carType1" from="gneE22" to="gneE48" begin="79" end="79" number="1"/>
<flow id="car79" type="carType1" from="-gneE27" to="gneE45" begin="81" end="81" number="1"/>
<flow id="car80" type="carType1" from="-gneE27" to="-gneE44" begin="81" end="81" number="1"/>
<flow id="car81" type="carType1" from="-gneE51" to="-gneE28" begin="81" end="81" number="1"/>
<flow id="car82" type="carType2" from="gneE22" to="gneE51" begin="83" end="83" number="1"/>
<flow id="car83" type="carType1" from="gneE51" to="gneE43" begin="83" end="83" number="1"/>
<flow id="car84" type="carType2" from="-gneE49" to="-gneE43" begin="85" end="85" number="1"/>
<flow id="car85" type="carType0" from="-gneE49" to="-gneE18" begin="85" end="85" number="1"/>
<flow id="car86" type="carType0" from="-gneE18" to="topleftD" begin="86" end="86" number="1"/>
<flow id="car87" type="carType2" from="gneE34" to="gneE46" begin="87" end="87" number="1"/>
<flow id="car88" type="carType1" from="-gneE29" to="-gneE29" begin="87" end="87" number="1"/>
<flow id="car89" type="carType0" from="topleftD" to="-gneE8" begin="87" end="87" number="1"/>
<flow id="car90" type="carType1" from="-gneE29" to="gneE48" begin="88" end="88" number="1"/>
<flow id="car91" type="carType0" from="gneE9" to="-gneE29" begin="91" end="91" number="1"/>
<flow id="car92" type="carType2" from="gneE22" to="gneE9" begin="92" end="92" number="1"/>
<flow id="car93" type="carType0" from="toprightL" to="gneE46" begin="92" end="92" number="1"/>
<flow id="car94" type="carType1" from="gneE9" to="gneE49" begin="94" end="94" number="1"/>
<flow id="car95" type="carType1" from="bottomleftR" to="-gneE37" begin="99" end="99" number="1"/>
<flow id="car96" type="carType1" from="topleftD" to="-gneE28" begin="99" end="99" number="1"/>
<flow id="car97" type="carType2" from="-gneE18" to="-gneE28" begin="100" end="100" number="1"/>
<flow id="car98" type="carType2" from="-gneE8" to="gneE22" begin="101" end="101" number="1"/>
<flow id="car99" type="carType1" from="-gneE33" to="topleftD" begin="102" end="102" number="1"/>
<flow id="car100" type="carType2" from="-gneE28" to="gneE9" begin="103" end="103" number="1"/>
<flow id="car101" type="carType0" from="toprightD" to="gneE35" begin="104" end="104" number="1"/>
<flow id="car102" type="carType1" from="toprightL" to="gneE27" begin="105" end="105" number="1"/>
<flow id="car103" type="carType0" from="-gneE48" to="-gneE37" begin="107" end="107" number="1"/>
<flow id="car104" type="carType0" from="-gneE37" to="-gneE21" begin="107" end="107" number="1"/>
<flow id="car105" type="carType0" from="toprightL" to="-gneE44" begin="108" end="108" number="1"/>
<flow id="car106" type="carType1" from="gneE22" to="-gneE44" begin="109" end="109" number="1"/>
<flow id="car107" type="carType1" from="-gneE51" to="gneE8" begin="109" end="109" number="1"/>
<flow id="car108" type="carType2" from="topleftR" to="gneE28" begin="111" end="111" number="1"/>
<flow id="car109" type="carType2" from="gneE29" to="gneE21" begin="111" end="111" number="1"/>
<flow id="car110" type="carType0" from="toprightL" to="gneE45" begin="113" end="113" number="1"/>
<flow id="car111" type="carType2" from="-gneE43" to="gneE35" begin="114" end="114" number="1"/>
<flow id="car112" type="carType0" from="-gneE50" to="-gneE49" begin="117" end="117" number="1"/>
<flow id="car113" type="carType2" from="-gneE48" to="-gneE28" begin="117" end="117" number="1"/>
<flow id="car114" type="carType2" from="gneE34" to="bottomleftU" begin="120" end="120" number="1"/>
<flow id="car115" type="carType0" from="-gneE50" to="-gneE49" begin="120" end="120" number="1"/>
<flow id="car116" type="carType1" from="-gneE18" to="topleftD" begin="121" end="121" number="1"/>
<flow id="car117" type="carType1" from="bottomrightL" to="bottomrightL" begin="121" end="121" number="1"/>
<flow id="car118" type="carType0" from="gneE22" to="gneE37" begin="121" end="121" number="1"/>
<flow id="car119" type="carType1" from="gneE27" to="gneE29" begin="121" end="121" number="1"/>
<flow id="car120" type="carType1" from="toprightL" to="gneE49" begin="121" end="121" number="1"/>
<flow id="car121" type="carType1" from="bottomrightL" to="gneE22" begin="122" end="122" number="1"/>
<flow id="car122" type="carType1" from="bottomrightU" to="-gneE18" begin="123" end="123" number="1"/>
<flow id="car123" type="carType0" from="gneE48" to="topleftR" begin="123" end="123" number="1"/>
<flow id="car124" type="carType1" from="gneE30" to="gneE50" begin="126" end="126" number="1"/>
<flow id="car125" type="carType0" from="gneE28" to="-gneE13" begin="127" end="127" number="1"/>
<flow id="car126" type="carType1" from="-gneE42" to="gneE50" begin="127" end="127" number="1"/>
<flow id="car127" type="carType1" from="gneE48" to="-gneE45" begin="127" end="127" number="1"/>
<flow id="car128" type="carType2" from="-gneE45" to="toprightL" begin="128" end="128" number="1"/>
<flow id="car129" type="carType2" from="topleftD" to="gneE18" begin="130" end="130" number="1"/>
<flow id="car130" type="carType1" from="-gneE7" to="-gneE27" begin="130" end="130" number="1"/>
<flow id="car131" type="carType2" from="gneE46" to="gneE35" begin="132" end="132" number="1"/>
<flow id="car132" type="carType0" from="gneE50" to="gneE51" begin="134" end="134" number="1"/>
<flow id="car133" type="carType0" from="gneE28" to="-gneE8" begin="135" end="135" number="1"/>
<flow id="car134" type="carType1" from="-gneE49" to="-gneE18" begin="136" end="136" number="1"/>
<flow id="car135" type="carType0" from="gneE22" to="-gneE27" begin="137" end="137" number="1"/>
<flow id="car136" type="carType0" from="gneE45" to="-gneE7" begin="138" end="138" number="1"/>
<flow id="car137" type="carType0" from="gneE8" to="toprightD" begin="139" end="139" number="1"/>
<flow id="car138" type="carType2" from="gneE49" to="-gneE34" begin="139" end="139" number="1"/>
<flow id="car139" type="carType0" from="-gneE50" to="gneE44" begin="140" end="140" number="1"/>
<flow id="car140" type="carType0" from="gneE9" to="-gneE29" begin="141" end="141" number="1"/>
<flow id="car141" type="carType0" from="gneE22" to="gneE46" begin="141" end="141" number="1"/>
<flow id="car142" type="carType0" from="bottomrightU" to="bottomleftR" begin="141" end="141" number="1"/>
<flow id="car143" type="carType1" from="-gneE33" to="gneE28" begin="142" end="142" number="1"/>
<flow id="car144" type="carType1" from="gneE22" to="gneE22" begin="142" end="142" number="1"/>
<flow id="car145" type="carType1" from="toprightL" to="topleftR" begin="143" end="143" number="1"/>
<flow id="car146" type="carType2" from="-gneE27" to="gneE51" begin="143" end="143" number="1"/>
<flow id="car147" type="carType1" from="-gneE7" to="-gneE21" begin="144" end="144" number="1"/>
<flow id="car148" type="carType2" from="-gneE29" to="gneE35" begin="144" end="144" number="1"/>
<flow id="car149" type="carType1" from="-gneE28" to="gneE49" begin="145" end="145" number="1"/>
<flow id="car150" type="carType2" from="-gneE28" to="-gneE7" begin="146" end="146" number="1"/>
<flow id="car151" type="carType2" from="bottomrightL" to="gneE22" begin="147" end="147" number="1"/>
<flow id="car152" type="carType1" from="bottomleftU" to="gneE50" begin="147" end="147" number="1"/>
<flow id="car153" type="carType0" from="-gneE34" to="-gneE27" begin="148" end="148" number="1"/>
<flow id="car154" type="carType2" from="toprightD" to="gneE48" begin="149" end="149" number="1"/>
<flow id="car155" type="carType0" from="-gneE50" to="-gneE34" begin="149" end="149" number="1"/>
<flow id="car156" type="carType1" from="gneE48" to="-gneE13" begin="150" end="150" number="1"/>
<flow id="car157" type="carType2" from="gneE49" to="-gneE42" begin="154" end="154" number="1"/>
<flow id="car158" type="carType2" from="bottomleftU" to="gneE42" begin="155" end="155" number="1"/>
<flow id="car159" type="carType0" from="gneE42" to="bottomleftR" begin="155" end="155" number="1"/>
<flow id="car160" type="carType0" from="topleftD" to="gneE49" begin="155" end="155" number="1"/>
<flow id="car161" type="carType2" from="gneE21" to="-gneE29" begin="156" end="156" number="1"/>
<flow id="car162" type="carType1" from="gneE43" to="-gneE21" begin="157" end="157" number="1"/>
<flow id="car163" type="carType1" from="gneE35" to="toprightL" begin="157" end="157" number="1"/>
<flow id="car164" type="carType1" from="-gneE45" to="-gneE37" begin="158" end="158" number="1"/>
<flow id="car165" type="carType1" from="gneE46" to="gneE27" begin="158" end="158" number="1"/>
<flow id="car166" type="carType0" from="gneE48" to="gneE27" begin="159" end="159" number="1"/>
<flow id="car167" type="carType2" from="gneE22" to="-gneE51" begin="159" end="159" number="1"/>
<flow id="car168" type="carType2" from="-gneE45" to="-gneE37" begin="160" end="160" number="1"/>
<flow id="car169" type="carType0" from="-gneE51" to="gneE37" begin="160" end="160" number="1"/>
<flow id="car170" type="carType2" from="bottomleftR" to="gneE8" begin="161" end="161" number="1"/>
<flow id="car171" type="carType2" from="-gneE28" to="-gneE18" begin="161" end="161" number="1"/>
<flow id="car172" type="carType1" from="-gneE33" to="gneE9" begin="162" end="162" number="1"/>
<flow id="car173" type="carType2" from="topleftD" to="-gneE33" begin="163" end="163" number="1"/>
<flow id="car174" type="carType0" from="gneE51" to="toprightL" begin="163" end="163" number="1"/>
<flow id="car175" type="carType2" from="-gneE43" to="bottomleftU" begin="163" end="163" number="1"/>
<flow id="car176" type="carType1" from="-gneE50" to="gneE30" begin="166" end="166" number="1"/>
<flow id="car177" type="carType2" from="bottomleftR" to="toprightD" begin="166" end="166" number="1"/>
<flow id="car178" type="carType1" from="bottomrightU" to="-gneE42" begin="168" end="168" number="1"/>
<flow id="car179" type="carType0" from="gneE18" to="gneE21" begin="168" end="168" number="1"/>
<flow id="car180" type="carType1" from="gneE22" to="gneE44" begin="169" end="169" number="1"/>
<flow id="car181" type="carType1" from="-gneE48" to="gneE9" begin="171" end="171" number="1"/>
<flow id="car182" type="carType2" from="-gneE28" to="gneE27" begin="172" end="172" number="1"/>
<flow id="car183" type="carType0" from="-gneE50" to="-gneE18" begin="172" end="172" number="1"/>
<flow id="car184" type="carType1" from="toprightD" to="gneE42" begin="172" end="172" number="1"/>
<flow id="car185" type="carType1" from="-gneE21" to="gneE51" begin="172" end="172" number="1"/>
<flow id="car186" type="carType1" from="gneE42" to="-gneE13" begin="173" end="173" number="1"/>
<flow id="car187" type="carType2" from="gneE50" to="-gneE27" begin="173" end="173" number="1"/>
<flow id="car188" type="carType1" from="-gneE28" to="-gneE49" begin="175" end="175" number="1"/>
<flow id="car189" type="carType1" from="gneE18" to="topleftR" begin="177" end="177" number="1"/>
<flow id="car190" type="carType2" from="gneE30" to="-gneE34" begin="178" end="178" number="1"/>
<flow id="car191" type="carType1" from="gneE37" to="-gneE27" begin="178" end="178" number="1"/>
<flow id="car192" type="carType1" from="toprightD" to="bottomleftU" begin="182" end="182" number="1"/>
<flow id="car193" type="carType2" from="-gneE7" to="gneE30" begin="183" end="183" number="1"/>
<flow id="car194" type="carType1" from="-gneE21" to="bottomrightL" begin="184" end="184" number="1"/>
<flow id="car195" type="carType0" from="-gneE13" to="-gneE51" begin="184" end="184" number="1"/>
<flow id="car196" type="carType0" from="toprightL" to="-gneE27" begin="189" end="189" number="1"/>
<flow id="car197" type="carType2" from="gneE51" to="gneE27" begin="192" end="192" number="1"/>
<flow id="car198" type="carType0" from="-gneE28" to="gneE28" begin="196" end="196" number="1"/>
<flow id="car199" type="carType1" from="-gneE44" to="-gneE49" begin="197" end="197" number="1"/>
</routes>
