<routes>
<vType id="carType0" length="4" maxSpeed="40.29" accel="2.75" decel="5.37" speedDev="0.2" sigma="0.27"/>
<vType id="carType1" length="3" maxSpeed="49.56" accel="2.27" decel="4.3" speedDev="0.2" sigma="0.24"/>
<vType id="carType2" length="6" maxSpeed="46.9" accel="2.95" decel="4.01" speedDev="0.2" sigma="0.16"/>
<flow id="car0" type="carType2" from="gneE51" to="-gneE51" begin="1" end="1" number="1"/>
<flow id="car1" type="carType0" from="bottomrightL" to="-gneE7" begin="1" end="1" number="1"/>
<flow id="car2" type="carType2" from="gneE51" to="-gneE48" begin="2" end="2" number="1"/>
<flow id="car3" type="carType0" from="gneE49" to="-gneE48" begin="2" end="2" number="1"/>
<flow id="car4" type="carType1" from="-gneE37" to="-gneE34" begin="2" end="2" number="1"/>
<flow id="car5" type="carType2" from="gneE51" to="-gneE8" begin="3" end="3" number="1"/>
<flow id="car6" type="carType1" from="gneE43" to="gneE37" begin="4" end="4" number="1"/>
<flow id="car7" type="carType0" from="gneE18" to="bottomleftU" begin="5" end="5" number="1"/>
<flow id="car8" type="carType2" from="gneE50" to="gneE48" begin="5" end="5" number="1"/>
<flow id="car9" type="carType2" from="gneE51" to="topleftD" begin="6" end="6" number="1"/>
<flow id="car10" type="carType0" from="bottomrightU" to="-gneE37" begin="6" end="6" number="1"/>
<flow id="car11" type="carType2" from="gneE50" to="-gneE8" begin="6" end="6" number="1"/>
<flow id="car12" type="carType0" from="gneE50" to="topleftD" begin="7" end="7" number="1"/>
<flow id="car13" type="carType0" from="toprightL" to="-gneE18" begin="7" end="7" number="1"/>
<flow id="car14" type="carType2" from="gneE37" to="gneE49" begin="8" end="8" number="1"/>
<flow id="car15" type="carType0" from="bottomleftR" to="-gneE28" begin="8" end="8" number="1"/>
<flow id="car16" type="carType2" from="-gneE42" to="toprightL" begin="10" end="10" number="1"/>
<flow id="car17" type="carType1" from="-gneE42" to="bottomleftU" begin="13" end="13" number="1"/>
<flow id="car18" type="carType1" from="gneE9" to="-gneE48" begin="14" end="14" number="1"/>
<flow id="car19" type="carType2" from="gneE43" to="gneE45" begin="17" end="17" number="1"/>
<flow id="car20" type="carType2" from="bottomleftR" to="gneE46" begin="18" end="18" number="1"/>
<flow id="car21" type="carType2" from="-gneE27" to="bottomrightL" begin="23" end="23" number="1"/>
<flow id="car22" type="carType2" from="toprightD" to="gneE34" begin="24" end="24" number="1"/>
<flow id="car23" type="carType1" from="-gneE42" to="gneE46" begin="25" end="25" number="1"/>
<flow id="car24" type="carType0" from="-gneE7" to="gneE46" begin="25" end="25" number="1"/>
<flow id="car25" type="carType2" from="-gneE44" to="-gneE34" begin="26" end="26" number="1"/>
<flow id="car26" type="carType2" from="gneE37" to="gneE45" begin="26" end="26" number="1"/>
<flow id="car27" type="carType2" from="gneE46" to="gneE35" begin="27" end="27" number="1"/>
<flow id="car28" type="carType0" from="gneE35" to="gneE29" begin="27" end="27" number="1"/>
<flow id="car29" type="carType2" from="gneE30" to="gneE30" begin="28" end="28" number="1"/>
<flow id="car30" type="carType2" from="gneE46" to="gneE37" begin="32" end="32" number="1"/>
<flow id="car31" type="carType1" from="gneE48" to="toprightL" begin="32" end="32" number="1"/>
<flow id="car32" type="carType1" from="-gneE48" to="gneE44" begin="33" end="33" number="1"/>
<flow id="car33" type="carType0" from="gneE22" to="gneE50" begin="33" end="33" number="1"/>
<flow id="car34" type="carType2" from="gneE45" to="gneE35" begin="34" end="34" number="1"/>
<flow id="car35" type="carType1" from="-gneE49" to="-gneE37" begin="35" end="35" number="1"/>
<flow id="car36" type="carType1" from="gneE29" to="gneE9" begin="36" end="36" number="1"/>
<flow id="car37" type="carType2" from="-gneE51" to="toprightL" begin="36" end="36" number="1"/>
<flow id="car38" type="carType0" from="gneE27" to="gneE50" begin="37" end="37" number="1"/>
<flow id="car39" type="carType2" from="bottomrightL" to="bottomleftR" begin="38" end="38" number="1"/>
<flow id="car40" type="carType1" from="toprightD" to="gneE9" begin="40" end="40" number="1"/>
<flow id="car41" type="carType0" from="gneE8" to="-gneE48" begin="40" end="40" number="1"/>
<flow id="car42" type="carType0" from="gneE50" to="-gneE18" begin="41" end="41" number="1"/>
<flow id="car43" type="carType2" from="gneE51" to="-gneE7" begin="42" end="42" number="1"/>
<flow id="car44" type="carType0" from="-gneE50" to="gneE45" begin="43" end="43" number="1"/>
<flow id="car45" type="carType0" from="gneE18" to="gneE29" begin="43" end="43" number="1"/>
<flow id="car46" type="carType2" from="-gneE7" to="gneE21" begin="45" end="45" number="1"/>
<flow id="car47" type="carType1" from="-gneE44" to="gneE50" begin="45" end="45" number="1"/>
<flow id="car48" type="carType2" from="gneE9" to="gneE46" begin="45" end="45" number="1"/>
<flow id="car49" type="carType0" from="gneE21" to="-gneE34" begin="47" end="47" number="1"/>
<flow id="car50" type="carType2" from="-gneE50" to="-gneE42" begin="48" end="48" number="1"/>
<flow id="car51" type="carType1" from="bottomleftU" to="gneE42" begin="48" end="48" number="1"/>
<flow id="car52" type="carType1" from="topleftD" to="bottomleftU" begin="48" end="48" number="1"/>
<flow id="car53" type="carType2" from="gneE18" to="bottomrightU" begin="49" end="49" number="1"/>
<flow id="car54" type="carType1" from="gneE37" to="gneE21" begin="50" end="50" number="1"/>
<flow id="car55" type="carType0" from="gneE9" to="gneE21" begin="51" end="51" number="1"/>
<flow id="car56" type="carType2" from="-gneE27" to="gneE30" begin="52" end="52" number="1"/>
<flow id="car57" type="carType1" from="toprightD" to="-gneE37" begin="53" end="53" number="1"/>
<flow id="car58" type="carType0" from="gneE45" to="-gneE44" begin="53" end="53" number="1"/>
<flow id="car59" type="carType2" from="-gneE48" to="topleftR" begin="54" end="54" number="1"/>
<flow id="car60" type="carType2" from="gneE9" to="gneE42" begin="54" end="54" number="1"/>
<flow id="car61" type="carType0" from="gneE44" to="gneE9" begin="55" end="55" number="1"/>
<flow id="car62" type="carType1" from="gneE46" to="toprightL" begin="55" end="55" number="1"/>
<flow id="car63" type="carType1" from="-gneE13" to="gneE8" begin="55" end="55" number="1"/>
<flow id="car64" type="carType2" from="-gneE45" to="-gneE51" begin="57" end="57" number="1"/>
<flow id="car65" type="carType2" from="bottomrightU" to="gneE28" begin="58" end="58" number="1"/>
<flow id="car66" type="carType2" from="-gneE33" to="gneE44" begin="60" end="60" number="1"/>
<flow id="car67" type="carType2" from="topleftR" to="-gneE50" begin="60" end="60" number="1"/>
<flow id="car68" type="carType2" from="gneE28" to="gneE45" begin="61" end="61" number="1"/>
<flow id="car69" type="carType1" from="-gneE51" to="gneE43" begin="63" end="63" number="1"/>
<flow id="car70" type="carType2" from="-gneE49" to="-gneE28" begin="65" end="65" number="1"/>
<flow id="car71" type="carType1" from="gneE27" to="-gneE13" begin="68" end="68" number="1"/>
<flow id="car72" type="carType2" from="-gneE21" to="gneE9" begin="70" end="70" number="1"/>
<flow id="car73" type="carType0" from="gneE30" to="-gneE37" begin="70" end="70" number="1"/>
<flow id="car74" type="carType1" from="gneE42" to="-gneE29" begin="72" end="72" number="1"/>
<flow id="car75" type="carType0" from="gneE35" to="toprightL" begin="72" end="72" number="1"/>
<flow id="car76" type="carType1" from="gneE44" to="gneE34" begin="73" end="73" number="1"/>
<flow id="car77" type="carType2" from="bottomleftU" to="-gneE44" begin="75" end="75" number="1"/>
<flow id="car78" type="carType0" from="toprightD" to="gneE18" begin="76" end="76" number="1"/>
<flow id="car79" type="carType2" from="topleftD" to="bottomrightU" begin="77" end="77" number="1"/>
<flow id="car80" type="carType2" from="-gneE21" to="-gneE34" begin="78" end="78" number="1"/>
<flow id="car81" type="carType0" from="-gneE45" to="gneE48" begin="78" end="78" number="1"/>
<flow id="car82" type="carType2" from="gneE21" to="gneE37" begin="79" end="79" number="1"/>
<flow id="car83" type="carType0" from="-gneE44" to="-gneE43" begin="80" end="80" number="1"/>
<flow id="car84" type="carType2" from="-gneE21" to="gneE9" begin="81" end="81" number="1"/>
<flow id="car85" type="carType1" from="gneE34" to="-gneE7" begin="82" end="82" number="1"/>
<flow id="car86" type="carType1" from="-gneE28" to="-gneE44" begin="82" end="82" number="1"/>
<flow id="car87" type="carType0" from="gneE44" to="bottomleftU" begin="84" end="84" number="1"/>
<flow id="car88" type="carType1" from="bottomleftR" to="bottomleftR" begin="84" end="84" number="1"/>
<flow id="car89" type="carType2" from="-gneE51" to="bottomleftR" begin="85" end="85" number="1"/>
<flow id="car90" type="carType1" from="-gneE49" to="gneE30" begin="85" end="85" number="1"/>
<flow id="car91" type="carType2" from="gneE46" to="gneE27" begin="85" end="85" number="1"/>
<flow id="car92" type="carType1" from="-gneE33" to="bottomleftU" begin="86" end="86" number="1"/>
<flow id="car93" type="carType2" from="gneE8" to="-gneE8" begin="86" end="86" number="1"/>
<flow id="car94" type="carType0" from="-gneE33" to="gneE46" begin="89" end="89" number="1"/>
<flow id="car95" type="carType1" from="topleftR" to="-gneE34" begin="89" end="89" number="1"/>
<flow id="car96" type="carType0" from="gneE49" to="gneE51" begin="91" end="91" number="1"/>
<flow id="car97" type="carType0" from="gneE9" to="gneE22" begin="91" end="91" number="1"/>
<flow id="car98" type="carType1" from="-gneE45" to="gneE49" begin="92" end="92" number="1"/>
<flow id="car99" type="carType0" from="gneE30" to="gneE34" begin="92" end="92" number="1"/>
<flow id="car100" type="carType2" from="gneE30" to="-gneE27" begin="92" end="92" number="1"/>
<flow id="car101" type="carType1" from="gneE28" to="-gneE34" begin="95" end="95" number="1"/>
<flow id="car102" type="carType2" from="gneE44" to="-gneE49" begin="97" end="97" number="1"/>
<flow id="car103" type="carType2" from="-gneE45" to="-gneE7" begin="99" end="99" number="1"/>
<flow id="car104" type="carType2" from="bottomrightU" to="gneE8" begin="99" end="99" number="1"/>
<flow id="car105" type="carType0" from="gneE51" to="bottomrightU" begin="100" end="100" number="1"/>
<flow id="car106" type="carType2" from="toprightL" to="-gneE48" begin="100" end="100" number="1"/>
<flow id="car107" type="carType1" from="-gneE18" to="gneE43" begin="101" end="101" number="1"/>
<flow id="car108" type="carType2" from="-gneE33" to="gneE51" begin="103" end="103" number="1"/>
<flow id="car109" type="carType1" from="-gneE18" to="gneE35" begin="104" end="104" number="1"/>
<flow id="car110" type="carType2" from="bottomrightL" to="-gneE34" begin="107" end="107" number="1"/>
<flow id="car111" type="carType0" from="toprightD" to="-gneE34" begin="109" end="109" number="1"/>
<flow id="car112" type="carType0" from="topleftR" to="gneE22" begin="109" end="109" number="1"/>
<flow id="car113" type="carType2" from="-gneE8" to="-gneE43" begin="110" end="110" number="1"/>
<flow id="car114" type="carType0" from="gneE46" to="bottomrightU" begin="110" end="110" number="1"/>
<flow id="car115" type="carType0" from="gneE37" to="-gneE45" begin="110" end="110" number="1"/>
<flow id="car116" type="carType1" from="-gneE28" to="-gneE48" begin="111" end="111" number="1"/>
<flow id="car117" type="carType2" from="gneE37" to="gneE43" begin="115" end="115" number="1"/>
<flow id="car118" type="carType0" from="gneE43" to="gneE37" begin="115" end="115" number="1"/>
<flow id="car119" type="carType0" from="gneE48" to="topleftR" begin="115" end="115" number="1"/>
<flow id="car120" type="carType0" from="-gneE8" to="bottomleftR" begin="115" end="115" number="1"/>
<flow id="car121" type="carType2" from="gneE28" to="gneE50" begin="117" end="117" number="1"/>
<flow id="car122" type="carType1" from="gneE50" to="gneE45" begin="118" end="118" number="1"/>
<flow id="car123" type="carType2" from="gneE21" to="gneE45" begin="121" end="121" number="1"/>
<flow id="car124" type="carType0" from="gneE18" to="-gneE37" begin="121" end="121" number="1"/>
<flow id="car125" type="carType1" from="gneE46" to="bottomleftU" begin="122" end="122" number="1"/>
<flow id="car126" type="carType1" from="gneE34" to="-gneE18" begin="123" end="123" number="1"/>
<flow id="car127" type="carType0" from="gneE48" to="-gneE51" begin="123" end="123" number="1"/>
<flow id="car128" type="carType0" from="toprightL" to="-gneE27" begin="127" end="127" number="1"/>
<flow id="car129" type="carType0" from="gneE9" to="gneE44" begin="127" end="127" number="1"/>
<flow id="car130" type="carType1" from="gneE35" to="gneE42" begin="127" end="127" number="1"/>
<flow id="car131" type="carType2" from="-gneE44" to="gneE8" begin="128" end="128" number="1"/>
<flow id="car132" type="carType0" from="-gneE18" to="-gneE50" begin="128" end="128" number="1"/>
<flow id="car133" type="carType0" from="toprightD" to="gneE44" begin="132" end="132" number="1"/>
<flow id="car134" type="carType0" from="gneE9" to="gneE27" begin="132" end="132" number="1"/>
<flow id="car135" type="carType0" from="gneE22" to="gneE30" begin="133" end="133" number="1"/>
<flow id="car136" type="carType0" from="topleftR" to="gneE50" begin="133" end="133" number="1"/>
<flow id="car137" type="carType0" from="-gneE8" to="gneE46" begin="135" end="135" number="1"/>
<flow id="car138" type="carType1" from="topleftR" to="-gneE34" begin="136" end="136" number="1"/>
<flow id="car139" type="carType2" from="gneE18" to="-gneE43" begin="138" end="138" number="1"/>
<flow id="car140" type="carType1" from="gneE22" to="gneE30" begin="138" end="138" number="1"/>
<flow id="car141" type="carType0" from="bottomrightU" to="-gneE43" begin="139" end="139" number="1"/>
<flow id="car142" type="carType2" from="-gneE49" to="-gneE29" begin="140" end="140" number="1"/>
<flow id="car143" type="carType0" from="gneE22" to="toprightD" begin="141" end="141" number="1"/>
<flow id="car144" type="carType1" from="-gneE13" to="gneE29" begin="143" end="143" number="1"/>
<flow id="car145" type="carType2" from="gneE18" to="gneE18" begin="143" end="143" number="1"/>
<flow id="car146" type="carType0" from="-gneE34" to="-gneE44" begin="144" end="144" number="1"/>
<flow id="car147" type="carType1" from="-gneE29" to="bottomrightL" begin="145" end="145" number="1"/>
<flow id="car148" type="carType0" from="-gneE27" to="-gneE45" begin="145" end="145" number="1"/>
<flow id="car149" type="carType1" from="-gneE27" to="gneE50" begin="146" end="146" number="1"/>
<flow id="car150" type="carType0" from="gneE34" to="gneE8" begin="147" end="147" number="1"/>
<flow id="car151" type="carType2" from="gneE35" to="gneE27" begin="151" end="151" number="1"/>
<flow id="car152" type="carType2" from="-gneE37" to="toprightD" begin="152" end="152" number="1"/>
<flow id="car153" type="carType0" from="gneE30" to="-gneE50" begin="153" end="153" number="1"/>
<flow id="car154" type="carType2" from="-gneE8" to="gneE50" begin="157" end="157" number="1"/>
<flow id="car155" type="carType2" from="-gneE51" to="gneE50" begin="157" end="157" number="1"/>
<flow id="car156" type="carType0" from="-gneE44" to="gneE46" begin="158" end="158" number="1"/>
<flow id="car157" type="carType0" from="gneE8" to="gneE30" begin="159" end="159" number="1"/>
<flow id="car158" type="carType2" from="-gneE21" to="gneE9" begin="161" end="161" number="1"/>
<flow id="car159" type="carType1" from="gneE50" to="bottomrightL" begin="163" end="163" number="1"/>
<flow id="car160" type="carType0" from="gneE49" to="gneE43" begin="163" end="163" number="1"/>
<flow id="car161" type="carType1" from="bottomrightU" to="gneE34" begin="165" end="165" number="1"/>
<flow id="car162" type="carType2" from="gneE8" to="gneE42" begin="166" end="166" number="1"/>
<flow id="car163" type="carType0" from="-gneE45" to="-gneE33" begin="166" end="166" number="1"/>
<flow id="car164" type="carType2" from="gneE44" to="-gneE33" begin="167" end="167" number="1"/>
<flow id="car165" type="carType0" from="-gneE44" to="bottomrightU" begin="167" end="167" number="1"/>
<flow id="car166" type="carType1" from="-gneE8" to="-gneE42" begin="168" end="168" number="1"/>
<flow id="car167" type="carType1" from="gneE27" to="gneE29" begin="169" end="169" number="1"/>
<flow id="car168" type="carType1" from="-gneE33" to="gneE34" begin="171" end="171" number="1"/>
<flow id="car169" type="carType2" from="-gneE7" to="gneE51" begin="173" end="173" number="1"/>
<flow id="car170" type="carType0" from="-gneE43" to="gneE44" begin="174" end="174" number="1"/>
<flow id="car171" type="carType1" from="gneE22" to="-gneE8" begin="174" end="174" number="1"/>
<flow id="car172" type="carType0" from="gneE43" to="-gneE33" begin="174" end="174" number="1"/>
<flow id="car173" type="carType1" from="gneE27" to="-gneE48" begin="175" end="175" number="1"/>
<flow id="car174" type="carType1" from="gneE8" to="gneE43" begin="177" end="177" number="1"/>
<flow id="car175" type="carType1" from="bottomrightU" to="-gneE44" begin="178" end="178" number="1"/>
<flow id="car176" type="carType2" from="gneE28" to="-gneE45" begin="179" end="179" number="1"/>
<flow id="car177" type="carType0" from="topleftR" to="gneE49" begin="181" end="181" number="1"/>
<flow id="car178" type="carType2" from="gneE37" to="-gneE51" begin="181" end="181" number="1"/>
<flow id="car179" type="carType2" from="-gneE50" to="-gneE27" begin="182" end="182" number="1"/>
<flow id="car180" type="carType1" from="-gneE27" to="-gneE8" begin="182" end="182" number="1"/>
<flow id="car181" type="carType0" from="gneE34" to="-gneE34" begin="183" end="183" number="1"/>
<flow id="car182" type="carType2" from="gneE42" to="bottomleftU" begin="184" end="184" number="1"/>
<flow id="car183" type="carType2" from="bottomrightL" to="gneE49" begin="184" end="184" number="1"/>
<flow id="car184" type="carType1" from="gneE34" to="gneE48" begin="186" end="186" number="1"/>
<flow id="car185" type="carType0" from="gneE9" to="-gneE45" begin="187" end="187" number="1"/>
<flow id="car186" type="carType2" from="gneE18" to="toprightD" begin="187" end="187" number="1"/>
<flow id="car187" type="carType0" from="gneE37" to="gneE46" begin="189" end="189" number="1"/>
<flow id="car188" type="carType0" from="gneE21" to="gneE50" begin="189" end="189" number="1"/>
<flow id="car189" type="carType2" from="-gneE44" to="gneE28" begin="189" end="189" number="1"/>
<flow id="car190" type="carType1" from="gneE21" to="bottomrightL" begin="193" end="193" number="1"/>
<flow id="car191" type="carType1" from="gneE46" to="gneE44" begin="194" end="194" number="1"/>
<flow id="car192" type="carType0" from="gneE42" to="gneE50" begin="194" end="194" number="1"/>
<flow id="car193" type="carType2" from="gneE22" to="-gneE21" begin="194" end="194" number="1"/>
<flow id="car194" type="carType0" from="-gneE37" to="-gneE29" begin="194" end="194" number="1"/>
<flow id="car195" type="carType0" from="-gneE37" to="gneE37" begin="196" end="196" number="1"/>
<flow id="car196" type="carType0" from="gneE45" to="toprightD" begin="196" end="196" number="1"/>
<flow id="car197" type="carType1" from="-gneE37" to="-gneE50" begin="198" end="198" number="1"/>
<flow id="car198" type="carType0" from="toprightD" to="gneE21" begin="199" end="199" number="1"/>
<flow id="car199" type="carType1" from="gneE37" to="-gneE50" begin="199" end="199" number="1"/>
</routes>
