<routes>
<vType id="carType0" length="7" maxSpeed="44.64" accel="2.24" decel="4.52" speedDev="0.2" sigma="0.12"/>
<vType id="carType1" length="5" maxSpeed="56.32" accel="2.46" decel="5.84" speedDev="0.2" sigma="0.21"/>
<vType id="carType2" length="8" maxSpeed="50.24" accel="2.89" decel="4.46" speedDev="0.2" sigma="0.26"/>
<flow id="car0" type="carType0" from="gneE49" to="gneE9" begin="0" end="0" number="1"/>
<flow id="car1" type="carType1" from="topleftR" to="-gneE37" begin="1" end="1" number="1"/>
<flow id="car2" type="carType2" from="-gneE28" to="-gneE8" begin="2" end="2" number="1"/>
<flow id="car3" type="carType1" from="gneE29" to="-gneE48" begin="2" end="2" number="1"/>
<flow id="car4" type="carType0" from="-gneE28" to="gneE46" begin="3" end="3" number="1"/>
<flow id="car5" type="carType0" from="-gneE33" to="-gneE18" begin="4" end="4" number="1"/>
<flow id="car6" type="carType0" from="gneE46" to="gneE48" begin="5" end="5" number="1"/>
<flow id="car7" type="carType0" from="gneE8" to="gneE30" begin="5" end="5" number="1"/>
<flow id="car8" type="carType2" from="-gneE43" to="gneE43" begin="5" end="5" number="1"/>
<flow id="car9" type="carType0" from="bottomleftR" to="gneE9" begin="5" end="5" number="1"/>
<flow id="car10" type="carType0" from="gneE8" to="topleftR" begin="7" end="7" number="1"/>
<flow id="car11" type="carType1" from="-gneE45" to="-gneE44" begin="8" end="8" number="1"/>
<flow id="car12" type="carType0" from="-gneE7" to="gneE43" begin="8" end="8" number="1"/>
<flow id="car13" type="carType0" from="topleftR" to="-gneE45" begin="9" end="9" number="1"/>
<flow id="car14" type="carType2" from="gneE37" to="-gneE48" begin="10" end="10" number="1"/>
<flow id="car15" type="carType2" from="-gneE37" to="gneE48" begin="12" end="12" number="1"/>
<flow id="car16" type="carType2" from="-gneE8" to="toprightL" begin="12" end="12" number="1"/>
<flow id="car17" type="carType0" from="gneE43" to="-gneE7" begin="13" end="13" number="1"/>
<flow id="car18" type="carType2" from="-gneE33" to="-gneE8" begin="15" end="15" number="1"/>
<flow id="car19" type="carType1" from="-gneE50" to="bottomleftR" begin="16" end="16" number="1"/>
<flow id="car20" type="carType0" from="bottomrightL" to="-gneE42" begin="17" end="17" number="1"/>
<flow id="car21" type="carType1" from="-gneE49" to="-gneE27" begin="18" end="18" number="1"/>
<flow id="car22" type="carType0" from="-gneE37" to="gneE21" begin="19" end="19" number="1"/>
<flow id="car23" type="carType2" from="bottomleftR" to="gneE27" begin="21" end="21" number="1"/>
<flow id="car24" type="carType1" from="-gneE13" to="-gneE7" begin="21" end="21" number="1"/>
<flow id="car25" type="carType1" from="gneE29" to="gneE34" begin="22" end="22" number="1"/>
<flow id="car26" type="carType1" from="-gneE29" to="gneE27" begin="22" end="22" number="1"/>
<flow id="car27" type="carType0" from="gneE30" to="gneE35" begin="22" end="22" number="1"/>
<flow id="car28" type="carType2" from="-gneE50" to="-gneE28" begin="23" end="23" number="1"/>
<flow id="car29" type="carType2" from="bottomrightL" to="gneE22" begin="23" end="23" number="1"/>
<flow id="car30" type="carType0" from="-gneE50" to="gneE48" begin="25" end="25" number="1"/>
<flow id="car31" type="carType0" from="bottomrightU" to="gneE34" begin="26" end="26" number="1"/>
<flow id="car32" type="carType2" from="-gneE44" to="gneE22" begin="27" end="27" number="1"/>
<flow id="car33" type="carType0" from="gneE21" to="-gneE43" begin="28" end="28" number="1"/>
<flow id="car34" type="carType0" from="-gneE29" to="gneE42" begin="29" end="29" number="1"/>
<flow id="car35" type="carType0" from="bottomrightL" to="gneE35" begin="29" end="29" number="1"/>
<flow id="car36" type="carType0" from="gneE29" to="bottomleftU" begin="30" end="30" number="1"/>
<flow id="car37" type="carType0" from="-gneE43" to="-gneE48" begin="30" end="30" number="1"/>
<flow id="car38" type="carType2" from="-gneE18" to="gneE30" begin="32" end="32" number="1"/>
<flow id="car39" type="carType0" from="gneE50" to="-gneE42" begin="34" end="34" number="1"/>
<flow id="car40" type="carType1" from="bottomrightU" to="-gneE28" begin="34" end="34" number="1"/>
<flow id="car41" type="carType0" from="bottomleftR" to="gneE49" begin="35" end="35" number="1"/>
<flow id="car42" type="carType1" from="bottomrightU" to="-gneE34" begin="35" end="35" number="1"/>
<flow id="car43" type="carType0" from="-gneE7" to="topleftR" begin="37" end="37" number="1"/>
<flow id="car44" type="carType2" from="-gneE33" to="-gneE42" begin="38" end="38" number="1"/>
<flow id="car45" type="carType0" from="-gneE43" to="-gneE18" begin="38" end="38" number="1"/>
<flow id="car46" type="carType1" from="gneE42" to="gneE35" begin="38" end="38" number="1"/>
<flow id="car47" type="carType0" from="-gneE45" to="-gneE42" begin="40" end="40" number="1"/>
<flow id="car48" type="carType2" from="gneE30" to="bottomleftR" begin="42" end="42" number="1"/>
<flow id="car49" type="carType1" from="bottomleftR" to="bottomleftU" begin="44" end="44" number="1"/>
<flow id="car50" type="carType2" from="gneE22" to="bottomrightU" begin="45" end="45" number="1"/>
<flow id="car51" type="carType0" from="-gneE43" to="-gneE13" begin="45" end="45" number="1"/>
<flow id="car52" type="carType2" from="gneE48" to="-gneE43" begin="45" end="45" number="1"/>
<flow id="car53" type="carType2" from="-gneE50" to="-gneE18" begin="47" end="47" number="1"/>
<flow id="car54" type="carType2" from="topleftD" to="-gneE33" begin="48" end="48" number="1"/>
<flow id="car55" type="carType0" from="gneE49" to="gneE34" begin="49" end="49" number="1"/>
<flow id="car56" type="carType2" from="gneE37" to="-gneE37" begin="50" end="50" number="1"/>
<flow id="car57" type="carType0" from="gneE30" to="-gneE51" begin="52" end="52" number="1"/>
<flow id="car58" type="carType2" from="gneE9" to="-gneE8" begin="54" end="54" number="1"/>
<flow id="car59" type="carType2" from="gneE27" to="gneE37" begin="55" end="55" number="1"/>
<flow id="car60" type="carType0" from="-gneE45" to="gneE18" begin="56" end="56" number="1"/>
<flow id="car61" type="carType2" from="gneE28" to="-gneE51" begin="57" end="57" number="1"/>
<flow id="car62" type="carType1" from="bottomrightL" to="-gneE50" begin="58" end="58" number="1"/>
<flow id="car63" type="carType0" from="toprightD" to="-gneE34" begin="59" end="59" number="1"/>
<flow id="car64" type="carType0" from="-gneE37" to="-gneE29" begin="60" end="60" number="1"/>
<flow id="car65" type="carType0" from="gneE28" to="-gneE33" begin="60" end="60" number="1"/>
<flow id="car66" type="carType1" from="-gneE21" to="-gneE8" begin="61" end="61" number="1"/>
<flow id="car67" type="carType1" from="-gneE13" to="-gneE44" begin="62" end="62" number="1"/>
<flow id="car68" type="carType1" from="gneE35" to="gneE51" begin="64" end="64" number="1"/>
<flow id="car69" type="carType1" from="gneE28" to="-gneE44" begin="64" end="64" number="1"/>
<flow id="car70" type="carType0" from="-gneE34" to="gneE29" begin="64" end="64" number="1"/>
<flow id="car71" type="carType0" from="-gneE29" to="gneE18" begin="65" end="65" number="1"/>
<flow id="car72" type="carType1" from="topleftD" to="gneE45" begin="66" end="66" number="1"/>
<flow id="car73" type="carType1" from="topleftD" to="gneE9" begin="67" end="67" number="1"/>
<flow id="car74" type="carType0" from="gneE50" to="gneE35" begin="68" end="68" number="1"/>
<flow id="car75" type="carType1" from="gneE9" to="bottomrightL" begin="68" end="68" number="1"/>
<flow id="car76" type="carType2" from="gneE34" to="bottomleftR" begin="69" end="69" number="1"/>
<flow id="car77" type="carType1" from="bottomleftR" to="gneE51" begin="73" end="73" number="1"/>
<flow id="car78" type="carType1" from="gneE42" to="bottomleftU" begin="74" end="74" number="1"/>
<flow id="car79" type="carType1" from="gneE8" to="gneE28" begin="74" end="74" number="1"/>
<flow id="car80" type="carType2" from="-gneE28" to="-gneE7" begin="74" end="74" number="1"/>
<flow id="car81" type="carType1" from="-gneE34" to="gneE18" begin="74" end="74" number="1"/>
<flow id="car82" type="carType2" from="-gneE21" to="gneE43" begin="78" end="78" number="1"/>
<flow id="car83" type="carType1" from="-gneE7" to="-gneE44" begin="80" end="80" number="1"/>
<flow id="car84" type="carType2" from="gneE30" to="gneE18" begin="81" end="81" number="1"/>
<flow id="car85" type="carType0" from="-gneE28" to="gneE30" begin="85" end="85" number="1"/>
<flow id="car86" type="carType0" from="-gneE33" to="gneE27" begin="85" end="85" number="1"/>
<flow id="car87" type="carType1" from="gneE9" to="toprightD" begin="85" end="85" number="1"/>
<flow id="car88" type="carType1" from="-gneE29" to="gneE28" begin="87" end="87" number="1"/>
<flow id="car89" type="carType1" from="-gneE42" to="gneE51" begin="87" end="87" number="1"/>
<flow id="car90" type="carType1" from="gneE29" to="-gneE18" begin="87" end="87" number="1"/>
<flow id="car91" type="carType1" from="gneE49" to="-gneE37" begin="89" end="89" number="1"/>
<flow id="car92" type="carType1" from="-gneE37" to="-gneE45" begin="91" end="91" number="1"/>
<flow id="car93" type="carType2" from="-gneE37" to="-gneE50" begin="91" end="91" number="1"/>
<flow id="car94" type="carType2" from="gneE9" to="gneE35" begin="95" end="95" number="1"/>
<flow id="car95" type="carType2" from="gneE9" to="toprightL" begin="95" end="95" number="1"/>
<flow id="car96" type="carType2" from="-gneE48" to="gneE34" begin="98" end="98" number="1"/>
<flow id="car97" type="carType0" from="gneE21" to="gneE29" begin="98" end="98" number="1"/>
<flow id="car98" type="carType0" from="toprightL" to="bottomleftU" begin="101" end="101" number="1"/>
<flow id="car99" type="carType0" from="gneE43" to="bottomrightU" begin="102" end="102" number="1"/>
<flow id="car100" type="carType1" from="gneE22" to="gneE30" begin="103" end="103" number="1"/>
<flow id="car101" type="carType2" from="bottomrightU" to="gneE28" begin="105" end="105" number="1"/>
<flow id="car102" type="carType2" from="-gneE28" to="gneE21" begin="106" end="106" number="1"/>
<flow id="car103" type="carType2" from="-gneE48" to="gneE42" begin="106" end="106" number="1"/>
<flow id="car104" type="carType2" from="topleftR" to="gneE42" begin="106" end="106" number="1"/>
<flow id="car105" type="carType2" from="gneE29" to="-gneE51" begin="109" end="109" number="1"/>
<flow id="car106" type="carType0" from="gneE49" to="gneE29" begin="109" end="109" number="1"/>
<flow id="car107" type="carType0" from="gneE8" to="gneE42" begin="110" end="110" number="1"/>
<flow id="car108" type="carType1" from="gneE50" to="gneE37" begin="110" end="110" number="1"/>
<flow id="car109" type="carType2" from="-gneE8" to="gneE22" begin="112" end="112" number="1"/>
<flow id="car110" type="carType0" from="gneE49" to="gneE48" begin="114" end="114" number="1"/>
<flow id="car111" type="carType1" from="gneE51" to="gneE43" begin="115" end="115" number="1"/>
<flow id="car112" type="carType1" from="gneE28" to="-gneE8" begin="115" end="115" number="1"/>
<flow id="car113" type="carType0" from="-gneE28" to="-gneE42" begin="117" end="117" number="1"/>
<flow id="car114" type="carType0" from="gneE8" to="-gneE27" begin="118" end="118" number="1"/>
<flow id="car115" type="carType2" from="bottomrightL" to="gneE44" begin="118" end="118" number="1"/>
<flow id="car116" type="carType1" from="gneE43" to="-gneE49" begin="119" end="119" number="1"/>
<flow id="car117" type="carType1" from="-gneE51" to="-gneE33" begin="120" end="120" number="1"/>
<flow id="car118" type="carType1" from="-gneE43" to="-gneE50" begin="123" end="123" number="1"/>
<flow id="car119" type="carType0" from="-gneE8" to="gneE29" begin="125" end="125" number="1"/>
<flow id="car120" type="carType2" from="-gneE29" to="gneE22" begin="125" end="125" number="1"/>
<flow id="car121" type="carType0" from="-gneE8" to="toprightD" begin="125" end="125" number="1"/>
<flow id="car122" type="carType2" from="gneE43" to="-gneE37" begin="127" end="127" number="1"/>
<flow id="car123" type="carType1" from="gneE46" to="toprightL" begin="128" end="128" number="1"/>
<flow id="car124" type="carType2" from="-gneE34" to="gneE44" begin="128" end="128" number="1"/>
<flow id="car125" type="carType2" from="gneE9" to="-gneE13" begin="131" end="131" number="1"/>
<flow id="car126" type="carType1" from="topleftR" to="gneE8" begin="131" end="131" number="1"/>
<flow id="car127" type="carType1" from="bottomrightL" to="-gneE33" begin="134" end="134" number="1"/>
<flow id="car128" type="carType2" from="gneE49" to="-gneE33" begin="136" end="136" number="1"/>
<flow id="car129" type="carType2" from="gneE30" to="gneE42" begin="137" end="137" number="1"/>
<flow id="car130" type="carType0" from="gneE35" to="gneE50" begin="138" end="138" number="1"/>
<flow id="car131" type="carType2" from="bottomleftU" to="gneE45" begin="138" end="138" number="1"/>
<flow id="car132" type="carType0" from="gneE43" to="gneE27" begin="138" end="138" number="1"/>
<flow id="car133" type="carType0" from="gneE42" to="gneE46" begin="141" end="141" number="1"/>
<flow id="car134" type="carType0" from="gneE9" to="-gneE13" begin="142" end="142" number="1"/>
<flow id="car135" type="carType2" from="-gneE42" to="-gneE13" begin="142" end="142" number="1"/>
<flow id="car136" type="carType0" from="gneE34" to="gneE43" begin="143" end="143" number="1"/>
<flow id="car137" type="carType2" from="-gneE33" to="-gneE42" begin="143" end="143" number="1"/>
<flow id="car138" type="carType2" from="gneE34" to="gneE8" begin="144" end="144" number="1"/>
<flow id="car139" type="carType0" from="gneE9" to="-gneE28" begin="146" end="146" number="1"/>
<flow id="car140" type="carType0" from="gneE18" to="-gneE7" begin="147" end="147" number="1"/>
<flow id="car141" type="carType0" from="-gneE44" to="gneE18" begin="147" end="147" number="1"/>
<flow id="car142" type="carType0" from="gneE21" to="gneE30" begin="149" end="149" number="1"/>
<flow id="car143" type="carType1" from="toprightL" to="topleftD" begin="149" end="149" number="1"/>
<flow id="car144" type="carType2" from="gneE21" to="gneE27" begin="150" end="150" number="1"/>
<flow id="car145" type="carType0" from="-gneE33" to="-gneE13" begin="150" end="150" number="1"/>
<flow id="car146" type="carType0" from="-gneE28" to="gneE35" begin="151" end="151" number="1"/>
<flow id="car147" type="carType0" from="-gneE48" to="gneE37" begin="151" end="151" number="1"/>
<flow id="car148" type="carType2" from="gneE45" to="gneE37" begin="152" end="152" number="1"/>
<flow id="car149" type="carType0" from="gneE18" to="gneE30" begin="152" end="152" number="1"/>
<flow id="car150" type="carType2" from="gneE42" to="-gneE43" begin="154" end="154" number="1"/>
<flow id="car151" type="carType2" from="gneE9" to="-gneE33" begin="155" end="155" number="1"/>
<flow id="car152" type="carType2" from="gneE27" to="-gneE45" begin="157" end="157" number="1"/>
<flow id="car153" type="carType0" from="-gneE49" to="bottomrightU" begin="159" end="159" number="1"/>
<flow id="car154" type="carType1" from="gneE28" to="-gneE18" begin="159" end="159" number="1"/>
<flow id="car155" type="carType0" from="gneE49" to="bottomrightL" begin="162" end="162" number="1"/>
<flow id="car156" type="carType2" from="-gneE49" to="-gneE28" begin="162" end="162" number="1"/>
<flow id="car157" type="carType1" from="gneE49" to="gneE42" begin="162" end="162" number="1"/>
<flow id="car158" type="carType0" from="-gneE45" to="gneE42" begin="163" end="163" number="1"/>
<flow id="car159" type="carType1" from="-gneE8" to="bottomrightL" begin="164" end="164" number="1"/>
<flow id="car160" type="carType2" from="-gneE49" to="-gneE45" begin="165" end="165" number="1"/>
<flow id="car161" type="carType1" from="gneE46" to="-gneE18" begin="165" end="165" number="1"/>
<flow id="car162" type="carType2" from="gneE21" to="-gneE33" begin="166" end="166" number="1"/>
<flow id="car163" type="carType0" from="gneE48" to="-gneE45" begin="166" end="166" number="1"/>
<flow id="car164" type="carType1" from="-gneE44" to="-gneE28" begin="166" end="166" number="1"/>
<flow id="car165" type="carType2" from="bottomleftR" to="-gneE18" begin="167" end="167" number="1"/>
<flow id="car166" type="carType1" from="gneE35" to="bottomleftR" begin="167" end="167" number="1"/>
<flow id="car167" type="carType1" from="gneE51" to="gneE35" begin="168" end="168" number="1"/>
<flow id="car168" type="carType2" from="gneE29" to="-gneE7" begin="168" end="168" number="1"/>
<flow id="car169" type="carType2" from="gneE49" to="-gneE33" begin="172" end="172" number="1"/>
<flow id="car170" type="carType2" from="gneE44" to="gneE51" begin="173" end="173" number="1"/>
<flow id="car171" type="carType1" from="gneE29" to="-gneE27" begin="175" end="175" number="1"/>
<flow id="car172" type="carType2" from="bottomrightL" to="gneE30" begin="175" end="175" number="1"/>
<flow id="car173" type="carType0" from="gneE8" to="gneE21" begin="177" end="177" number="1"/>
<flow id="car174" type="carType1" from="-gneE21" to="-gneE7" begin="177" end="177" number="1"/>
<flow id="car175" type="carType2" from="gneE42" to="-gneE29" begin="178" end="178" number="1"/>
<flow id="car176" type="carType2" from="bottomleftR" to="-gneE21" begin="179" end="179" number="1"/>
<flow id="car177" type="carType1" from="gneE29" to="gneE45" begin="180" end="180" number="1"/>
<flow id="car178" type="carType0" from="gneE42" to="gneE9" begin="181" end="181" number="1"/>
<flow id="car179" type="carType1" from="-gneE29" to="-gneE29" begin="181" end="181" number="1"/>
<flow id="car180" type="carType0" from="gneE8" to="gneE44" begin="183" end="183" number="1"/>
<flow id="car181" type="carType2" from="gneE46" to="-gneE13" begin="183" end="183" number="1"/>
<flow id="car182" type="carType2" from="gneE34" to="-gneE37" begin="183" end="183" number="1"/>
<flow id="car183" type="carType1" from="toprightD" to="topleftR" begin="183" end="183" number="1"/>
<flow id="car184" type="carType1" from="gneE48" to="gneE18" begin="184" end="184" number="1"/>
<flow id="car185" type="carType2" from="gneE28" to="topleftD" begin="187" end="187" number="1"/>
<flow id="car186" type="carType2" from="-gneE48" to="-gneE18" begin="188" end="188" number="1"/>
<flow id="car187" type="carType2" from="gneE37" to="-gneE29" begin="190" end="190" number="1"/>
<flow id="car188" type="carType2" from="-gneE48" to="gneE49" begin="190" end="190" number="1"/>
<flow id="car189" type="carType1" from="-gneE49" to="gneE27" begin="192" end="192" number="1"/>
<flow id="car190" type="carType1" from="-gneE37" to="gneE18" begin="192" end="192" number="1"/>
<flow id="car191" type="carType0" from="gneE27" to="-gneE27" begin="193" end="193" number="1"/>
<flow id="car192" type="carType1" from="gneE21" to="gneE35" begin="194" end="194" number="1"/>
<flow id="car193" type="carType0" from="gneE46" to="gneE37" begin="196" end="196" number="1"/>
<flow id="car194" type="carType0" from="-gneE34" to="-gneE7" begin="196" end="196" number="1"/>
<flow id="car195" type="carType2" from="gneE46" to="-gneE8" begin="196" end="196" number="1"/>
<flow id="car196" type="carType0" from="gneE45" to="gneE27" begin="196" end="196" number="1"/>
<flow id="car197" type="carType2" from="gneE37" to="bottomrightL" begin="197" end="197" number="1"/>
<flow id="car198" type="carType1" from="gneE30" to="-gneE7" begin="197" end="197" number="1"/>
<flow id="car199" type="carType2" from="gneE30" to="-gneE28" begin="197" end="197" number="1"/>
</routes>
