<routes>
<vType id="carType0" length="5" maxSpeed="49.14" accel="2.76" decel="5.39" speedDev="0.2" sigma="0.11"/>
<vType id="carType1" length="5" maxSpeed="40.84" accel="2.68" decel="5.9" speedDev="0.2" sigma="0.12"/>
<vType id="carType2" length="8" maxSpeed="47.07" accel="2.53" decel="4.35" speedDev="0.2" sigma="0.28"/>
<flow id="car0" type="carType1" from="bottomrightL" to="bottomrightU" begin="0" end="0" number="1"/>
<flow id="car1" type="carType2" from="-gneE34" to="bottomleftU" begin="0" end="0" number="1"/>
<flow id="car2" type="carType1" from="-gneE49" to="toprightD" begin="1" end="1" number="1"/>
<flow id="car3" type="carType2" from="topleftD" to="gneE28" begin="2" end="2" number="1"/>
<flow id="car4" type="carType1" from="-gneE44" to="gneE30" begin="6" end="6" number="1"/>
<flow id="car5" type="carType0" from="gneE50" to="gneE37" begin="7" end="7" number="1"/>
<flow id="car6" type="carType0" from="-gneE45" to="gneE50" begin="7" end="7" number="1"/>
<flow id="car7" type="carType0" from="gneE22" to="gneE51" begin="8" end="8" number="1"/>
<flow id="car8" type="carType1" from="-gneE43" to="-gneE28" begin="8" end="8" number="1"/>
<flow id="car9" type="carType0" from="gneE30" to="-gneE18" begin="11" end="11" number="1"/>
<flow id="car10" type="carType2" from="toprightD" to="-gneE43" begin="12" end="12" number="1"/>
<flow id="car11" type="carType1" from="gneE37" to="-gneE50" begin="13" end="13" number="1"/>
<flow id="car12" type="carType2" from="gneE50" to="-gneE18" begin="13" end="13" number="1"/>
<flow id="car13" type="carType0" from="-gneE27" to="-gneE8" begin="13" end="13" number="1"/>
<flow id="car14" type="carType0" from="gneE30" to="-gneE43" begin="14" end="14" number="1"/>
<flow id="car15" type="carType2" from="gneE51" to="gneE35" begin="14" end="14" number="1"/>
<flow id="car16" type="carType0" from="-gneE45" to="-gneE27" begin="15" end="15" number="1"/>
<flow id="car17" type="carType0" from="topleftD" to="gneE50" begin="18" end="18" number="1"/>
<flow id="car18" type="carType1" from="bottomleftR" to="-gneE7" begin="18" end="18" number="1"/>
<flow id="car19" type="carType2" from="-gneE8" to="gneE27" begin="18" end="18" number="1"/>
<flow id="car20" type="carType2" from="gneE43" to="-gneE51" begin="19" end="19" number="1"/>
<flow id="car21" type="carType0" from="gneE28" to="gneE18" begin="19" end="19" number="1"/>
<flow id="car22" type="carType0" from="gneE27" to="gneE35" begin="20" end="20" number="1"/>
<flow id="car23" type="carType1" from="topleftD" to="-gneE34" begin="20" end="20" number="1"/>
<flow id="car24" type="carType0" from="gneE18" to="gneE49" begin="21" end="21" number="1"/>
<flow id="car25" type="carType0" from="-gneE33" to="-gneE29" begin="21" end="21" number="1"/>
<flow id="car26" type="carType1" from="gneE27" to="-gneE8" begin="21" end="21" number="1"/>
<flow id="car27" type="carType1" from="gneE43" to="-gneE13" begin="22" end="22" number="1"/>
<flow id="car28" type="carType1" from="topleftR" to="gneE46" begin="22" end="22" number="1"/>
<flow id="car29" type="carType2" from="gneE22" to="gneE8" begin="23" end="23" number="1"/>
<flow id="car30" type="carType2" from="gneE9" to="bottomleftR" begin="23" end="23" number="1"/>
<flow id="car31" type="carType0" from="gneE45" to="-gneE33" begin="25" end="25" number="1"/>
<flow id="car32" type="carType0" from="-gneE43" to="-gneE18" begin="25" end="25" number="1"/>
<flow id="car33" type="carType1" from="gneE18" to="-gneE29" begin="27" end="27" number="1"/>
<flow id="car34" type="carType2" from="gneE46" to="gneE48" begin="27" end="27" number="1"/>
<flow id="car35" type="carType0" from="-gneE48" to="-gneE21" begin="30" end="30" number="1"/>
<flow id="car36" type="carType2" from="gneE51" to="-gneE51" begin="31" end="31" number="1"/>
<flow id="car37" type="carType1" from="-gneE42" to="-gneE42" begin="32" end="32" number="1"/>
<flow id="car38" type="carType2" from="gneE30" to="gneE8" begin="34" end="34" number="1"/>
<flow id="car39" type="carType0" from="gneE49" to="-gneE44" begin="35" end="35" number="1"/>
<flow id="car40" type="carType0" from="gneE46" to="-gneE28" begin="36" end="36" number="1"/>
<flow id="car41" type="carType2" from="-gneE33" to="-gneE43" begin="38" end="38" number="1"/>
<flow id="car42" type="carType2" from="-gneE34" to="bottomrightL" begin="40" end="40" number="1"/>
<flow id="car43" type="carType0" from="gneE8" to="bottomrightL" begin="40" end="40" number="1"/>
<flow id="car44" type="carType0" from="gneE21" to="-gneE50" begin="43" end="43" number="1"/>
<flow id="car45" type="carType0" from="gneE27" to="gneE35" begin="44" end="44" number="1"/>
<flow id="car46" type="carType1" from="-gneE8" to="gneE46" begin="44" end="44" number="1"/>
<flow id="car47" type="carType2" from="gneE18" to="-gneE7" begin="44" end="44" number="1"/>
<flow id="car48" type="carType1" from="gneE28" to="-gneE50" begin="45" end="45" number="1"/>
<flow id="car49" type="carType1" from="-gneE45" to="gneE30" begin="48" end="48" number="1"/>
<flow id="car50" type="carType0" from="gneE35" to="gneE9" begin="49" end="49" number="1"/>
<flow id="car51" type="carType2" from="gneE44" to="topleftD" begin="50" end="50" number="1"/>
<flow id="car52" type="carType1" from="topleftR" to="gneE51" begin="51" end="51" number="1"/>
<flow id="car53" type="carType1" from="gneE50" to="gneE27" begin="52" end="52" number="1"/>
<flow id="car54" type="carType2" from="bottomleftU" to="-gneE13" begin="53" end="53" number="1"/>
<flow id="car55" type="carType2" from="gneE48" to="gneE37" begin="54" end="54" number="1"/>
<flow id="car56" type="carType2" from="-gneE33" to="bottomleftR" begin="55" end="55" number="1"/>
<flow id="car57" type="carType2" from="bottomleftR" to="-gneE13" begin="56" end="56" number="1"/>
<flow id="car58" type="carType0" from="gneE48" to="gneE18" begin="57" end="57" number="1"/>
<flow id="car59" type="carType2" from="-gneE27" to="gneE48" begin="58" end="58" number="1"/>
<flow id="car60" type="carType1" from="-gneE51" to="-gneE7" begin="61" end="61" number="1"/>
<flow id="car61" type="carType1" from="gneE50" to="-gneE34" begin="62" end="62" number="1"/>
<flow id="car62" type="carType0" from="gneE8" to="topleftD" begin="62" end="62" number="1"/>
<flow id="car63" type="carType1" from="-gneE43" to="-gneE8" begin="64" end="64" number="1"/>
<flow id="car64" type="carType0" from="-gneE21" to="gneE27" begin="65" end="65" number="1"/>
<flow id="car65" type="carType1" from="gneE34" to="gneE44" begin="68" end="68" number="1"/>
<flow id="car66" type="carType2" from="gneE27" to="gneE48" begin="68" end="68" number="1"/>
<flow id="car67" type="carType1" from="-gneE8" to="-gneE18" begin="68" end="68" number="1"/>
<flow id="car68" type="carType1" from="bottomrightL" to="bottomrightU" begin="70" end="70" number="1"/>
<flow id="car69" type="carType2" from="gneE9" to="-gneE42" begin="70" end="70" number="1"/>
<flow id="car70" type="carType2" from="bottomrightL" to="-gneE45" begin="70" end="70" number="1"/>
<flow id="car71" type="carType0" from="-gneE42" to="toprightL" begin="72" end="72" number="1"/>
<flow id="car72" type="carType2" from="-gneE50" to="gneE46" begin="72" end="72" number="1"/>
<flow id="car73" type="carType2" from="gneE28" to="-gneE37" begin="73" end="73" number="1"/>
<flow id="car74" type="carType1" from="gneE48" to="gneE45" begin="74" end="74" number="1"/>
<flow id="car75" type="carType2" from="bottomleftR" to="bottomrightL" begin="77" end="77" number="1"/>
<flow id="car76" type="carType2" from="topleftR" to="gneE22" begin="77" end="77" number="1"/>
<flow id="car77" type="carType2" from="gneE18" to="-gneE45" begin="81" end="81" number="1"/>
<flow id="car78" type="carType1" from="-gneE50" to="-gneE44" begin="82" end="82" number="1"/>
<flow id="car79" type="carType2" from="gneE48" to="-gneE51" begin="83" end="83" number="1"/>
<flow id="car80" type="carType0" from="-gneE28" to="gneE34" begin="83" end="83" number="1"/>
<flow id="car81" type="carType1" from="gneE30" to="gneE46" begin="88" end="88" number="1"/>
<flow id="car82" type="carType1" from="gneE43" to="-gneE8" begin="90" end="90" number="1"/>
<flow id="car83" type="carType1" from="-gneE50" to="gneE21" begin="92" end="92" number="1"/>
<flow id="car84" type="carType1" from="toprightD" to="-gneE50" begin="93" end="93" number="1"/>
<flow id="car85" type="carType1" from="gneE46" to="-gneE33" begin="93" end="93" number="1"/>
<flow id="car86" type="carType1" from="gneE48" to="gneE50" begin="93" end="93" number="1"/>
<flow id="car87" type="carType2" from="gneE45" to="-gneE37" begin="93" end="93" number="1"/>
<flow id="car88" type="carType2" from="gneE37" to="-gneE37" begin="94" end="94" number="1"/>
<flow id="car89" type="carType1" from="gneE48" to="gneE49" begin="97" end="97" number="1"/>
<flow id="car90" type="carType1" from="-gneE29" to="topleftR" begin="97" end="97" number="1"/>
<flow id="car91" type="carType0" from="gneE51" to="-gneE37" begin="100" end="100" number="1"/>
<flow id="car92" type="carType2" from="-gneE29" to="-gneE37" begin="101" end="101" number="1"/>
<flow id="car93" type="carType1" from="-gneE34" to="gneE22" begin="101" end="101" number="1"/>
<flow id="car94" type="carType2" from="gneE34" to="gneE34" begin="101" end="101" number="1"/>
<flow id="car95" type="carType2" from="gneE45" to="gneE35" begin="101" end="101" number="1"/>
<flow id="car96" type="carType0" from="gneE34" to="gneE18" begin="103" end="103" number="1"/>
<flow id="car97" type="carType0" from="-gneE21" to="-gneE13" begin="104" end="104" number="1"/>
<flow id="car98" type="carType1" from="gneE48" to="gneE45" begin="106" end="106" number="1"/>
<flow id="car99" type="carType2" from="-gneE27" to="bottomrightL" begin="106" end="106" number="1"/>
<flow id="car100" type="carType1" from="gneE30" to="gneE9" begin="108" end="108" number="1"/>
<flow id="car101" type="carType0" from="toprightL" to="bottomleftU" begin="109" end="109" number="1"/>
<flow id="car102" type="carType0" from="gneE9" to="gneE30" begin="111" end="111" number="1"/>
<flow id="car103" type="carType1" from="-gneE50" to="gneE21" begin="111" end="111" number="1"/>
<flow id="car104" type="carType0" from="-gneE45" to="-gneE48" begin="112" end="112" number="1"/>
<flow id="car105" type="carType2" from="-gneE27" to="-gneE13" begin="113" end="113" number="1"/>
<flow id="car106" type="carType2" from="bottomrightU" to="-gneE49" begin="114" end="114" number="1"/>
<flow id="car107" type="carType1" from="-gneE45" to="-gneE37" begin="115" end="115" number="1"/>
<flow id="car108" type="carType0" from="-gneE42" to="gneE9" begin="116" end="116" number="1"/>
<flow id="car109" type="carType1" from="gneE34" to="-gneE48" begin="118" end="118" number="1"/>
<flow id="car110" type="carType1" from="gneE18" to="-gneE50" begin="118" end="118" number="1"/>
<flow id="car111" type="carType0" from="-gneE7" to="-gneE21" begin="118" end="118" number="1"/>
<flow id="car112" type="carType0" from="gneE27" to="gneE44" begin="119" end="119" number="1"/>
<flow id="car113" type="carType1" from="-gneE27" to="topleftR" begin="119" end="119" number="1"/>
<flow id="car114" type="carType0" from="gneE46" to="bottomrightU" begin="120" end="120" number="1"/>
<flow id="car115" type="carType2" from="-gneE51" to="gneE48" begin="121" end="121" number="1"/>
<flow id="car116" type="carType0" from="gneE51" to="gneE34" begin="121" end="121" number="1"/>
<flow id="car117" type="carType0" from="gneE51" to="-gneE42" begin="121" end="121" number="1"/>
<flow id="car118" type="carType0" from="bottomleftR" to="gneE9" begin="121" end="121" number="1"/>
<flow id="car119" type="carType1" from="-gneE43" to="-gneE49" begin="125" end="125" number="1"/>
<flow id="car120" type="carType1" from="gneE44" to="-gneE27" begin="127" end="127" number="1"/>
<flow id="car121" type="carType1" from="gneE30" to="bottomleftR" begin="129" end="129" number="1"/>
<flow id="car122" type="carType2" from="-gneE8" to="gneE50" begin="131" end="131" number="1"/>
<flow id="car123" type="carType1" from="gneE49" to="gneE22" begin="133" end="133" number="1"/>
<flow id="car124" type="carType2" from="-gneE51" to="gneE37" begin="133" end="133" number="1"/>
<flow id="car125" type="carType2" from="-gneE28" to="toprightD" begin="134" end="134" number="1"/>
<flow id="car126" type="carType2" from="gneE30" to="-gneE8" begin="134" end="134" number="1"/>
<flow id="car127" type="carType1" from="gneE8" to="-gneE21" begin="137" end="137" number="1"/>
<flow id="car128" type="carType1" from="gneE44" to="bottomrightL" begin="137" end="137" number="1"/>
<flow id="car129" type="carType2" from="-gneE37" to="gneE21" begin="138" end="138" number="1"/>
<flow id="car130" type="carType2" from="gneE50" to="gneE22" begin="139" end="139" number="1"/>
<flow id="car131" type="carType0" from="gneE46" to="-gneE45" begin="139" end="139" number="1"/>
<flow id="car132" type="carType1" from="-gneE7" to="-gneE33" begin="139" end="139" number="1"/>
<flow id="car133" type="carType2" from="topleftD" to="gneE21" begin="142" end="142" number="1"/>
<flow id="car134" type="carType2" from="gneE50" to="-gneE13" begin="142" end="142" number="1"/>
<flow id="car135" type="carType0" from="bottomleftU" to="gneE34" begin="143" end="143" number="1"/>
<flow id="car136" type="carType1" from="bottomrightL" to="gneE51" begin="144" end="144" number="1"/>
<flow id="car137" type="carType1" from="gneE21" to="gneE43" begin="146" end="146" number="1"/>
<flow id="car138" type="carType2" from="gneE9" to="-gneE43" begin="147" end="147" number="1"/>
<flow id="car139" type="carType0" from="-gneE7" to="toprightL" begin="147" end="147" number="1"/>
<flow id="car140" type="carType0" from="toprightD" to="gneE50" begin="148" end="148" number="1"/>
<flow id="car141" type="carType0" from="gneE30" to="gneE46" begin="149" end="149" number="1"/>
<flow id="car142" type="carType1" from="-gneE8" to="-gneE27" begin="150" end="150" number="1"/>
<flow id="car143" type="carType2" from="bottomleftR" to="bottomleftR" begin="150" end="150" number="1"/>
<flow id="car144" type="carType0" from="-gneE7" to="topleftD" begin="151" end="151" number="1"/>
<flow id="car145" type="carType1" from="-gneE13" to="topleftD" begin="151" end="151" number="1"/>
<flow id="car146" type="carType1" from="-gneE45" to="gneE18" begin="151" end="151" number="1"/>
<flow id="car147" type="carType0" from="-gneE29" to="gneE18" begin="153" end="153" number="1"/>
<flow id="car148" type="carType0" from="gneE22" to="gneE30" begin="155" end="155" number="1"/>
<flow id="car149" type="carType1" from="bottomrightU" to="topleftR" begin="155" end="155" number="1"/>
<flow id="car150" type="carType0" from="gneE34" to="gneE30" begin="156" end="156" number="1"/>
<flow id="car151" type="carType2" from="-gneE8" to="gneE30" begin="156" end="156" number="1"/>
<flow id="car152" type="carType0" from="gneE45" to="-gneE29" begin="156" end="156" number="1"/>
<flow id="car153" type="carType1" from="-gneE43" to="-gneE49" begin="156" end="156" number="1"/>
<flow id="car154" type="carType2" from="topleftR" to="gneE8" begin="157" end="157" number="1"/>
<flow id="car155" type="carType2" from="-gneE49" to="gneE8" begin="157" end="157" number="1"/>
<flow id="car156" type="carType1" from="bottomleftR" to="gneE27" begin="159" end="159" number="1"/>
<flow id="car157" type="carType1" from="-gneE43" to="-gneE44" begin="160" end="160" number="1"/>
<flow id="car158" type="carType2" from="gneE27" to="-gneE42" begin="161" end="161" number="1"/>
<flow id="car159" type="carType1" from="gneE35" to="-gneE33" begin="162" end="162" number="1"/>
<flow id="car160" type="carType1" from="gneE8" to="toprightL" begin="162" end="162" number="1"/>
<flow id="car161" type="carType0" from="gneE49" to="gneE46" begin="162" end="162" number="1"/>
<flow id="car162" type="carType1" from="-gneE49" to="-gneE27" begin="162" end="162" number="1"/>
<flow id="car163" type="carType2" from="gneE49" to="gneE18" begin="165" end="165" number="1"/>
<flow id="car164" type="carType0" from="topleftD" to="gneE28" begin="166" end="166" number="1"/>
<flow id="car165" type="carType1" from="gneE22" to="-gneE7" begin="169" end="169" number="1"/>
<flow id="car166" type="carType0" from="gneE44" to="bottomrightL" begin="169" end="169" number="1"/>
<flow id="car167" type="carType1" from="toprightL" to="gneE18" begin="170" end="170" number="1"/>
<flow id="car168" type="carType2" from="gneE28" to="gneE44" begin="171" end="171" number="1"/>
<flow id="car169" type="carType1" from="toprightD" to="-gneE50" begin="172" end="172" number="1"/>
<flow id="car170" type="carType2" from="gneE46" to="gneE8" begin="174" end="174" number="1"/>
<flow id="car171" type="carType1" from="-gneE34" to="gneE27" begin="174" end="174" number="1"/>
<flow id="car172" type="carType1" from="-gneE45" to="gneE30" begin="175" end="175" number="1"/>
<flow id="car173" type="carType2" from="gneE29" to="bottomleftR" begin="176" end="176" number="1"/>
<flow id="car174" type="carType2" from="bottomrightL" to="gneE42" begin="176" end="176" number="1"/>
<flow id="car175" type="carType2" from="gneE50" to="-gneE34" begin="177" end="177" number="1"/>
<flow id="car176" type="carType1" from="gneE42" to="gneE42" begin="177" end="177" number="1"/>
<flow id="car177" type="carType1" from="bottomleftR" to="topleftD" begin="177" end="177" number="1"/>
<flow id="car178" type="carType1" from="-gneE42" to="toprightD" begin="178" end="178" number="1"/>
<flow id="car179" type="carType1" from="gneE34" to="toprightL" begin="179" end="179" number="1"/>
<flow id="car180" type="carType2" from="gneE22" to="bottomrightL" begin="179" end="179" number="1"/>
<flow id="car181" type="carType0" from="gneE9" to="-gneE42" begin="180" end="180" number="1"/>
<flow id="car182" type="carType2" from="gneE22" to="-gneE28" begin="181" end="181" number="1"/>
<flow id="car183" type="carType2" from="gneE51" to="-gneE43" begin="182" end="182" number="1"/>
<flow id="car184" type="carType1" from="gneE48" to="topleftD" begin="184" end="184" number="1"/>
<flow id="car185" type="carType2" from="-gneE18" to="-gneE34" begin="185" end="185" number="1"/>
<flow id="car186" type="carType0" from="gneE29" to="-gneE50" begin="186" end="186" number="1"/>
<flow id="car187" type="carType2" from="toprightD" to="bottomrightL" begin="189" end="189" number="1"/>
<flow id="car188" type="carType1" from="gneE48" to="-gneE44" begin="191" end="191" number="1"/>
<flow id="car189" type="carType2" from="-gneE51" to="-gneE33" begin="191" end="191" number="1"/>
<flow id="car190" type="carType2" from="-gneE29" to="gneE34" begin="193" end="193" number="1"/>
<flow id="car191" type="carType0" from="-gneE8" to="gneE45" begin="193" end="193" number="1"/>
<flow id="car192" type="carType0" from="bottomrightU" to="-gneE34" begin="193" end="193" number="1"/>
<flow id="car193" type="carType0" from="-gneE8" to="-gneE37" begin="194" end="194" number="1"/>
<flow id="car194" type="carType2" from="-gneE44" to="gneE44" begin="194" end="194" number="1"/>
<flow id="car195" type="carType1" from="-gneE44" to="-gneE51" begin="195" end="195" number="1"/>
<flow id="car196" type="carType1" from="-gneE28" to="topleftD" begin="195" end="195" number="1"/>
<flow id="car197" type="carType1" from="gneE9" to="gneE22" begin="196" end="196" number="1"/>
<flow id="car198" type="carType1" from="gneE48" to="-gneE13" begin="196" end="196" number="1"/>
<flow id="car199" type="carType2" from="gneE22" to="gneE28" begin="199" end="199" number="1"/>
</routes>
