<routes>
<vType id="carType0" length="5" maxSpeed="52.77" accel="2.04" decel="4.06" speedDev="0.2" sigma="0.17"/>
<vType id="carType1" length="3" maxSpeed="48.65" accel="2.22" decel="6" speedDev="0.2" sigma="0.17"/>
<vType id="carType2" length="4" maxSpeed="56.7" accel="2.58" decel="4.69" speedDev="0.2" sigma="0.22"/>
<flow id="car0" type="carType1" from="gneE44" to="-gneE33" begin="2" end="2" number="1"/>
<flow id="car1" type="carType1" from="-gneE13" to="gneE30" begin="3" end="3" number="1"/>
<flow id="car2" type="carType2" from="bottomrightL" to="gneE22" begin="3" end="3" number="1"/>
<flow id="car3" type="carType0" from="-gneE7" to="-gneE33" begin="5" end="5" number="1"/>
<flow id="car4" type="carType0" from="gneE35" to="gneE44" begin="5" end="5" number="1"/>
<flow id="car5" type="carType1" from="-gneE33" to="-gneE37" begin="6" end="6" number="1"/>
<flow id="car6" type="carType1" from="-gneE42" to="toprightD" begin="6" end="6" number="1"/>
<flow id="car7" type="carType0" from="bottomrightU" to="gneE45" begin="7" end="7" number="1"/>
<flow id="car8" type="carType2" from="gneE18" to="gneE28" begin="8" end="8" number="1"/>
<flow id="car9" type="carType0" from="-gneE43" to="bottomrightL" begin="9" end="9" number="1"/>
<flow id="car10" type="carType2" from="gneE9" to="topleftD" begin="10" end="10" number="1"/>
<flow id="car11" type="carType2" from="gneE35" to="gneE21" begin="10" end="10" number="1"/>
<flow id="car12" type="carType1" from="gneE9" to="-gneE33" begin="12" end="12" number="1"/>
<flow id="car13" type="carType2" from="gneE21" to="gneE21" begin="13" end="13" number="1"/>
<flow id="car14" type="carType2" from="-gneE21" to="bottomleftR" begin="14" end="14" number="1"/>
<flow id="car15" type="carType2" from="gneE30" to="gneE27" begin="14" end="14" number="1"/>
<flow id="car16" type="carType1" from="bottomleftU" to="-gneE49" begin="17" end="17" number="1"/>
<flow id="car17" type="carType1" from="gneE22" to="-gneE48" begin="18" end="18" number="1"/>
<flow id="car18" type="carType1" from="gneE48" to="-gneE49" begin="20" end="20" number="1"/>
<flow id="car19" type="carType2" from="-gneE48" to="gneE9" begin="20" end="20" number="1"/>
<flow id="car20" type="carType1" from="gneE9" to="gneE42" begin="22" end="22" number="1"/>
<flow id="car21" type="carType2" from="-gneE51" to="-gneE34" begin="22" end="22" number="1"/>
<flow id="car22" type="carType0" from="bottomrightL" to="-gneE28" begin="25" end="25" number="1"/>
<flow id="car23" type="carType0" from="gneE45" to="gneE27" begin="26" end="26" number="1"/>
<flow id="car24" type="carType0" from="gneE43" to="-gneE29" begin="28" end="28" number="1"/>
<flow id="car25" type="carType2" from="bottomleftU" to="gneE28" begin="28" end="28" number="1"/>
<flow id="car26" type="carType1" from="gneE42" to="gneE9" begin="29" end="29" number="1"/>
<flow id="car27" type="carType1" from="gneE50" to="gneE18" begin="31" end="31" number="1"/>
<flow id="car28" type="carType0" from="gneE29" to="-gneE43" begin="33" end="33" number="1"/>
<flow id="car29" type="carType2" from="-gneE13" to="-gneE48" begin="33" end="33" number="1"/>
<flow id="car30" type="carType0" from="-gneE42" to="gneE46" begin="35" end="35" number="1"/>
<flow id="car31" type="carType2" from="gneE29" to="gneE43" begin="35" end="35" number="1"/>
<flow id="car32" type="carType1" from="-gneE8" to="gneE37" begin="36" end="36" number="1"/>
<flow id="car33" type="carType1" from="toprightD" to="gneE28" begin="36" end="36" number="1"/>
<flow id="car34" type="carType0" from="-gneE18" to="gneE22" begin="36" end="36" number="1"/>
<flow id="car35" type="carType1" from="bottomleftU" to="topleftR" begin="36" end="36" number="1"/>
<flow id="car36" type="carType2" from="bottomrightL" to="-gneE49" begin="37" end="37" number="1"/>
<flow id="car37" type="carType1" from="-gneE48" to="topleftD" begin="40" end="40" number="1"/>
<flow id="car38" type="carType0" from="bottomleftR" to="gneE49" begin="40" end="40" number="1"/>
<flow id="car39" type="carType0" from="topleftD" to="topleftR" begin="42" end="42" number="1"/>
<flow id="car40" type="carType0" from="-gneE45" to="-gneE18" begin="42" end="42" number="1"/>
<flow id="car41" type="carType1" from="gneE45" to="-gneE48" begin="43" end="43" number="1"/>
<flow id="car42" type="carType0" from="-gneE21" to="bottomleftU" begin="44" end="44" number="1"/>
<flow id="car43" type="carType2" from="-gneE8" to="gneE45" begin="45" end="45" number="1"/>
<flow id="car44" type="carType2" from="gneE22" to="-gneE21" begin="46" end="46" number="1"/>
<flow id="car45" type="carType1" from="gneE9" to="bottomrightU" begin="47" end="47" number="1"/>
<flow id="car46" type="carType2" from="-gneE44" to="gneE42" begin="47" end="47" number="1"/>
<flow id="car47" type="carType2" from="gneE22" to="gneE44" begin="48" end="48" number="1"/>
<flow id="car48" type="carType2" from="bottomleftU" to="gneE44" begin="48" end="48" number="1"/>
<flow id="car49" type="carType0" from="-gneE48" to="gneE9" begin="49" end="49" number="1"/>
<flow id="car50" type="carType2" from="-gneE49" to="-gneE45" begin="49" end="49" number="1"/>
<flow id="car51" type="carType2" from="toprightL" to="bottomleftR" begin="49" end="49" number="1"/>
<flow id="car52" type="carType1" from="gneE22" to="gneE27" begin="49" end="49" number="1"/>
<flow id="car53" type="carType2" from="-gneE45" to="gneE44" begin="51" end="51" number="1"/>
<flow id="car54" type="carType1" from="-gneE50" to="topleftD" begin="51" end="51" number="1"/>
<flow id="car55" type="carType0" from="gneE22" to="toprightD" begin="51" end="51" number="1"/>
<flow id="car56" type="carType1" from="topleftR" to="gneE46" begin="52" end="52" number="1"/>
<flow id="car57" type="carType1" from="bottomrightL" to="gneE42" begin="55" end="55" number="1"/>
<flow id="car58" type="carType0" from="-gneE18" to="-gneE49" begin="56" end="56" number="1"/>
<flow id="car59" type="carType0" from="-gneE44" to="-gneE8" begin="57" end="57" number="1"/>
<flow id="car60" type="carType2" from="topleftD" to="-gneE33" begin="59" end="59" number="1"/>
<flow id="car61" type="carType0" from="-gneE37" to="bottomrightL" begin="60" end="60" number="1"/>
<flow id="car62" type="carType1" from="-gneE21" to="toprightD" begin="60" end="60" number="1"/>
<flow id="car63" type="carType2" from="toprightD" to="gneE27" begin="60" end="60" number="1"/>
<flow id="car64" type="carType2" from="-gneE28" to="-gneE48" begin="61" end="61" number="1"/>
<flow id="car65" type="carType0" from="gneE28" to="-gneE49" begin="61" end="61" number="1"/>
<flow id="car66" type="carType1" from="-gneE27" to="-gneE27" begin="62" end="62" number="1"/>
<flow id="car67" type="carType1" from="-gneE29" to="-gneE49" begin="62" end="62" number="1"/>
<flow id="car68" type="carType1" from="toprightL" to="gneE51" begin="64" end="64" number="1"/>
<flow id="car69" type="carType2" from="-gneE18" to="-gneE45" begin="64" end="64" number="1"/>
<flow id="car70" type="carType0" from="-gneE7" to="gneE46" begin="65" end="65" number="1"/>
<flow id="car71" type="carType2" from="-gneE50" to="gneE29" begin="65" end="65" number="1"/>
<flow id="car72" type="carType1" from="gneE46" to="-gneE49" begin="65" end="65" number="1"/>
<flow id="car73" type="carType2" from="-gneE21" to="gneE34" begin="67" end="67" number="1"/>
<flow id="car74" type="carType1" from="gneE51" to="topleftD" begin="67" end="67" number="1"/>
<flow id="car75" type="carType0" from="gneE46" to="-gneE21" begin="67" end="67" number="1"/>
<flow id="car76" type="carType0" from="-gneE49" to="bottomleftR" begin="70" end="70" number="1"/>
<flow id="car77" type="carType2" from="gneE50" to="gneE45" begin="71" end="71" number="1"/>
<flow id="car78" type="carType2" from="-gneE7" to="toprightL" begin="72" end="72" number="1"/>
<flow id="car79" type="carType0" from="topleftD" to="-gneE21" begin="74" end="74" number="1"/>
<flow id="car80" type="carType2" from="gneE46" to="-gneE33" begin="74" end="74" number="1"/>
<flow id="car81" type="carType0" from="-gneE48" to="-gneE29" begin="74" end="74" number="1"/>
<flow id="car82" type="carType2" from="gneE44" to="-gneE44" begin="74" end="74" number="1"/>
<flow id="car83" type="carType2" from="gneE49" to="-gneE27" begin="75" end="75" number="1"/>
<flow id="car84" type="carType1" from="-gneE50" to="-gneE37" begin="75" end="75" number="1"/>
<flow id="car85" type="carType1" from="bottomrightL" to="-gneE7" begin="79" end="79" number="1"/>
<flow id="car86" type="carType1" from="gneE45" to="-gneE8" begin="80" end="80" number="1"/>
<flow id="car87" type="carType0" from="-gneE37" to="gneE22" begin="80" end="80" number="1"/>
<flow id="car88" type="carType1" from="topleftR" to="gneE48" begin="81" end="81" number="1"/>
<flow id="car89" type="carType1" from="-gneE43" to="-gneE48" begin="81" end="81" number="1"/>
<flow id="car90" type="carType0" from="gneE28" to="bottomleftU" begin="83" end="83" number="1"/>
<flow id="car91" type="carType1" from="bottomrightL" to="gneE18" begin="83" end="83" number="1"/>
<flow id="car92" type="carType2" from="-gneE48" to="gneE27" begin="84" end="84" number="1"/>
<flow id="car93" type="carType0" from="bottomrightU" to="toprightD" begin="84" end="84" number="1"/>
<flow id="car94" type="carType2" from="bottomrightU" to="gneE21" begin="85" end="85" number="1"/>
<flow id="car95" type="carType1" from="gneE21" to="gneE28" begin="87" end="87" number="1"/>
<flow id="car96" type="carType1" from="-gneE34" to="-gneE44" begin="88" end="88" number="1"/>
<flow id="car97" type="carType2" from="gneE48" to="topleftD" begin="93" end="93" number="1"/>
<flow id="car98" type="carType2" from="-gneE50" to="gneE49" begin="94" end="94" number="1"/>
<flow id="car99" type="carType0" from="-gneE29" to="gneE28" begin="95" end="95" number="1"/>
<flow id="car100" type="carType0" from="-gneE45" to="gneE27" begin="96" end="96" number="1"/>
<flow id="car101" type="carType1" from="-gneE43" to="gneE50" begin="97" end="97" number="1"/>
<flow id="car102" type="carType2" from="gneE22" to="-gneE21" begin="97" end="97" number="1"/>
<flow id="car103" type="carType1" from="-gneE18" to="gneE27" begin="99" end="99" number="1"/>
<flow id="car104" type="carType1" from="-gneE37" to="-gneE29" begin="99" end="99" number="1"/>
<flow id="car105" type="carType1" from="gneE34" to="-gneE43" begin="100" end="100" number="1"/>
<flow id="car106" type="carType1" from="gneE50" to="bottomrightL" begin="102" end="102" number="1"/>
<flow id="car107" type="carType0" from="gneE51" to="gneE29" begin="102" end="102" number="1"/>
<flow id="car108" type="carType2" from="gneE8" to="toprightD" begin="103" end="103" number="1"/>
<flow id="car109" type="carType0" from="gneE21" to="-gneE44" begin="104" end="104" number="1"/>
<flow id="car110" type="carType0" from="gneE42" to="-gneE33" begin="107" end="107" number="1"/>
<flow id="car111" type="carType2" from="topleftD" to="-gneE33" begin="109" end="109" number="1"/>
<flow id="car112" type="carType0" from="gneE34" to="-gneE51" begin="109" end="109" number="1"/>
<flow id="car113" type="carType0" from="gneE44" to="gneE51" begin="110" end="110" number="1"/>
<flow id="car114" type="carType2" from="gneE27" to="gneE46" begin="110" end="110" number="1"/>
<flow id="car115" type="carType1" from="-gneE51" to="gneE49" begin="110" end="110" number="1"/>
<flow id="car116" type="carType2" from="gneE44" to="toprightD" begin="112" end="112" number="1"/>
<flow id="car117" type="carType2" from="-gneE28" to="bottomrightU" begin="113" end="113" number="1"/>
<flow id="car118" type="carType0" from="gneE37" to="gneE29" begin="113" end="113" number="1"/>
<flow id="car119" type="carType0" from="-gneE42" to="gneE8" begin="113" end="113" number="1"/>
<flow id="car120" type="carType1" from="-gneE34" to="gneE22" begin="114" end="114" number="1"/>
<flow id="car121" type="carType2" from="-gneE37" to="gneE29" begin="117" end="117" number="1"/>
<flow id="car122" type="carType1" from="bottomleftR" to="-gneE44" begin="117" end="117" number="1"/>
<flow id="car123" type="carType0" from="gneE46" to="gneE27" begin="119" end="119" number="1"/>
<flow id="car124" type="carType0" from="gneE18" to="gneE30" begin="120" end="120" number="1"/>
<flow id="car125" type="carType0" from="gneE45" to="-gneE51" begin="120" end="120" number="1"/>
<flow id="car126" type="carType2" from="-gneE28" to="gneE44" begin="122" end="122" number="1"/>
<flow id="car127" type="carType1" from="toprightD" to="gneE30" begin="122" end="122" number="1"/>
<flow id="car128" type="carType1" from="gneE18" to="gneE50" begin="123" end="123" number="1"/>
<flow id="car129" type="carType1" from="topleftR" to="-gneE7" begin="123" end="123" number="1"/>
<flow id="car130" type="carType1" from="-gneE50" to="-gneE27" begin="124" end="124" number="1"/>
<flow id="car131" type="carType0" from="-gneE7" to="topleftD" begin="125" end="125" number="1"/>
<flow id="car132" type="carType1" from="gneE45" to="gneE8" begin="128" end="128" number="1"/>
<flow id="car133" type="carType0" from="gneE50" to="gneE9" begin="129" end="129" number="1"/>
<flow id="car134" type="carType2" from="-gneE45" to="bottomleftR" begin="129" end="129" number="1"/>
<flow id="car135" type="carType0" from="-gneE49" to="bottomleftU" begin="129" end="129" number="1"/>
<flow id="car136" type="carType2" from="-gneE45" to="gneE50" begin="132" end="132" number="1"/>
<flow id="car137" type="carType1" from="-gneE37" to="gneE30" begin="132" end="132" number="1"/>
<flow id="car138" type="carType0" from="gneE43" to="-gneE42" begin="134" end="134" number="1"/>
<flow id="car139" type="carType2" from="-gneE8" to="gneE22" begin="136" end="136" number="1"/>
<flow id="car140" type="carType2" from="-gneE51" to="gneE27" begin="138" end="138" number="1"/>
<flow id="car141" type="carType0" from="-gneE50" to="-gneE27" begin="138" end="138" number="1"/>
<flow id="car142" type="carType2" from="-gneE37" to="-gneE29" begin="139" end="139" number="1"/>
<flow id="car143" type="carType0" from="-gneE8" to="bottomrightU" begin="141" end="141" number="1"/>
<flow id="car144" type="carType0" from="bottomrightU" to="gneE9" begin="141" end="141" number="1"/>
<flow id="car145" type="carType0" from="-gneE50" to="gneE27" begin="141" end="141" number="1"/>
<flow id="car146" type="carType1" from="gneE49" to="gneE37" begin="142" end="142" number="1"/>
<flow id="car147" type="carType1" from="-gneE45" to="gneE30" begin="142" end="142" number="1"/>
<flow id="car148" type="carType0" from="-gneE42" to="gneE49" begin="144" end="144" number="1"/>
<flow id="car149" type="carType2" from="-gneE44" to="-gneE21" begin="144" end="144" number="1"/>
<flow id="car150" type="carType1" from="gneE27" to="-gneE8" begin="145" end="145" number="1"/>
<flow id="car151" type="carType0" from="gneE9" to="bottomrightL" begin="146" end="146" number="1"/>
<flow id="car152" type="carType2" from="gneE35" to="bottomrightL" begin="147" end="147" number="1"/>
<flow id="car153" type="carType2" from="toprightL" to="gneE34" begin="147" end="147" number="1"/>
<flow id="car154" type="carType2" from="bottomleftU" to="-gneE8" begin="151" end="151" number="1"/>
<flow id="car155" type="carType2" from="gneE28" to="-gneE28" begin="152" end="152" number="1"/>
<flow id="car156" type="carType2" from="bottomrightL" to="-gneE27" begin="153" end="153" number="1"/>
<flow id="car157" type="carType2" from="gneE42" to="gneE28" begin="154" end="154" number="1"/>
<flow id="car158" type="carType0" from="bottomrightL" to="bottomleftU" begin="154" end="154" number="1"/>
<flow id="car159" type="carType2" from="toprightL" to="-gneE18" begin="154" end="154" number="1"/>
<flow id="car160" type="carType1" from="gneE29" to="bottomrightU" begin="154" end="154" number="1"/>
<flow id="car161" type="carType0" from="-gneE29" to="gneE28" begin="156" end="156" number="1"/>
<flow id="car162" type="carType0" from="bottomleftR" to="-gneE43" begin="156" end="156" number="1"/>
<flow id="car163" type="carType1" from="gneE48" to="-gneE49" begin="157" end="157" number="1"/>
<flow id="car164" type="carType1" from="toprightL" to="toprightD" begin="157" end="157" number="1"/>
<flow id="car165" type="carType2" from="-gneE28" to="gneE28" begin="160" end="160" number="1"/>
<flow id="car166" type="carType2" from="-gneE44" to="toprightD" begin="162" end="162" number="1"/>
<flow id="car167" type="carType2" from="gneE21" to="bottomleftU" begin="165" end="165" number="1"/>
<flow id="car168" type="carType1" from="bottomleftU" to="-gneE21" begin="166" end="166" number="1"/>
<flow id="car169" type="carType0" from="gneE37" to="-gneE7" begin="167" end="167" number="1"/>
<flow id="car170" type="carType0" from="-gneE45" to="gneE42" begin="168" end="168" number="1"/>
<flow id="car171" type="carType1" from="gneE22" to="gneE37" begin="170" end="170" number="1"/>
<flow id="car172" type="carType0" from="-gneE34" to="gneE51" begin="170" end="170" number="1"/>
<flow id="car173" type="carType2" from="-gneE34" to="-gneE7" begin="172" end="172" number="1"/>
<flow id="car174" type="carType0" from="gneE43" to="gneE43" begin="172" end="172" number="1"/>
<flow id="car175" type="carType2" from="-gneE49" to="topleftD" begin="172" end="172" number="1"/>
<flow id="car176" type="carType0" from="gneE9" to="-gneE8" begin="174" end="174" number="1"/>
<flow id="car177" type="carType1" from="gneE34" to="gneE18" begin="175" end="175" number="1"/>
<flow id="car178" type="carType0" from="-gneE33" to="-gneE43" begin="175" end="175" number="1"/>
<flow id="car179" type="carType1" from="toprightD" to="-gneE43" begin="177" end="177" number="1"/>
<flow id="car180" type="carType2" from="gneE51" to="-gneE49" begin="179" end="179" number="1"/>
<flow id="car181" type="carType1" from="bottomrightU" to="gneE46" begin="181" end="181" number="1"/>
<flow id="car182" type="carType0" from="bottomrightU" to="gneE28" begin="184" end="184" number="1"/>
<flow id="car183" type="carType0" from="-gneE8" to="bottomleftU" begin="185" end="185" number="1"/>
<flow id="car184" type="carType0" from="bottomleftR" to="-gneE21" begin="185" end="185" number="1"/>
<flow id="car185" type="carType2" from="gneE42" to="-gneE48" begin="185" end="185" number="1"/>
<flow id="car186" type="carType2" from="gneE44" to="-gneE18" begin="186" end="186" number="1"/>
<flow id="car187" type="carType0" from="-gneE43" to="gneE8" begin="188" end="188" number="1"/>
<flow id="car188" type="carType2" from="gneE51" to="-gneE48" begin="188" end="188" number="1"/>
<flow id="car189" type="carType2" from="bottomrightU" to="gneE9" begin="189" end="189" number="1"/>
<flow id="car190" type="carType0" from="-gneE33" to="-gneE18" begin="189" end="189" number="1"/>
<flow id="car191" type="carType1" from="-gneE37" to="-gneE7" begin="190" end="190" number="1"/>
<flow id="car192" type="carType2" from="gneE29" to="gneE50" begin="191" end="191" number="1"/>
<flow id="car193" type="carType1" from="gneE27" to="-gneE50" begin="191" end="191" number="1"/>
<flow id="car194" type="carType0" from="bottomrightL" to="bottomrightU" begin="192" end="192" number="1"/>
<flow id="car195" type="carType0" from="gneE18" to="-gneE42" begin="193" end="193" number="1"/>
<flow id="car196" type="carType1" from="gneE48" to="-gneE44" begin="193" end="193" number="1"/>
<flow id="car197" type="carType2" from="topleftD" to="gneE27" begin="194" end="194" number="1"/>
<flow id="car198" type="carType0" from="gneE27" to="-gneE27" begin="194" end="194" number="1"/>
<flow id="car199" type="carType1" from="gneE37" to="gneE49" begin="195" end="195" number="1"/>
</routes>
