<routes>
<vType id="carType0" length="3" maxSpeed="41.71" accel="3" decel="4.27" speedDev="0.2" sigma="0.22"/>
<vType id="carType1" length="3" maxSpeed="57.18" accel="2.68" decel="5.95" speedDev="0.2" sigma="0.22"/>
<vType id="carType2" length="4" maxSpeed="40.64" accel="2.58" decel="4.76" speedDev="0.2" sigma="0.27"/>
<flow id="car0" type="carType1" from="-gneE49" to="-gneE48" begin="2" end="2" number="1"/>
<flow id="car1" type="carType0" from="-gneE50" to="gneE43" begin="3" end="3" number="1"/>
<flow id="car2" type="carType1" from="gneE8" to="-gneE21" begin="3" end="3" number="1"/>
<flow id="car3" type="carType2" from="-gneE29" to="topleftR" begin="4" end="4" number="1"/>
<flow id="car4" type="carType2" from="-gneE42" to="bottomleftR" begin="5" end="5" number="1"/>
<flow id="car5" type="carType1" from="gneE28" to="bottomleftU" begin="8" end="8" number="1"/>
<flow id="car6" type="carType1" from="gneE9" to="-gneE37" begin="8" end="8" number="1"/>
<flow id="car7" type="carType2" from="gneE50" to="-gneE21" begin="9" end="9" number="1"/>
<flow id="car8" type="carType1" from="-gneE28" to="gneE35" begin="12" end="12" number="1"/>
<flow id="car9" type="carType1" from="gneE45" to="gneE28" begin="14" end="14" number="1"/>
<flow id="car10" type="carType0" from="-gneE49" to="-gneE50" begin="15" end="15" number="1"/>
<flow id="car11" type="carType0" from="gneE42" to="gneE51" begin="16" end="16" number="1"/>
<flow id="car12" type="carType2" from="toprightD" to="-gneE49" begin="17" end="17" number="1"/>
<flow id="car13" type="carType2" from="bottomrightL" to="-gneE45" begin="17" end="17" number="1"/>
<flow id="car14" type="carType2" from="gneE29" to="gneE30" begin="17" end="17" number="1"/>
<flow id="car15" type="carType2" from="-gneE50" to="-gneE18" begin="18" end="18" number="1"/>
<flow id="car16" type="carType2" from="gneE46" to="-gneE33" begin="18" end="18" number="1"/>
<flow id="car17" type="carType2" from="gneE34" to="-gneE28" begin="19" end="19" number="1"/>
<flow id="car18" type="carType2" from="bottomrightL" to="-gneE7" begin="20" end="20" number="1"/>
<flow id="car19" type="carType2" from="toprightL" to="gneE9" begin="21" end="21" number="1"/>
<flow id="car20" type="carType1" from="-gneE37" to="bottomleftR" begin="21" end="21" number="1"/>
<flow id="car21" type="carType0" from="topleftR" to="toprightD" begin="21" end="21" number="1"/>
<flow id="car22" type="carType2" from="-gneE28" to="toprightD" begin="24" end="24" number="1"/>
<flow id="car23" type="carType0" from="gneE50" to="gneE9" begin="24" end="24" number="1"/>
<flow id="car24" type="carType2" from="-gneE21" to="gneE9" begin="24" end="24" number="1"/>
<flow id="car25" type="carType0" from="gneE35" to="-gneE21" begin="27" end="27" number="1"/>
<flow id="car26" type="carType1" from="gneE43" to="-gneE49" begin="27" end="27" number="1"/>
<flow id="car27" type="carType1" from="gneE49" to="-gneE18" begin="27" end="27" number="1"/>
<flow id="car28" type="carType2" from="bottomrightL" to="bottomleftR" begin="29" end="29" number="1"/>
<flow id="car29" type="carType2" from="bottomleftU" to="-gneE7" begin="29" end="29" number="1"/>
<flow id="car30" type="carType0" from="gneE22" to="-gneE27" begin="30" end="30" number="1"/>
<flow id="car31" type="carType0" from="bottomrightU" to="-gneE44" begin="30" end="30" number="1"/>
<flow id="car32" type="carType1" from="-gneE27" to="gneE30" begin="32" end="32" number="1"/>
<flow id="car33" type="carType2" from="-gneE45" to="-gneE7" begin="32" end="32" number="1"/>
<flow id="car34" type="carType0" from="-gneE29" to="-gneE18" begin="33" end="33" number="1"/>
<flow id="car35" type="carType1" from="-gneE34" to="-gneE13" begin="34" end="34" number="1"/>
<flow id="car36" type="carType2" from="-gneE50" to="-gneE21" begin="34" end="34" number="1"/>
<flow id="car37" type="carType2" from="gneE28" to="toprightL" begin="38" end="38" number="1"/>
<flow id="car38" type="carType0" from="gneE50" to="gneE29" begin="38" end="38" number="1"/>
<flow id="car39" type="carType2" from="gneE22" to="bottomleftR" begin="39" end="39" number="1"/>
<flow id="car40" type="carType1" from="gneE22" to="-gneE42" begin="40" end="40" number="1"/>
<flow id="car41" type="carType2" from="-gneE27" to="gneE42" begin="40" end="40" number="1"/>
<flow id="car42" type="carType0" from="gneE37" to="gneE21" begin="40" end="40" number="1"/>
<flow id="car43" type="carType0" from="gneE27" to="gneE49" begin="42" end="42" number="1"/>
<flow id="car44" type="carType1" from="gneE18" to="-gneE44" begin="43" end="43" number="1"/>
<flow id="car45" type="carType0" from="-gneE33" to="-gneE45" begin="43" end="43" number="1"/>
<flow id="car46" type="carType2" from="gneE30" to="-gneE7" begin="45" end="45" number="1"/>
<flow id="car47" type="carType0" from="gneE51" to="-gneE34" begin="45" end="45" number="1"/>
<flow id="car48" type="carType2" from="gneE27" to="gneE50" begin="46" end="46" number="1"/>
<flow id="car49" type="carType1" from="gneE30" to="gneE18" begin="46" end="46" number="1"/>
<flow id="car50" type="carType0" from="gneE18" to="toprightL" begin="47" end="47" number="1"/>
<flow id="car51" type="carType0" from="gneE42" to="gneE51" begin="50" end="50" number="1"/>
<flow id="car52" type="carType2" from="-gneE8" to="gneE50" begin="50" end="50" number="1"/>
<flow id="car53" type="carType1" from="-gneE37" to="-gneE50" begin="53" end="53" number="1"/>
<flow id="car54" type="carType0" from="toprightL" to="-gneE28" begin="56" end="56" number="1"/>
<flow id="car55" type="carType2" from="gneE44" to="gneE45" begin="57" end="57" number="1"/>
<flow id="car56" type="carType2" from="gneE8" to="-gneE7" begin="58" end="58" number="1"/>
<flow id="car57" type="carType1" from="toprightL" to="gneE18" begin="59" end="59" number="1"/>
<flow id="car58" type="carType0" from="gneE50" to="-gneE51" begin="59" end="59" number="1"/>
<flow id="car59" type="carType0" from="-gneE13" to="-gneE48" begin="59" end="59" number="1"/>
<flow id="car60" type="carType2" from="gneE51" to="-gneE43" begin="61" end="61" number="1"/>
<flow id="car61" type="carType0" from="-gneE27" to="bottomleftR" begin="61" end="61" number="1"/>
<flow id="car62" type="carType0" from="gneE22" to="gneE8" begin="61" end="61" number="1"/>
<flow id="car63" type="carType2" from="bottomleftU" to="-gneE34" begin="61" end="61" number="1"/>
<flow id="car64" type="carType0" from="gneE28" to="topleftR" begin="62" end="62" number="1"/>
<flow id="car65" type="carType0" from="gneE21" to="gneE46" begin="62" end="62" number="1"/>
<flow id="car66" type="carType2" from="toprightD" to="-gneE13" begin="63" end="63" number="1"/>
<flow id="car67" type="carType0" from="gneE22" to="-gneE44" begin="64" end="64" number="1"/>
<flow id="car68" type="carType0" from="gneE29" to="-gneE45" begin="65" end="65" number="1"/>
<flow id="car69" type="carType2" from="gneE51" to="bottomleftU" begin="66" end="66" number="1"/>
<flow id="car70" type="carType1" from="-gneE50" to="-gneE28" begin="66" end="66" number="1"/>
<flow id="car71" type="carType0" from="gneE42" to="-gneE21" begin="66" end="66" number="1"/>
<flow id="car72" type="carType1" from="-gneE48" to="gneE37" begin="66" end="66" number="1"/>
<flow id="car73" type="carType0" from="gneE48" to="gneE50" begin="67" end="67" number="1"/>
<flow id="car74" type="carType1" from="gneE30" to="gneE50" begin="67" end="67" number="1"/>
<flow id="car75" type="carType1" from="bottomleftR" to="-gneE42" begin="67" end="67" number="1"/>
<flow id="car76" type="carType0" from="gneE50" to="-gneE29" begin="69" end="69" number="1"/>
<flow id="car77" type="carType1" from="topleftR" to="gneE9" begin="72" end="72" number="1"/>
<flow id="car78" type="carType0" from="bottomleftU" to="gneE34" begin="72" end="72" number="1"/>
<flow id="car79" type="carType0" from="topleftD" to="-gneE13" begin="74" end="74" number="1"/>
<flow id="car80" type="carType2" from="bottomleftR" to="-gneE18" begin="75" end="75" number="1"/>
<flow id="car81" type="carType0" from="bottomrightL" to="bottomrightU" begin="76" end="76" number="1"/>
<flow id="car82" type="carType2" from="-gneE8" to="gneE46" begin="76" end="76" number="1"/>
<flow id="car83" type="carType2" from="toprightL" to="-gneE45" begin="81" end="81" number="1"/>
<flow id="car84" type="carType0" from="-gneE43" to="gneE22" begin="81" end="81" number="1"/>
<flow id="car85" type="carType2" from="-gneE27" to="gneE49" begin="82" end="82" number="1"/>
<flow id="car86" type="carType2" from="gneE28" to="-gneE44" begin="85" end="85" number="1"/>
<flow id="car87" type="carType2" from="-gneE49" to="-gneE27" begin="85" end="85" number="1"/>
<flow id="car88" type="carType2" from="-gneE34" to="-gneE37" begin="86" end="86" number="1"/>
<flow id="car89" type="carType2" from="gneE8" to="gneE50" begin="87" end="87" number="1"/>
<flow id="car90" type="carType0" from="gneE29" to="gneE42" begin="87" end="87" number="1"/>
<flow id="car91" type="carType2" from="-gneE50" to="toprightL" begin="87" end="87" number="1"/>
<flow id="car92" type="carType1" from="-gneE37" to="-gneE33" begin="88" end="88" number="1"/>
<flow id="car93" type="carType0" from="-gneE13" to="gneE18" begin="89" end="89" number="1"/>
<flow id="car94" type="carType0" from="-gneE18" to="-gneE34" begin="90" end="90" number="1"/>
<flow id="car95" type="carType2" from="-gneE34" to="-gneE28" begin="92" end="92" number="1"/>
<flow id="car96" type="carType1" from="-gneE29" to="-gneE29" begin="94" end="94" number="1"/>
<flow id="car97" type="carType0" from="-gneE49" to="gneE28" begin="96" end="96" number="1"/>
<flow id="car98" type="carType2" from="gneE22" to="gneE30" begin="97" end="97" number="1"/>
<flow id="car99" type="carType2" from="gneE49" to="gneE45" begin="97" end="97" number="1"/>
<flow id="car100" type="carType2" from="gneE34" to="gneE43" begin="98" end="98" number="1"/>
<flow id="car101" type="carType1" from="bottomleftR" to="gneE48" begin="98" end="98" number="1"/>
<flow id="car102" type="carType0" from="-gneE48" to="-gneE8" begin="103" end="103" number="1"/>
<flow id="car103" type="carType0" from="bottomleftU" to="-gneE33" begin="104" end="104" number="1"/>
<flow id="car104" type="carType2" from="-gneE33" to="gneE21" begin="104" end="104" number="1"/>
<flow id="car105" type="carType2" from="gneE46" to="-gneE37" begin="106" end="106" number="1"/>
<flow id="car106" type="carType0" from="-gneE13" to="-gneE43" begin="107" end="107" number="1"/>
<flow id="car107" type="carType2" from="-gneE13" to="gneE27" begin="108" end="108" number="1"/>
<flow id="car108" type="carType1" from="gneE43" to="bottomleftR" begin="109" end="109" number="1"/>
<flow id="car109" type="carType2" from="toprightL" to="-gneE8" begin="110" end="110" number="1"/>
<flow id="car110" type="carType1" from="-gneE33" to="gneE51" begin="113" end="113" number="1"/>
<flow id="car111" type="carType2" from="-gneE49" to="topleftD" begin="114" end="114" number="1"/>
<flow id="car112" type="carType2" from="-gneE51" to="gneE42" begin="114" end="114" number="1"/>
<flow id="car113" type="carType0" from="-gneE48" to="bottomleftU" begin="115" end="115" number="1"/>
<flow id="car114" type="carType0" from="-gneE18" to="gneE22" begin="116" end="116" number="1"/>
<flow id="car115" type="carType0" from="gneE48" to="gneE49" begin="117" end="117" number="1"/>
<flow id="car116" type="carType2" from="gneE21" to="gneE34" begin="117" end="117" number="1"/>
<flow id="car117" type="carType2" from="gneE27" to="bottomrightU" begin="118" end="118" number="1"/>
<flow id="car118" type="carType1" from="-gneE43" to="gneE46" begin="118" end="118" number="1"/>
<flow id="car119" type="carType0" from="gneE50" to="-gneE44" begin="119" end="119" number="1"/>
<flow id="car120" type="carType1" from="-gneE44" to="-gneE34" begin="119" end="119" number="1"/>
<flow id="car121" type="carType1" from="gneE22" to="gneE42" begin="121" end="121" number="1"/>
<flow id="car122" type="carType2" from="gneE35" to="-gneE33" begin="121" end="121" number="1"/>
<flow id="car123" type="carType0" from="toprightD" to="gneE44" begin="122" end="122" number="1"/>
<flow id="car124" type="carType1" from="-gneE43" to="gneE46" begin="123" end="123" number="1"/>
<flow id="car125" type="carType0" from="gneE21" to="-gneE48" begin="123" end="123" number="1"/>
<flow id="car126" type="carType0" from="gneE49" to="bottomleftR" begin="124" end="124" number="1"/>
<flow id="car127" type="carType1" from="toprightL" to="-gneE28" begin="126" end="126" number="1"/>
<flow id="car128" type="carType1" from="-gneE43" to="gneE27" begin="126" end="126" number="1"/>
<flow id="car129" type="carType0" from="-gneE51" to="gneE21" begin="127" end="127" number="1"/>
<flow id="car130" type="carType0" from="-gneE45" to="gneE34" begin="130" end="130" number="1"/>
<flow id="car131" type="carType0" from="bottomrightL" to="-gneE34" begin="131" end="131" number="1"/>
<flow id="car132" type="carType0" from="-gneE27" to="-gneE8" begin="132" end="132" number="1"/>
<flow id="car133" type="carType0" from="toprightL" to="gneE28" begin="133" end="133" number="1"/>
<flow id="car134" type="carType0" from="gneE9" to="-gneE49" begin="137" end="137" number="1"/>
<flow id="car135" type="carType1" from="gneE21" to="gneE46" begin="137" end="137" number="1"/>
<flow id="car136" type="carType2" from="-gneE18" to="toprightL" begin="139" end="139" number="1"/>
<flow id="car137" type="carType0" from="gneE22" to="-gneE42" begin="142" end="142" number="1"/>
<flow id="car138" type="carType0" from="gneE44" to="-gneE28" begin="143" end="143" number="1"/>
<flow id="car139" type="carType1" from="-gneE43" to="bottomrightL" begin="145" end="145" number="1"/>
<flow id="car140" type="carType0" from="-gneE29" to="-gneE43" begin="145" end="145" number="1"/>
<flow id="car141" type="carType1" from="gneE48" to="-gneE44" begin="146" end="146" number="1"/>
<flow id="car142" type="carType2" from="gneE8" to="gneE18" begin="146" end="146" number="1"/>
<flow id="car143" type="carType2" from="gneE29" to="-gneE50" begin="146" end="146" number="1"/>
<flow id="car144" type="carType1" from="gneE28" to="bottomrightU" begin="148" end="148" number="1"/>
<flow id="car145" type="carType1" from="-gneE50" to="topleftR" begin="150" end="150" number="1"/>
<flow id="car146" type="carType0" from="topleftD" to="gneE45" begin="151" end="151" number="1"/>
<flow id="car147" type="carType1" from="-gneE42" to="-gneE45" begin="151" end="151" number="1"/>
<flow id="car148" type="carType2" from="gneE18" to="-gneE43" begin="151" end="151" number="1"/>
<flow id="car149" type="carType0" from="gneE50" to="gneE45" begin="152" end="152" number="1"/>
<flow id="car150" type="carType0" from="gneE18" to="bottomrightL" begin="152" end="152" number="1"/>
<flow id="car151" type="carType2" from="bottomleftR" to="-gneE27" begin="154" end="154" number="1"/>
<flow id="car152" type="carType1" from="-gneE34" to="gneE45" begin="154" end="154" number="1"/>
<flow id="car153" type="carType0" from="-gneE43" to="gneE46" begin="155" end="155" number="1"/>
<flow id="car154" type="carType1" from="gneE22" to="gneE42" begin="156" end="156" number="1"/>
<flow id="car155" type="carType0" from="-gneE7" to="-gneE49" begin="157" end="157" number="1"/>
<flow id="car156" type="carType1" from="toprightD" to="-gneE28" begin="157" end="157" number="1"/>
<flow id="car157" type="carType1" from="-gneE34" to="gneE30" begin="158" end="158" number="1"/>
<flow id="car158" type="carType2" from="-gneE28" to="gneE9" begin="158" end="158" number="1"/>
<flow id="car159" type="carType2" from="gneE21" to="-gneE18" begin="159" end="159" number="1"/>
<flow id="car160" type="carType0" from="gneE8" to="-gneE43" begin="160" end="160" number="1"/>
<flow id="car161" type="carType1" from="toprightD" to="-gneE51" begin="161" end="161" number="1"/>
<flow id="car162" type="carType1" from="gneE18" to="gneE30" begin="162" end="162" number="1"/>
<flow id="car163" type="carType1" from="gneE44" to="-gneE49" begin="163" end="163" number="1"/>
<flow id="car164" type="carType0" from="gneE49" to="toprightL" begin="163" end="163" number="1"/>
<flow id="car165" type="carType1" from="gneE28" to="toprightD" begin="165" end="165" number="1"/>
<flow id="car166" type="carType1" from="gneE30" to="-gneE48" begin="165" end="165" number="1"/>
<flow id="car167" type="carType1" from="bottomleftR" to="gneE22" begin="165" end="165" number="1"/>
<flow id="car168" type="carType1" from="gneE37" to="-gneE18" begin="166" end="166" number="1"/>
<flow id="car169" type="carType0" from="-gneE8" to="gneE27" begin="169" end="169" number="1"/>
<flow id="car170" type="carType2" from="gneE43" to="toprightL" begin="169" end="169" number="1"/>
<flow id="car171" type="carType0" from="-gneE43" to="gneE45" begin="170" end="170" number="1"/>
<flow id="car172" type="carType2" from="-gneE13" to="gneE45" begin="171" end="171" number="1"/>
<flow id="car173" type="carType2" from="-gneE7" to="-gneE13" begin="172" end="172" number="1"/>
<flow id="car174" type="carType2" from="gneE35" to="gneE50" begin="173" end="173" number="1"/>
<flow id="car175" type="carType1" from="gneE30" to="gneE42" begin="174" end="174" number="1"/>
<flow id="car176" type="carType0" from="-gneE13" to="toprightL" begin="175" end="175" number="1"/>
<flow id="car177" type="carType2" from="gneE48" to="-gneE28" begin="175" end="175" number="1"/>
<flow id="car178" type="carType1" from="-gneE34" to="gneE27" begin="175" end="175" number="1"/>
<flow id="car179" type="carType1" from="-gneE51" to="-gneE21" begin="176" end="176" number="1"/>
<flow id="car180" type="carType2" from="gneE8" to="gneE30" begin="178" end="178" number="1"/>
<flow id="car181" type="carType0" from="topleftD" to="gneE28" begin="180" end="180" number="1"/>
<flow id="car182" type="carType1" from="topleftR" to="toprightD" begin="180" end="180" number="1"/>
<flow id="car183" type="carType2" from="gneE44" to="-gneE34" begin="182" end="182" number="1"/>
<flow id="car184" type="carType2" from="-gneE48" to="gneE46" begin="183" end="183" number="1"/>
<flow id="car185" type="carType2" from="gneE28" to="-gneE18" begin="186" end="186" number="1"/>
<flow id="car186" type="carType1" from="gneE18" to="-gneE42" begin="186" end="186" number="1"/>
<flow id="car187" type="carType1" from="-gneE29" to="topleftR" begin="187" end="187" number="1"/>
<flow id="car188" type="carType1" from="-gneE21" to="gneE49" begin="189" end="189" number="1"/>
<flow id="car189" type="carType0" from="-gneE29" to="bottomrightU" begin="191" end="191" number="1"/>
<flow id="car190" type="carType1" from="gneE45" to="-gneE45" begin="192" end="192" number="1"/>
<flow id="car191" type="carType1" from="gneE18" to="bottomleftU" begin="192" end="192" number="1"/>
<flow id="car192" type="carType1" from="gneE22" to="toprightD" begin="192" end="192" number="1"/>
<flow id="car193" type="carType0" from="gneE43" to="bottomrightL" begin="193" end="193" number="1"/>
<flow id="car194" type="carType2" from="gneE44" to="gneE44" begin="194" end="194" number="1"/>
<flow id="car195" type="carType1" from="gneE37" to="gneE28" begin="195" end="195" number="1"/>
<flow id="car196" type="carType2" from="-gneE13" to="bottomleftU" begin="197" end="197" number="1"/>
<flow id="car197" type="carType2" from="-gneE37" to="gneE29" begin="197" end="197" number="1"/>
<flow id="car198" type="carType0" from="gneE51" to="gneE30" begin="199" end="199" number="1"/>
<flow id="car199" type="carType2" from="gneE49" to="gneE45" begin="199" end="199" number="1"/>
</routes>
