<routes>
<vType id="carType0" length="5" maxSpeed="54.22" accel="2.81" decel="5.42" speedDev="0.2" sigma="0.12"/>
<vType id="carType1" length="4" maxSpeed="57.39" accel="2.14" decel="5.16" speedDev="0.2" sigma="0.27"/>
<vType id="carType2" length="7" maxSpeed="56.08" accel="2.16" decel="4.28" speedDev="0.2" sigma="0.15"/>
<flow id="car0" type="carType1" from="gneE18" to="bottomrightU" begin="0" end="0" number="1"/>
<flow id="car1" type="carType0" from="gneE35" to="-gneE48" begin="0" end="0" number="1"/>
<flow id="car2" type="carType2" from="topleftD" to="toprightD" begin="1" end="1" number="1"/>
<flow id="car3" type="carType0" from="gneE37" to="-gneE7" begin="2" end="2" number="1"/>
<flow id="car4" type="carType0" from="gneE22" to="topleftR" begin="2" end="2" number="1"/>
<flow id="car5" type="carType1" from="-gneE7" to="-gneE51" begin="3" end="3" number="1"/>
<flow id="car6" type="carType0" from="gneE50" to="-gneE29" begin="4" end="4" number="1"/>
<flow id="car7" type="carType0" from="bottomrightU" to="gneE9" begin="4" end="4" number="1"/>
<flow id="car8" type="carType0" from="gneE9" to="-gneE21" begin="7" end="7" number="1"/>
<flow id="car9" type="carType1" from="gneE29" to="gneE21" begin="7" end="7" number="1"/>
<flow id="car10" type="carType2" from="-gneE37" to="topleftR" begin="10" end="10" number="1"/>
<flow id="car11" type="carType0" from="-gneE8" to="toprightD" begin="11" end="11" number="1"/>
<flow id="car12" type="carType0" from="gneE35" to="gneE18" begin="11" end="11" number="1"/>
<flow id="car13" type="carType0" from="gneE18" to="-gneE42" begin="16" end="16" number="1"/>
<flow id="car14" type="carType0" from="toprightD" to="-gneE13" begin="17" end="17" number="1"/>
<flow id="car15" type="carType1" from="-gneE44" to="gneE51" begin="18" end="18" number="1"/>
<flow id="car16" type="carType2" from="gneE18" to="gneE30" begin="19" end="19" number="1"/>
<flow id="car17" type="carType0" from="gneE46" to="toprightD" begin="20" end="20" number="1"/>
<flow id="car18" type="carType1" from="-gneE45" to="gneE49" begin="20" end="20" number="1"/>
<flow id="car19" type="carType1" from="-gneE43" to="toprightD" begin="24" end="24" number="1"/>
<flow id="car20" type="carType0" from="gneE18" to="-gneE50" begin="24" end="24" number="1"/>
<flow id="car21" type="carType2" from="gneE29" to="topleftD" begin="26" end="26" number="1"/>
<flow id="car22" type="carType1" from="-gneE49" to="gneE29" begin="27" end="27" number="1"/>
<flow id="car23" type="carType2" from="-gneE45" to="-gneE49" begin="28" end="28" number="1"/>
<flow id="car24" type="carType0" from="-gneE45" to="topleftR" begin="29" end="29" number="1"/>
<flow id="car25" type="carType0" from="gneE50" to="bottomleftU" begin="29" end="29" number="1"/>
<flow id="car26" type="carType0" from="gneE27" to="-gneE48" begin="30" end="30" number="1"/>
<flow id="car27" type="carType0" from="toprightD" to="gneE18" begin="32" end="32" number="1"/>
<flow id="car28" type="carType0" from="-gneE37" to="-gneE37" begin="34" end="34" number="1"/>
<flow id="car29" type="carType2" from="gneE42" to="gneE46" begin="35" end="35" number="1"/>
<flow id="car30" type="carType2" from="gneE49" to="gneE51" begin="36" end="36" number="1"/>
<flow id="car31" type="carType0" from="-gneE50" to="gneE42" begin="37" end="37" number="1"/>
<flow id="car32" type="carType2" from="toprightD" to="gneE50" begin="37" end="37" number="1"/>
<flow id="car33" type="carType2" from="-gneE8" to="-gneE50" begin="38" end="38" number="1"/>
<flow id="car34" type="carType2" from="-gneE33" to="-gneE29" begin="38" end="38" number="1"/>
<flow id="car35" type="carType0" from="gneE37" to="toprightD" begin="39" end="39" number="1"/>
<flow id="car36" type="carType1" from="-gneE50" to="bottomrightL" begin="40" end="40" number="1"/>
<flow id="car37" type="carType0" from="gneE29" to="-gneE18" begin="41" end="41" number="1"/>
<flow id="car38" type="carType2" from="gneE30" to="gneE43" begin="41" end="41" number="1"/>
<flow id="car39" type="carType0" from="gneE28" to="-gneE45" begin="42" end="42" number="1"/>
<flow id="car40" type="carType1" from="-gneE48" to="toprightD" begin="43" end="43" number="1"/>
<flow id="car41" type="carType2" from="-gneE50" to="gneE48" begin="44" end="44" number="1"/>
<flow id="car42" type="carType1" from="bottomrightU" to="-gneE49" begin="46" end="46" number="1"/>
<flow id="car43" type="carType1" from="gneE22" to="gneE29" begin="47" end="47" number="1"/>
<flow id="car44" type="carType0" from="-gneE33" to="-gneE51" begin="49" end="49" number="1"/>
<flow id="car45" type="carType0" from="bottomleftR" to="gneE8" begin="51" end="51" number="1"/>
<flow id="car46" type="carType1" from="toprightL" to="bottomleftR" begin="51" end="51" number="1"/>
<flow id="car47" type="carType0" from="gneE43" to="gneE34" begin="52" end="52" number="1"/>
<flow id="car48" type="carType2" from="gneE27" to="gneE18" begin="52" end="52" number="1"/>
<flow id="car49" type="carType1" from="gneE29" to="-gneE45" begin="55" end="55" number="1"/>
<flow id="car50" type="carType2" from="gneE30" to="topleftR" begin="56" end="56" number="1"/>
<flow id="car51" type="carType1" from="gneE45" to="gneE45" begin="56" end="56" number="1"/>
<flow id="car52" type="carType1" from="toprightL" to="-gneE50" begin="57" end="57" number="1"/>
<flow id="car53" type="carType1" from="gneE49" to="-gneE42" begin="57" end="57" number="1"/>
<flow id="car54" type="carType2" from="-gneE13" to="gneE37" begin="57" end="57" number="1"/>
<flow id="car55" type="carType2" from="bottomrightU" to="gneE49" begin="57" end="57" number="1"/>
<flow id="car56" type="carType1" from="-gneE27" to="-gneE42" begin="57" end="57" number="1"/>
<flow id="car57" type="carType2" from="gneE42" to="toprightD" begin="58" end="58" number="1"/>
<flow id="car58" type="carType1" from="-gneE18" to="-gneE43" begin="60" end="60" number="1"/>
<flow id="car59" type="carType2" from="gneE42" to="topleftD" begin="62" end="62" number="1"/>
<flow id="car60" type="carType2" from="gneE34" to="gneE27" begin="62" end="62" number="1"/>
<flow id="car61" type="carType2" from="bottomleftR" to="-gneE42" begin="62" end="62" number="1"/>
<flow id="car62" type="carType2" from="-gneE51" to="-gneE34" begin="63" end="63" number="1"/>
<flow id="car63" type="carType0" from="gneE18" to="bottomrightL" begin="64" end="64" number="1"/>
<flow id="car64" type="carType2" from="gneE46" to="gneE51" begin="64" end="64" number="1"/>
<flow id="car65" type="carType2" from="-gneE21" to="gneE45" begin="66" end="66" number="1"/>
<flow id="car66" type="carType0" from="gneE21" to="-gneE33" begin="67" end="67" number="1"/>
<flow id="car67" type="carType2" from="gneE44" to="gneE21" begin="71" end="71" number="1"/>
<flow id="car68" type="carType1" from="-gneE37" to="toprightL" begin="71" end="71" number="1"/>
<flow id="car69" type="carType2" from="gneE45" to="gneE8" begin="72" end="72" number="1"/>
<flow id="car70" type="carType1" from="gneE45" to="-gneE21" begin="75" end="75" number="1"/>
<flow id="car71" type="carType2" from="gneE49" to="gneE51" begin="75" end="75" number="1"/>
<flow id="car72" type="carType1" from="-gneE29" to="-gneE33" begin="78" end="78" number="1"/>
<flow id="car73" type="carType1" from="gneE44" to="-gneE37" begin="79" end="79" number="1"/>
<flow id="car74" type="carType1" from="gneE34" to="toprightD" begin="79" end="79" number="1"/>
<flow id="car75" type="carType2" from="gneE35" to="gneE51" begin="80" end="80" number="1"/>
<flow id="car76" type="carType2" from="gneE50" to="-gneE49" begin="80" end="80" number="1"/>
<flow id="car77" type="carType0" from="-gneE18" to="-gneE43" begin="80" end="80" number="1"/>
<flow id="car78" type="carType0" from="bottomrightL" to="gneE8" begin="81" end="81" number="1"/>
<flow id="car79" type="carType1" from="-gneE44" to="gneE22" begin="85" end="85" number="1"/>
<flow id="car80" type="carType0" from="topleftR" to="-gneE49" begin="85" end="85" number="1"/>
<flow id="car81" type="carType2" from="-gneE42" to="-gneE51" begin="86" end="86" number="1"/>
<flow id="car82" type="carType0" from="topleftR" to="gneE46" begin="87" end="87" number="1"/>
<flow id="car83" type="carType1" from="-gneE45" to="bottomleftU" begin="88" end="88" number="1"/>
<flow id="car84" type="carType1" from="-gneE7" to="gneE28" begin="88" end="88" number="1"/>
<flow id="car85" type="carType0" from="-gneE28" to="gneE42" begin="88" end="88" number="1"/>
<flow id="car86" type="carType0" from="gneE21" to="-gneE43" begin="90" end="90" number="1"/>
<flow id="car87" type="carType2" from="-gneE7" to="gneE28" begin="90" end="90" number="1"/>
<flow id="car88" type="carType2" from="-gneE28" to="-gneE33" begin="92" end="92" number="1"/>
<flow id="car89" type="carType1" from="-gneE29" to="-gneE28" begin="92" end="92" number="1"/>
<flow id="car90" type="carType2" from="-gneE28" to="-gneE45" begin="94" end="94" number="1"/>
<flow id="car91" type="carType1" from="-gneE37" to="-gneE7" begin="95" end="95" number="1"/>
<flow id="car92" type="carType2" from="gneE9" to="gneE44" begin="95" end="95" number="1"/>
<flow id="car93" type="carType0" from="topleftR" to="gneE9" begin="95" end="95" number="1"/>
<flow id="car94" type="carType1" from="gneE44" to="-gneE45" begin="96" end="96" number="1"/>
<flow id="car95" type="carType1" from="gneE50" to="bottomrightU" begin="96" end="96" number="1"/>
<flow id="car96" type="carType2" from="topleftD" to="-gneE28" begin="98" end="98" number="1"/>
<flow id="car97" type="carType1" from="gneE48" to="-gneE45" begin="99" end="99" number="1"/>
<flow id="car98" type="carType0" from="-gneE44" to="-gneE37" begin="99" end="99" number="1"/>
<flow id="car99" type="carType0" from="bottomleftR" to="gneE50" begin="100" end="100" number="1"/>
<flow id="car100" type="carType1" from="gneE27" to="gneE43" begin="100" end="100" number="1"/>
<flow id="car101" type="carType0" from="-gneE44" to="gneE51" begin="100" end="100" number="1"/>
<flow id="car102" type="carType2" from="-gneE44" to="-gneE8" begin="101" end="101" number="1"/>
<flow id="car103" type="carType2" from="bottomrightL" to="-gneE49" begin="101" end="101" number="1"/>
<flow id="car104" type="carType1" from="gneE28" to="gneE42" begin="102" end="102" number="1"/>
<flow id="car105" type="carType0" from="gneE46" to="-gneE28" begin="103" end="103" number="1"/>
<flow id="car106" type="carType2" from="gneE22" to="gneE50" begin="107" end="107" number="1"/>
<flow id="car107" type="carType1" from="-gneE18" to="gneE51" begin="109" end="109" number="1"/>
<flow id="car108" type="carType0" from="gneE22" to="gneE21" begin="113" end="113" number="1"/>
<flow id="car109" type="carType2" from="bottomleftU" to="-gneE8" begin="113" end="113" number="1"/>
<flow id="car110" type="carType2" from="bottomrightU" to="-gneE50" begin="113" end="113" number="1"/>
<flow id="car111" type="carType0" from="topleftD" to="gneE30" begin="116" end="116" number="1"/>
<flow id="car112" type="carType1" from="gneE28" to="gneE51" begin="116" end="116" number="1"/>
<flow id="car113" type="carType0" from="gneE46" to="topleftR" begin="118" end="118" number="1"/>
<flow id="car114" type="carType2" from="-gneE21" to="toprightD" begin="119" end="119" number="1"/>
<flow id="car115" type="carType1" from="gneE22" to="gneE42" begin="119" end="119" number="1"/>
<flow id="car116" type="carType1" from="gneE50" to="gneE22" begin="120" end="120" number="1"/>
<flow id="car117" type="carType0" from="-gneE49" to="gneE21" begin="120" end="120" number="1"/>
<flow id="car118" type="carType1" from="-gneE13" to="gneE34" begin="121" end="121" number="1"/>
<flow id="car119" type="carType1" from="gneE48" to="-gneE37" begin="121" end="121" number="1"/>
<flow id="car120" type="carType0" from="bottomleftU" to="gneE37" begin="121" end="121" number="1"/>
<flow id="car121" type="carType1" from="gneE28" to="gneE21" begin="122" end="122" number="1"/>
<flow id="car122" type="carType1" from="-gneE51" to="topleftR" begin="124" end="124" number="1"/>
<flow id="car123" type="carType2" from="toprightD" to="-gneE43" begin="124" end="124" number="1"/>
<flow id="car124" type="carType1" from="toprightL" to="-gneE33" begin="127" end="127" number="1"/>
<flow id="car125" type="carType0" from="gneE46" to="-gneE8" begin="127" end="127" number="1"/>
<flow id="car126" type="carType2" from="-gneE49" to="gneE21" begin="131" end="131" number="1"/>
<flow id="car127" type="carType0" from="toprightL" to="-gneE33" begin="132" end="132" number="1"/>
<flow id="car128" type="carType1" from="-gneE45" to="-gneE33" begin="132" end="132" number="1"/>
<flow id="car129" type="carType0" from="bottomleftR" to="gneE9" begin="133" end="133" number="1"/>
<flow id="car130" type="carType1" from="gneE9" to="gneE42" begin="133" end="133" number="1"/>
<flow id="car131" type="carType0" from="-gneE7" to="gneE34" begin="133" end="133" number="1"/>
<flow id="car132" type="carType1" from="-gneE21" to="gneE46" begin="134" end="134" number="1"/>
<flow id="car133" type="carType0" from="gneE28" to="gneE51" begin="134" end="134" number="1"/>
<flow id="car134" type="carType2" from="gneE28" to="gneE48" begin="134" end="134" number="1"/>
<flow id="car135" type="carType0" from="-gneE27" to="gneE48" begin="135" end="135" number="1"/>
<flow id="car136" type="carType1" from="bottomleftU" to="gneE44" begin="136" end="136" number="1"/>
<flow id="car137" type="carType2" from="bottomleftR" to="-gneE50" begin="136" end="136" number="1"/>
<flow id="car138" type="carType2" from="gneE22" to="gneE21" begin="140" end="140" number="1"/>
<flow id="car139" type="carType1" from="gneE43" to="-gneE18" begin="140" end="140" number="1"/>
<flow id="car140" type="carType2" from="-gneE7" to="-gneE37" begin="141" end="141" number="1"/>
<flow id="car141" type="carType0" from="gneE42" to="-gneE29" begin="141" end="141" number="1"/>
<flow id="car142" type="carType1" from="-gneE33" to="-gneE37" begin="141" end="141" number="1"/>
<flow id="car143" type="carType2" from="toprightD" to="gneE37" begin="142" end="142" number="1"/>
<flow id="car144" type="carType2" from="-gneE33" to="-gneE42" begin="142" end="142" number="1"/>
<flow id="car145" type="carType1" from="-gneE37" to="bottomrightU" begin="144" end="144" number="1"/>
<flow id="car146" type="carType0" from="-gneE50" to="-gneE45" begin="144" end="144" number="1"/>
<flow id="car147" type="carType1" from="bottomrightL" to="-gneE29" begin="146" end="146" number="1"/>
<flow id="car148" type="carType2" from="bottomrightU" to="-gneE33" begin="147" end="147" number="1"/>
<flow id="car149" type="carType1" from="-gneE48" to="-gneE8" begin="148" end="148" number="1"/>
<flow id="car150" type="carType2" from="gneE42" to="gneE8" begin="149" end="149" number="1"/>
<flow id="car151" type="carType0" from="gneE9" to="-gneE8" begin="152" end="152" number="1"/>
<flow id="car152" type="carType1" from="-gneE13" to="toprightD" begin="153" end="153" number="1"/>
<flow id="car153" type="carType0" from="gneE51" to="gneE43" begin="153" end="153" number="1"/>
<flow id="car154" type="carType1" from="gneE28" to="topleftR" begin="155" end="155" number="1"/>
<flow id="car155" type="carType1" from="gneE44" to="gneE46" begin="156" end="156" number="1"/>
<flow id="car156" type="carType1" from="-gneE33" to="gneE43" begin="156" end="156" number="1"/>
<flow id="car157" type="carType1" from="gneE49" to="-gneE18" begin="157" end="157" number="1"/>
<flow id="car158" type="carType1" from="toprightL" to="gneE28" begin="157" end="157" number="1"/>
<flow id="car159" type="carType2" from="gneE34" to="gneE9" begin="157" end="157" number="1"/>
<flow id="car160" type="carType1" from="gneE42" to="gneE50" begin="158" end="158" number="1"/>
<flow id="car161" type="carType0" from="-gneE33" to="gneE18" begin="159" end="159" number="1"/>
<flow id="car162" type="carType1" from="-gneE18" to="-gneE13" begin="160" end="160" number="1"/>
<flow id="car163" type="carType1" from="gneE34" to="gneE21" begin="160" end="160" number="1"/>
<flow id="car164" type="carType1" from="toprightL" to="-gneE34" begin="160" end="160" number="1"/>
<flow id="car165" type="carType1" from="-gneE34" to="-gneE44" begin="162" end="162" number="1"/>
<flow id="car166" type="carType2" from="-gneE7" to="-gneE45" begin="162" end="162" number="1"/>
<flow id="car167" type="carType2" from="gneE50" to="gneE22" begin="164" end="164" number="1"/>
<flow id="car168" type="carType0" from="-gneE37" to="gneE21" begin="164" end="164" number="1"/>
<flow id="car169" type="carType1" from="gneE27" to="-gneE42" begin="165" end="165" number="1"/>
<flow id="car170" type="carType0" from="gneE51" to="gneE18" begin="167" end="167" number="1"/>
<flow id="car171" type="carType1" from="-gneE48" to="-gneE50" begin="167" end="167" number="1"/>
<flow id="car172" type="carType0" from="gneE51" to="gneE44" begin="167" end="167" number="1"/>
<flow id="car173" type="carType0" from="-gneE8" to="-gneE49" begin="171" end="171" number="1"/>
<flow id="car174" type="carType1" from="gneE8" to="-gneE42" begin="171" end="171" number="1"/>
<flow id="car175" type="carType0" from="gneE21" to="gneE34" begin="172" end="172" number="1"/>
<flow id="car176" type="carType2" from="toprightD" to="-gneE34" begin="174" end="174" number="1"/>
<flow id="car177" type="carType2" from="-gneE48" to="gneE42" begin="175" end="175" number="1"/>
<flow id="car178" type="carType1" from="-gneE48" to="gneE18" begin="175" end="175" number="1"/>
<flow id="car179" type="carType1" from="gneE48" to="-gneE8" begin="177" end="177" number="1"/>
<flow id="car180" type="carType0" from="-gneE43" to="gneE35" begin="178" end="178" number="1"/>
<flow id="car181" type="carType0" from="-gneE45" to="-gneE44" begin="179" end="179" number="1"/>
<flow id="car182" type="carType0" from="gneE27" to="-gneE50" begin="184" end="184" number="1"/>
<flow id="car183" type="carType0" from="gneE8" to="gneE50" begin="186" end="186" number="1"/>
<flow id="car184" type="carType2" from="bottomrightL" to="gneE8" begin="188" end="188" number="1"/>
<flow id="car185" type="carType0" from="gneE28" to="gneE45" begin="188" end="188" number="1"/>
<flow id="car186" type="carType1" from="-gneE43" to="gneE18" begin="188" end="188" number="1"/>
<flow id="car187" type="carType2" from="gneE43" to="toprightD" begin="189" end="189" number="1"/>
<flow id="car188" type="carType1" from="toprightD" to="gneE35" begin="192" end="192" number="1"/>
<flow id="car189" type="carType2" from="gneE9" to="bottomleftU" begin="193" end="193" number="1"/>
<flow id="car190" type="carType1" from="gneE22" to="gneE21" begin="194" end="194" number="1"/>
<flow id="car191" type="carType2" from="gneE21" to="-gneE8" begin="194" end="194" number="1"/>
<flow id="car192" type="carType1" from="gneE22" to="gneE48" begin="194" end="194" number="1"/>
<flow id="car193" type="carType2" from="gneE45" to="gneE27" begin="194" end="194" number="1"/>
<flow id="car194" type="carType1" from="gneE51" to="-gneE43" begin="196" end="196" number="1"/>
<flow id="car195" type="carType2" from="-gneE13" to="-gneE13" begin="197" end="197" number="1"/>
<flow id="car196" type="carType1" from="-gneE21" to="-gneE42" begin="197" end="197" number="1"/>
<flow id="car197" type="carType2" from="toprightL" to="gneE46" begin="198" end="198" number="1"/>
<flow id="car198" type="carType0" from="gneE43" to="-gneE51" begin="198" end="198" number="1"/>
<flow id="car199" type="carType0" from="topleftD" to="gneE50" begin="199" end="199" number="1"/>
</routes>
