<routes>
<vType id="carType0" length="6" maxSpeed="40.76" accel="2.49" decel="4.44" speedDev="0.2" sigma="0.28"/>
<vType id="carType1" length="8" maxSpeed="43.77" accel="2.23" decel="4.78" speedDev="0.2" sigma="0.13"/>
<vType id="carType2" length="9" maxSpeed="41.88" accel="2.34" decel="5.79" speedDev="0.2" sigma="0.2"/>
<flow id="car0" type="carType0" from="-gneE43" to="-gneE50" begin="0" end="0" number="1"/>
<flow id="car1" type="carType1" from="gneE28" to="-gneE13" begin="2" end="2" number="1"/>
<flow id="car2" type="carType2" from="gneE34" to="gneE42" begin="2" end="2" number="1"/>
<flow id="car3" type="carType2" from="gneE22" to="-gneE21" begin="3" end="3" number="1"/>
<flow id="car4" type="carType2" from="gneE44" to="-gneE7" begin="5" end="5" number="1"/>
<flow id="car5" type="carType2" from="gneE45" to="-gneE34" begin="8" end="8" number="1"/>
<flow id="car6" type="carType2" from="gneE46" to="topleftR" begin="9" end="9" number="1"/>
<flow id="car7" type="carType2" from="gneE46" to="topleftD" begin="11" end="11" number="1"/>
<flow id="car8" type="carType1" from="-gneE48" to="-gneE50" begin="11" end="11" number="1"/>
<flow id="car9" type="carType1" from="-gneE51" to="gneE50" begin="11" end="11" number="1"/>
<flow id="car10" type="carType2" from="-gneE44" to="-gneE42" begin="13" end="13" number="1"/>
<flow id="car11" type="carType1" from="toprightL" to="gneE44" begin="13" end="13" number="1"/>
<flow id="car12" type="carType2" from="gneE29" to="gneE9" begin="14" end="14" number="1"/>
<flow id="car13" type="carType2" from="bottomrightL" to="gneE46" begin="16" end="16" number="1"/>
<flow id="car14" type="carType0" from="-gneE13" to="bottomrightU" begin="18" end="18" number="1"/>
<flow id="car15" type="carType1" from="topleftR" to="gneE44" begin="18" end="18" number="1"/>
<flow id="car16" type="carType1" from="gneE22" to="bottomleftU" begin="18" end="18" number="1"/>
<flow id="car17" type="carType2" from="gneE29" to="topleftD" begin="20" end="20" number="1"/>
<flow id="car18" type="carType2" from="gneE27" to="toprightL" begin="20" end="20" number="1"/>
<flow id="car19" type="carType1" from="topleftD" to="-gneE34" begin="21" end="21" number="1"/>
<flow id="car20" type="carType2" from="gneE51" to="gneE43" begin="23" end="23" number="1"/>
<flow id="car21" type="carType1" from="gneE45" to="topleftR" begin="23" end="23" number="1"/>
<flow id="car22" type="carType0" from="-gneE43" to="gneE35" begin="24" end="24" number="1"/>
<flow id="car23" type="carType1" from="bottomleftU" to="-gneE13" begin="24" end="24" number="1"/>
<flow id="car24" type="carType2" from="gneE8" to="bottomrightL" begin="27" end="27" number="1"/>
<flow id="car25" type="carType2" from="-gneE50" to="-gneE18" begin="27" end="27" number="1"/>
<flow id="car26" type="carType0" from="-gneE37" to="gneE37" begin="28" end="28" number="1"/>
<flow id="car27" type="carType0" from="-gneE49" to="gneE50" begin="28" end="28" number="1"/>
<flow id="car28" type="carType0" from="topleftR" to="-gneE51" begin="29" end="29" number="1"/>
<flow id="car29" type="carType1" from="gneE48" to="gneE21" begin="30" end="30" number="1"/>
<flow id="car30" type="carType2" from="-gneE43" to="toprightL" begin="31" end="31" number="1"/>
<flow id="car31" type="carType2" from="gneE34" to="bottomrightL" begin="32" end="32" number="1"/>
<flow id="car32" type="carType2" from="bottomrightU" to="-gneE13" begin="33" end="33" number="1"/>
<flow id="car33" type="carType1" from="gneE34" to="gneE42" begin="33" end="33" number="1"/>
<flow id="car34" type="carType2" from="bottomleftR" to="topleftR" begin="42" end="42" number="1"/>
<flow id="car35" type="carType2" from="-gneE7" to="gneE22" begin="42" end="42" number="1"/>
<flow id="car36" type="carType0" from="-gneE29" to="toprightD" begin="44" end="44" number="1"/>
<flow id="car37" type="carType1" from="gneE22" to="gneE35" begin="44" end="44" number="1"/>
<flow id="car38" type="carType1" from="gneE35" to="bottomrightU" begin="44" end="44" number="1"/>
<flow id="car39" type="carType1" from="-gneE43" to="gneE50" begin="45" end="45" number="1"/>
<flow id="car40" type="carType0" from="topleftD" to="gneE43" begin="45" end="45" number="1"/>
<flow id="car41" type="carType2" from="-gneE45" to="topleftR" begin="46" end="46" number="1"/>
<flow id="car42" type="carType0" from="-gneE37" to="gneE35" begin="46" end="46" number="1"/>
<flow id="car43" type="carType1" from="toprightL" to="-gneE42" begin="50" end="50" number="1"/>
<flow id="car44" type="carType0" from="topleftR" to="-gneE45" begin="50" end="50" number="1"/>
<flow id="car45" type="carType0" from="-gneE13" to="gneE18" begin="50" end="50" number="1"/>
<flow id="car46" type="carType1" from="gneE30" to="-gneE51" begin="51" end="51" number="1"/>
<flow id="car47" type="carType0" from="gneE21" to="-gneE34" begin="51" end="51" number="1"/>
<flow id="car48" type="carType0" from="bottomrightL" to="-gneE8" begin="52" end="52" number="1"/>
<flow id="car49" type="carType0" from="gneE30" to="-gneE29" begin="52" end="52" number="1"/>
<flow id="car50" type="carType1" from="gneE9" to="gneE44" begin="53" end="53" number="1"/>
<flow id="car51" type="carType0" from="topleftR" to="bottomleftR" begin="54" end="54" number="1"/>
<flow id="car52" type="carType2" from="gneE42" to="-gneE48" begin="55" end="55" number="1"/>
<flow id="car53" type="carType1" from="gneE45" to="bottomleftU" begin="57" end="57" number="1"/>
<flow id="car54" type="carType2" from="-gneE48" to="-gneE18" begin="57" end="57" number="1"/>
<flow id="car55" type="carType2" from="-gneE50" to="-gneE13" begin="61" end="61" number="1"/>
<flow id="car56" type="carType2" from="gneE22" to="-gneE18" begin="63" end="63" number="1"/>
<flow id="car57" type="carType2" from="gneE9" to="-gneE33" begin="65" end="65" number="1"/>
<flow id="car58" type="carType0" from="gneE30" to="bottomrightU" begin="66" end="66" number="1"/>
<flow id="car59" type="carType2" from="-gneE27" to="gneE21" begin="67" end="67" number="1"/>
<flow id="car60" type="carType0" from="gneE9" to="-gneE37" begin="67" end="67" number="1"/>
<flow id="car61" type="carType1" from="gneE48" to="gneE9" begin="67" end="67" number="1"/>
<flow id="car62" type="carType1" from="gneE29" to="-gneE48" begin="68" end="68" number="1"/>
<flow id="car63" type="carType2" from="-gneE37" to="gneE45" begin="70" end="70" number="1"/>
<flow id="car64" type="carType2" from="bottomrightU" to="-gneE43" begin="73" end="73" number="1"/>
<flow id="car65" type="carType0" from="-gneE43" to="gneE48" begin="74" end="74" number="1"/>
<flow id="car66" type="carType0" from="-gneE45" to="gneE18" begin="78" end="78" number="1"/>
<flow id="car67" type="carType1" from="gneE35" to="bottomleftR" begin="78" end="78" number="1"/>
<flow id="car68" type="carType0" from="bottomrightU" to="gneE48" begin="78" end="78" number="1"/>
<flow id="car69" type="carType0" from="gneE34" to="gneE37" begin="79" end="79" number="1"/>
<flow id="car70" type="carType2" from="gneE27" to="gneE37" begin="80" end="80" number="1"/>
<flow id="car71" type="carType2" from="gneE18" to="-gneE33" begin="80" end="80" number="1"/>
<flow id="car72" type="carType0" from="topleftD" to="-gneE43" begin="83" end="83" number="1"/>
<flow id="car73" type="carType0" from="-gneE18" to="-gneE33" begin="84" end="84" number="1"/>
<flow id="car74" type="carType0" from="gneE35" to="-gneE7" begin="84" end="84" number="1"/>
<flow id="car75" type="carType1" from="-gneE42" to="gneE18" begin="84" end="84" number="1"/>
<flow id="car76" type="carType1" from="bottomrightU" to="gneE42" begin="85" end="85" number="1"/>
<flow id="car77" type="carType1" from="gneE34" to="-gneE33" begin="85" end="85" number="1"/>
<flow id="car78" type="carType1" from="-gneE21" to="gneE49" begin="85" end="85" number="1"/>
<flow id="car79" type="carType1" from="gneE28" to="toprightL" begin="86" end="86" number="1"/>
<flow id="car80" type="carType1" from="bottomrightU" to="gneE29" begin="87" end="87" number="1"/>
<flow id="car81" type="carType2" from="gneE28" to="-gneE29" begin="88" end="88" number="1"/>
<flow id="car82" type="carType0" from="gneE42" to="gneE29" begin="88" end="88" number="1"/>
<flow id="car83" type="carType2" from="-gneE18" to="gneE34" begin="88" end="88" number="1"/>
<flow id="car84" type="carType1" from="-gneE42" to="gneE27" begin="89" end="89" number="1"/>
<flow id="car85" type="carType0" from="gneE50" to="gneE49" begin="91" end="91" number="1"/>
<flow id="car86" type="carType0" from="gneE29" to="gneE51" begin="91" end="91" number="1"/>
<flow id="car87" type="carType0" from="-gneE21" to="gneE48" begin="93" end="93" number="1"/>
<flow id="car88" type="carType2" from="-gneE51" to="gneE50" begin="93" end="93" number="1"/>
<flow id="car89" type="carType2" from="-gneE42" to="-gneE18" begin="95" end="95" number="1"/>
<flow id="car90" type="carType1" from="bottomleftU" to="gneE30" begin="95" end="95" number="1"/>
<flow id="car91" type="carType1" from="-gneE18" to="gneE28" begin="97" end="97" number="1"/>
<flow id="car92" type="carType0" from="gneE43" to="-gneE27" begin="98" end="98" number="1"/>
<flow id="car93" type="carType2" from="gneE9" to="gneE21" begin="99" end="99" number="1"/>
<flow id="car94" type="carType2" from="gneE37" to="gneE35" begin="100" end="100" number="1"/>
<flow id="car95" type="carType0" from="gneE35" to="gneE34" begin="100" end="100" number="1"/>
<flow id="car96" type="carType2" from="gneE29" to="-gneE50" begin="100" end="100" number="1"/>
<flow id="car97" type="carType1" from="topleftR" to="bottomrightL" begin="101" end="101" number="1"/>
<flow id="car98" type="carType0" from="-gneE34" to="gneE44" begin="102" end="102" number="1"/>
<flow id="car99" type="carType0" from="gneE8" to="-gneE34" begin="102" end="102" number="1"/>
<flow id="car100" type="carType2" from="gneE28" to="-gneE48" begin="103" end="103" number="1"/>
<flow id="car101" type="carType2" from="gneE48" to="gneE28" begin="103" end="103" number="1"/>
<flow id="car102" type="carType2" from="-gneE42" to="bottomrightU" begin="103" end="103" number="1"/>
<flow id="car103" type="carType1" from="gneE34" to="gneE44" begin="104" end="104" number="1"/>
<flow id="car104" type="carType0" from="-gneE18" to="gneE29" begin="104" end="104" number="1"/>
<flow id="car105" type="carType0" from="gneE37" to="-gneE34" begin="105" end="105" number="1"/>
<flow id="car106" type="carType1" from="-gneE48" to="-gneE44" begin="105" end="105" number="1"/>
<flow id="car107" type="carType0" from="-gneE18" to="gneE48" begin="105" end="105" number="1"/>
<flow id="car108" type="carType1" from="gneE27" to="gneE50" begin="106" end="106" number="1"/>
<flow id="car109" type="carType2" from="-gneE21" to="gneE43" begin="107" end="107" number="1"/>
<flow id="car110" type="carType0" from="gneE8" to="topleftD" begin="107" end="107" number="1"/>
<flow id="car111" type="carType1" from="-gneE49" to="gneE21" begin="107" end="107" number="1"/>
<flow id="car112" type="carType0" from="-gneE33" to="-gneE34" begin="109" end="109" number="1"/>
<flow id="car113" type="carType2" from="gneE42" to="bottomrightL" begin="109" end="109" number="1"/>
<flow id="car114" type="carType1" from="-gneE28" to="-gneE51" begin="111" end="111" number="1"/>
<flow id="car115" type="carType1" from="toprightL" to="gneE35" begin="111" end="111" number="1"/>
<flow id="car116" type="carType0" from="gneE21" to="gneE9" begin="112" end="112" number="1"/>
<flow id="car117" type="carType2" from="-gneE37" to="gneE42" begin="112" end="112" number="1"/>
<flow id="car118" type="carType2" from="-gneE51" to="gneE37" begin="112" end="112" number="1"/>
<flow id="car119" type="carType0" from="gneE35" to="topleftD" begin="113" end="113" number="1"/>
<flow id="car120" type="carType0" from="-gneE7" to="-gneE43" begin="114" end="114" number="1"/>
<flow id="car121" type="carType0" from="-gneE44" to="-gneE8" begin="115" end="115" number="1"/>
<flow id="car122" type="carType1" from="gneE45" to="-gneE44" begin="117" end="117" number="1"/>
<flow id="car123" type="carType1" from="-gneE13" to="bottomrightL" begin="118" end="118" number="1"/>
<flow id="car124" type="carType2" from="gneE29" to="gneE43" begin="120" end="120" number="1"/>
<flow id="car125" type="carType0" from="-gneE44" to="-gneE27" begin="121" end="121" number="1"/>
<flow id="car126" type="carType2" from="-gneE8" to="-gneE8" begin="122" end="122" number="1"/>
<flow id="car127" type="carType2" from="gneE50" to="gneE45" begin="123" end="123" number="1"/>
<flow id="car128" type="carType1" from="gneE44" to="-gneE34" begin="123" end="123" number="1"/>
<flow id="car129" type="carType2" from="-gneE45" to="-gneE21" begin="125" end="125" number="1"/>
<flow id="car130" type="carType0" from="bottomleftU" to="-gneE37" begin="126" end="126" number="1"/>
<flow id="car131" type="carType2" from="bottomleftU" to="-gneE21" begin="130" end="130" number="1"/>
<flow id="car132" type="carType2" from="gneE28" to="gneE21" begin="131" end="131" number="1"/>
<flow id="car133" type="carType0" from="gneE44" to="-gneE7" begin="131" end="131" number="1"/>
<flow id="car134" type="carType2" from="gneE42" to="toprightD" begin="132" end="132" number="1"/>
<flow id="car135" type="carType0" from="gneE28" to="gneE44" begin="133" end="133" number="1"/>
<flow id="car136" type="carType2" from="bottomleftU" to="gneE49" begin="133" end="133" number="1"/>
<flow id="car137" type="carType1" from="-gneE48" to="gneE43" begin="135" end="135" number="1"/>
<flow id="car138" type="carType1" from="-gneE13" to="gneE50" begin="135" end="135" number="1"/>
<flow id="car139" type="carType2" from="-gneE45" to="toprightL" begin="135" end="135" number="1"/>
<flow id="car140" type="carType0" from="gneE51" to="-gneE48" begin="136" end="136" number="1"/>
<flow id="car141" type="carType1" from="gneE35" to="-gneE34" begin="136" end="136" number="1"/>
<flow id="car142" type="carType0" from="gneE48" to="-gneE33" begin="138" end="138" number="1"/>
<flow id="car143" type="carType1" from="gneE35" to="-gneE21" begin="138" end="138" number="1"/>
<flow id="car144" type="carType2" from="gneE48" to="gneE8" begin="139" end="139" number="1"/>
<flow id="car145" type="carType2" from="gneE18" to="-gneE21" begin="140" end="140" number="1"/>
<flow id="car146" type="carType2" from="gneE22" to="gneE18" begin="141" end="141" number="1"/>
<flow id="car147" type="carType0" from="-gneE44" to="-gneE48" begin="143" end="143" number="1"/>
<flow id="car148" type="carType2" from="topleftR" to="gneE30" begin="146" end="146" number="1"/>
<flow id="car149" type="carType1" from="gneE51" to="-gneE8" begin="149" end="149" number="1"/>
<flow id="car150" type="carType0" from="gneE42" to="-gneE28" begin="149" end="149" number="1"/>
<flow id="car151" type="carType1" from="toprightD" to="-gneE21" begin="150" end="150" number="1"/>
<flow id="car152" type="carType0" from="bottomleftU" to="gneE28" begin="150" end="150" number="1"/>
<flow id="car153" type="carType0" from="bottomrightL" to="-gneE43" begin="150" end="150" number="1"/>
<flow id="car154" type="carType0" from="topleftD" to="topleftR" begin="151" end="151" number="1"/>
<flow id="car155" type="carType2" from="gneE22" to="gneE8" begin="151" end="151" number="1"/>
<flow id="car156" type="carType1" from="-gneE27" to="-gneE21" begin="151" end="151" number="1"/>
<flow id="car157" type="carType2" from="-gneE18" to="-gneE28" begin="152" end="152" number="1"/>
<flow id="car158" type="carType0" from="-gneE18" to="gneE21" begin="154" end="154" number="1"/>
<flow id="car159" type="carType1" from="gneE44" to="gneE35" begin="158" end="158" number="1"/>
<flow id="car160" type="carType1" from="toprightD" to="-gneE33" begin="158" end="158" number="1"/>
<flow id="car161" type="carType2" from="toprightD" to="bottomrightL" begin="160" end="160" number="1"/>
<flow id="car162" type="carType1" from="topleftD" to="bottomleftR" begin="161" end="161" number="1"/>
<flow id="car163" type="carType0" from="gneE8" to="gneE9" begin="163" end="163" number="1"/>
<flow id="car164" type="carType2" from="gneE50" to="-gneE43" begin="164" end="164" number="1"/>
<flow id="car165" type="carType0" from="gneE49" to="bottomleftU" begin="165" end="165" number="1"/>
<flow id="car166" type="carType0" from="gneE28" to="bottomrightU" begin="166" end="166" number="1"/>
<flow id="car167" type="carType2" from="gneE8" to="-gneE48" begin="167" end="167" number="1"/>
<flow id="car168" type="carType2" from="gneE22" to="gneE35" begin="167" end="167" number="1"/>
<flow id="car169" type="carType0" from="gneE44" to="-gneE49" begin="167" end="167" number="1"/>
<flow id="car170" type="carType1" from="bottomrightL" to="gneE37" begin="167" end="167" number="1"/>
<flow id="car171" type="carType1" from="-gneE34" to="-gneE21" begin="167" end="167" number="1"/>
<flow id="car172" type="carType2" from="-gneE48" to="-gneE42" begin="168" end="168" number="1"/>
<flow id="car173" type="carType2" from="gneE30" to="gneE44" begin="169" end="169" number="1"/>
<flow id="car174" type="carType1" from="gneE18" to="-gneE42" begin="169" end="169" number="1"/>
<flow id="car175" type="carType1" from="bottomleftR" to="-gneE33" begin="171" end="171" number="1"/>
<flow id="car176" type="carType1" from="-gneE50" to="gneE46" begin="173" end="173" number="1"/>
<flow id="car177" type="carType2" from="toprightD" to="gneE22" begin="176" end="176" number="1"/>
<flow id="car178" type="carType1" from="bottomrightU" to="bottomleftU" begin="177" end="177" number="1"/>
<flow id="car179" type="carType2" from="gneE43" to="bottomrightU" begin="177" end="177" number="1"/>
<flow id="car180" type="carType0" from="-gneE50" to="-gneE33" begin="179" end="179" number="1"/>
<flow id="car181" type="carType2" from="gneE28" to="-gneE37" begin="180" end="180" number="1"/>
<flow id="car182" type="carType2" from="gneE8" to="gneE34" begin="180" end="180" number="1"/>
<flow id="car183" type="carType1" from="-gneE51" to="gneE8" begin="181" end="181" number="1"/>
<flow id="car184" type="carType1" from="gneE48" to="gneE37" begin="182" end="182" number="1"/>
<flow id="car185" type="carType0" from="toprightL" to="gneE37" begin="182" end="182" number="1"/>
<flow id="car186" type="carType2" from="gneE49" to="-gneE49" begin="182" end="182" number="1"/>
<flow id="car187" type="carType2" from="gneE48" to="toprightD" begin="183" end="183" number="1"/>
<flow id="car188" type="carType1" from="-gneE43" to="gneE29" begin="185" end="185" number="1"/>
<flow id="car189" type="carType2" from="gneE37" to="-gneE18" begin="188" end="188" number="1"/>
<flow id="car190" type="carType1" from="gneE45" to="-gneE13" begin="189" end="189" number="1"/>
<flow id="car191" type="carType0" from="-gneE27" to="-gneE28" begin="190" end="190" number="1"/>
<flow id="car192" type="carType2" from="gneE51" to="gneE18" begin="192" end="192" number="1"/>
<flow id="car193" type="carType0" from="-gneE7" to="gneE34" begin="192" end="192" number="1"/>
<flow id="car194" type="carType1" from="gneE51" to="gneE18" begin="192" end="192" number="1"/>
<flow id="car195" type="carType0" from="-gneE29" to="gneE9" begin="194" end="194" number="1"/>
<flow id="car196" type="carType1" from="-gneE27" to="-gneE44" begin="194" end="194" number="1"/>
<flow id="car197" type="carType2" from="gneE48" to="-gneE21" begin="195" end="195" number="1"/>
<flow id="car198" type="carType2" from="topleftD" to="-gneE29" begin="196" end="196" number="1"/>
<flow id="car199" type="carType1" from="-gneE18" to="gneE18" begin="198" end="198" number="1"/>
</routes>
